series_id,country,partner,flow,metric,year,tier,anomaly_type,max_abs_z,dominant_window,n_windows_watch,z_w1,z_w3,z_w5,z_w7
Fiji|aus|export|cwti,Fiji,aus,export,cwti,2009,none,none,0.018154583888824585,1,0,0.018154583888824585,,,
Fiji|aus|export|cwti,Fiji,aus,export,cwti,2010,watch,level_shock,3.167463047365673,1,1,3.167463047365673,,,
Fiji|aus|export|cwti,Fiji,aus,export,cwti,2011,none,none,1.0739654000470062,3,0,0.9909884289398151,1.0739654000470062,,
Fiji|aus|export|cwti,Fiji,aus,export,cwti,2012,watch,structural_break,9.438567515752496,3,1,0.4288081499892923,9.438567515752496,,
Fiji|aus|export|cwti,Fiji,aus,export,cwti,2013,critical,structural_break,6.815042227146518,3,2,0.5633789211592977,6.815042227146518,2.5579367078703177,
Fiji|aus|export|cwti,Fiji,aus,export,cwti,2014,watch,structural_break,2.366365132263085,3,1,0.9949983096651333,2.366365132263085,1.2616151409604692,
Fiji|aus|export|cwti,Fiji,aus,export,cwti,2015,critical,structural_break,5.092198178361469,5,2,1.6472175163708012,3.670952607172924,5.092198178361469,1.118626320155408
Fiji|aus|export|cwti,Fiji,aus,export,cwti,2016,none,none,1.2164574108653368,3,0,0.2970276234157102,1.2164574108653368,0.9712685737588399,0.26208928142277566
Fiji|aus|export|cwti,Fiji,aus,export,cwti,2017,none,none,0.9124173146853833,3,0,0.2577932037875889,0.9124173146853833,0.13923834842625868,0.4478368832099698
Fiji|aus|export|cwti,Fiji,aus,export,cwti,2018,watch,structural_break,3.8957214846606267,7,1,0.2793103775571428,0.41197061672388197,0.19924779531001993,3.8957214846606267
Fiji|aus|export|cwti,Fiji,aus,export,cwti,2019,none,none,1.3305967300953874,7,0,0.113510752103065,0.35994672311301923,0.381244860414589,1.3305967300953874
Fiji|aus|export|cwti,Fiji,aus,export,cwti,2020,watch,structural_break,2.9068372674819836,7,1,0.6147882479747809,0.6765478368019825,1.1831529769037075,2.9068372674819836
Fiji|aus|export|cwti,Fiji,aus,export,cwti,2021,critical,structural_break,3.2593028021799433,5,2,0.4434329408135154,1.0258810757469332,3.2593028021799433,2.7766670116845535
Fiji|aus|export|cwti,Fiji,aus,export,cwti,2022,critical,structural_break,6.595799311971992,7,4,2.1410839507934036,2.350442087698013,3.7654964239536604,6.595799311971992
Fiji|aus|export|cwti,Fiji,aus,export,cwti,2023,watch,structural_break,5.179148771740203,7,2,0.09303824512564537,1.4190700498043654,2.130482156469082,5.179148771740203
Fiji|aus|export|cwti,Fiji,aus,export,cwti,2024,critical,structural_break,3.356764608425497,7,2,0.9756337538621105,2.612627898393292,1.1525272242184736,3.356764608425497
Fiji|aus|export|raw_usd,Fiji,aus,export,raw_usd,2009,watch,level_shock,13827014.0,1,1,13827014.0,,,
Fiji|aus|export|raw_usd,Fiji,aus,export,raw_usd,2010,watch,level_shock,5.579574664493722,1,1,5.579574664493722,,,
Fiji|aus|export|raw_usd,Fiji,aus,export,raw_usd,2011,watch,structural_break,5.027199423704688,3,1,0.2574018779459381,5.027199423704688,,
Fiji|aus|export|raw_usd,Fiji,aus,export,raw_usd,2012,none,none,1.2151816710349705,3,0,0.2899521653866966,1.2151816710349705,,
Fiji|aus|export|raw_usd,Fiji,aus,export,raw_usd,2013,none,none,1.721917543437569,5,0,1.3235718090673565,1.341664268052621,1.721917543437569,
Fiji|aus|export|raw_usd,Fiji,aus,export,raw_usd,2014,none,none,0.6746923520663601,5,0,0.3195437315412175,0.3195437315412175,0.6746923520663601,
Fiji|aus|export|raw_usd,Fiji,aus,export,raw_usd,2015,watch,structural_break,2.4472254750802303,5,1,0.7567809825110063,0.7671257396243786,2.4472254750802303,0.6432912131636503
Fiji|aus|export|raw_usd,Fiji,aus,export,raw_usd,2016,none,none,1.3288723381835035,7,0,0.11088230537986836,0.25121458915779676,0.6205671410867335,1.3288723381835035
Fiji|aus|export|raw_usd,Fiji,aus,export,raw_usd,2017,watch,structural_break,6.487623899988165,7,1,0.5592199530721402,0.5592199530721402,1.3671322427205308,6.487623899988165
Fiji|aus|export|raw_usd,Fiji,aus,export,raw_usd,2018,none,none,1.2141387413621638,7,0,0.7141793326243556,0.7141793326243556,0.6472091585671832,1.2141387413621638
Fiji|aus|export|raw_usd,Fiji,aus,export,raw_usd,2019,none,none,0.9332412541543221,7,0,0.14290723073088304,0.5940069989509198,0.8201272430290452,0.9332412541543221
Fiji|aus|export|raw_usd,Fiji,aus,export,raw_usd,2020,none,none,1.243883922387529,5,0,0.49229417814100385,0.49229417814100385,1.243883922387529,1.1229955830226874
Fiji|aus|export|raw_usd,Fiji,aus,export,raw_usd,2021,none,none,1.72645141264872,7,0,0.7163632622567321,0.7163632622567321,0.774330456901343,1.72645141264872
Fiji|aus|export|raw_usd,Fiji,aus,export,raw_usd,2022,none,none,1.8468066029873165,7,0,1.3963826877097165,1.3963826877097165,1.5548626462230262,1.8468066029873165
Fiji|aus|export|raw_usd,Fiji,aus,export,raw_usd,2023,watch,structural_break,4.133283558020223,5,1,0.3696915659804529,0.8608230165022288,4.133283558020223,1.4651013913874507
Fiji|aus|export|raw_usd,Fiji,aus,export,raw_usd,2024,critical,structural_break,3.814642911160932,7,4,2.2077913747420244,2.2077913747420244,2.9474684176276207,3.814642911160932
Fiji|aus|export|sti,Fiji,aus,export,sti,2009,none,none,0.0355926421585126,1,0,0.0355926421585126,,,
Fiji|aus|export|sti,Fiji,aus,export,sti,2010,none,none,1.4466008682048639,1,0,1.4466008682048639,,,
Fiji|aus|export|sti,Fiji,aus,export,sti,2011,watch,level_shock,2.433508081160297,1,1,2.433508081160297,0.979923924956526,,
Fiji|aus|export|sti,Fiji,aus,export,sti,2012,watch,structural_break,2.5427253964710532,3,1,1.4215547407574727,2.5427253964710532,,
Fiji|aus|export|sti,Fiji,aus,export,sti,2013,watch,structural_break,3.5040600457113573,3,1,0.2447732874039361,3.5040600457113573,1.1101843289042514,
Fiji|aus|export|sti,Fiji,aus,export,sti,2014,watch,structural_break,2.837810416608966,3,1,0.6533311609700396,2.837810416608966,1.1822812948766703,
Fiji|aus|export|sti,Fiji,aus,export,sti,2015,critical,structural_break,31.76669781421347,5,2,1.3025254430626385,2.8955785251104533,31.76669781421347,0.824892287260207
Fiji|aus|export|sti,Fiji,aus,export,sti,2016,watch,structural_break,8.673491864072664,5,1,0.1985311142390465,1.9702779429225605,8.673491864072664,0.3263853229706494
Fiji|aus|export|sti,Fiji,aus,export,sti,2017,none,none,1.2989924973141211,3,0,0.1513747093459054,1.2989924973141211,0.19607897115636327,0.2756587825957514
Fiji|aus|export|sti,Fiji,aus,export,sti,2018,watch,structural_break,5.3187850936452055,7,1,0.30083867555496163,0.41780527892677305,0.15863324605974874,5.3187850936452055
Fiji|aus|export|sti,Fiji,aus,export,sti,2019,none,none,0.5542857855467099,7,0,0.11404298765501547,0.15025267725454008,0.26249952673321764,0.5542857855467099
Fiji|aus|export|sti,Fiji,aus,export,sti,2020,watch,structural_break,9.022098306044029,7,1,0.6186333422164589,0.6923407183069732,0.38919862926364257,9.022098306044029
Fiji|aus|export|sti,Fiji,aus,export,sti,2021,watch,structural_break,6.316747463796592,7,1,0.6231466481460457,0.7810732881614926,1.4510751257999719,6.316747463796592
Fiji|aus|export|sti,Fiji,aus,export,sti,2022,critical,structural_break,12.635564659886677,7,4,2.6045643491024877,2.8714270439667455,3.164821573572064,12.635564659886677
Fiji|aus|export|sti,Fiji,aus,export,sti,2023,critical,structural_break,11.035914916205927,7,2,0.2991632441284616,1.8348477461532562,3.2242823094230832,11.035914916205927
Fiji|aus|export|sti,Fiji,aus,export,sti,2024,watch,structural_break,2.6248154847448997,3,1,0.8709421843264501,2.6248154847448997,0.7567626060489699,1.5947366707743678
Fiji|aus|import|cwti,Fiji,aus,import,cwti,2009,none,none,0.006071647145723842,1,0,0.006071647145723842,,,
Fiji|aus|import|cwti,Fiji,aus,import,cwti,2010,none,none,0.615571458451496,1,0,0.615571458451496,,,
Fiji|aus|import|cwti,Fiji,aus,import,cwti,2011,watch,structural_break,5.142380151221693,3,1,0.5465971858267507,5.142380151221693,,
Fiji|aus|import|cwti,Fiji,aus,import,cwti,2012,watch,level_shock,20.856711573178938,1,1,20.856711573178938,1.8444143035214593,,
Fiji|aus|import|cwti,Fiji,aus,import,cwti,2013,critical,structural_break,6.460643084520731,3,3,6.034390999697993,6.460643084520731,4.926332200623498,
Fiji|aus|import|cwti,Fiji,aus,import,cwti,2014,none,none,1.700100692232326,5,0,0.5621200869392234,0.5621200869392234,1.700100692232326,
Fiji|aus|import|cwti,Fiji,aus,import,cwti,2015,watch,uncertain,3.867001788382176,3,2,2.250055766780948,3.867001788382176,1.051549482899984,1.3540068871739368
Fiji|aus|import|cwti,Fiji,aus,import,cwti,2016,none,none,1.060433396699296,5,0,0.4290021826380703,0.8674719355398162,1.060433396699296,0.6710607069976838
Fiji|aus|import|cwti,Fiji,aus,import,cwti,2017,none,none,1.0800595550092937,7,0,0.3076628526438998,0.7298004225946878,0.3482431453008676,1.0800595550092937
Fiji|aus|import|cwti,Fiji,aus,import,cwti,2018,alert,structural_break,3.129055508210426,7,3,2.650786818369714,2.650786818369714,1.3320240547501807,3.129055508210426
Fiji|aus|import|cwti,Fiji,aus,import,cwti,2019,none,none,1.5570113706391668,7,0,0.09856478534019945,0.9067177875521325,0.5186024267622644,1.5570113706391668
Fiji|aus|import|cwti,Fiji,aus,import,cwti,2020,watch,structural_break,2.038895937686567,7,1,1.924483623813442,1.924483623813442,1.0315210665406114,2.038895937686567
Fiji|aus|import|cwti,Fiji,aus,import,cwti,2021,none,none,1.358836679046524,7,0,0.6436564101483004,0.6436564101483004,0.774664402122521,1.358836679046524
Fiji|aus|import|cwti,Fiji,aus,import,cwti,2022,none,none,1.3207165334396327,3,0,0.2461291048507369,1.3207165334396327,0.8133636279507611,0.8815738016759853
Fiji|aus|import|cwti,Fiji,aus,import,cwti,2023,none,none,1.0920200683828418,1,0,1.0920200683828418,1.0920200683828418,0.39454998746078257,0.9501235211892699
Fiji|aus|import|cwti,Fiji,aus,import,cwti,2024,none,none,1.9762678060373808,1,0,1.9762678060373808,1.9762678060373808,1.2138994294224268,1.0148108722657634
Fiji|aus|import|raw_usd,Fiji,aus,import,raw_usd,2009,watch,level_shock,127622107.0,1,1,127622107.0,,,
Fiji|aus|import|raw_usd,Fiji,aus,import,raw_usd,2010,none,none,0.3884856249865864,1,0,0.3884856249865864,,,
Fiji|aus|import|raw_usd,Fiji,aus,import,raw_usd,2011,watch,structural_break,4.459281029706806,3,1,0.45808820902199726,4.459281029706806,,
Fiji|aus|import|raw_usd,Fiji,aus,import,raw_usd,2012,none,none,0.9633587472250144,1,0,0.9633587472250144,0.251476130672056,,
Fiji|aus|import|raw_usd,Fiji,aus,import,raw_usd,2013,none,none,0.5214020636184299,3,0,0.5159835738492586,0.5214020636184299,0.21276085458861557,
Fiji|aus|import|raw_usd,Fiji,aus,import,raw_usd,2014,critical,structural_break,7.360052376101326,5,2,0.7430286413739748,3.5167973928079466,7.360052376101326,
Fiji|aus|import|raw_usd,Fiji,aus,import,raw_usd,2015,watch,structural_break,5.5087703356796265,5,1,1.358578134421954,1.398809490062448,5.5087703356796265,1.4172890351042662
Fiji|aus|import|raw_usd,Fiji,aus,import,raw_usd,2016,none,none,1.8084819005903832,5,0,0.3225028474812941,1.4716739107000334,1.8084819005903832,0.26224350764899296
Fiji|aus|import|raw_usd,Fiji,aus,import,raw_usd,2017,none,none,1.8661077429337922,5,0,0.023566715996503864,1.1255812224480084,1.8661077429337922,1.411150443760252
Fiji|aus|import|raw_usd,Fiji,aus,import,raw_usd,2018,critical,structural_break,6.139545469934218,7,2,0.41152749920228604,0.5661628825203338,4.417413363151292,6.139545469934218
Fiji|aus|import|raw_usd,Fiji,aus,import,raw_usd,2019,none,none,1.5229623700210246,7,0,0.5941094370295928,0.6329083223055957,0.29882777290800655,1.5229623700210246
Fiji|aus|import|raw_usd,Fiji,aus,import,raw_usd,2020,critical,structural_break,8.506321042362027,7,2,1.568110736236206,1.7683815148167938,3.960240496973964,8.506321042362027
Fiji|aus|import|raw_usd,Fiji,aus,import,raw_usd,2021,watch,structural_break,2.9321924812876308,7,1,0.645923365358189,0.7880786090578743,1.8774897096378498,2.9321924812876308
Fiji|aus|import|raw_usd,Fiji,aus,import,raw_usd,2022,critical,structural_break,3.341094679385586,7,3,1.4300827702954872,2.4465457215383277,2.779065918180642,3.341094679385586
Fiji|aus|import|raw_usd,Fiji,aus,import,raw_usd,2023,watch,structural_break,2.41539113777625,7,1,0.1859152061119493,0.1859152061119493,1.887443472860986,2.41539113777625
Fiji|aus|import|raw_usd,Fiji,aus,import,raw_usd,2024,watch,structural_break,2.1298189602355992,3,1,0.46226580422187086,2.1298189602355992,0.5095861635842326,0.6504416318565086
Fiji|aus|import|sti,Fiji,aus,import,sti,2009,none,none,0.024403526698665107,1,0,0.024403526698665107,,,
Fiji|aus|import|sti,Fiji,aus,import,sti,2010,none,none,0.737962803581203,1,0,0.737962803581203,,,
Fiji|aus|import|sti,Fiji,aus,import,sti,2011,watch,structural_break,5.926961021821894,3,1,0.22865204684994717,5.926961021821894,,
Fiji|aus|import|sti,Fiji,aus,import,sti,2012,none,none,1.7903245267717796,3,0,0.8023108874997118,1.7903245267717796,,
Fiji|aus|import|sti,Fiji,aus,import,sti,2013,critical,structural_break,11.237546511064131,3,3,5.900813414106382,11.237546511064131,6.651621375383953,
Fiji|aus|import|sti,Fiji,aus,import,sti,2014,none,none,1.1143542682832226,5,0,0.49760443958959316,0.5372799067252425,1.1143542682832226,
Fiji|aus|import|sti,Fiji,aus,import,sti,2015,watch,structural_break,3.199268008886458,3,1,1.2843191674211911,3.199268008886458,0.6901900168765646,1.7233899109260096
Fiji|aus|import|sti,Fiji,aus,import,sti,2016,none,none,1.9006235258143669,7,0,0.7761072177096113,0.7761072177096113,1.3405342109594522,1.9006235258143669
Fiji|aus|import|sti,Fiji,aus,import,sti,2017,none,none,0.7325417223044153,3,0,0.3557386580063087,0.7325417223044153,0.43677898861325765,0.1793524847769913
Fiji|aus|import|sti,Fiji,aus,import,sti,2018,none,none,1.1352795082855107,5,0,0.5178062769348285,0.7105269330122064,1.1352795082855107,0.2368511229441889
Fiji|aus|import|sti,Fiji,aus,import,sti,2019,none,none,1.2088107530793133,3,0,0.9290236891189433,1.2088107530793133,0.8129726112342033,0.9757753550628707
Fiji|aus|import|sti,Fiji,aus,import,sti,2020,watch,uncertain,3.4393956748558048,3,2,2.485503722890152,3.4393956748558048,0.9679188133441039,1.4781443559844034
Fiji|aus|import|sti,Fiji,aus,import,sti,2021,none,none,1.084097407239013,3,0,0.5663081763837116,1.084097407239013,0.7915258118860947,0.4643415805581679
Fiji|aus|import|sti,Fiji,aus,import,sti,2022,none,none,1.9338472092956296,3,0,0.9208537163852719,1.9338472092956296,0.1436936041254358,0.9961521581576969
Fiji|aus|import|sti,Fiji,aus,import,sti,2023,none,none,0.4470986177680219,7,0,0.07262958905018632,0.10723790732189166,0.2543230001489496,0.4470986177680219
Fiji|aus|import|sti,Fiji,aus,import,sti,2024,none,none,0.9658172844046696,7,0,0.8211328687718275,0.8483461465572091,0.6339314224555002,0.9658172844046696
Fiji|aus|total|cwti,Fiji,aus,total,cwti,2009,none,none,0.02422623103454845,1,0,0.02422623103454845,,,
Fiji|aus|total|cwti,Fiji,aus,total,cwti,2010,watch,level_shock,2.219348145519661,1,1,2.219348145519661,,,
Fiji|aus|total|cwti,Fiji,aus,total,cwti,2011,none,none,1.5015621135827344,1,0,1.5015621135827344,0.9402273939434725,,
Fiji|aus|total|cwti,Fiji,aus,total,cwti,2012,watch,structural_break,4.038074504605111,3,1,0.7385834291186498,4.038074504605111,,
Fiji|aus|total|cwti,Fiji,aus,total,cwti,2013,watch,structural_break,90.22034699149957,3,2,0.8439621312069269,90.22034699149957,2.2484940045827178,
Fiji|aus|total|cwti,Fiji,aus,total,cwti,2014,critical,uncertain,20.764752595606513,3,2,3.280919264499963,20.764752595606513,0.6036534127849088,
Fiji|aus|total|cwti,Fiji,aus,total,cwti,2015,critical,structural_break,13.063172933792547,3,3,2.2287950056204004,13.063172933792547,2.8716985863977897,0.8957676317349356
Fiji|aus|total|cwti,Fiji,aus,total,cwti,2016,none,none,1.7963687882541044,3,0,0.3149817814784489,1.7963687882541044,0.5645576362369246,0.3859512158624368
Fiji|aus|total|cwti,Fiji,aus,total,cwti,2017,none,none,0.8518592224664052,3,0,0.24378723000252708,0.8518592224664052,0.15807962869951037,0.18201778362397275
Fiji|aus|total|cwti,Fiji,aus,total,cwti,2018,watch,structural_break,2.650584768648585,7,1,0.744312866569954,1.0161672912619102,0.49441548741412117,2.650584768648585
Fiji|aus|total|cwti,Fiji,aus,total,cwti,2019,none,none,1.2513294186822737,7,0,0.09174785690703,0.49496276455789784,0.44703451993124405,1.2513294186822737
Fiji|aus|total|cwti,Fiji,aus,total,cwti,2020,watch,structural_break,2.5559423632375577,7,1,0.6586227256023542,0.8558483438876139,1.283872720622735,2.5559423632375577
Fiji|aus|total|cwti,Fiji,aus,total,cwti,2021,none,none,0.9337129113950399,7,0,0.16682554220413687,0.6884423703907568,0.4512974606699185,0.9337129113950399
Fiji|aus|total|cwti,Fiji,aus,total,cwti,2022,watch,structural_break,4.07947064485317,7,2,1.5119207433245396,1.8611423967681948,2.0769890690703257,4.07947064485317
Fiji|aus|total|cwti,Fiji,aus,total,cwti,2023,none,none,1.5675033426973173,5,0,0.2069364555388148,1.081947885873219,1.5675033426973173,1.3946054971881112
Fiji|aus|total|cwti,Fiji,aus,total,cwti,2024,none,none,1.718804591193319,3,0,0.3557758008749311,1.718804591193319,0.3369006441634904,0.7396525135338518
Fiji|aus|total|sti,Fiji,aus,total,sti,2009,none,none,0.02671242810406918,1,0,0.02671242810406918,,,
Fiji|aus|total|sti,Fiji,aus,total,sti,2010,none,none,0.12126652964267767,1,0,0.12126652964267767,,,
Fiji|aus|total|sti,Fiji,aus,total,sti,2011,watch,structural_break,11.347739936976927,3,1,0.8144578138337893,11.347739936976927,,
Fiji|aus|total|sti,Fiji,aus,total,sti,2012,none,none,1.4421464767372143,3,0,0.7917445945330662,1.4421464767372143,,
Fiji|aus|total|sti,Fiji,aus,total,sti,2013,alert,structural_break,7.557872177246458,3,3,2.0001505583039774,7.557872177246458,2.755389534250432,
Fiji|aus|total|sti,Fiji,aus,total,sti,2014,none,none,1.0756509721533587,5,0,0.1194522951653185,0.6481076895253323,1.0756509721533587,
Fiji|aus|total|sti,Fiji,aus,total,sti,2015,watch,structural_break,3.767525332028369,3,1,1.3208753816290442,3.767525332028369,1.0784901965027438,0.8130817761794464
Fiji|aus|total|sti,Fiji,aus,total,sti,2016,none,none,1.3494125504204249,5,0,0.4426932319519549,0.7938382553661248,1.3494125504204249,0.6880359194579849
Fiji|aus|total|sti,Fiji,aus,total,sti,2017,none,none,1.4307046742578966,7,0,0.3096784096698247,0.7914274467323149,0.39134332924868426,1.4307046742578966
Fiji|aus|total|sti,Fiji,aus,total,sti,2018,none,none,0.6983279966609173,3,0,0.38964319118108887,0.6983279966609173,0.3897320632251366,0.45858050924794336
Fiji|aus|total|sti,Fiji,aus,total,sti,2019,none,none,0.7623580006871619,3,0,0.5881774089063775,0.7623580006871619,0.5757576821844671,0.7477085577077821
Fiji|aus|total|sti,Fiji,aus,total,sti,2020,watch,structural_break,3.2850615653925614,3,1,1.7012146684010225,3.2850615653925614,0.8681122924639408,1.6951167965666196
Fiji|aus|total|sti,Fiji,aus,total,sti,2021,none,none,1.0838311649228043,3,0,0.06857489549258042,1.0838311649228043,0.9315949851860135,0.6514504799454247
Fiji|aus|total|sti,Fiji,aus,total,sti,2022,watch,structural_break,2.5294642254315476,3,1,1.5460350224616806,2.5294642254315476,0.6427964870034945,1.2377391964480775
Fiji|aus|total|sti,Fiji,aus,total,sti,2023,none,none,0.9952734166715329,7,0,0.14257350510039102,0.40661368683898663,0.5703871065027174,0.9952734166715329
Fiji|aus|total|sti,Fiji,aus,total,sti,2024,none,none,0.9901716747216635,3,0,0.033083376638785,0.9901716747216635,0.46840876409589427,0.5176863464211807
Fiji|china|export|cwti,Fiji,china,export,cwti,2009,none,none,0.0002135649246600543,1,0,0.0002135649246600543,,,
Fiji|china|export|cwti,Fiji,china,export,cwti,2010,none,none,0.4647699239130822,1,0,0.4647699239130822,,,
Fiji|china|export|cwti,Fiji,china,export,cwti,2011,watch,structural_break,3.255541900137108,3,1,0.07931336632622626,3.255541900137108,,
Fiji|china|export|cwti,Fiji,china,export,cwti,2012,critical,uncertain,43.00165533716752,3,2,6.596816676731276,43.00165533716752,,
Fiji|china|export|cwti,Fiji,china,export,cwti,2013,critical,structural_break,27.546796873361348,5,3,12.370337478060808,4.781587964305532,27.546796873361348,
Fiji|china|export|cwti,Fiji,china,export,cwti,2014,critical,structural_break,9.140969934946266,1,3,9.140969934946266,3.533319272860257,2.030349589635948,
Fiji|china|export|cwti,Fiji,china,export,cwti,2015,critical,structural_break,35.68075392046144,7,3,2.508610868720503,1.3087776847898063,3.588681384343246,35.68075392046144
Fiji|china|export|cwti,Fiji,china,export,cwti,2016,watch,structural_break,2.380259199742717,3,1,0.18644514834288003,2.380259199742717,0.7687717707504133,0.3690841829660609
Fiji|china|export|cwti,Fiji,china,export,cwti,2017,none,none,1.5189050556548236,1,0,1.5189050556548236,0.520312326875829,0.7312059782688345,1.0801935312255118
Fiji|china|export|cwti,Fiji,china,export,cwti,2018,critical,structural_break,9.945290903898094,7,4,8.056787032490087,4.377693563674693,2.234704627311758,9.945290903898094
Fiji|china|export|cwti,Fiji,china,export,cwti,2019,critical,structural_break,5.634266549185442,7,3,4.932108151386099,2.2847904412871087,1.1418247567192295,5.634266549185442
Fiji|china|export|cwti,Fiji,china,export,cwti,2020,critical,structural_break,4.082019605989772,1,3,4.082019605989772,3.369797844006256,0.9024325590445074,2.7852112561943567
Fiji|china|export|cwti,Fiji,china,export,cwti,2021,critical,structural_break,5.688746616804426,3,4,3.8889970428128064,5.688746616804426,3.348009846516391,3.0872555773302173
Fiji|china|export|cwti,Fiji,china,export,cwti,2022,critical,structural_break,5.108390883200813,1,4,5.108390883200813,4.083494537474699,3.8779685803128117,2.0532680160413594
Fiji|china|export|cwti,Fiji,china,export,cwti,2023,watch,structural_break,4.516059233608401,3,1,0.4300549237525535,4.516059233608401,0.992961863575546,0.5114406681105651
Fiji|china|export|cwti,Fiji,china,export,cwti,2024,watch,structural_break,4.113148532073462,3,1,0.5767794889151154,4.113148532073462,0.6490045657781577,0.6845038136122815
Fiji|china|export|raw_usd,Fiji,china,export,raw_usd,2009,watch,level_shock,4770205.0,1,1,4770205.0,,,
Fiji|china|export|raw_usd,Fiji,china,export,raw_usd,2010,none,none,0.055538074359487696,1,0,0.055538074359487696,,,
Fiji|china|export|raw_usd,Fiji,china,export,raw_usd,2011,watch,structural_break,21.838736370728412,3,1,0.04556999080695308,21.838736370728412,,
Fiji|china|export|raw_usd,Fiji,china,export,raw_usd,2012,critical,uncertain,53.46595371916375,3,2,14.100288090132977,53.46595371916375,,
Fiji|china|export|raw_usd,Fiji,china,export,raw_usd,2013,critical,structural_break,51.5504367749593,5,2,3.3878008364464836,1.911469435422603,51.5504367749593,
Fiji|china|export|raw_usd,Fiji,china,export,raw_usd,2014,critical,structural_break,9.805990943443446,3,3,7.56958073645224,9.805990943443446,5.5243953222637225,
Fiji|china|export|raw_usd,Fiji,china,export,raw_usd,2015,critical,structural_break,24.409870753231225,7,4,3.1704793007970524,3.1704793007970524,19.9571578633636,24.409870753231225
Fiji|china|export|raw_usd,Fiji,china,export,raw_usd,2016,watch,structural_break,4.414242693757994,3,1,0.5446830322426056,4.414242693757994,0.2786433149261651,0.6049319452891484
Fiji|china|export|raw_usd,Fiji,china,export,raw_usd,2017,watch,structural_break,2.2232188326513143,3,1,0.26453723655840006,2.2232188326513143,0.9164514937113151,0.13537988935909834
Fiji|china|export|raw_usd,Fiji,china,export,raw_usd,2018,none,none,1.2009041513373164,7,0,0.7170897582173046,0.7026915995998173,0.3926577771765361,1.2009041513373164
Fiji|china|export|raw_usd,Fiji,china,export,raw_usd,2019,alert,structural_break,3.452917942511484,7,3,3.3424606015026885,2.5075932498918765,1.4428044950483678,3.452917942511484
Fiji|china|export|raw_usd,Fiji,china,export,raw_usd,2020,none,none,1.9878421409123517,7,0,0.7663614539024651,0.7509739886023791,1.8587969665046937,1.9878421409123517
Fiji|china|export|raw_usd,Fiji,china,export,raw_usd,2021,none,none,1.8918437139823807,3,0,0.7760271129480601,1.8918437139823807,0.06998195542240457,0.6481480015692018
Fiji|china|export|raw_usd,Fiji,china,export,raw_usd,2022,watch,uncertain,2.290613474686106,1,2,2.290613474686106,2.0209658868511253,0.9087498589229375,1.3249396252852705
Fiji|china|export|raw_usd,Fiji,china,export,raw_usd,2023,none,none,0.70424920115464,7,0,0.2880753231463705,0.643830725481231,0.6072667541299253,0.70424920115464
Fiji|china|export|raw_usd,Fiji,china,export,raw_usd,2024,none,none,1.0766702673939497,3,0,0.07263508427441484,1.0766702673939497,0.32560164421557464,0.33066247057026776
Fiji|china|export|sti,Fiji,china,export,sti,2009,none,none,0.008824582812457063,1,0,0.008824582812457063,,,
Fiji|china|export|sti,Fiji,china,export,sti,2010,none,none,0.36443249975359965,1,0,0.36443249975359965,,,
Fiji|china|export|sti,Fiji,china,export,sti,2011,watch,structural_break,3.6516285816892404,3,1,0.1795750939595536,3.6516285816892404,,
Fiji|china|export|sti,Fiji,china,export,sti,2012,critical,uncertain,4.1340781030083,3,2,2.770570813068966,4.1340781030083,,
Fiji|china|export|sti,Fiji,china,export,sti,2013,watch,structural_break,3.991085202910932,5,2,1.749284477571976,2.0921970418855445,3.991085202910932,
Fiji|china|export|sti,Fiji,china,export,sti,2014,critical,structural_break,3.5789767260059557,1,3,3.5789767260059557,3.5789767260059557,3.536664615107727,
Fiji|china|export|sti,Fiji,china,export,sti,2015,critical,structural_break,87.62989700946936,5,2,0.6071007672621984,0.6071007672621984,87.62989700946936,10.241354530963166
Fiji|china|export|sti,Fiji,china,export,sti,2016,watch,structural_break,2.4806113659780893,3,2,0.08703442705417931,2.4806113659780893,2.040832580270832,1.1292139750282697
Fiji|china|export|sti,Fiji,china,export,sti,2017,watch,structural_break,9.92926897971728,7,1,0.3512252378437063,0.3102142274421426,1.9197202671859286,9.92926897971728
Fiji|china|export|sti,Fiji,china,export,sti,2018,watch,structural_break,6.710535881167363,7,1,1.0311668488735253,1.0311668488735253,0.22988879940988222,6.710535881167363
Fiji|china|export|sti,Fiji,china,export,sti,2019,critical,structural_break,21.53764549242841,7,3,2.445223674501407,2.5567417041497005,1.157295393383521,21.53764549242841
Fiji|china|export|sti,Fiji,china,export,sti,2020,watch,structural_break,4.078205285791842,7,2,1.2955358674770727,1.2955358674770727,2.3228992641237465,4.078205285791842
Fiji|china|export|sti,Fiji,china,export,sti,2021,watch,structural_break,2.5917888713944865,3,2,0.8108446128094857,2.5917888713944865,1.1182822111409507,2.2668279298436906
Fiji|china|export|sti,Fiji,china,export,sti,2022,watch,structural_break,2.2898427262865093,1,3,2.2898427262865093,2.2898427262865093,2.040316324641817,1.308377536540522
Fiji|china|export|sti,Fiji,china,export,sti,2023,none,none,1.803869443995906,7,0,0.1684854206953335,0.9237495095273169,1.4013007662063393,1.803869443995906
Fiji|china|export|sti,Fiji,china,export,sti,2024,watch,structural_break,2.1775213834316403,3,1,0.12708278974428183,2.1775213834316403,0.5338151730061805,0.7287166610612995
Fiji|china|import|cwti,Fiji,china,import,cwti,2009,none,none,0.0018493489830802628,1,0,0.0018493489830802628,,,
Fiji|china|import|cwti,Fiji,china,import,cwti,2010,none,none,0.8311941957019139,1,0,0.8311941957019139,,,
Fiji|china|import|cwti,Fiji,china,import,cwti,2011,watch,uncertain,21.582728024579364,1,2,21.582728024579364,2.1915996177399517,,
Fiji|china|import|cwti,Fiji,china,import,cwti,2012,watch,level_shock,2.5295987898180776,1,1,2.5295987898180776,0.7861942425314515,,
Fiji|china|import|cwti,Fiji,china,import,cwti,2013,alert,uncertain,12.708705659459891,3,2,4.065044768651993,12.708705659459891,0.031624006010612236,
Fiji|china|import|cwti,Fiji,china,import,cwti,2014,critical,structural_break,97.38447462322067,5,3,29.180385733263716,13.862269442936178,97.38447462322067,
Fiji|china|import|cwti,Fiji,china,import,cwti,2015,none,none,1.81346973858121,7,0,1.5822315305650998,1.251011464493157,1.7142449156589066,1.81346973858121
Fiji|china|import|cwti,Fiji,china,import,cwti,2016,alert,structural_break,3.85045693759574,5,3,0.9999930855968842,2.838609778174491,3.85045693759574,2.720585616296926
Fiji|china|import|cwti,Fiji,china,import,cwti,2017,critical,uncertain,6.158959877599178,1,2,6.158959877599178,3.3938759254121313,0.4190201716380736,0.8382539537931673
Fiji|china|import|cwti,Fiji,china,import,cwti,2018,critical,structural_break,12.175379398599896,1,4,12.175379398599896,6.049972723696048,3.2137666934574125,10.064276630258115
Fiji|china|import|cwti,Fiji,china,import,cwti,2019,critical,structural_break,6.3044993852335,1,4,6.3044993852335,3.3701765434554454,4.364379025881103,2.726296420673628
Fiji|china|import|cwti,Fiji,china,import,cwti,2020,critical,structural_break,8.704030660776214,1,3,8.704030660776214,5.235379798096089,2.249535983657725,1.1217646338849656
Fiji|china|import|cwti,Fiji,china,import,cwti,2021,watch,level_shock,2.448424293103999,1,1,2.448424293103999,1.8785221418116718,0.9025319928260781,0.41074237526273144
Fiji|china|import|cwti,Fiji,china,import,cwti,2022,none,none,1.6195444063149924,3,0,1.5419726219940624,1.6195444063149924,0.5124714326943974,0.4221386508398871
Fiji|china|import|cwti,Fiji,china,import,cwti,2023,watch,structural_break,3.26010558445823,7,2,1.8466446962538148,2.135415247227006,0.6586579508439471,3.26010558445823
Fiji|china|import|cwti,Fiji,china,import,cwti,2024,none,none,1.5803137688237754,3,0,1.5310234070789959,1.5803137688237754,0.21196405549363967,0.4298837515909456
Fiji|china|import|raw_usd,Fiji,china,import,raw_usd,2009,watch,level_shock,16785202.0,1,1,16785202.0,,,
Fiji|china|import|raw_usd,Fiji,china,import,raw_usd,2010,none,none,1.8198633534466848,1,0,1.8198633534466848,,,
Fiji|china|import|raw_usd,Fiji,china,import,raw_usd,2011,watch,uncertain,6.136227068273207,3,2,2.024083356081559,6.136227068273207,,
Fiji|china|import|raw_usd,Fiji,china,import,raw_usd,2012,none,none,0.2931770401125536,1,0,0.2931770401125536,0.247707045701101,,
Fiji|china|import|raw_usd,Fiji,china,import,raw_usd,2013,watch,uncertain,2.3670892135913593,1,2,2.3670892135913593,2.0970328715533757,1.4811235934656037,
Fiji|china|import|raw_usd,Fiji,china,import,raw_usd,2014,alert,structural_break,9.063416734878135,3,3,2.695135993762041,9.063416734878135,2.0032043859468076,
Fiji|china|import|raw_usd,Fiji,china,import,raw_usd,2015,critical,structural_break,13.091695329796897,5,4,2.3017487754980235,2.3017487754980235,13.091695329796897,2.8042199965993033
Fiji|china|import|raw_usd,Fiji,china,import,raw_usd,2016,watch,structural_break,2.268938771469183,3,1,0.2733774759893819,2.268938771469183,0.31010773648001744,0.5248935946944763
Fiji|china|import|raw_usd,Fiji,china,import,raw_usd,2017,none,none,1.558576331372767,7,0,0.4676614206675476,1.2847858088759914,0.5211241129490554,1.558576331372767
Fiji|china|import|raw_usd,Fiji,china,import,raw_usd,2018,watch,structural_break,8.346700450642716,7,1,1.1385105402370301,1.1385105402370301,1.861838475473966,8.346700450642716
Fiji|china|import|raw_usd,Fiji,china,import,raw_usd,2019,watch,structural_break,2.628821410200136,7,2,1.667162904041741,2.106185924648557,0.5702818270602207,2.628821410200136
Fiji|china|import|raw_usd,Fiji,china,import,raw_usd,2020,watch,structural_break,2.557185882870758,5,1,1.0983262492623154,1.3403304667953053,2.557185882870758,1.3046963449374709
Fiji|china|import|raw_usd,Fiji,china,import,raw_usd,2021,none,none,1.4142951308172773,7,0,0.5413121257004085,0.8246158106956265,0.39243928302003067,1.4142951308172773
Fiji|china|import|raw_usd,Fiji,china,import,raw_usd,2022,watch,uncertain,2.4231319569185557,1,2,2.4231319569185557,2.4231319569185557,1.8990091434655496,1.552389254995002
Fiji|china|import|raw_usd,Fiji,china,import,raw_usd,2023,none,none,1.287982495125112,5,0,0.08857585280805506,0.2062347575920655,1.287982495125112,0.8056458770028926
Fiji|china|import|raw_usd,Fiji,china,import,raw_usd,2024,none,none,1.1170540100034303,3,0,0.496970073531798,1.1170540100034303,0.4978661815789566,0.7476644503879922
Fiji|china|import|sti,Fiji,china,import,sti,2009,none,none,0.012788309820782072,1,0,0.012788309820782072,,,
Fiji|china|import|sti,Fiji,china,import,sti,2010,none,none,0.4324453942174082,1,0,0.4324453942174082,,,
Fiji|china|import|sti,Fiji,china,import,sti,2011,alert,uncertain,4.114333959460941,1,2,4.114333959460941,2.6998890722903948,,
Fiji|china|import|sti,Fiji,china,import,sti,2012,watch,structural_break,3.5393188988395368,3,1,0.4836337551235137,3.5393188988395368,,
Fiji|china|import|sti,Fiji,china,import,sti,2013,watch,uncertain,3.528369269468347,3,2,2.046599963417352,3.528369269468347,0.15885215756649662,
Fiji|china|import|sti,Fiji,china,import,sti,2014,critical,structural_break,6.667882232353178,5,3,4.145354009655478,3.9309370054011135,6.667882232353178,
Fiji|china|import|sti,Fiji,china,import,sti,2015,none,none,1.1938858645528216,5,0,0.9813286735847013,0.7858651941165467,1.1938858645528216,0.6518736767302243
Fiji|china|import|sti,Fiji,china,import,sti,2016,watch,structural_break,3.8044658680906465,3,1,0.6971080410923188,3.8044658680906465,1.150025213387208,0.7716187202429736
Fiji|china|import|sti,Fiji,china,import,sti,2017,watch,structural_break,2.13083248139265,5,1,0.8430933637514254,0.8155840930863486,2.13083248139265,0.8979336371276941
Fiji|china|import|sti,Fiji,china,import,sti,2018,watch,structural_break,7.742642663124633,5,1,1.0214603681976957,1.0214603681976957,7.742642663124633,0.7261321821792336
Fiji|china|import|sti,Fiji,china,import,sti,2019,critical,structural_break,12.973527319282748,5,4,9.618865112565665,10.117688875378631,12.973527319282748,7.107448521920064
Fiji|china|import|sti,Fiji,china,import,sti,2020,critical,structural_break,7.034375276435455,1,4,7.034375276435455,7.034375276435455,5.873230641825422,3.4000977004268025
Fiji|china|import|sti,Fiji,china,import,sti,2021,critical,uncertain,4.111146706183169,3,2,2.7651518787158653,4.111146706183169,1.8017261550468218,0.5552520983806524
Fiji|china|import|sti,Fiji,china,import,sti,2022,watch,structural_break,3.426971030135741,3,1,0.573073957015175,3.426971030135741,0.2746849715014819,0.20537598763399595
Fiji|china|import|sti,Fiji,china,import,sti,2023,none,none,0.9948406975015764,1,0,0.9948406975015764,0.9948406975015764,0.5847125350467177,0.8364664657635567
Fiji|china|import|sti,Fiji,china,import,sti,2024,none,none,1.2204592573917181,1,0,1.2204592573917181,1.2204592573917181,0.555389915730796,0.4902436898216792
Fiji|china|total|cwti,Fiji,china,total,cwti,2009,none,none,0.0020629139077403174,1,0,0.0020629139077403174,,,
Fiji|china|total|cwti,Fiji,china,total,cwti,2010,none,none,0.6970284030679003,1,0,0.6970284030679003,,,
Fiji|china|total|cwti,Fiji,china,total,cwti,2011,watch,uncertain,10.740570761260635,1,2,10.740570761260635,2.3342577297989675,,
Fiji|china|total|cwti,Fiji,china,total,cwti,2012,watch,level_shock,2.1170271307755075,1,1,2.1170271307755075,1.3717524916643886,,
Fiji|china|total|cwti,Fiji,china,total,cwti,2013,alert,uncertain,10.604843534490778,1,2,10.604843534490778,3.665883673075651,0.6021658672302578,
Fiji|china|total|cwti,Fiji,china,total,cwti,2014,critical,structural_break,190.3339749886235,3,3,19.150375466474706,190.3339749886235,5.840797819600438,
Fiji|china|total|cwti,Fiji,china,total,cwti,2015,critical,structural_break,4.20615431380586,5,2,0.3112274357262999,1.0598871733112836,4.20615431380586,2.9802582152815504
Fiji|china|total|cwti,Fiji,china,total,cwti,2016,critical,structural_break,18.236304513008605,5,2,0.20510094682175142,17.555965360557074,18.236304513008605,1.2710622156473192
Fiji|china|total|cwti,Fiji,china,total,cwti,2017,watch,structural_break,3.9480034431458777,7,1,1.0384608911482076,0.9741685386438933,0.7535799474698255,3.9480034431458777
Fiji|china|total|cwti,Fiji,china,total,cwti,2018,critical,structural_break,12.56448175914815,7,4,10.90408245539941,8.835063797134422,3.846930238688817,12.56448175914815
Fiji|china|total|cwti,Fiji,china,total,cwti,2019,critical,structural_break,13.141477308003989,5,4,5.333369286844017,4.260390486818187,13.141477308003989,8.686651497627526
Fiji|china|total|cwti,Fiji,china,total,cwti,2020,critical,structural_break,7.484150496830137,7,3,5.411764130468087,6.946090489643824,1.7352204229830879,7.484150496830137
Fiji|china|total|cwti,Fiji,china,total,cwti,2021,watch,structural_break,4.843498306764072,3,1,1.1072269268230435,4.843498306764072,1.065156310431098,1.1857224780963938
Fiji|china|total|cwti,Fiji,china,total,cwti,2022,critical,structural_break,4.2495446427000445,1,3,4.2495446427000445,3.6152595091490345,2.2268143347001823,0.8487254453340093
Fiji|china|total|cwti,Fiji,china,total,cwti,2023,none,none,1.4640320381650977,1,0,1.4640320381650977,1.2542147794922358,0.3466007080842056,1.2550824413266346
Fiji|china|total|cwti,Fiji,china,total,cwti,2024,none,none,1.1699855048234484,1,0,1.1699855048234484,0.9978261455773495,0.3573164561987245,0.0764693872341077
Fiji|china|total|sti,Fiji,china,total,sti,2009,none,none,0.010985538420334142,1,0,0.010985538420334142,,,
Fiji|china|total|sti,Fiji,china,total,sti,2010,none,none,0.19804213138065455,1,0,0.19804213138065455,,,
Fiji|china|total|sti,Fiji,china,total,sti,2011,watch,uncertain,4.255961964480067,3,2,2.10200513393977,4.255961964480067,,
Fiji|china|total|sti,Fiji,china,total,sti,2012,watch,structural_break,2.5932237274552388,3,1,0.9805396152256247,2.5932237274552388,,
Fiji|china|total|sti,Fiji,china,total,sti,2013,watch,uncertain,2.616193903577515,1,2,2.616193903577515,2.366073853036391,0.6886300283307961,
Fiji|china|total|sti,Fiji,china,total,sti,2014,critical,structural_break,229.04519858467893,3,3,3.7990757695671244,229.04519858467893,4.476939954058712,
Fiji|china|total|sti,Fiji,china,total,sti,2015,watch,structural_break,16.14855161899404,5,1,0.4677599137881645,0.4677599137881645,16.14855161899404,1.633095645749817
Fiji|china|total|sti,Fiji,china,total,sti,2016,critical,structural_break,6.4844214543043135,3,2,0.5874911016775314,6.4844214543043135,3.260466350145987,0.8174414910345583
Fiji|china|total|sti,Fiji,china,total,sti,2017,watch,structural_break,2.1721296519404296,5,1,0.24337625412387695,0.21928797887656276,2.1721296519404296,1.0249944297549338
Fiji|china|total|sti,Fiji,china,total,sti,2018,none,none,1.750904389122994,1,0,1.750904389122994,1.750904389122994,0.49272626500631006,1.204253551251461
Fiji|china|total|sti,Fiji,china,total,sti,2019,critical,structural_break,4.842348095162179,3,4,4.6195593983906855,4.842348095162179,2.851453292631651,3.8276026409026347
Fiji|china|total|sti,Fiji,china,total,sti,2020,critical,uncertain,3.8131000007609046,1,2,3.8131000007609046,3.8131000007609046,0.9917727833610539,1.0995860707043625
Fiji|china|total|sti,Fiji,china,total,sti,2021,watch,structural_break,5.084668943173832,3,1,0.25262964353941847,5.084668943173832,0.22344396705102326,0.4292771449973899
Fiji|china|total|sti,Fiji,china,total,sti,2022,watch,structural_break,2.5359832310255825,3,1,0.2807580207513668,2.5359832310255825,0.575986133014831,0.39099908687913
Fiji|china|total|sti,Fiji,china,total,sti,2023,none,none,0.7789807409234789,7,0,0.4272953032272096,0.3860309769877176,0.615436735210163,0.7789807409234789
Fiji|china|total|sti,Fiji,china,total,sti,2024,none,none,0.5542499620247947,1,0,0.5542499620247947,0.5482638935042001,0.522810104794433,0.1963472948118187
Fiji|us|export|cwti,Fiji,us,export,cwti,2009,none,none,0.014277152070526232,1,0,0.014277152070526232,,,
Fiji|us|export|cwti,Fiji,us,export,cwti,2010,none,none,0.35866293546720196,1,0,0.35866293546720196,,,
Fiji|us|export|cwti,Fiji,us,export,cwti,2011,watch,structural_break,2.5377346781412156,3,1,0.7187357479951768,2.5377346781412156,,
Fiji|us|export|cwti,Fiji,us,export,cwti,2012,watch,level_shock,2.661856496741895,1,1,2.661856496741895,1.505253036871839,,
Fiji|us|export|cwti,Fiji,us,export,cwti,2013,none,none,1.8998756931906218,3,0,0.00953070566346446,1.8998756931906218,1.5188617409825131,
Fiji|us|export|cwti,Fiji,us,export,cwti,2014,none,none,1.8045348578351434,3,0,0.20822253413931877,1.8045348578351434,0.9588389429371166,
Fiji|us|export|cwti,Fiji,us,export,cwti,2015,critical,structural_break,4.539622531415398,7,3,1.646351955862307,2.4298384229268564,3.3871561903070724,4.539622531415398
Fiji|us|export|cwti,Fiji,us,export,cwti,2016,none,none,1.9934717238323694,5,0,0.8307619522239854,1.6695820437874795,1.9934717238323694,1.1696697966364096
Fiji|us|export|cwti,Fiji,us,export,cwti,2017,watch,structural_break,5.598430039653176,7,2,0.5574745183973908,1.6039801127048774,2.4814709705857374,5.598430039653176
Fiji|us|export|cwti,Fiji,us,export,cwti,2018,critical,structural_break,15.51042042346439,7,4,5.506164878500418,5.506164878500418,6.5619104772307235,15.51042042346439
Fiji|us|export|cwti,Fiji,us,export,cwti,2019,critical,structural_break,4.921607572129914,5,2,0.0,0.9494193681634577,4.921607572129914,2.94993107453342
Fiji|us|export|cwti,Fiji,us,export,cwti,2020,watch,structural_break,3.2883715020122324,3,1,0.0,3.2883715020122324,0.92593972054379,0.1545362546414742
Fiji|us|export|cwti,Fiji,us,export,cwti,2021,none,none,0.9021035560573869,5,0,0.0,0.0,0.9021035560573869,0.4636547568648127
Fiji|us|export|cwti,Fiji,us,export,cwti,2022,watch,structural_break,2.4712649836046268,5,1,0.0,0.0,2.4712649836046268,0.49858732175401277
Fiji|us|export|cwti,Fiji,us,export,cwti,2023,none,none,0.9862967611980201,7,0,0.0,0.0,0.0,0.9862967611980201
Fiji|us|export|cwti,Fiji,us,export,cwti,2024,none,none,1.7002121981609772,7,0,0.0,0.0,0.0,1.7002121981609772
Fiji|us|export|raw_usd,Fiji,us,export,raw_usd,2009,watch,level_shock,42501344.0,1,1,42501344.0,,,
Fiji|us|export|raw_usd,Fiji,us,export,raw_usd,2010,none,none,0.6155658983395913,1,0,0.6155658983395913,,,
Fiji|us|export|raw_usd,Fiji,us,export,raw_usd,2011,watch,structural_break,4.319469004972911,3,1,0.15500432897468183,4.319469004972911,,
Fiji|us|export|raw_usd,Fiji,us,export,raw_usd,2012,watch,structural_break,5.880985223298227,3,1,1.7127385786408644,5.880985223298227,,
Fiji|us|export|raw_usd,Fiji,us,export,raw_usd,2013,watch,structural_break,3.2964023519046535,5,1,0.10521284947687591,0.2665588021740284,3.2964023519046535,
Fiji|us|export|raw_usd,Fiji,us,export,raw_usd,2014,watch,structural_break,3.0498027927685416,3,2,0.8621855682270213,3.0498027927685416,2.1916245864944957,
Fiji|us|export|raw_usd,Fiji,us,export,raw_usd,2015,none,none,1.0099656065276639,5,0,0.384574189389326,0.4254950283779013,1.0099656065276639,0.2621231014677349
Fiji|us|export|raw_usd,Fiji,us,export,raw_usd,2016,watch,structural_break,8.289746098039497,5,2,0.27020310996880176,2.447097079628052,8.289746098039497,1.5417625975990306
Fiji|us|export|raw_usd,Fiji,us,export,raw_usd,2017,watch,structural_break,9.184187335738763,5,2,0.6440439739540832,0.8654002081991568,9.184187335738763,2.0229413343186344
Fiji|us|export|sti,Fiji,us,export,sti,2009,none,none,0.010692075374987328,1,0,0.010692075374987328,,,
Fiji|us|export|sti,Fiji,us,export,sti,2010,none,none,0.27626839526970265,1,0,0.27626839526970265,,,
Fiji|us|export|sti,Fiji,us,export,sti,2011,watch,structural_break,3.8811577026394843,3,1,1.680275425249042,3.8811577026394843,,
Fiji|us|export|sti,Fiji,us,export,sti,2012,watch,level_shock,2.777988246614014,1,1,2.777988246614014,1.6208393365788414,,
Fiji|us|export|sti,Fiji,us,export,sti,2013,alert,structural_break,29.499267499850994,3,2,0.6636928343207182,29.499267499850994,2.560497191629105,
Fiji|us|export|sti,Fiji,us,export,sti,2014,watch,structural_break,10.68978985334711,3,1,0.4298066115390924,10.68978985334711,0.15590190348321473,
Fiji|us|export|sti,Fiji,us,export,sti,2015,critical,structural_break,4.093181246969193,7,4,2.7110106617172733,2.0735098302889208,2.4207465482742774,4.093181246969193
Fiji|us|export|sti,Fiji,us,export,sti,2016,watch,structural_break,4.661303816658546,3,1,0.8735120115417235,4.661303816658546,1.339495511976801,1.1499233697309603
Fiji|us|export|sti,Fiji,us,export,sti,2017,watch,structural_break,3.5160964681351894,7,1,0.23443026807054,1.5675649584897748,1.5187019143893086,3.5160964681351894
Fiji|us|import|cwti,Fiji,us,import,cwti,2009,none,none,0.007446028264662114,1,0,0.007446028264662114,,,
Fiji|us|import|cwti,Fiji,us,import,cwti,2010,none,none,0.12800535000243443,1,0,0.12800535000243443,,,
Fiji|us|import|cwti,Fiji,us,import,cwti,2011,watch,structural_break,11.820839096055431,3,1,0.9252514550923957,11.820839096055431,,
Fiji|us|import|cwti,Fiji,us,import,cwti,2012,none,none,1.2236941996054989,3,0,0.6798638941143219,1.2236941996054989,,
Fiji|us|import|cwti,Fiji,us,import,cwti,2013,none,none,1.616873192026516,5,0,0.3277652007657425,0.3554066917398409,1.616873192026516,
Fiji|us|import|cwti,Fiji,us,import,cwti,2014,none,none,1.5940196027604245,3,0,0.14889268772058226,1.5940196027604245,1.00262420967223,
Fiji|us|import|cwti,Fiji,us,import,cwti,2015,watch,structural_break,949.5323525642499,5,1,0.21057630672131164,0.4386639207904641,949.5323525642499,1.757515390117492
Fiji|us|import|cwti,Fiji,us,import,cwti,2016,watch,structural_break,201.75744223118042,5,1,0.020939572410080813,0.12832363296667346,201.75744223118042,1.0434962378330939
Fiji|us|import|cwti,Fiji,us,import,cwti,2017,watch,structural_break,20.929800331563445,7,1,0.053744991020883925,0.2807134078127165,1.8695759684711557,20.929800331563445
Fiji|us|import|cwti,Fiji,us,import,cwti,2018,watch,structural_break,11.127285006299658,7,2,0.8243005756775622,0.8835966719119496,2.2271034692294696,11.127285006299658
Fiji|us|import|cwti,Fiji,us,import,cwti,2019,none,none,1.3447560732748705,5,0,0.0,0.2054437002791571,1.3447560732748705,0.7560200499184679
Fiji|us|import|cwti,Fiji,us,import,cwti,2020,watch,structural_break,3.2795058849559906,7,1,0.0,0.7109008955139934,0.13309143776073645,3.2795058849559906
Fiji|us|import|cwti,Fiji,us,import,cwti,2021,none,none,1.7409786984519673,7,0,0.0,0.0,0.11158912967375219,1.7409786984519673
Fiji|us|import|cwti,Fiji,us,import,cwti,2022,none,none,0.6315655091639999,5,0,0.0,0.0,0.6315655091639999,0.40008269527440676
Fiji|us|import|cwti,Fiji,us,import,cwti,2023,none,none,0.2974872913171373,7,0,0.0,0.0,0.0,0.2974872913171373
Fiji|us|import|cwti,Fiji,us,import,cwti,2024,none,none,1.16450534952795,7,0,0.0,0.0,0.0,1.16450534952795
Fiji|us|import|raw_usd,Fiji,us,import,raw_usd,2009,watch,level_shock,89193854.0,1,1,89193854.0,,,
Fiji|us|import|raw_usd,Fiji,us,import,raw_usd,2010,none,none,0.019305377251665794,1,0,0.019305377251665794,,,
Fiji|us|import|raw_usd,Fiji,us,import,raw_usd,2011,watch,structural_break,80.87305486144106,3,1,0.6743014526075776,80.87305486144106,,
Fiji|us|import|raw_usd,Fiji,us,import,raw_usd,2012,none,none,0.9305194622728433,3,0,0.6523441721649289,0.9305194622728433,,
Fiji|us|import|raw_usd,Fiji,us,import,raw_usd,2013,watch,structural_break,13.12998480417281,5,1,0.9202050308529091,0.9202050308529091,13.12998480417281,
Fiji|us|import|raw_usd,Fiji,us,import,raw_usd,2014,none,none,1.6942554841487545,3,0,0.1354053269148774,1.6942554841487545,1.369599406426747,
Fiji|us|import|raw_usd,Fiji,us,import,raw_usd,2015,watch,structural_break,2.7918164569913233,5,1,0.819320063518038,1.3357730135304453,2.7918164569913233,0.7326925843284114
Fiji|us|import|raw_usd,Fiji,us,import,raw_usd,2016,watch,structural_break,2.35275468916375,5,1,0.03525353520262361,0.15608582983531957,2.35275468916375,1.5895594647928981
Fiji|us|import|raw_usd,Fiji,us,import,raw_usd,2017,watch,structural_break,3.151713687529952,7,1,0.0815536932487593,0.766882408947782,0.35813777632396687,3.151713687529952
Fiji|us|import|sti,Fiji,us,import,sti,2009,none,none,0.02327289411966188,1,0,0.02327289411966188,,,
Fiji|us|import|sti,Fiji,us,import,sti,2010,none,none,0.3487343125955193,1,0,0.3487343125955193,,,
Fiji|us|import|sti,Fiji,us,import,sti,2011,watch,structural_break,4.147651105885492,3,1,1.3048808878607994,4.147651105885492,,
Fiji|us|import|sti,Fiji,us,import,sti,2012,none,none,1.3889964299704485,3,0,0.9062374473876598,1.3889964299704485,,
Fiji|us|import|sti,Fiji,us,import,sti,2013,watch,structural_break,2.1435066404005094,5,1,1.3374335497264807,0.8340455806209182,2.1435066404005094,
Fiji|us|import|sti,Fiji,us,import,sti,2014,watch,structural_break,15.942442432023514,3,1,0.38471167359317904,15.942442432023514,0.21654190762105913,
Fiji|us|import|sti,Fiji,us,import,sti,2015,watch,structural_break,8.963260332416734,5,1,0.3807910128992627,1.2619949897284486,8.963260332416734,1.1694267052599976
Fiji|us|import|sti,Fiji,us,import,sti,2016,watch,structural_break,4.038840967341039,5,1,0.07925464583950856,0.15985018709447119,4.038840967341039,1.405796976701065
Fiji|us|import|sti,Fiji,us,import,sti,2017,watch,structural_break,2.7066202298211848,7,1,0.06559863971687231,0.2629358762307356,0.516489471286582,2.7066202298211848
Fiji|us|total|cwti,Fiji,us,total,cwti,2009,none,none,0.021723180335188344,1,0,0.021723180335188344,,,
Fiji|us|total|cwti,Fiji,us,total,cwti,2010,none,none,0.19184823553803823,1,0,0.19184823553803823,,,
Fiji|us|total|cwti,Fiji,us,total,cwti,2011,watch,structural_break,5.874123085953742,3,1,0.30645546252807215,5.874123085953742,,
Fiji|us|total|cwti,Fiji,us,total,cwti,2012,none,none,1.71843757761494,3,0,0.6783908886865637,1.71843757761494,,
Fiji|us|total|cwti,Fiji,us,total,cwti,2013,watch,structural_break,2.0223042082821467,5,1,0.1446619859619974,0.712560104757245,2.0223042082821467,
Fiji|us|total|cwti,Fiji,us,total,cwti,2014,none,none,0.8800129309780569,3,0,0.375183759291956,0.8800129309780569,0.6047859478580082,
Fiji|us|total|cwti,Fiji,us,total,cwti,2015,critical,structural_break,3.2925320233539974,7,4,2.3848418686286563,3.1549199084230324,2.980031017288507,3.2925320233539974
Fiji|us|total|cwti,Fiji,us,total,cwti,2016,watch,structural_break,2.0887034967429625,5,1,1.1381841627758504,1.7378843430649744,2.0887034967429625,1.1412548309734953
Fiji|us|total|cwti,Fiji,us,total,cwti,2017,watch,structural_break,10.045052265219105,7,1,0.7972205196020633,1.1144367412010447,1.720999091463304,10.045052265219105
Fiji|us|total|cwti,Fiji,us,total,cwti,2018,critical,structural_break,21.772002154350886,7,4,6.977488198048787,6.977488198048787,5.882012833688574,21.772002154350886
Fiji|us|total|cwti,Fiji,us,total,cwti,2019,critical,structural_break,4.262036880807195,5,2,0.0,1.2587115566726788,4.262036880807195,3.1553006183120607
Fiji|us|total|cwti,Fiji,us,total,cwti,2020,watch,structural_break,3.73225441934651,3,1,0.0,3.73225441934651,1.0460158363859116,0.13993700126658623
Fiji|us|total|cwti,Fiji,us,total,cwti,2021,none,none,0.734773633889027,5,0,0.0,0.0,0.734773633889027,0.45767637161864944
Fiji|us|total|cwti,Fiji,us,total,cwti,2022,watch,structural_break,2.4819265625069864,5,1,0.0,0.0,2.4819265625069864,0.5151607442327274
Fiji|us|total|cwti,Fiji,us,total,cwti,2023,none,none,0.9743288627547173,7,0,0.0,0.0,0.0,0.9743288627547173
Fiji|us|total|cwti,Fiji,us,total,cwti,2024,none,none,1.6027628024453109,7,0,0.0,0.0,0.0,1.6027628024453109
Fiji|us|total|sti,Fiji,us,total,sti,2009,none,none,0.018627418845565638,1,0,0.018627418845565638,,,
Fiji|us|total|sti,Fiji,us,total,sti,2010,none,none,0.19949751183815664,1,0,0.19949751183815664,,,
Fiji|us|total|sti,Fiji,us,total,sti,2011,watch,structural_break,6.452161194963088,3,1,0.4650914594261588,6.452161194963088,,
Fiji|us|total|sti,Fiji,us,total,sti,2012,none,none,0.5899938430789299,3,0,0.23098215568890093,0.5899938430789299,,
Fiji|us|total|sti,Fiji,us,total,sti,2013,watch,structural_break,6.760634700003765,5,1,1.0777727118799807,1.1678223819625833,6.760634700003765,
Fiji|us|total|sti,Fiji,us,total,sti,2014,watch,structural_break,2.5491706475025038,3,1,0.6035760020977509,2.5491706475025038,0.6518256214216226,
Fiji|us|total|sti,Fiji,us,total,sti,2015,watch,structural_break,3.8697176312425583,7,2,0.8222040756610827,1.1998934384443696,2.1004968848536216,3.8697176312425583
Fiji|us|total|sti,Fiji,us,total,sti,2016,watch,structural_break,10.26458661555802,5,2,0.1521314548916255,1.7162904270545116,10.26458661555802,2.0060285132568216
Fiji|us|total|sti,Fiji,us,total,sti,2017,watch,structural_break,2.9516050797149576,5,1,0.14019040866242855,0.57433531690674,2.9516050797149576,1.6988579869335592
Kiribati|aus|export|cwti,Kiribati,aus,export,cwti,2015,none,none,0.0035106677040708557,1,0,0.0035106677040708557,,,
Kiribati|aus|export|cwti,Kiribati,aus,export,cwti,2016,none,none,0.9999999725930457,1,0,0.9999999725930457,,,
Kiribati|aus|export|cwti,Kiribati,aus,export,cwti,2017,alert,uncertain,270180812.0951285,3,2,5.664647083469284,270180812.0951285,,
Kiribati|aus|export|cwti,Kiribati,aus,export,cwti,2018,watch,level_shock,2.2461363869957953,1,1,2.2461363869957953,0.7930366548519949,,
Kiribati|aus|export|cwti,Kiribati,aus,export,cwti,2020,alert,structural_break,15.639491481179956,5,3,4.099612003110163,2.085447759596785,15.639491481179956,
Kiribati|aus|export|cwti,Kiribati,aus,export,cwti,2021,watch,level_shock,2.450930945752699,1,1,2.450930945752699,1.2184997846266292,0.8175768074887798,
Kiribati|aus|export|raw_usd,Kiribati,aus,export,raw_usd,2015,watch,level_shock,20711.087000000058,1,1,20711.087000000058,,,
Kiribati|aus|export|raw_usd,Kiribati,aus,export,raw_usd,2016,none,none,0.9323209351590234,1,0,0.9323209351590234,,,
Kiribati|aus|export|raw_usd,Kiribati,aus,export,raw_usd,2017,alert,uncertain,637.8857402616231,1,2,637.8857402616231,23.152708873225667,,
Kiribati|aus|export|raw_usd,Kiribati,aus,export,raw_usd,2018,watch,level_shock,206.07549455073766,1,1,206.07549455073766,0.6461203991367408,,
Kiribati|aus|export|raw_usd,Kiribati,aus,export,raw_usd,2020,alert,structural_break,25.30183820838407,5,2,4.48258774917477,1.84455459344797,25.30183820838407,
Kiribati|aus|export|raw_usd,Kiribati,aus,export,raw_usd,2021,watch,level_shock,3.2115514858572722,1,1,3.2115514858572722,1.7391336764736711,1.3323361632660402,
Kiribati|aus|export|sti,Kiribati,aus,export,sti,2015,none,none,0.002616381003195334,1,0,0.002616381003195334,,,
Kiribati|aus|export|sti,Kiribati,aus,export,sti,2016,none,none,1.0000000090845722,1,0,1.0000000090845722,,,
Kiribati|aus|export|sti,Kiribati,aus,export,sti,2017,alert,uncertain,962035136.0603894,3,2,8.739677670845419,962035136.0603894,,
Kiribati|aus|export|sti,Kiribati,aus,export,sti,2018,watch,level_shock,3.9961010044209244,1,1,3.9961010044209244,0.914473314674171,,
Kiribati|aus|export|sti,Kiribati,aus,export,sti,2020,alert,structural_break,17.245705174979527,5,2,3.04286011457939,1.5761249928615453,17.245705174979527,
Kiribati|aus|export|sti,Kiribati,aus,export,sti,2021,watch,level_shock,2.4853516109844453,1,1,2.4853516109844453,1.854364269968406,1.3037794567790593,
Kiribati|aus|import|cwti,Kiribati,aus,import,cwti,2015,none,none,0.03092952799391986,1,0,0.03092952799391986,,,
Kiribati|aus|import|cwti,Kiribati,aus,import,cwti,2016,none,none,0.9677390947611492,1,0,0.9677390947611492,,,
Kiribati|aus|import|cwti,Kiribati,aus,import,cwti,2017,watch,structural_break,35.93865819610516,3,1,1.1784221287901306,35.93865819610516,,
Kiribati|aus|import|cwti,Kiribati,aus,import,cwti,2018,watch,structural_break,3.367644903911322,3,1,0.25924055328783296,3.367644903911322,,
Kiribati|aus|import|cwti,Kiribati,aus,import,cwti,2020,none,none,1.2305046135558708,3,0,0.09151434815993732,1.2305046135558708,0.9156626833575299,
Kiribati|aus|import|cwti,Kiribati,aus,import,cwti,2021,watch,structural_break,2.12042503090234,3,1,0.36305041247384556,2.12042503090234,1.7746624674743814,
Kiribati|aus|import|raw_usd,Kiribati,aus,import,raw_usd,2015,watch,level_shock,5269731.013999999,1,1,5269731.013999999,,,
Kiribati|aus|import|raw_usd,Kiribati,aus,import,raw_usd,2016,none,none,1.022632197105156,1,0,1.022632197105156,,,
Kiribati|aus|import|raw_usd,Kiribati,aus,import,raw_usd,2017,watch,structural_break,38.76941040277409,3,1,0.8676188771661814,38.76941040277409,,
Kiribati|aus|import|raw_usd,Kiribati,aus,import,raw_usd,2018,watch,level_shock,5.793223258770285,1,1,5.793223258770285,1.9865944872291534,,
Kiribati|aus|import|raw_usd,Kiribati,aus,import,raw_usd,2020,critical,structural_break,3.708754751120938,3,2,0.029858730203302368,3.708754751120938,3.0952782099929412,
Kiribati|aus|import|raw_usd,Kiribati,aus,import,raw_usd,2021,critical,structural_break,5.892700040153368,5,2,0.9161067350561158,2.630093333036155,5.892700040153368,
Kiribati|aus|import|sti,Kiribati,aus,import,sti,2015,none,none,0.03536152668507925,1,0,0.03536152668507925,,,
Kiribati|aus|import|sti,Kiribati,aus,import,sti,2016,none,none,0.8874797198262977,1,0,0.8874797198262977,,,
Kiribati|aus|import|sti,Kiribati,aus,import,sti,2017,watch,structural_break,8.203752013391856,3,1,0.8022777717627321,8.203752013391856,,
Kiribati|aus|import|sti,Kiribati,aus,import,sti,2018,watch,uncertain,3.8548773707883277,1,2,3.8548773707883277,2.0120434465322057,,
Kiribati|aus|import|sti,Kiribati,aus,import,sti,2020,none,none,0.9971650809467035,1,0,0.9971650809467035,0.9971650809467035,0.7811269544720942,
Kiribati|aus|import|sti,Kiribati,aus,import,sti,2021,watch,structural_break,2.513664425610176,3,1,0.2954679466827353,2.513664425610176,0.47574350033700236,
Kiribati|aus|total|cwti,Kiribati,aus,total,cwti,2015,none,none,0.034440195697990714,1,0,0.034440195697990714,,,
Kiribati|aus|total|cwti,Kiribati,aus,total,cwti,2016,none,none,0.9710276132963684,1,0,0.9710276132963684,,,
Kiribati|aus|total|cwti,Kiribati,aus,total,cwti,2017,watch,structural_break,43.52235589566683,3,1,0.470619245961208,43.52235589566683,,
Kiribati|aus|total|cwti,Kiribati,aus,total,cwti,2018,none,none,1.4507368458534504,3,0,0.9301198252865011,1.4507368458534504,,
Kiribati|aus|total|cwti,Kiribati,aus,total,cwti,2020,critical,structural_break,13.091356557080385,3,3,5.907625315103853,13.091356557080385,4.635428552599368,
Kiribati|aus|total|cwti,Kiribati,aus,total,cwti,2021,critical,uncertain,8.254427087940508,3,2,3.724905223822856,8.254427087940508,1.2735824912174918,
Kiribati|aus|total|sti,Kiribati,aus,total,sti,2015,none,none,0.03274624500961776,1,0,0.03274624500961776,,,
Kiribati|aus|total|sti,Kiribati,aus,total,sti,2016,none,none,0.8513887753215007,1,0,0.8513887753215007,,,
Kiribati|aus|total|sti,Kiribati,aus,total,sti,2017,watch,structural_break,5.9261163407337705,3,1,0.8429473199850005,5.9261163407337705,,
Kiribati|aus|total|sti,Kiribati,aus,total,sti,2018,watch,level_shock,2.5144851978168803,1,1,2.5144851978168803,1.9920795473032087,,
Kiribati|aus|total|sti,Kiribati,aus,total,sti,2020,none,none,0.6331990823303393,5,0,0.34602606885728004,0.49495966871815494,0.6331990823303393,
Kiribati|aus|total|sti,Kiribati,aus,total,sti,2021,watch,structural_break,3.2997107935415912,3,1,0.47118279978519234,3.2997107935415912,0.6341411784124478,
Kiribati|china|export|cwti,Kiribati,china,export,cwti,2015,none,none,0.013986188639319667,1,0,0.013986188639319667,,,
Kiribati|china|export|cwti,Kiribati,china,export,cwti,2016,none,none,1.0,1,0,1.0,,,
Kiribati|china|export|cwti,Kiribati,china,export,cwti,2017,watch,structural_break,4.46074657203465,3,1,0.0030937311810961717,4.46074657203465,,
Kiribati|china|export|cwti,Kiribati,china,export,cwti,2018,none,none,1.0,3,0,0.003107986788758281,1.0,,
Kiribati|china|export|cwti,Kiribati,china,export,cwti,2020,watch,structural_break,6.590460122203574,3,1,0.060181755217099404,6.590460122203574,0.6515974536770104,
Kiribati|china|export|cwti,Kiribati,china,export,cwti,2021,watch,structural_break,3.295230061101787,3,1,0.7513907156335029,3.295230061101787,1.9248916042909359,
Kiribati|china|export|raw_usd,Kiribati,china,export,raw_usd,2017,watch,level_shock,787699.2980000001,1,1,787699.2980000001,,,
Kiribati|china|export|raw_usd,Kiribati,china,export,raw_usd,2020,none,none,0.3760454601801613,1,0,0.3760454601801613,,,
Kiribati|china|export|sti,Kiribati,china,export,sti,2017,none,none,0.07971684967547726,1,0,0.07971684967547726,,,
Kiribati|china|export|sti,Kiribati,china,export,sti,2020,none,none,0.19604727398050753,1,0,0.19604727398050753,,,
Kiribati|china|import|cwti,Kiribati,china,import,cwti,2015,none,none,0.013713733099377427,1,0,0.013713733099377427,,,
Kiribati|china|import|cwti,Kiribati,china,import,cwti,2016,none,none,1.0285736622868413,1,0,1.0285736622868413,,,
Kiribati|china|import|cwti,Kiribati,china,import,cwti,2017,watch,structural_break,42.38086639770102,3,1,0.253480197106126,42.38086639770102,,
Kiribati|china|import|cwti,Kiribati,china,import,cwti,2018,none,none,1.4409795442266051,3,0,0.4848664944888951,1.4409795442266051,,
Kiribati|china|import|cwti,Kiribati,china,import,cwti,2020,critical,structural_break,28.079009764559366,3,3,2.8889711384677703,28.079009764559366,3.3700052076359146,
Kiribati|china|import|cwti,Kiribati,china,import,cwti,2021,watch,structural_break,7.081019450783674,3,1,0.8121012090491168,7.081019450783674,0.997001609627718,
Kiribati|china|import|raw_usd,Kiribati,china,import,raw_usd,2015,watch,level_shock,4664216.134000001,1,1,4664216.134000001,,,
Kiribati|china|import|raw_usd,Kiribati,china,import,raw_usd,2016,none,none,0.996998533816229,1,0,0.996998533816229,,,
Kiribati|china|import|raw_usd,Kiribati,china,import,raw_usd,2017,watch,structural_break,393.7885959159078,3,1,0.27419419106997417,393.7885959159078,,
Kiribati|china|import|raw_usd,Kiribati,china,import,raw_usd,2018,critical,uncertain,5.684673340337011,3,2,2.619747528517092,5.684673340337011,,
Kiribati|china|import|raw_usd,Kiribati,china,import,raw_usd,2020,watch,structural_break,8.304298531097396,5,1,1.5188276606670985,1.5188276606670985,8.304298531097396,
Kiribati|china|import|raw_usd,Kiribati,china,import,raw_usd,2021,watch,structural_break,2.8315652324204206,3,1,0.413181488923968,2.8315652324204206,0.6464133950335891,
Kiribati|china|import|sti,Kiribati,china,import,sti,2015,none,none,0.04575706109352025,1,0,0.04575706109352025,,,
Kiribati|china|import|sti,Kiribati,china,import,sti,2016,none,none,1.0297789848345371,1,0,1.0297789848345371,,,
Kiribati|china|import|sti,Kiribati,china,import,sti,2017,watch,structural_break,46.784057505730985,3,1,0.3575483703167174,46.784057505730985,,
Kiribati|china|import|sti,Kiribati,china,import,sti,2018,none,none,1.18450487559407,3,0,0.26032103991060307,1.18450487559407,,
Kiribati|china|import|sti,Kiribati,china,import,sti,2020,watch,structural_break,3.2664533603756065,3,1,1.429843014399676,3.2664533603756065,1.6963825536393276,
Kiribati|china|import|sti,Kiribati,china,import,sti,2021,none,none,1.4284917211944026,5,0,0.6391826911391283,0.6905060923731651,1.4284917211944026,
Kiribati|china|total|cwti,Kiribati,china,total,cwti,2015,none,none,0.027699921738697092,1,0,0.027699921738697092,,,
Kiribati|china|total|cwti,Kiribati,china,total,cwti,2016,none,none,1.0141463063314748,1,0,1.0141463063314748,,,
Kiribati|china|total|cwti,Kiribati,china,total,cwti,2017,watch,structural_break,114.4380360867199,3,1,0.1279435077595885,114.4380360867199,,
Kiribati|china|total|cwti,Kiribati,china,total,cwti,2018,none,none,1.1407594807822956,3,0,0.1816943162349125,1.1407594807822956,,
Kiribati|china|total|cwti,Kiribati,china,total,cwti,2020,alert,structural_break,34.05106316807061,3,2,1.131825784096865,34.05106316807061,2.6274505566853676,
Kiribati|china|total|cwti,Kiribati,china,total,cwti,2021,watch,structural_break,7.733147576292129,3,1,0.45123507610507846,7.733147576292129,1.9981095776569733,
Kiribati|china|total|sti,Kiribati,china,total,sti,2015,none,none,0.04854560987028912,1,0,0.04854560987028912,,,
Kiribati|china|total|sti,Kiribati,china,total,sti,2016,none,none,1.0345643705643317,1,0,1.0345643705643317,,,
Kiribati|china|total|sti,Kiribati,china,total,sti,2017,watch,structural_break,43.14529684346328,3,1,0.26277239537680375,43.14529684346328,,
Kiribati|china|total|sti,Kiribati,china,total,sti,2018,none,none,1.0907716570172157,3,0,0.27565851517000567,1.0907716570172157,,
Kiribati|china|total|sti,Kiribati,china,total,sti,2020,watch,structural_break,6.992938369590386,3,2,1.3887844618044525,6.992938369590386,2.0280899244047057,
Kiribati|china|total|sti,Kiribati,china,total,sti,2021,none,none,1.7708277126601197,5,0,0.6505735800299234,1.6489929239753391,1.7708277126601197,
Kiribati|us|export|cwti,Kiribati,us,export,cwti,2015,none,none,0.05667357584976418,1,0,0.05667357584976418,,,
Kiribati|us|export|cwti,Kiribati,us,export,cwti,2016,none,none,0.9999999998861072,1,0,0.9999999998861072,,,
Kiribati|us|export|cwti,Kiribati,us,export,cwti,2017,watch,structural_break,8709550747.712414,3,1,0.7482316441292589,8709550747.712414,,
Kiribati|us|export|cwti,Kiribati,us,export,cwti,2018,watch,level_shock,7.031750779541795,1,1,7.031750779541795,1.0380239586655153,,
Kiribati|us|export|cwti,Kiribati,us,export,cwti,2020,watch,structural_break,24.672856557262875,5,1,0.0,1.2989592435327753,24.672856557262875,
Kiribati|us|export|cwti,Kiribati,us,export,cwti,2021,none,none,1.0575511435846703,5,0,0.0,0.9721974581557788,1.0575511435846703,
Kiribati|us|export|raw_usd,Kiribati,us,export,raw_usd,2015,watch,level_shock,1452108.506,1,1,1452108.506,,,
Kiribati|us|export|raw_usd,Kiribati,us,export,raw_usd,2016,none,none,0.9806566741507676,1,0,0.9806566741507676,,,
Kiribati|us|export|raw_usd,Kiribati,us,export,raw_usd,2017,watch,structural_break,39.36312934820466,3,1,0.7688498944465165,39.36312934820466,,
Kiribati|us|export|sti,Kiribati,us,export,sti,2015,none,none,0.14546845772318773,1,0,0.14546845772318773,,,
Kiribati|us|export|sti,Kiribati,us,export,sti,2016,none,none,0.9999999996308069,1,0,0.9999999996308069,,,
Kiribati|us|export|sti,Kiribati,us,export,sti,2017,watch,structural_break,3447570923.6773925,3,1,0.4673672902520807,3447570923.6773925,,
Kiribati|us|import|cwti,Kiribati,us,import,cwti,2015,none,none,0.001993754998785909,1,0,0.001993754998785909,,,
Kiribati|us|import|cwti,Kiribati,us,import,cwti,2016,none,none,0.8998154669363145,1,0,0.8998154669363145,,,
Kiribati|us|import|cwti,Kiribati,us,import,cwti,2017,watch,structural_break,12.891440731081557,3,1,0.41612472174285897,12.891440731081557,,
Kiribati|us|import|cwti,Kiribati,us,import,cwti,2018,none,none,1.3958361375684327,3,0,0.9761898539074466,1.3958361375684327,,
Kiribati|us|import|cwti,Kiribati,us,import,cwti,2020,none,none,1.0489386327505459,5,0,0.0,0.16928823845446794,1.0489386327505459,
Kiribati|us|import|cwti,Kiribati,us,import,cwti,2021,none,none,0.5401691651552222,3,0,0.0,0.5401691651552222,0.39774576972200426,
Kiribati|us|import|raw_usd,Kiribati,us,import,raw_usd,2015,watch,level_shock,2129171.9280000003,1,1,2129171.9280000003,,,
Kiribati|us|import|raw_usd,Kiribati,us,import,raw_usd,2016,none,none,0.9487361013149704,1,0,0.9487361013149704,,,
Kiribati|us|import|raw_usd,Kiribati,us,import,raw_usd,2017,watch,structural_break,22.49366787193014,3,1,0.5744822992953348,22.49366787193014,,
Kiribati|us|import|sti,Kiribati,us,import,sti,2015,none,none,0.017259235670689883,1,0,0.017259235670689883,,,
Kiribati|us|import|sti,Kiribati,us,import,sti,2016,none,none,0.9003746804622003,1,0,0.9003746804622003,,,
Kiribati|us|import|sti,Kiribati,us,import,sti,2017,watch,structural_break,11.97263204814985,3,1,0.5202381916052676,11.97263204814985,,
Kiribati|us|total|cwti,Kiribati,us,total,cwti,2015,none,none,0.05467982085097828,1,0,0.05467982085097828,,,
Kiribati|us|total|cwti,Kiribati,us,total,cwti,2016,none,none,1.0036529638179763,1,0,1.0036529638179763,,,
Kiribati|us|total|cwti,Kiribati,us,total,cwti,2017,watch,structural_break,208.35166362638208,3,1,0.7597134857046689,208.35166362638208,,
Kiribati|us|total|cwti,Kiribati,us,total,cwti,2018,watch,level_shock,6.319945175190326,1,1,6.319945175190326,1.4363797144442971,,
Kiribati|us|total|cwti,Kiribati,us,total,cwti,2020,watch,structural_break,10.479799137395627,5,1,0.0,1.59100633469285,10.479799137395627,
Kiribati|us|total|cwti,Kiribati,us,total,cwti,2021,none,none,1.0804643614004263,5,0,0.0,0.7500807087217352,1.0804643614004263,
Kiribati|us|total|sti,Kiribati,us,total,sti,2015,none,none,0.00380263722985872,1,0,0.00380263722985872,,,
Kiribati|us|total|sti,Kiribati,us,total,sti,2016,none,none,0.5668917694641598,1,0,0.5668917694641598,,,
Kiribati|us|total|sti,Kiribati,us,total,sti,2017,watch,structural_break,3.8955600206272574,3,1,0.22693803871018972,3.8955600206272574,,
Palau|aus|export|cwti,Palau,aus,export,cwti,2015,none,none,0.0011396269543680537,1,0,0.0011396269543680537,,,
Palau|aus|export|cwti,Palau,aus,export,cwti,2016,none,none,0.028166374778166674,1,0,0.028166374778166674,,,
Palau|aus|export|cwti,Palau,aus,export,cwti,2017,alert,uncertain,775.4753047203076,3,2,42.496981904296575,775.4753047203076,,
Palau|aus|export|cwti,Palau,aus,export,cwti,2018,watch,level_shock,21.248462161382896,1,1,21.248462161382896,0.9999986450442314,,
Palau|aus|export|raw_usd,Palau,aus,export,raw_usd,2015,watch,level_shock,136650.0,1,1,136650.0,,,
Palau|aus|export|raw_usd,Palau,aus,export,raw_usd,2017,watch,level_shock,3.681229418221734,1,1,3.681229418221734,,,
Palau|aus|export|raw_usd,Palau,aus,export,raw_usd,2018,watch,structural_break,2.62900851240409,3,1,1.123212847535584,2.62900851240409,,
Palau|aus|export|sti,Palau,aus,export,sti,2015,none,none,0.009826160211897668,1,0,0.009826160211897668,,,
Palau|aus|export|sti,Palau,aus,export,sti,2017,watch,level_shock,7.971703084649499,1,1,7.971703084649499,,,
Palau|aus|export|sti,Palau,aus,export,sti,2018,watch,structural_break,5.699874064041204,3,1,1.2706336824261686,5.699874064041204,,
Palau|aus|import|cwti,Palau,aus,import,cwti,2015,none,none,0.0006561762970766394,1,0,0.0006561762970766394,,,
Palau|aus|import|cwti,Palau,aus,import,cwti,2016,none,none,0.8891900149944646,1,0,0.8891900149944646,,,
Palau|aus|import|cwti,Palau,aus,import,cwti,2017,watch,structural_break,17.192771166923876,3,1,0.23712744576115558,17.192771166923876,,
Palau|aus|import|cwti,Palau,aus,import,cwti,2018,watch,structural_break,3.0535608980212703,3,1,1.2277170908056994,3.0535608980212703,,
Palau|aus|import|raw_usd,Palau,aus,import,raw_usd,2015,watch,level_shock,1852860.0,1,1,1852860.0,,,
Palau|aus|import|raw_usd,Palau,aus,import,raw_usd,2016,none,none,0.8249932536727006,1,0,0.8249932536727006,,,
Palau|aus|import|raw_usd,Palau,aus,import,raw_usd,2017,watch,structural_break,12.983433924277165,3,1,0.6852127357708806,12.983433924277165,,
Palau|aus|import|raw_usd,Palau,aus,import,raw_usd,2018,watch,level_shock,6.7193101836890765,1,1,6.7193101836890765,1.0962398281327779,,
Palau|aus|import|sti,Palau,aus,import,sti,2015,none,none,0.013150792361695241,1,0,0.013150792361695241,,,
Palau|aus|import|sti,Palau,aus,import,sti,2016,none,none,0.7913498705326476,1,0,0.7913498705326476,,,
Palau|aus|import|sti,Palau,aus,import,sti,2018,watch,structural_break,7.575694980949071,3,1,0.05396788207150342,7.575694980949071,,
Palau|aus|total|cwti,Palau,aus,total,cwti,2015,none,none,0.0004834506572914144,1,0,0.0004834506572914144,,,
Palau|aus|total|cwti,Palau,aus,total,cwti,2016,none,none,1.2732727984886583,1,0,1.2732727984886583,,,
Palau|aus|total|cwti,Palau,aus,total,cwti,2017,alert,uncertain,354.0326233194768,1,2,354.0326233194768,48.94501443753156,,
Palau|aus|total|cwti,Palau,aus,total,cwti,2018,watch,level_shock,174.73148680990928,1,1,174.73148680990928,0.987092574529397,,
Palau|aus|total|sti,Palau,aus,total,sti,2015,none,none,0.012064326653468061,1,0,0.012064326653468061,,,
Palau|aus|total|sti,Palau,aus,total,sti,2016,none,none,0.844159883388966,1,0,0.844159883388966,,,
Palau|aus|total|sti,Palau,aus,total,sti,2017,alert,uncertain,26.012933504963126,3,2,4.39642856058538,26.012933504963126,,
Palau|aus|total|sti,Palau,aus,total,sti,2018,watch,level_shock,2.174809607474506,1,1,2.174809607474506,0.9893528701783031,,
Palau|china|export|cwti,Palau,china,export,cwti,2015,none,none,6.468307869554629e-05,1,0,6.468307869554629e-05,,,
Palau|china|export|cwti,Palau,china,export,cwti,2016,none,none,0.09100745406479668,1,0,0.09100745406479668,,,
Palau|china|export|cwti,Palau,china,export,cwti,2017,watch,structural_break,12.614808944723688,3,1,0.19759704861490554,12.614808944723688,,
Palau|china|export|cwti,Palau,china,export,cwti,2018,critical,uncertain,88.26768122910609,3,2,37.93353118862171,88.26768122910609,,
Palau|china|export|raw_usd,Palau,china,export,raw_usd,2015,watch,level_shock,20880.0,1,1,20880.0,,,
Palau|china|export|raw_usd,Palau,china,export,raw_usd,2016,none,none,0.22030651340996169,1,0,0.22030651340996169,,,
Palau|china|export|raw_usd,Palau,china,export,raw_usd,2018,watch,structural_break,6.356224963196264,3,1,0.12388605786304809,6.356224963196264,,
Palau|china|export|sti,Palau,china,export,sti,2015,none,none,0.0016206582080270642,1,0,0.0016206582080270642,,,
Palau|china|export|sti,Palau,china,export,sti,2016,none,none,0.42701015552982485,1,0,0.42701015552982485,,,
Palau|china|export|sti,Palau,china,export,sti,2018,watch,structural_break,3.349218535509334,3,1,0.0066145443163853615,3.349218535509334,,
Palau|china|import|cwti,Palau,china,import,cwti,2015,none,none,0.00027292807945286483,1,0,0.00027292807945286483,,,
Palau|china|import|cwti,Palau,china,import,cwti,2016,none,none,1.3435266819724938,1,0,1.3435266819724938,,,
Palau|china|import|cwti,Palau,china,import,cwti,2017,alert,uncertain,69.32252117799534,1,2,69.32252117799534,11.907067843122334,,
Palau|china|import|cwti,Palau,china,import,cwti,2018,watch,level_shock,58.037660678283586,1,1,58.037660678283586,1.6744244061540612,,
Palau|china|import|raw_usd,Palau,china,import,raw_usd,2015,watch,level_shock,465773.0,1,1,465773.0,,,
Palau|china|import|raw_usd,Palau,china,import,raw_usd,2016,none,none,0.5900964632986455,1,0,0.5900964632986455,,,
Palau|china|import|raw_usd,Palau,china,import,raw_usd,2017,alert,uncertain,31.954548057325656,3,2,14.560767257696826,31.954548057325656,,
Palau|china|import|raw_usd,Palau,china,import,raw_usd,2018,watch,level_shock,8.109533158540719,1,1,8.109533158540719,1.1138881646850054,,
Palau|china|import|sti,Palau,china,import,sti,2015,none,none,0.007715325065012352,1,0,0.007715325065012352,,,
Palau|china|import|sti,Palau,china,import,sti,2016,none,none,0.38035420277792725,1,0,0.38035420277792725,,,
Palau|china|import|sti,Palau,china,import,sti,2018,watch,structural_break,2.4899640598723143,3,1,0.6707568618597237,2.4899640598723143,,
Palau|china|total|cwti,Palau,china,total,cwti,2015,none,none,0.00033761115814841085,1,0,0.00033761115814841085,,,
Palau|china|total|cwti,Palau,china,total,cwti,2016,none,none,1.0686836201446703,1,0,1.0686836201446703,,,
Palau|china|total|cwti,Palau,china,total,cwti,2017,alert,uncertain,280.8948824479337,1,2,280.8948824479337,9.646438703317845,,
Palau|china|total|cwti,Palau,china,total,cwti,2018,watch,level_shock,261.2051449415277,1,1,261.2051449415277,1.859807075623347,,
Palau|china|total|sti,Palau,china,total,sti,2015,none,none,0.008414560685494503,1,0,0.008414560685494503,,,
Palau|china|total|sti,Palau,china,total,sti,2016,none,none,0.331890727698695,1,0,0.331890727698695,,,
Palau|china|total|sti,Palau,china,total,sti,2017,alert,uncertain,14.540451201256115,3,2,6.017932866828734,14.540451201256115,,
Palau|china|total|sti,Palau,china,total,sti,2018,watch,level_shock,3.2748286426740756,1,1,3.2748286426740756,1.088356655065117,,
Palau|us|export|cwti,Palau,us,export,cwti,2015,none,none,0.0342745444526793,1,0,0.0342745444526793,,,
Palau|us|export|cwti,Palau,us,export,cwti,2016,watch,level_shock,7.405251621781001,1,1,7.405251621781001,,,
Palau|us|export|cwti,Palau,us,export,cwti,2017,watch,structural_break,2.4468935014276108,3,1,0.09106256890984499,2.4468935014276108,,
Palau|us|export|cwti,Palau,us,export,cwti,2018,watch,structural_break,3.5418388475559874,3,1,0.35223622413363403,3.5418388475559874,,
Palau|us|export|raw_usd,Palau,us,export,raw_usd,2015,watch,level_shock,2200153.0,1,1,2200153.0,,,
Palau|us|export|raw_usd,Palau,us,export,raw_usd,2016,none,none,0.7236633088698832,1,0,0.7236633088698832,,,
Palau|us|export|raw_usd,Palau,us,export,raw_usd,2017,none,none,1.1205201407782022,3,0,0.07857673182565153,1.1205201407782022,,
Palau|us|export|sti,Palau,us,export,sti,2015,none,none,0.04361383310566902,1,0,0.04361383310566902,,,
Palau|us|export|sti,Palau,us,export,sti,2016,watch,level_shock,5.766765544442575,1,1,5.766765544442575,,,
Palau|us|export|sti,Palau,us,export,sti,2017,none,none,1.9253561275141644,3,0,0.02512682014722048,1.9253561275141644,,
Palau|us|import|cwti,Palau,us,import,cwti,2015,none,none,0.019063887114854572,1,0,0.019063887114854572,,,
Palau|us|import|cwti,Palau,us,import,cwti,2016,watch,level_shock,2.1364851782328245,1,1,2.1364851782328245,,,
Palau|us|import|cwti,Palau,us,import,cwti,2017,alert,uncertain,14.519435027728877,1,2,14.519435027728877,8.319478598850662,,
Palau|us|import|cwti,Palau,us,import,cwti,2018,none,none,1.093506532202017,3,0,0.0,1.093506532202017,,
Palau|us|import|raw_usd,Palau,us,import,raw_usd,2015,watch,level_shock,1865868.0,1,1,1865868.0,,,
Palau|us|import|raw_usd,Palau,us,import,raw_usd,2016,watch,level_shock,4.150347184259551,1,1,4.150347184259551,,,
Palau|us|import|raw_usd,Palau,us,import,raw_usd,2017,alert,uncertain,23.29626422971558,3,2,14.789648801956453,23.29626422971558,,
Palau|us|import|sti,Palau,us,import,sti,2015,none,none,0.044855488494938034,1,0,0.044855488494938034,,,
Palau|us|import|sti,Palau,us,import,sti,2016,none,none,0.9497531394429896,1,0,0.9497531394429896,,,
Palau|us|total|cwti,Palau,us,total,cwti,2015,none,none,0.015210657337824729,1,0,0.015210657337824729,,,
Palau|us|total|cwti,Palau,us,total,cwti,2016,watch,level_shock,14.008724863174827,1,1,14.008724863174827,,,
Palau|us|total|cwti,Palau,us,total,cwti,2017,watch,structural_break,14.09805415104923,3,1,1.4887656521236199,14.09805415104923,,
Palau|us|total|cwti,Palau,us,total,cwti,2018,watch,level_shock,3.2670126484858106,1,1,3.2670126484858106,0.5764230113240368,,
Palau|us|total|sti,Palau,us,total,sti,2015,none,none,0.04003793154687818,1,0,0.04003793154687818,,,
Palau|us|total|sti,Palau,us,total,sti,2016,none,none,0.7637659770497871,1,0,0.7637659770497871,,,
Palau|us|total|sti,Palau,us,total,sti,2017,alert,uncertain,45.94194715919228,1,2,45.94194715919228,8.152880859013857,,
Papua New Guinea|aus|export|cwti,Papua New Guinea,aus,export,cwti,2012,none,none,0.06536663090597611,1,0,0.06536663090597611,,,
Papua New Guinea|aus|export|cwti,Papua New Guinea,aus,export,cwti,2019,none,none,0.957074692459011,1,0,0.957074692459011,,,
Papua New Guinea|aus|export|cwti,Papua New Guinea,aus,export,cwti,2020,watch,level_shock,27.648190989398547,1,1,27.648190989398547,0.6200180145410968,,
Papua New Guinea|aus|export|cwti,Papua New Guinea,aus,export,cwti,2021,watch,level_shock,11.83114175818933,1,1,11.83114175818933,1.7205571535004172,,
Papua New Guinea|aus|export|raw_usd,Papua New Guinea,aus,export,raw_usd,2012,watch,level_shock,732161048.0,1,1,732161048.0,,,
Papua New Guinea|aus|export|raw_usd,Papua New Guinea,aus,export,raw_usd,2019,none,none,1.6942664343200617,1,0,1.6942664343200617,,,
Papua New Guinea|aus|export|raw_usd,Papua New Guinea,aus,export,raw_usd,2020,watch,structural_break,2.236212170591561,3,1,0.4139140620930352,2.236212170591561,,
Papua New Guinea|aus|export|raw_usd,Papua New Guinea,aus,export,raw_usd,2021,watch,level_shock,3.0904913839582373,1,1,3.0904913839582373,1.9462823743737456,,
Papua New Guinea|aus|export|sti,Papua New Guinea,aus,export,sti,2012,none,none,0.06908662053295594,1,0,0.06908662053295594,,,
Papua New Guinea|aus|export|sti,Papua New Guinea,aus,export,sti,2019,none,none,1.1317230777031009,1,0,1.1317230777031009,,,
Papua New Guinea|aus|export|sti,Papua New Guinea,aus,export,sti,2020,watch,level_shock,9.338854749633231,1,1,9.338854749633231,0.6150713449219558,,
Papua New Guinea|aus|export|sti,Papua New Guinea,aus,export,sti,2021,alert,uncertain,57.051243690036365,3,2,4.885670927791529,57.051243690036365,,
Papua New Guinea|aus|import|cwti,Papua New Guinea,aus,import,cwti,2012,none,none,0.03911529052026472,1,0,0.03911529052026472,,,
Papua New Guinea|aus|import|cwti,Papua New Guinea,aus,import,cwti,2019,none,none,1.166976992513238,1,0,1.166976992513238,,,
Papua New Guinea|aus|import|cwti,Papua New Guinea,aus,import,cwti,2020,watch,structural_break,10.189959705335438,3,1,0.11783294504192665,10.189959705335438,,
Papua New Guinea|aus|import|cwti,Papua New Guinea,aus,import,cwti,2021,none,none,0.935718663796625,3,0,0.10153850397584696,0.935718663796625,,
Papua New Guinea|aus|import|raw_usd,Papua New Guinea,aus,import,raw_usd,2012,watch,level_shock,456232530.0,1,1,456232530.0,,,
Papua New Guinea|aus|import|raw_usd,Papua New Guinea,aus,import,raw_usd,2019,watch,level_shock,2.1828141485702477,1,1,2.1828141485702477,,,
Papua New Guinea|aus|import|raw_usd,Papua New Guinea,aus,import,raw_usd,2020,watch,structural_break,2.9295550428026207,3,1,0.35133002348063774,2.9295550428026207,,
Papua New Guinea|aus|import|raw_usd,Papua New Guinea,aus,import,raw_usd,2021,none,none,0.7975523101035273,3,0,0.13918011816384124,0.7975523101035273,,
Papua New Guinea|aus|import|sti,Papua New Guinea,aus,import,sti,2012,none,none,0.051045209729877694,1,0,0.051045209729877694,,,
Papua New Guinea|aus|import|sti,Papua New Guinea,aus,import,sti,2019,none,none,0.5613636452458651,1,0,0.5613636452458651,,,
Papua New Guinea|aus|import|sti,Papua New Guinea,aus,import,sti,2020,watch,structural_break,3.0964438709845217,3,1,0.18989417983487092,3.0964438709845217,,
Papua New Guinea|aus|import|sti,Papua New Guinea,aus,import,sti,2021,none,none,0.5473874241163585,3,0,0.0759318989861003,0.5473874241163585,,
Papua New Guinea|aus|total|cwti,Papua New Guinea,aus,total,cwti,2012,none,none,0.1044819214262408,1,0,0.1044819214262408,,,
Papua New Guinea|aus|total|cwti,Papua New Guinea,aus,total,cwti,2019,none,none,0.16188546159862846,1,0,0.16188546159862846,,,
Papua New Guinea|aus|total|cwti,Papua New Guinea,aus,total,cwti,2020,watch,structural_break,4.162002966903288,3,1,0.99997159657814,4.162002966903288,,
Papua New Guinea|aus|total|cwti,Papua New Guinea,aus,total,cwti,2021,none,none,0.920317386356189,1,0,0.920317386356189,0.8317611930669675,,
Papua New Guinea|aus|total|sti,Papua New Guinea,aus,total,sti,2012,none,none,0.061466602061947984,1,0,0.061466602061947984,,,
Papua New Guinea|aus|total|sti,Papua New Guinea,aus,total,sti,2019,none,none,0.6191726702372973,1,0,0.6191726702372973,,,
Papua New Guinea|aus|total|sti,Papua New Guinea,aus,total,sti,2020,watch,level_shock,3.0181920195233194,1,1,3.0181920195233194,0.928182123304679,,
Papua New Guinea|aus|total|sti,Papua New Guinea,aus,total,sti,2021,none,none,1.9577037104510253,1,0,1.9577037104510253,0.5039582186062775,,
Papua New Guinea|china|export|cwti,Papua New Guinea,china,export,cwti,2012,none,none,0.016690450714185363,1,0,0.016690450714185363,,,
Papua New Guinea|china|export|cwti,Papua New Guinea,china,export,cwti,2019,watch,level_shock,4.232697811100823,1,1,4.232697811100823,,,
Papua New Guinea|china|export|cwti,Papua New Guinea,china,export,cwti,2020,watch,structural_break,2.584917251390455,3,1,0.33550743159425567,2.584917251390455,,
Papua New Guinea|china|export|cwti,Papua New Guinea,china,export,cwti,2021,none,none,1.8671857070754445,3,0,0.6415113190719431,1.8671857070754445,,
Papua New Guinea|china|export|raw_usd,Papua New Guinea,china,export,raw_usd,2012,watch,level_shock,50932879.0,1,1,50932879.0,,,
Papua New Guinea|china|export|raw_usd,Papua New Guinea,china,export,raw_usd,2019,watch,level_shock,36.172607472630794,1,1,36.172607472630794,,,
Papua New Guinea|china|export|raw_usd,Papua New Guinea,china,export,raw_usd,2020,watch,structural_break,16.678609423626412,3,1,0.20462485624356988,16.678609423626412,,
Papua New Guinea|china|export|raw_usd,Papua New Guinea,china,export,raw_usd,2021,watch,structural_break,2.5250320509526483,3,1,0.29301057016050724,2.5250320509526483,,
Papua New Guinea|china|export|sti,Papua New Guinea,china,export,sti,2012,none,none,0.0026752899333115088,1,0,0.0026752899333115088,,,
Papua New Guinea|china|export|sti,Papua New Guinea,china,export,sti,2019,watch,level_shock,53.61693137114901,1,1,53.61693137114901,,,
Papua New Guinea|china|export|sti,Papua New Guinea,china,export,sti,2020,watch,structural_break,19.505792051735487,3,1,0.2986311761449707,19.505792051735487,,
Papua New Guinea|china|export|sti,Papua New Guinea,china,export,sti,2021,watch,structural_break,3.602421588241322,3,1,0.053158554372756094,3.602421588241322,,
Papua New Guinea|china|import|cwti,Papua New Guinea,china,import,cwti,2012,none,none,0.0005063164918446359,1,0,0.0005063164918446359,,,
Papua New Guinea|china|import|cwti,Papua New Guinea,china,import,cwti,2019,watch,level_shock,59.067126476329825,1,1,59.067126476329825,,,
Papua New Guinea|china|import|cwti,Papua New Guinea,china,import,cwti,2020,watch,structural_break,52.55764497867953,3,1,0.6618103843980074,52.55764497867953,,
Papua New Guinea|china|import|cwti,Papua New Guinea,china,import,cwti,2021,none,none,1.1095730444889307,3,0,0.09139026650741439,1.1095730444889307,,
Papua New Guinea|china|import|raw_usd,Papua New Guinea,china,import,raw_usd,2012,watch,level_shock,131363529.0,1,1,131363529.0,,,
Papua New Guinea|china|import|raw_usd,Papua New Guinea,china,import,raw_usd,2019,none,none,1.4719276962862347,1,0,1.4719276962862347,,,
Papua New Guinea|china|import|raw_usd,Papua New Guinea,china,import,raw_usd,2020,none,none,0.6051632549940679,1,0,0.6051632549940679,0.5658218223537581,,
Papua New Guinea|china|import|raw_usd,Papua New Guinea,china,import,raw_usd,2021,watch,structural_break,2.4612259195243946,3,1,0.5484596460140887,2.4612259195243946,,
Papua New Guinea|china|import|sti,Papua New Guinea,china,import,sti,2012,none,none,0.0037130770046149703,1,0,0.0037130770046149703,,,
Papua New Guinea|china|import|sti,Papua New Guinea,china,import,sti,2019,watch,level_shock,22.626418189860512,1,1,22.626418189860512,,,
Papua New Guinea|china|import|sti,Papua New Guinea,china,import,sti,2020,watch,structural_break,18.035770679177816,3,1,0.4039543607471186,18.035770679177816,,
Papua New Guinea|china|import|sti,Papua New Guinea,china,import,sti,2021,none,none,1.3565645337064751,3,0,0.11378625798035866,1.3565645337064751,,
Papua New Guinea|china|total|cwti,Papua New Guinea,china,total,cwti,2012,none,none,0.017196767206029993,1,0,0.017196767206029993,,,
Papua New Guinea|china|total|cwti,Papua New Guinea,china,total,cwti,2019,watch,level_shock,5.84716262425178,1,1,5.84716262425178,,,
Papua New Guinea|china|total|cwti,Papua New Guinea,china,total,cwti,2020,watch,structural_break,4.056241244304432,3,1,0.07791384127303978,4.056241244304432,,
Papua New Guinea|china|total|cwti,Papua New Guinea,china,total,cwti,2021,none,none,1.547730540169409,3,0,0.1787149102514285,1.547730540169409,,
Papua New Guinea|china|total|sti,Papua New Guinea,china,total,sti,2012,none,none,0.000435782461312359,1,0,0.000435782461312359,,,
Papua New Guinea|china|total|sti,Papua New Guinea,china,total,sti,2019,watch,level_shock,282.659389077068,1,1,282.659389077068,,,
Papua New Guinea|china|total|sti,Papua New Guinea,china,total,sti,2020,watch,structural_break,132.92402826102298,3,1,0.13324230591650538,132.92402826102298,,
Papua New Guinea|china|total|sti,Papua New Guinea,china,total,sti,2021,watch,structural_break,2.1886959840294953,3,1,0.01126343569842257,2.1886959840294953,,
Papua New Guinea|us|export|cwti,Papua New Guinea,us,export,cwti,2012,none,none,0.0005514000717203511,1,0,0.0005514000717203511,,,
Papua New Guinea|us|export|cwti,Papua New Guinea,us,export,cwti,2019,watch,level_shock,3.567538821520503,1,1,3.567538821520503,,,
Papua New Guinea|us|export|cwti,Papua New Guinea,us,export,cwti,2020,none,none,0.6936163961966799,3,0,0.0,0.6936163961966799,,
Papua New Guinea|us|export|cwti,Papua New Guinea,us,export,cwti,2021,watch,structural_break,6.2098111412407295,3,1,0.0,6.2098111412407295,,
Papua New Guinea|us|export|raw_usd,Papua New Guinea,us,export,raw_usd,2012,watch,level_shock,27867071.0,1,1,27867071.0,,,
Papua New Guinea|us|export|sti,Papua New Guinea,us,export,sti,2012,none,none,0.0018570019449110457,1,0,0.0018570019449110457,,,
Papua New Guinea|us|import|cwti,Papua New Guinea,us,import,cwti,2012,none,none,0.00022849830588517195,1,0,0.00022849830588517195,,,
Papua New Guinea|us|import|cwti,Papua New Guinea,us,import,cwti,2019,watch,level_shock,24.72978552551514,1,1,24.72978552551514,,,
Papua New Guinea|us|import|cwti,Papua New Guinea,us,import,cwti,2020,watch,structural_break,3.4512111723205328,3,1,0.0,3.4512111723205328,,
Papua New Guinea|us|import|cwti,Papua New Guinea,us,import,cwti,2021,watch,structural_break,8.651229863501221,3,1,0.0,8.651229863501221,,
Papua New Guinea|us|import|raw_usd,Papua New Guinea,us,import,raw_usd,2012,watch,level_shock,140541579.0,1,1,140541579.0,,,
Papua New Guinea|us|import|sti,Papua New Guinea,us,import,sti,2012,none,none,0.0016763226032557935,1,0,0.0016763226032557935,,,
Papua New Guinea|us|total|cwti,Papua New Guinea,us,total,cwti,2012,none,none,0.00032290176583517783,1,0,0.00032290176583517783,,,
Papua New Guinea|us|total|cwti,Papua New Guinea,us,total,cwti,2019,watch,level_shock,23.5918662130323,1,1,23.5918662130323,,,
Papua New Guinea|us|total|cwti,Papua New Guinea,us,total,cwti,2020,none,none,1.7635900405268894,3,0,0.0,1.7635900405268894,,
Papua New Guinea|us|total|cwti,Papua New Guinea,us,total,cwti,2021,watch,structural_break,15.69964786898842,3,1,0.0,15.69964786898842,,
Papua New Guinea|us|total|sti,Papua New Guinea,us,total,sti,2012,none,none,0.0049418920741862785,1,0,0.0049418920741862785,,,
Samoa|aus|export|cwti,Samoa,aus,export,cwti,2010,none,none,0.038216150770005175,1,0,0.038216150770005175,,,
Samoa|aus|export|cwti,Samoa,aus,export,cwti,2011,watch,level_shock,4.597279316943156,1,1,4.597279316943156,,,
Samoa|aus|export|cwti,Samoa,aus,export,cwti,2012,none,none,0.5073781288313118,3,0,0.12531886116288876,0.5073781288313118,,
Samoa|aus|export|cwti,Samoa,aus,export,cwti,2013,watch,structural_break,9.695953044686545,3,1,0.48172924797121375,9.695953044686545,,
Samoa|aus|export|cwti,Samoa,aus,export,cwti,2014,none,none,0.9492638721722317,5,0,0.17740209096195303,0.18389552985368685,0.9492638721722317,
Samoa|aus|export|cwti,Samoa,aus,export,cwti,2015,critical,structural_break,12.584102861777016,3,2,1.7702376525070946,12.584102861777016,9.482391357495807,
Samoa|aus|export|cwti,Samoa,aus,export,cwti,2016,watch,structural_break,12.12873468817688,3,1,0.7043858564177156,12.12873468817688,0.8484000829197688,1.420942926757324
Samoa|aus|export|cwti,Samoa,aus,export,cwti,2017,critical,structural_break,4.781214751970323,5,4,2.6469160359270383,2.7574300041451747,4.781214751970323,4.01181252993359
Samoa|aus|export|cwti,Samoa,aus,export,cwti,2018,watch,structural_break,5.242678188363676,3,1,0.8325362815400725,5.242678188363676,1.6023586800706218,1.6097620431361603
Samoa|aus|export|cwti,Samoa,aus,export,cwti,2019,critical,structural_break,7.44522216852926,3,3,0.17329107662891532,7.44522216852926,4.231787989236542,6.203188835616557
Samoa|aus|export|cwti,Samoa,aus,export,cwti,2021,none,none,1.3016552422919134,3,0,0.09554135975503718,1.3016552422919134,0.7813236983638929,1.1195543076920413
Samoa|aus|export|cwti,Samoa,aus,export,cwti,2022,none,none,0.9066288473036841,5,0,0.23270835376143192,0.24632434789668237,0.9066288473036841,0.5412736385450706
Samoa|aus|export|cwti,Samoa,aus,export,cwti,2023,none,none,1.257083620315095,7,0,0.5527784357632347,0.5967461140561486,0.8311585030592196,1.257083620315095
Samoa|aus|export|raw_usd,Samoa,aus,export,raw_usd,2010,watch,level_shock,14219042.0,1,1,14219042.0,,,
Samoa|aus|export|raw_usd,Samoa,aus,export,raw_usd,2011,none,none,0.8896909510500074,1,0,0.8896909510500074,,,
Samoa|aus|export|raw_usd,Samoa,aus,export,raw_usd,2012,watch,structural_break,12.944207488366375,3,1,0.2683454866892002,12.944207488366375,,
Samoa|aus|export|raw_usd,Samoa,aus,export,raw_usd,2013,none,none,1.95042301985343,3,0,0.7923805049664631,1.95042301985343,,
Samoa|aus|export|raw_usd,Samoa,aus,export,raw_usd,2014,none,none,1.916786886163398,5,0,0.0980133685008595,0.4781088314145908,1.916786886163398,
Samoa|aus|export|raw_usd,Samoa,aus,export,raw_usd,2015,none,none,0.7761268430963706,3,0,0.267087501126938,0.7761268430963706,0.758884653496194,
Samoa|aus|export|raw_usd,Samoa,aus,export,raw_usd,2016,watch,structural_break,2.516206532987345,7,1,0.40138968866902036,0.6335693066076574,1.6496530917834789,2.516206532987345
Samoa|aus|export|raw_usd,Samoa,aus,export,raw_usd,2017,watch,structural_break,6.726133857156919,5,1,1.2017751368864702,1.238014635439579,6.726133857156919,1.1076519339973572
Samoa|aus|export|raw_usd,Samoa,aus,export,raw_usd,2018,critical,structural_break,9.443669192579094,7,2,0.514820513944347,0.5245387502822295,4.511261907302763,9.443669192579094
Samoa|aus|export|raw_usd,Samoa,aus,export,raw_usd,2019,critical,structural_break,7.035179902038831,7,2,0.10539122319273786,0.9294029595993291,2.535497001298488,7.035179902038831
Samoa|aus|export|raw_usd,Samoa,aus,export,raw_usd,2021,watch,structural_break,2.00260568993873,5,1,0.1793343995471005,0.254665077112903,2.00260568993873,1.1297755959201563
Samoa|aus|export|raw_usd,Samoa,aus,export,raw_usd,2022,none,none,1.7634867185427452,5,0,0.010539636923926086,0.029555198306555938,1.7634867185427452,1.3896862811399155
Samoa|aus|export|raw_usd,Samoa,aus,export,raw_usd,2023,watch,structural_break,3.5499620851187945,7,1,0.5369734986729193,0.765061868715703,0.8836457969825643,3.5499620851187945
Samoa|aus|export|sti,Samoa,aus,export,sti,2010,none,none,0.03558325650939054,1,0,0.03558325650939054,,,
Samoa|aus|export|sti,Samoa,aus,export,sti,2011,watch,level_shock,4.261011695583914,1,1,4.261011695583914,,,
Samoa|aus|export|sti,Samoa,aus,export,sti,2012,none,none,0.9608006459942575,3,0,0.06276038585738532,0.9608006459942575,,
Samoa|aus|export|sti,Samoa,aus,export,sti,2013,watch,structural_break,9.935232797046158,3,1,0.8827557135112013,9.935232797046158,,
Samoa|aus|export|sti,Samoa,aus,export,sti,2014,critical,structural_break,2.8624358267788694,1,3,2.8624358267788694,2.8624358267788694,2.1788724540341744,
Samoa|aus|export|sti,Samoa,aus,export,sti,2015,watch,level_shock,2.591322387773991,1,1,2.591322387773991,1.798899615184112,0.5638040013027577,
Samoa|aus|export|sti,Samoa,aus,export,sti,2016,watch,structural_break,4.06376536391843,3,1,0.5329647252360238,4.06376536391843,1.4934029465987175,1.1438045117440991
Samoa|aus|export|sti,Samoa,aus,export,sti,2017,none,none,1.9431698033533384,7,0,1.6540525772627637,1.6540525772627637,1.0330915758579187,1.9431698033533384
Samoa|aus|export|sti,Samoa,aus,export,sti,2018,watch,structural_break,2.0552119011569197,7,2,0.9570294859700971,1.0871760798397863,2.045688030108237,2.0552119011569197
Samoa|aus|export|sti,Samoa,aus,export,sti,2019,watch,structural_break,2.6116371744345623,5,2,0.2781158490158372,1.1253301282500072,2.6116371744345623,2.2566822603655745
Samoa|aus|export|sti,Samoa,aus,export,sti,2021,watch,structural_break,4.055558558410571,7,1,0.07198814933815091,1.164310711887696,1.207064958923762,4.055558558410571
Samoa|aus|export|sti,Samoa,aus,export,sti,2022,watch,structural_break,2.2809983422965923,7,1,0.30920635247043776,0.30920635247043776,0.6766009045572592,2.2809983422965923
Samoa|aus|export|sti,Samoa,aus,export,sti,2023,watch,structural_break,4.260692753663173,7,1,0.9468777774353013,1.0262240227222463,0.8530577240889486,4.260692753663173
Samoa|aus|import|cwti,Samoa,aus,import,cwti,2010,none,none,0.009344578253043995,1,0,0.009344578253043995,,,
Samoa|aus|import|cwti,Samoa,aus,import,cwti,2011,watch,level_shock,9.798348262893517,1,1,9.798348262893517,,,
Samoa|aus|import|cwti,Samoa,aus,import,cwti,2012,watch,structural_break,4.197445111384523,3,1,0.04177062098643662,4.197445111384523,,
Samoa|aus|import|cwti,Samoa,aus,import,cwti,2013,watch,structural_break,2.623836352766978,3,1,0.48118065397446735,2.623836352766978,,
Samoa|aus|import|cwti,Samoa,aus,import,cwti,2014,none,none,1.598285101119624,3,0,0.5417339817016932,1.598285101119624,1.5230094580887792,
Samoa|aus|import|cwti,Samoa,aus,import,cwti,2015,watch,structural_break,2.9710883787545543,5,1,0.32428035222228274,0.6324483615915337,2.9710883787545543,
Samoa|aus|import|cwti,Samoa,aus,import,cwti,2016,watch,structural_break,4.293291922282911,7,1,0.14114981561450662,0.3077987338590232,1.1428976422155872,4.293291922282911
Samoa|aus|import|cwti,Samoa,aus,import,cwti,2017,watch,structural_break,5.593036939298093,5,1,0.14254090129389904,0.4395063730916489,5.593036939298093,1.3366935831739357
Samoa|aus|import|cwti,Samoa,aus,import,cwti,2018,critical,structural_break,217.79230626200135,7,3,1.1826102520154158,2.829504967774198,5.8884023530817045,217.79230626200135
Samoa|aus|import|cwti,Samoa,aus,import,cwti,2019,critical,structural_break,60.88527211162553,7,2,0.5231518588482077,1.2134066505384196,5.569209286795154,60.88527211162553
Samoa|aus|import|cwti,Samoa,aus,import,cwti,2021,critical,structural_break,8.48831274677409,5,4,3.304856062797884,4.03530048400342,8.48831274677409,4.9636486258483785
Samoa|aus|import|cwti,Samoa,aus,import,cwti,2022,critical,structural_break,6.864787932411661,5,4,2.544099485853547,2.538028589370477,6.864787932411661,3.4866976127026543
Samoa|aus|import|cwti,Samoa,aus,import,cwti,2023,watch,structural_break,6.2440291836542965,3,1,0.1690342728171618,6.2440291836542965,1.5454961412571486,0.40186918466750515
Samoa|aus|import|raw_usd,Samoa,aus,import,raw_usd,2010,watch,level_shock,17869655.0,1,1,17869655.0,,,
Samoa|aus|import|raw_usd,Samoa,aus,import,raw_usd,2011,watch,level_shock,2.11685301143195,1,1,2.11685301143195,,,
Samoa|aus|import|raw_usd,Samoa,aus,import,raw_usd,2012,watch,structural_break,2.5804160719137577,3,1,0.15728515473818072,2.5804160719137577,,
Samoa|aus|import|raw_usd,Samoa,aus,import,raw_usd,2013,none,none,0.8941551874320185,3,0,0.04021012592204112,0.8941551874320185,,
Samoa|aus|import|raw_usd,Samoa,aus,import,raw_usd,2014,none,none,1.141403871353069,3,0,0.2361906033060045,1.141403871353069,0.44806044396651723,
Samoa|aus|import|raw_usd,Samoa,aus,import,raw_usd,2015,watch,structural_break,9.14571934725192,5,1,0.6744192792584089,0.7649384709189093,9.14571934725192,
Samoa|aus|import|raw_usd,Samoa,aus,import,raw_usd,2016,none,none,0.8840044582463891,5,0,0.030043713331480856,0.09251718500437425,0.8840044582463891,0.019388085514538623
Samoa|aus|import|raw_usd,Samoa,aus,import,raw_usd,2017,watch,structural_break,3310.4663511907206,7,1,0.14253157740006622,0.4108110647240406,0.14995983100875482,3310.4663511907206
Samoa|aus|import|raw_usd,Samoa,aus,import,raw_usd,2018,none,none,1.4316037422768173,5,0,0.3807428534303066,0.5985684847553647,1.4316037422768173,0.47366803375837563
Samoa|aus|import|raw_usd,Samoa,aus,import,raw_usd,2019,none,none,0.47638474379261386,5,0,0.10794811237435056,0.21623542328596584,0.47638474379261386,0.2748570766402301
Samoa|aus|import|raw_usd,Samoa,aus,import,raw_usd,2021,watch,structural_break,4.8860812483189076,7,1,0.9687835162155385,1.483053662343287,1.5886139335935106,4.8860812483189076
Samoa|aus|import|raw_usd,Samoa,aus,import,raw_usd,2022,none,none,1.6363291357454262,7,0,0.1539370091742096,0.16695635967741654,1.2086209842833184,1.6363291357454262
Samoa|aus|import|raw_usd,Samoa,aus,import,raw_usd,2023,none,none,0.6882872055674726,7,0,0.17799819112714266,0.6018031180817369,0.4211160869478053,0.6882872055674726
Samoa|aus|import|sti,Samoa,aus,import,sti,2010,none,none,0.002640171247968809,1,0,0.002640171247968809,,,
Samoa|aus|import|sti,Samoa,aus,import,sti,2011,watch,level_shock,50.61987615856855,1,1,50.61987615856855,,,
Samoa|aus|import|sti,Samoa,aus,import,sti,2012,watch,structural_break,30.538313810534483,3,1,0.19238128164808527,30.538313810534483,,
Samoa|aus|import|sti,Samoa,aus,import,sti,2013,none,none,1.8058586626415096,3,0,0.36152978861130713,1.8058586626415096,,
Samoa|aus|import|sti,Samoa,aus,import,sti,2014,none,none,0.9381092600107391,3,0,0.5896645343555845,0.9381092600107391,0.8550418336360649,
Samoa|aus|import|sti,Samoa,aus,import,sti,2015,watch,structural_break,2.6591816276936893,5,1,1.2809358133747197,1.2809358133747197,2.6591816276936893,
Samoa|aus|import|sti,Samoa,aus,import,sti,2016,watch,structural_break,4.123328634177315,5,1,0.26493155592059603,0.26493155592059603,4.123328634177315,0.6711707527608449
Samoa|aus|import|sti,Samoa,aus,import,sti,2017,watch,structural_break,4.370051344583425,5,1,0.11966520540103645,0.7403195727250614,4.370051344583425,1.506379716135321
Samoa|aus|import|sti,Samoa,aus,import,sti,2018,watch,structural_break,2.1694049450887194,5,1,0.7715169854222017,0.7715169854222017,2.1694049450887194,1.4599167656376473
Samoa|aus|import|sti,Samoa,aus,import,sti,2019,none,none,0.8858578263312258,5,0,0.45302852634758245,0.3377048517259549,0.8858578263312258,0.8096861214063398
Samoa|aus|import|sti,Samoa,aus,import,sti,2021,none,none,1.7786849300198966,3,0,1.7194981160142615,1.7786849300198966,0.7137796676319534,1.1112353624776665
Samoa|aus|import|sti,Samoa,aus,import,sti,2022,none,none,1.81315855584411,1,0,1.81315855584411,1.3515979803602698,0.6611187055898278,1.622808011141682
Samoa|aus|import|sti,Samoa,aus,import,sti,2023,none,none,1.4469453606998341,7,0,0.22659031311117936,1.3394351329511982,0.9393455713422179,1.4469453606998341
Samoa|aus|total|cwti,Samoa,aus,total,cwti,2010,none,none,0.0475607290230492,1,0,0.0475607290230492,,,
Samoa|aus|total|cwti,Samoa,aus,total,cwti,2011,watch,level_shock,5.619168526029002,1,1,5.619168526029002,,,
Samoa|aus|total|cwti,Samoa,aus,total,cwti,2012,none,none,1.6418094684396325,3,0,0.06278753252290192,1.6418094684396325,,
Samoa|aus|total|cwti,Samoa,aus,total,cwti,2013,watch,structural_break,4.035641617681196,3,1,0.48166470367584185,4.035641617681196,,
Samoa|aus|total|cwti,Samoa,aus,total,cwti,2014,none,none,1.239920291849694,5,0,0.22026720670960806,0.2471945002505744,1.239920291849694,
Samoa|aus|total|cwti,Samoa,aus,total,cwti,2015,critical,structural_break,94.8009964479031,3,2,1.4768191745055095,94.8009964479031,6.195733797907357,
Samoa|aus|total|cwti,Samoa,aus,total,cwti,2016,none,none,1.6079319721880545,3,0,0.5960550503479496,1.6079319721880545,1.2284413189082082,1.1621920776922061
Samoa|aus|total|cwti,Samoa,aus,total,cwti,2017,critical,structural_break,33.92230377261002,5,4,2.0743862119524477,2.331926871492646,33.92230377261002,11.991656029633852
Samoa|aus|total|cwti,Samoa,aus,total,cwti,2018,none,none,1.7014615170591605,5,0,0.70619020571947,1.427567840270231,1.7014615170591605,1.409230480472305
Samoa|aus|total|cwti,Samoa,aus,total,cwti,2019,watch,structural_break,4.559512230862872,7,2,0.20096474740147188,2.0174031458146096,1.5065593600773677,4.559512230862872
Samoa|aus|total|cwti,Samoa,aus,total,cwti,2021,none,none,1.444730736303668,7,0,0.15568103143869788,0.7772818060148224,0.7958776083689505,1.444730736303668
Samoa|aus|total|cwti,Samoa,aus,total,cwti,2022,none,none,1.0288047163187615,5,0,0.2999524863788133,0.3371923989503556,1.0288047163187615,0.48057372031763473
Samoa|aus|total|cwti,Samoa,aus,total,cwti,2023,none,none,1.3453010726911514,7,0,0.39478290345554534,0.4596060169599013,0.78883232323154,1.3453010726911514
Samoa|aus|total|sti,Samoa,aus,total,sti,2010,none,none,0.0003229400573883101,1,0,0.0003229400573883101,,,
Samoa|aus|total|sti,Samoa,aus,total,sti,2011,watch,level_shock,454.0823863787741,1,1,454.0823863787741,,,
Samoa|aus|total|sti,Samoa,aus,total,sti,2012,watch,structural_break,254.11685888701822,3,1,0.0590066732322302,254.11685888701822,,
Samoa|aus|total|sti,Samoa,aus,total,sti,2013,critical,uncertain,4.735632406590859,3,2,3.3638737236202205,4.735632406590859,,
Samoa|aus|total|sti,Samoa,aus,total,sti,2014,none,none,0.8270534083755329,5,0,0.4374890362766663,0.5486922512354526,0.8270534083755329,
Samoa|aus|total|sti,Samoa,aus,total,sti,2015,none,none,1.936891258113559,5,0,0.23028549662907022,0.38255862508297306,1.936891258113559,
Samoa|aus|total|sti,Samoa,aus,total,sti,2016,none,none,0.4202070001500488,7,0,0.24170496770952632,0.3290688756408334,0.3391783338245166,0.4202070001500488
Samoa|aus|total|sti,Samoa,aus,total,sti,2017,watch,structural_break,33.17389694828597,7,2,1.5356380585209872,1.5356380585209872,2.423615312162473,33.17389694828597
Samoa|aus|total|sti,Samoa,aus,total,sti,2018,critical,structural_break,32.690917826246945,7,2,1.0408917930385648,1.0408917930385648,3.1038930764078763,32.690917826246945
Samoa|aus|total|sti,Samoa,aus,total,sti,2019,watch,structural_break,3.3620576214049063,7,1,0.39136488639893513,0.5853178528472882,0.8248124595211879,3.3620576214049063
Samoa|aus|total|sti,Samoa,aus,total,sti,2021,watch,structural_break,3.5430391853701115,7,1,0.9681222891412753,1.270223756996315,1.130879519001731,3.5430391853701115
Samoa|aus|total|sti,Samoa,aus,total,sti,2022,none,none,1.09455825682331,1,0,1.09455825682331,1.09455825682331,0.6010273006550263,1.0004113440428526
Samoa|aus|total|sti,Samoa,aus,total,sti,2023,none,none,0.9245510383570413,3,0,0.14834621783162275,0.9245510383570413,0.42502216889512184,0.3398826174002132
Samoa|china|export|cwti,Samoa,china,export,cwti,2010,none,none,1.904374335182249e-05,1,0,1.904374335182249e-05,,,
Samoa|china|export|cwti,Samoa,china,export,cwti,2011,none,none,0.5712084943978731,1,0,0.5712084943978731,,,
Samoa|china|export|cwti,Samoa,china,export,cwti,2012,watch,structural_break,4.365184109532457,3,1,0.4583074441423662,4.365184109532457,,
Samoa|china|export|cwti,Samoa,china,export,cwti,2013,critical,uncertain,41.10096839673576,1,2,41.10096839673576,4.269466731140426,,
Samoa|china|export|cwti,Samoa,china,export,cwti,2014,watch,structural_break,3.7507633296017264,5,1,1.9504006473376998,1.0894473678726533,3.7507633296017264,
Samoa|china|export|cwti,Samoa,china,export,cwti,2015,critical,structural_break,18.958247400879543,5,3,12.87155939624909,11.359998446090541,18.958247400879543,
Samoa|china|export|cwti,Samoa,china,export,cwti,2016,critical,structural_break,217.6617493446546,7,3,1.9462402585033085,5.505187936509855,10.104101314896967,217.6617493446546
Samoa|china|export|cwti,Samoa,china,export,cwti,2017,critical,structural_break,8.547837663648707,3,3,6.218340270128632,8.547837663648707,2.189038788216571,1.373173687136205
Samoa|china|export|cwti,Samoa,china,export,cwti,2018,critical,uncertain,9.611651691308696,1,2,9.611651691308696,6.843740895282916,1.953020101055724,1.0190164573358969
Samoa|china|export|cwti,Samoa,china,export,cwti,2019,none,none,1.6946462984430983,3,0,0.850963060619049,1.6946462984430983,0.7251764973868674,0.452417689204542
Samoa|china|export|cwti,Samoa,china,export,cwti,2021,alert,structural_break,7.401330483930189,1,3,7.401330483930189,6.748895045998502,1.0727570644176663,2.416761869603499
Samoa|china|export|cwti,Samoa,china,export,cwti,2022,critical,structural_break,12.94820112176053,1,3,12.94820112176053,8.47216558382541,3.1021110080205827,1.7487570445879315
Samoa|china|export|cwti,Samoa,china,export,cwti,2023,critical,structural_break,5.4162976057030985,3,4,3.635981251938872,5.4162976057030985,3.7832764141479145,2.569984746370942
Samoa|china|export|raw_usd,Samoa,china,export,raw_usd,2010,watch,level_shock,4303.0,1,1,4303.0,,,
Samoa|china|export|raw_usd,Samoa,china,export,raw_usd,2011,watch,level_shock,14.615384615384615,1,1,14.615384615384615,,,
Samoa|china|export|raw_usd,Samoa,china,export,raw_usd,2012,watch,structural_break,13.51207354134359,3,1,1.984824362005273,13.51207354134359,,
Samoa|china|export|raw_usd,Samoa,china,export,raw_usd,2013,none,none,1.5905315421915964,3,0,1.5784628767398492,1.5905315421915964,,
Samoa|china|export|raw_usd,Samoa,china,export,raw_usd,2014,watch,structural_break,273.697854070382,3,2,1.31645660386262,273.697854070382,2.3843425538390965,
Samoa|china|export|raw_usd,Samoa,china,export,raw_usd,2015,critical,structural_break,483.12926682740954,3,3,6.091678888621071,483.12926682740954,11.422340108725763,
Samoa|china|export|raw_usd,Samoa,china,export,raw_usd,2016,critical,structural_break,78.19081779916218,7,3,0.1575278697667463,6.482153030191147,7.33655281124312,78.19081779916218
Samoa|china|export|raw_usd,Samoa,china,export,raw_usd,2017,critical,structural_break,6.757793603971127,3,3,2.1761118811183975,6.757793603971127,3.5914372835625508,0.11825248175054888
Samoa|china|export|raw_usd,Samoa,china,export,raw_usd,2018,none,none,0.5837251838830647,5,0,0.36235886455537963,0.3462421143564634,0.5837251838830647,0.0396583669847923
Samoa|china|export|raw_usd,Samoa,china,export,raw_usd,2019,alert,structural_break,2.5944676992336566,7,2,0.8222391657858333,2.5751946461482453,1.236382731101027,2.5944676992336566
Samoa|china|export|raw_usd,Samoa,china,export,raw_usd,2021,critical,structural_break,3.715135951670855,1,4,3.715135951670855,3.177862067018147,2.127165469625626,2.2831873294460787
Samoa|china|export|raw_usd,Samoa,china,export,raw_usd,2022,critical,structural_break,4.37679288678253,1,3,4.37679288678253,3.402013784443599,3.5897751192909246,1.8083050004265984
Samoa|china|export|raw_usd,Samoa,china,export,raw_usd,2023,critical,structural_break,4.3844990728065465,5,3,1.9692011696361866,4.062075247910572,4.3844990728065465,2.6687216927426327
Samoa|china|export|sti,Samoa,china,export,sti,2010,none,none,8.28872154730723e-05,1,0,8.28872154730723e-05,,,
Samoa|china|export|sti,Samoa,china,export,sti,2011,watch,level_shock,11.692899834141157,1,1,11.692899834141157,,,
Samoa|china|export|sti,Samoa,china,export,sti,2012,watch,structural_break,10.588631351131557,3,1,1.6684337684049828,10.588631351131557,,
Samoa|china|export|sti,Samoa,china,export,sti,2013,none,none,1.6968964206520962,3,0,1.4155796448507518,1.6968964206520962,,
Samoa|china|export|sti,Samoa,china,export,sti,2014,alert,structural_break,16.21139138372025,3,2,1.2236958709409478,16.21139138372025,2.836179546021428,
Samoa|china|export|sti,Samoa,china,export,sti,2015,critical,structural_break,33.289610198683576,3,3,7.668015556910137,33.289610198683576,20.831039822619495,
Samoa|china|export|sti,Samoa,china,export,sti,2016,critical,structural_break,78.90948129145423,7,3,0.09840657807814493,7.81665860207816,7.737390117013602,78.90948129145423
Samoa|china|export|sti,Samoa,china,export,sti,2017,watch,structural_break,7.202308759791286,3,1,1.2296963666210556,7.202308759791286,1.0044538274267276,0.40014718490773277
Samoa|china|export|sti,Samoa,china,export,sti,2018,none,none,0.3043809110331444,3,0,0.2727644206968712,0.3043809110331444,0.2841690526386621,0.1805441446827535
Samoa|china|export|sti,Samoa,china,export,sti,2019,watch,structural_break,4.792019219185363,5,1,0.4890240740042711,1.8522638613812856,4.792019219185363,1.6040802207994302
Samoa|china|export|sti,Samoa,china,export,sti,2021,critical,structural_break,6.222540970401987,5,4,4.713251879754487,3.1851297228709186,6.222540970401987,5.616226585225918
Samoa|china|export|sti,Samoa,china,export,sti,2022,critical,structural_break,10.896759482412815,5,4,6.096630699179157,4.863513386164959,10.896759482412815,5.512902057079528
Samoa|china|export|sti,Samoa,china,export,sti,2023,critical,structural_break,9.280995883763465,5,4,3.0435212108570537,3.668837918374289,9.280995883763465,3.533605316805567
Samoa|china|import|cwti,Samoa,china,import,cwti,2010,none,none,0.0034790183135799116,1,0,0.0034790183135799116,,,
Samoa|china|import|cwti,Samoa,china,import,cwti,2011,none,none,0.2917976191962509,1,0,0.2917976191962509,,,
Samoa|china|import|cwti,Samoa,china,import,cwti,2012,alert,uncertain,11.278556873610816,3,2,3.052798894405317,11.278556873610816,,
Samoa|china|import|cwti,Samoa,china,import,cwti,2013,none,none,0.8538148230736204,1,0,0.8538148230736204,0.5593652596234596,,
Samoa|china|import|cwti,Samoa,china,import,cwti,2014,alert,structural_break,4.655090442564788,5,2,3.2201251835340488,1.3612220689044936,4.655090442564788,
Samoa|china|import|cwti,Samoa,china,import,cwti,2015,watch,structural_break,2.6529112751182793,3,1,0.5623780521410854,2.6529112751182793,0.790507383860855,
Samoa|china|import|cwti,Samoa,china,import,cwti,2016,watch,structural_break,2.8597352484367202,5,1,0.3479052053577506,1.397473039903978,2.8597352484367202,0.8975375888661146
Samoa|china|import|cwti,Samoa,china,import,cwti,2017,critical,structural_break,2.9613616657043265,7,3,2.228011490781766,1.1441201716155394,2.7140071798114573,2.9613616657043265
Samoa|china|import|cwti,Samoa,china,import,cwti,2018,watch,level_shock,2.2670317931964097,1,1,2.2670317931964097,1.6122504713267891,0.5602393104077498,1.9317466758326494
Samoa|china|import|cwti,Samoa,china,import,cwti,2019,none,none,1.5863233649530366,3,0,0.33630019612303086,1.5863233649530366,0.7509494117629351,0.4022392536089831
Samoa|china|import|cwti,Samoa,china,import,cwti,2021,none,none,1.4414488815373088,1,0,1.4414488815373088,1.0251186796879013,1.4359649961128715,1.0626065122790633
Samoa|china|import|cwti,Samoa,china,import,cwti,2022,none,none,1.1937049953646297,5,0,0.02820279755068661,0.4250835760153931,1.1937049953646297,1.0499960888062474
Samoa|china|import|cwti,Samoa,china,import,cwti,2023,none,none,0.9561905650538887,5,0,0.4203799008580761,0.9553515880378719,0.9561905650538887,0.5759766942892002
Samoa|china|import|raw_usd,Samoa,china,import,raw_usd,2010,watch,level_shock,1645481.0,1,1,1645481.0,,,
Samoa|china|import|raw_usd,Samoa,china,import,raw_usd,2011,watch,level_shock,2.014824236803707,1,1,2.014824236803707,,,
Samoa|china|import|raw_usd,Samoa,china,import,raw_usd,2012,alert,uncertain,9.609879875455816,1,2,9.609879875455816,4.876169505192374,,
Samoa|china|import|raw_usd,Samoa,china,import,raw_usd,2013,none,none,1.7319777872881095,1,0,1.7319777872881095,0.36045773927136804,,
Samoa|china|import|raw_usd,Samoa,china,import,raw_usd,2014,alert,structural_break,3.395543990599224,1,2,3.395543990599224,1.5952590878534276,2.602363164229708,
Samoa|china|import|raw_usd,Samoa,china,import,raw_usd,2015,watch,structural_break,4.11309415235004,3,1,0.5300910917185012,4.11309415235004,0.509229362563719,
Samoa|china|import|raw_usd,Samoa,china,import,raw_usd,2016,critical,structural_break,2.838416628451984,5,2,0.7560912933524251,2.7813568401687268,2.838416628451984,0.7351508151722522
Samoa|china|import|raw_usd,Samoa,china,import,raw_usd,2017,watch,structural_break,2.6475488207575935,7,1,1.5054174264762972,1.6186344093295513,1.6974994899213112,2.6475488207575935
Samoa|china|import|raw_usd,Samoa,china,import,raw_usd,2018,none,none,0.9794412355927142,1,0,0.9794412355927142,0.8324749597105034,0.291506145844437,0.975476536973291
Samoa|china|import|raw_usd,Samoa,china,import,raw_usd,2019,watch,structural_break,2.407924685352957,3,1,0.46756226371144877,2.407924685352957,0.3362225801304861,0.6033035525903221
Samoa|china|import|raw_usd,Samoa,china,import,raw_usd,2021,none,none,1.876830169331981,5,0,0.2104637841789917,0.5153376749021604,1.876830169331981,0.3568175757905842
Samoa|china|import|raw_usd,Samoa,china,import,raw_usd,2022,watch,structural_break,7.221924771599305,7,1,0.615873200163024,0.7038148530319718,1.165735921637178,7.221924771599305
Samoa|china|import|raw_usd,Samoa,china,import,raw_usd,2023,watch,structural_break,2.113343735986429,7,1,0.40193559663738015,0.32197061622475975,0.43841122629617607,2.113343735986429
Samoa|china|import|sti,Samoa,china,import,sti,2010,none,none,0.013890866636593661,1,0,0.013890866636593661,,,
Samoa|china|import|sti,Samoa,china,import,sti,2011,none,none,0.23127659134039996,1,0,0.23127659134039996,,,
Samoa|china|import|sti,Samoa,china,import,sti,2012,alert,uncertain,12.81731744409572,3,2,2.721234327562298,12.81731744409572,,
Samoa|china|import|sti,Samoa,china,import,sti,2013,none,none,0.685344783364901,1,0,0.685344783364901,0.5037014096311492,,
Samoa|china|import|sti,Samoa,china,import,sti,2014,alert,structural_break,3.125061113358743,5,2,2.936415876670628,1.1654567488118555,3.125061113358743,
Samoa|china|import|sti,Samoa,china,import,sti,2015,watch,structural_break,2.6024940506442475,3,1,0.7228703030407888,2.6024940506442475,0.816969155422253,
Samoa|china|import|sti,Samoa,china,import,sti,2016,watch,structural_break,4.1312992379666476,5,1,0.2125985019856498,1.0957232903989227,4.1312992379666476,0.7101485266293563
Samoa|china|import|sti,Samoa,china,import,sti,2017,critical,structural_break,3.818439333687664,7,2,1.7939910593287502,1.48662265722673,3.6138133874295852,3.818439333687664
Samoa|china|import|sti,Samoa,china,import,sti,2018,none,none,0.9687866363765327,1,0,0.9687866363765327,0.7366077679549976,0.24350722435446168,0.39737384199771436
Samoa|china|import|sti,Samoa,china,import,sti,2019,none,none,1.2987303152119667,3,0,0.15645235386800468,1.2987303152119667,0.1101696519049589,0.4062074221048785
Samoa|china|import|sti,Samoa,china,import,sti,2021,none,none,0.6815310174069733,5,0,0.4536854169186173,0.42480637854909237,0.6815310174069733,0.5968217701850338
Samoa|china|import|sti,Samoa,china,import,sti,2022,none,none,0.6642223368386807,5,0,0.2931365992068741,0.2619021749406437,0.6642223368386807,0.5957522746230315
Samoa|china|import|sti,Samoa,china,import,sti,2023,none,none,0.5331882445763572,5,0,0.06690887261172937,0.4548886440422595,0.5331882445763572,0.33167756512757773
Samoa|china|total|cwti,Samoa,china,total,cwti,2010,none,none,0.003459974570228089,1,0,0.003459974570228089,,,
Samoa|china|total|cwti,Samoa,china,total,cwti,2011,none,none,0.29025973824104573,1,0,0.29025973824104573,,,
Samoa|china|total|cwti,Samoa,china,total,cwti,2012,alert,uncertain,11.516144066673961,3,2,3.070188443848652,11.516144066673961,,
Samoa|china|total|cwti,Samoa,china,total,cwti,2013,none,none,0.8529800323399556,1,0,0.8529800323399556,0.5556532101793059,,
Samoa|china|total|cwti,Samoa,china,total,cwti,2014,alert,structural_break,4.663522513128835,5,2,3.2376335305729094,1.362143135153718,4.663522513128835,
Samoa|china|total|cwti,Samoa,china,total,cwti,2015,watch,structural_break,2.577376686527703,3,1,0.6235060715798605,2.577376686527703,0.8159827194716729,
Samoa|china|total|cwti,Samoa,china,total,cwti,2016,watch,structural_break,3.4960908883954342,5,1,0.3564075016837955,1.5457770142094478,3.4960908883954342,0.9062715260121431
Samoa|china|total|cwti,Samoa,china,total,cwti,2017,critical,structural_break,3.1761266095592418,5,3,2.0218348863767286,1.191611581544472,3.1761266095592418,2.9734748621677687
Samoa|china|total|cwti,Samoa,china,total,cwti,2018,watch,structural_break,2.238853799905059,1,2,2.238853799905059,1.6704149332606402,0.5678780926561673,2.093605490624116
Samoa|china|total|cwti,Samoa,china,total,cwti,2019,none,none,1.6144691985448931,3,0,0.3459000894859059,1.6144691985448931,0.9254926452137014,0.4398475204960003
Samoa|china|total|cwti,Samoa,china,total,cwti,2021,none,none,1.3925922174350993,5,0,1.3089656375984493,1.0287317790179704,1.3925922174350993,0.9705183025117392
Samoa|china|total|cwti,Samoa,china,total,cwti,2022,none,none,1.232878982796691,5,0,0.13884477901828363,0.41453802335093043,1.232878982796691,1.1822859922969782
Samoa|china|total|cwti,Samoa,china,total,cwti,2023,none,none,0.92452246597082,5,0,0.3635626667569932,0.8009167074896788,0.92452246597082,0.6028771576502274
Samoa|china|total|sti,Samoa,china,total,sti,2010,none,none,0.012722743941826667,1,0,0.012722743941826667,,,
Samoa|china|total|sti,Samoa,china,total,sti,2011,none,none,0.3390887858299802,1,0,0.3390887858299802,,,
Samoa|china|total|sti,Samoa,china,total,sti,2012,watch,uncertain,8.149575920915556,3,2,2.121694738405626,8.149575920915556,,
Samoa|china|total|sti,Samoa,china,total,sti,2013,none,none,0.4362913442894189,1,0,0.4362913442894189,0.4112668390904108,,
Samoa|china|total|sti,Samoa,china,total,sti,2014,alert,structural_break,3.7375544782077914,5,2,3.2995693678170603,1.4865216087114332,3.7375544782077914,
Samoa|china|total|sti,Samoa,china,total,sti,2015,watch,structural_break,7.474660654265739,3,1,0.7232445208311684,7.474660654265739,0.47072776821453916,
Samoa|china|total|sti,Samoa,china,total,sti,2016,none,none,1.813566553750054,3,0,0.23742496292453708,1.813566553750054,1.8080193826350552,0.8797200210571834
Samoa|china|total|sti,Samoa,china,total,sti,2017,watch,structural_break,3.5469290281612307,7,1,1.823809499916203,1.2371570268159136,1.4734627093012516,3.5469290281612307
Samoa|china|total|sti,Samoa,china,total,sti,2018,none,none,1.0911226990459775,1,0,1.0911226990459775,0.8941992302023137,0.14929915165428906,0.6843900595452268
Samoa|china|total|sti,Samoa,china,total,sti,2019,none,none,1.5299601987128288,3,0,0.1661244110159268,1.5299601987128288,0.10835156707154552,0.31075998948004246
Samoa|china|total|sti,Samoa,china,total,sti,2021,none,none,0.9611358881183533,5,0,0.6830847386485202,0.6586146912065863,0.9611358881183533,0.6929640023755695
Samoa|china|total|sti,Samoa,china,total,sti,2022,watch,structural_break,2.0328959296688978,7,1,0.3666546104796264,0.4632852280298756,0.6421765641922539,2.0328959296688978
Samoa|china|total|sti,Samoa,china,total,sti,2023,none,none,0.6301209727674255,3,0,0.014308225974326697,0.6301209727674255,0.5475479907475135,0.5162690357338131
Samoa|us|export|cwti,Samoa,us,export,cwti,2010,none,none,0.0008580528805854767,1,0,0.0008580528805854767,,,
Samoa|us|export|cwti,Samoa,us,export,cwti,2011,none,none,1.549772679266282,1,0,1.549772679266282,,,
Samoa|us|export|cwti,Samoa,us,export,cwti,2012,none,none,1.8261753325945151,1,0,1.8261753325945151,0.50199065270524,,
Samoa|us|export|cwti,Samoa,us,export,cwti,2013,watch,uncertain,7.786230077238301,3,2,2.3201066077833277,7.786230077238301,,
Samoa|us|export|cwti,Samoa,us,export,cwti,2014,critical,uncertain,30.27259906466364,3,2,16.03542955783624,30.27259906466364,1.7875599240080673,
Samoa|us|export|cwti,Samoa,us,export,cwti,2015,critical,uncertain,11.161967762455408,1,2,11.161967762455408,11.161967762455408,1.1297786558225917,
Samoa|us|export|cwti,Samoa,us,export,cwti,2016,critical,structural_break,4.828704221729808,5,2,3.626353194974116,1.0755039981625516,4.828704221729808,1.893496825701322
Samoa|us|export|cwti,Samoa,us,export,cwti,2017,critical,structural_break,11.303948162576646,5,4,4.544988587726581,4.5864586100065186,11.303948162576646,2.5772276271127192
Samoa|us|export|cwti,Samoa,us,export,cwti,2018,critical,structural_break,5.628082430522474,5,2,1.9181439768508464,3.9238124062444553,5.628082430522474,0.9127581511365868
Samoa|us|export|cwti,Samoa,us,export,cwti,2019,watch,structural_break,2.040609558208013,7,1,0.0,1.04872447484995,0.36330979791176304,2.040609558208013
Samoa|us|export|cwti,Samoa,us,export,cwti,2021,none,none,1.6995624215620657,3,0,0.0,1.6995624215620657,0.31514823849547313,0.5188299461635789
Samoa|us|export|cwti,Samoa,us,export,cwti,2022,none,none,1.29715144669965,5,0,0.0,0.0,1.29715144669965,0.3245041510083834
Samoa|us|export|cwti,Samoa,us,export,cwti,2023,none,none,0.8945048684390496,5,0,0.0,0.0,0.8945048684390496,0.4471089488212467
Samoa|us|export|raw_usd,Samoa,us,export,raw_usd,2010,watch,level_shock,189163.0,1,1,189163.0,,,
Samoa|us|export|raw_usd,Samoa,us,export,raw_usd,2011,none,none,0.5583914401865058,1,0,0.5583914401865058,,,
Samoa|us|export|raw_usd,Samoa,us,export,raw_usd,2012,watch,structural_break,3.0008621622259177,3,1,0.05270267021874519,3.0008621622259177,,
Samoa|us|export|raw_usd,Samoa,us,export,raw_usd,2013,watch,uncertain,24.72145524007988,3,2,2.0405800187641883,24.72145524007988,,
Samoa|us|export|raw_usd,Samoa,us,export,raw_usd,2014,watch,structural_break,4.0272191328049844,5,3,2.405971741701048,2.405971741701048,4.0272191328049844,
Samoa|us|export|raw_usd,Samoa,us,export,raw_usd,2015,critical,structural_break,9.905793949006835,5,3,4.101446959469061,5.344269374505741,9.905793949006835,
Samoa|us|export|raw_usd,Samoa,us,export,raw_usd,2016,watch,structural_break,6.642670211692824,7,1,1.4115321382680908,1.3000462989484731,1.2603773806243816,6.642670211692824
Samoa|us|export|raw_usd,Samoa,us,export,raw_usd,2017,critical,structural_break,14.95193830887719,5,4,2.7774364996597027,4.459046680977543,14.95193830887719,3.6461390227997152
Samoa|us|export|sti,Samoa,us,export,sti,2010,none,none,0.009720953818053716,1,0,0.009720953818053716,,,
Samoa|us|export|sti,Samoa,us,export,sti,2011,none,none,0.0018204432617411415,1,0,0.0018204432617411415,,,
Samoa|us|export|sti,Samoa,us,export,sti,2012,watch,structural_break,527.8821445204187,3,1,0.4916729576677084,527.8821445204187,,
Samoa|us|export|sti,Samoa,us,export,sti,2013,none,none,0.14675220331687946,3,0,0.09948078497172964,0.14675220331687946,,
Samoa|us|export|sti,Samoa,us,export,sti,2014,critical,structural_break,4.875913015242307,1,3,4.875913015242307,4.875913015242307,4.5492693454541735,
Samoa|us|export|sti,Samoa,us,export,sti,2015,critical,structural_break,3.1939692903257466,5,3,2.9841891997390353,2.589275143081101,3.1939692903257466,
Samoa|us|export|sti,Samoa,us,export,sti,2016,watch,structural_break,2.66556191996354,5,2,1.3095044688008224,1.1971672348100832,2.66556191996354,2.253109745810048
Samoa|us|export|sti,Samoa,us,export,sti,2017,critical,structural_break,3.0934453366404076,3,3,0.66845479206029,3.0934453366404076,2.188687142949563,2.838427503270505
Samoa|us|import|cwti,Samoa,us,import,cwti,2010,none,none,0.007711108844247732,1,0,0.007711108844247732,,,
Samoa|us|import|cwti,Samoa,us,import,cwti,2011,none,none,0.4017542060165093,1,0,0.4017542060165093,,,
Samoa|us|import|cwti,Samoa,us,import,cwti,2012,watch,structural_break,3.8998406551891227,3,1,0.2748536569984247,3.8998406551891227,,
Samoa|us|import|cwti,Samoa,us,import,cwti,2013,none,none,0.2240120459824973,3,0,0.1559062518292627,0.2240120459824973,,
Samoa|us|import|cwti,Samoa,us,import,cwti,2014,alert,uncertain,4.163009655359907,3,2,3.0348615255333313,4.163009655359907,1.809968936557329,
Samoa|us|import|cwti,Samoa,us,import,cwti,2015,watch,structural_break,2.2430697967789683,5,1,1.0105365215940239,1.386182948083749,2.2430697967789683,
Samoa|us|import|cwti,Samoa,us,import,cwti,2016,watch,structural_break,2.3666673700513656,5,2,0.330685579049153,2.1071971174543607,2.3666673700513656,1.1719809095483984
Samoa|us|import|cwti,Samoa,us,import,cwti,2017,watch,structural_break,15.515747474086965,7,1,0.4253664548515083,1.1152602875542057,1.3058912449081654,15.515747474086965
Samoa|us|import|cwti,Samoa,us,import,cwti,2018,critical,structural_break,22.545064905305622,7,4,8.718216374226632,11.623483499281964,3.0527232788752974,22.545064905305622
Samoa|us|import|cwti,Samoa,us,import,cwti,2019,critical,structural_break,5.786677688733149,5,2,0.0,0.26184175758540357,5.786677688733149,3.4464385563602193
Samoa|us|import|cwti,Samoa,us,import,cwti,2021,watch,structural_break,2.3998326075501524,3,1,0.0,2.3998326075501524,0.527356254864274,1.4538558934903314
Samoa|us|import|cwti,Samoa,us,import,cwti,2022,none,none,1.2850292064871807,7,0,0.0,0.0,0.3424102624935487,1.2850292064871807
Samoa|us|import|cwti,Samoa,us,import,cwti,2023,watch,structural_break,2.347559836260356,5,1,0.0,0.0,2.347559836260356,0.5382954761174152
Samoa|us|import|raw_usd,Samoa,us,import,raw_usd,2010,watch,level_shock,5018807.0,1,1,5018807.0,,,
Samoa|us|import|raw_usd,Samoa,us,import,raw_usd,2011,none,none,0.7098967941983025,1,0,0.7098967941983025,,,
Samoa|us|import|raw_usd,Samoa,us,import,raw_usd,2012,watch,level_shock,3.894007321535646,1,1,3.894007321535646,0.7956536898215743,,
Samoa|us|import|raw_usd,Samoa,us,import,raw_usd,2013,watch,level_shock,2.1435774853385556,1,1,2.1435774853385556,0.5204091609546122,,
Samoa|us|import|raw_usd,Samoa,us,import,raw_usd,2014,alert,uncertain,15.187150650458172,3,2,4.354469152705747,15.187150650458172,1.4577018214987731,
Samoa|us|import|raw_usd,Samoa,us,import,raw_usd,2015,watch,structural_break,7.655971890258966,3,1,1.5517088037059685,7.655971890258966,0.7053448196231848,
Samoa|us|import|raw_usd,Samoa,us,import,raw_usd,2016,watch,structural_break,2.677047644315212,5,1,0.04794211320628838,0.8704452969273754,2.677047644315212,0.4274886909080513
Samoa|us|import|raw_usd,Samoa,us,import,raw_usd,2017,watch,structural_break,2.334810433923387,5,1,0.7838543784269841,0.7463879884998295,2.334810433923387,1.793303890240906
Samoa|us|import|sti,Samoa,us,import,sti,2010,none,none,0.01770216772539658,1,0,0.01770216772539658,,,
Samoa|us|import|sti,Samoa,us,import,sti,2011,none,none,0.09380898842295804,1,0,0.09380898842295804,,,
Samoa|us|import|sti,Samoa,us,import,sti,2012,watch,structural_break,17.329868914731538,3,1,1.033656062940862,17.329868914731538,,
Samoa|us|import|sti,Samoa,us,import,sti,2013,none,none,0.258390469197389,3,0,0.08016846226126624,0.258390469197389,,
Samoa|us|import|sti,Samoa,us,import,sti,2014,none,none,1.832119437083551,3,0,1.8318218664423334,1.832119437083551,1.0875404773469108,
Samoa|us|import|sti,Samoa,us,import,sti,2015,none,none,1.56344978338989,5,0,0.19858112257115715,0.26595326170742273,1.56344978338989,
Samoa|us|import|sti,Samoa,us,import,sti,2016,watch,structural_break,2.0218910815176017,5,1,0.47082823451868033,0.9182133372605233,2.0218910815176017,0.862885676619146
Samoa|us|import|sti,Samoa,us,import,sti,2017,none,none,1.998218589315379,5,0,0.48143108869418266,0.4815814032180148,1.998218589315379,1.5266826495451942
Samoa|us|total|cwti,Samoa,us,total,cwti,2010,none,none,0.008569161724833206,1,0,0.008569161724833206,,,
Samoa|us|total|cwti,Samoa,us,total,cwti,2011,none,none,0.20634264544294667,1,0,0.20634264544294667,,,
Samoa|us|total|cwti,Samoa,us,total,cwti,2012,watch,structural_break,6.9804825038816976,3,1,0.20406070080934333,6.9804825038816976,,
Samoa|us|total|cwti,Samoa,us,total,cwti,2013,watch,level_shock,3.17323728318723,1,1,3.17323728318723,0.6151115912551448,,
Samoa|us|total|cwti,Samoa,us,total,cwti,2014,alert,structural_break,3.242877839646483,5,3,2.385039773490536,2.5781122907067076,3.242877839646483,
Samoa|us|total|cwti,Samoa,us,total,cwti,2015,watch,structural_break,3.0428549409947743,5,1,0.7480954301460597,0.8086548679473127,3.0428549409947743,
Samoa|us|total|cwti,Samoa,us,total,cwti,2016,critical,structural_break,3.3998968999958668,5,3,0.9494923198086261,2.6384312796597866,3.3998968999958668,2.835588184558434
Samoa|us|total|cwti,Samoa,us,total,cwti,2017,none,none,1.7626221869278014,7,0,0.6357281760764323,0.7857351334766279,0.38195538795825573,1.7626221869278014
Samoa|us|total|cwti,Samoa,us,total,cwti,2018,critical,structural_break,8.676462993497164,3,4,5.864950530956029,8.676462993497164,8.341512307276043,8.518122882515145
Samoa|us|total|cwti,Samoa,us,total,cwti,2019,critical,structural_break,3.3346688420343895,5,2,0.0,1.2589435155137685,3.3346688420343895,3.19059289234156
Samoa|us|total|cwti,Samoa,us,total,cwti,2021,watch,structural_break,2.8255576899183463,3,1,0.0,2.8255576899183463,0.6279859997502311,0.054458868315074384
Samoa|us|total|cwti,Samoa,us,total,cwti,2022,none,none,0.45423173593091276,5,0,0.0,0.0,0.45423173593091276,0.2954801088412191
Samoa|us|total|cwti,Samoa,us,total,cwti,2023,none,none,1.8652874443765957,5,0,0.0,0.0,1.8652874443765957,0.3684729882514834
Samoa|us|total|sti,Samoa,us,total,sti,2010,none,none,0.01801749310065033,1,0,0.01801749310065033,,,
Samoa|us|total|sti,Samoa,us,total,sti,2011,none,none,0.040679726828064366,1,0,0.040679726828064366,,,
Samoa|us|total|sti,Samoa,us,total,sti,2012,watch,structural_break,37.31657485220346,3,1,0.555432195624742,37.31657485220346,,
Samoa|us|total|sti,Samoa,us,total,sti,2013,none,none,0.3000061507809083,3,0,0.22357713776508903,0.3000061507809083,,
Samoa|us|total|sti,Samoa,us,total,sti,2014,watch,uncertain,3.03169738385352,3,2,2.34477568514776,3.03169738385352,0.49301465808431577,
Samoa|us|total|sti,Samoa,us,total,sti,2015,none,none,1.8197634691960578,5,0,0.27284065701302435,0.3712025405376879,1.8197634691960578,
Samoa|us|total|sti,Samoa,us,total,sti,2016,none,none,1.65882871381588,5,0,0.7372487146935818,1.1712240610866353,1.65882871381588,1.6110319141146072
Samoa|us|total|sti,Samoa,us,total,sti,2017,watch,structural_break,86.22257072009334,7,1,0.5214657843641723,0.5978959737383056,0.9169918534816068,86.22257072009334
Solomon Islands|aus|export|cwti,Solomon Islands,aus,export,cwti,2016,none,none,0.00031638579179778465,1,0,0.00031638579179778465,,,
Solomon Islands|aus|export|cwti,Solomon Islands,aus,export,cwti,2017,none,none,1.3961400619660043,1,0,1.3961400619660043,,,
Solomon Islands|aus|export|cwti,Solomon Islands,aus,export,cwti,2018,watch,structural_break,3.2187641287073414,3,1,1.0642795399480018,3.2187641287073414,,
Solomon Islands|aus|export|raw_usd,Solomon Islands,aus,export,raw_usd,2016,watch,level_shock,595108.0,1,1,595108.0,,,
Solomon Islands|aus|export|raw_usd,Solomon Islands,aus,export,raw_usd,2017,none,none,1.5861360290905175,1,0,1.5861360290905175,,,
Solomon Islands|aus|export|raw_usd,Solomon Islands,aus,export,raw_usd,2018,watch,level_shock,3.471095316253706,1,1,3.471095316253706,1.3794365371283066,,
Solomon Islands|aus|export|sti,Solomon Islands,aus,export,sti,2016,none,none,0.0025534488198744303,1,0,0.0025534488198744303,,,
Solomon Islands|aus|export|sti,Solomon Islands,aus,export,sti,2017,none,none,1.306107068174695,1,0,1.306107068174695,,,
Solomon Islands|aus|export|sti,Solomon Islands,aus,export,sti,2018,none,none,0.7599748158758034,1,0,0.7599748158758034,0.6276991436372679,,
Solomon Islands|aus|import|cwti,Solomon Islands,aus,import,cwti,2016,none,none,0.08003894077889503,1,0,0.08003894077889503,,,
Solomon Islands|aus|import|cwti,Solomon Islands,aus,import,cwti,2017,none,none,0.02392689073568686,1,0,0.02392689073568686,,,
Solomon Islands|aus|import|cwti,Solomon Islands,aus,import,cwti,2018,watch,structural_break,56.74972975710633,3,1,0.2690753339227539,56.74972975710633,,
Solomon Islands|aus|import|raw_usd,Solomon Islands,aus,import,raw_usd,2016,watch,level_shock,42017221.0,1,1,42017221.0,,,
Solomon Islands|aus|import|raw_usd,Solomon Islands,aus,import,raw_usd,2017,none,none,0.509859363783245,1,0,0.509859363783245,,,
Solomon Islands|aus|import|raw_usd,Solomon Islands,aus,import,raw_usd,2018,watch,structural_break,2.8762508014911488,3,1,0.0917283459252182,2.8762508014911488,,
Solomon Islands|aus|import|sti,Solomon Islands,aus,import,sti,2016,none,none,0.08495946222605333,1,0,0.08495946222605333,,,
Solomon Islands|aus|import|sti,Solomon Islands,aus,import,sti,2017,none,none,0.05363786997428289,1,0,0.05363786997428289,,,
Solomon Islands|aus|import|sti,Solomon Islands,aus,import,sti,2018,watch,structural_break,19.44437482168048,3,1,0.28699964017986446,19.44437482168048,,
Solomon Islands|aus|total|cwti,Solomon Islands,aus,total,cwti,2016,none,none,0.07972255498709724,1,0,0.07972255498709724,,,
Solomon Islands|aus|total|cwti,Solomon Islands,aus,total,cwti,2017,none,none,0.01848114516512251,1,0,0.01848114516512251,,,
Solomon Islands|aus|total|cwti,Solomon Islands,aus,total,cwti,2018,watch,structural_break,73.61826268480239,3,1,0.28152451325204236,73.61826268480239,,
Solomon Islands|aus|total|sti,Solomon Islands,aus,total,sti,2016,none,none,0.0523425897874424,1,0,0.0523425897874424,,,
Solomon Islands|aus|total|sti,Solomon Islands,aus,total,sti,2017,none,none,0.013192673285547222,1,0,0.013192673285547222,,,
Solomon Islands|aus|total|sti,Solomon Islands,aus,total,sti,2018,watch,structural_break,76.77516284655894,3,1,0.3303005535423249,76.77516284655894,,
Solomon Islands|china|export|cwti,Solomon Islands,china,export,cwti,2016,none,none,0.1194571364882705,1,0,0.1194571364882705,,,
Solomon Islands|china|export|cwti,Solomon Islands,china,export,cwti,2017,none,none,0.28396565178270783,1,0,0.28396565178270783,,,
Solomon Islands|china|export|cwti,Solomon Islands,china,export,cwti,2018,watch,structural_break,3.4634922010128277,3,1,0.20254669321695704,3.4634922010128277,,
Solomon Islands|china|export|raw_usd,Solomon Islands,china,export,raw_usd,2016,watch,level_shock,41107229.0,1,1,41107229.0,,,
Solomon Islands|china|export|raw_usd,Solomon Islands,china,export,raw_usd,2017,none,none,1.2774426351871104,1,0,1.2774426351871104,,,
Solomon Islands|china|export|raw_usd,Solomon Islands,china,export,raw_usd,2018,watch,level_shock,6.448995875873666,1,1,6.448995875873666,0.8946132050565989,,
Solomon Islands|china|export|sti,Solomon Islands,china,export,sti,2016,none,none,0.04506208215083507,1,0,0.04506208215083507,,,
Solomon Islands|china|export|sti,Solomon Islands,china,export,sti,2017,none,none,0.5997098054962796,1,0,0.5997098054962796,,,
Solomon Islands|china|export|sti,Solomon Islands,china,export,sti,2018,none,none,1.2279052221933064,3,0,0.4731534293996973,1.2279052221933064,,
Solomon Islands|china|import|cwti,Solomon Islands,china,import,cwti,2016,none,none,0.01951066375578991,1,0,0.01951066375578991,,,
Solomon Islands|china|import|cwti,Solomon Islands,china,import,cwti,2017,none,none,0.593807245272723,1,0,0.593807245272723,,,
Solomon Islands|china|import|cwti,Solomon Islands,china,import,cwti,2018,watch,structural_break,2.3512837039898433,3,1,0.7136030798701808,2.3512837039898433,,
Solomon Islands|china|import|raw_usd,Solomon Islands,china,import,raw_usd,2016,watch,level_shock,18256727.0,1,1,18256727.0,,,
Solomon Islands|china|import|raw_usd,Solomon Islands,china,import,raw_usd,2017,none,none,0.24410045458860175,1,0,0.24410045458860175,,,
Solomon Islands|china|import|raw_usd,Solomon Islands,china,import,raw_usd,2018,watch,structural_break,2.658360448235297,3,1,1.7169133063082542,2.658360448235297,,
Solomon Islands|china|import|sti,Solomon Islands,china,import,sti,2016,none,none,0.043009534034395586,1,0,0.043009534034395586,,,
Solomon Islands|china|import|sti,Solomon Islands,china,import,sti,2017,none,none,0.5307927079051311,1,0,0.5307927079051311,,,
Solomon Islands|china|import|sti,Solomon Islands,china,import,sti,2018,watch,structural_break,2.4099280003952415,3,1,0.4695793754110136,2.4099280003952415,,
Solomon Islands|china|total|cwti,Solomon Islands,china,total,cwti,2016,none,none,0.1389678002440604,1,0,0.1389678002440604,,,
Solomon Islands|china|total|cwti,Solomon Islands,china,total,cwti,2017,none,none,0.1607289608491471,1,0,0.1607289608491471,,,
Solomon Islands|china|total|cwti,Solomon Islands,china,total,cwti,2018,watch,structural_break,6.094235579015152,3,1,0.3388041382013082,6.094235579015152,,
Solomon Islands|china|total|sti,Solomon Islands,china,total,sti,2016,none,none,0.05752990941915409,1,0,0.05752990941915409,,,
Solomon Islands|china|total|sti,Solomon Islands,china,total,sti,2017,none,none,0.19426875913487576,1,0,0.19426875913487576,,,
Solomon Islands|china|total|sti,Solomon Islands,china,total,sti,2018,watch,structural_break,5.11081354055397,3,1,0.5325145011489076,5.11081354055397,,
Solomon Islands|us|export|cwti,Solomon Islands,us,export,cwti,2016,none,none,0.000768365011597736,1,0,0.000768365011597736,,,
Solomon Islands|us|export|cwti,Solomon Islands,us,export,cwti,2017,none,none,0.25126434982635587,1,0,0.25126434982635587,,,
Solomon Islands|us|export|cwti,Solomon Islands,us,export,cwti,2018,watch,structural_break,6.481472498380331,3,1,0.8774619333552537,6.481472498380331,,
Solomon Islands|us|export|raw_usd,Solomon Islands,us,export,raw_usd,2016,watch,level_shock,935738.0,1,1,935738.0,,,
Solomon Islands|us|export|raw_usd,Solomon Islands,us,export,raw_usd,2017,none,none,1.7731148836533304,1,0,1.7731148836533304,,,
Solomon Islands|us|export|sti,Solomon Islands,us,export,sti,2016,none,none,0.001937086388292754,1,0,0.001937086388292754,,,
Solomon Islands|us|export|sti,Solomon Islands,us,export,sti,2017,none,none,1.4342642266231458,1,0,1.4342642266231458,,,
Solomon Islands|us|import|cwti,Solomon Islands,us,import,cwti,2016,none,none,5.9507107600052984e-05,1,0,5.9507107600052984e-05,,,
Solomon Islands|us|import|cwti,Solomon Islands,us,import,cwti,2017,none,none,0.4223479591998048,1,0,0.4223479591998048,,,
Solomon Islands|us|import|cwti,Solomon Islands,us,import,cwti,2018,alert,uncertain,12.450721138554622,1,2,12.450721138554622,10.64658431050386,,
Solomon Islands|us|import|raw_usd,Solomon Islands,us,import,raw_usd,2016,watch,level_shock,878813.0,1,1,878813.0,,,
Solomon Islands|us|import|raw_usd,Solomon Islands,us,import,raw_usd,2017,watch,level_shock,2.4186727984224166,1,1,2.4186727984224166,,,
Solomon Islands|us|import|sti,Solomon Islands,us,import,sti,2016,none,none,0.0022513146966768854,1,0,0.0022513146966768854,,,
Solomon Islands|us|import|sti,Solomon Islands,us,import,sti,2017,none,none,0.3516278016794806,1,0,0.3516278016794806,,,
Solomon Islands|us|total|cwti,Solomon Islands,us,total,cwti,2016,none,none,0.000827872119197789,1,0,0.000827872119197789,,,
Solomon Islands|us|total|cwti,Solomon Islands,us,total,cwti,2017,none,none,0.2028453739671591,1,0,0.2028453739671591,,,
Solomon Islands|us|total|cwti,Solomon Islands,us,total,cwti,2018,watch,structural_break,10.270969137666278,3,1,1.276962844804729,10.270969137666278,,
Solomon Islands|us|total|sti,Solomon Islands,us,total,sti,2016,none,none,0.0018255812597544763,1,0,0.0018255812597544763,,,
Solomon Islands|us|total|sti,Solomon Islands,us,total,sti,2017,none,none,1.0724511832220656,1,0,1.0724511832220656,,,
Tonga|aus|export|cwti,Tonga,aus,export,cwti,2009,none,none,0.02596183340073895,1,0,0.02596183340073895,,,
Tonga|aus|export|cwti,Tonga,aus,export,cwti,2010,none,none,1.1350044461483748,1,0,1.1350044461483748,,,
Tonga|aus|export|cwti,Tonga,aus,export,cwti,2011,watch,structural_break,8.198759403092255,3,1,1.0368774400588086,8.198759403092255,,
Tonga|aus|export|cwti,Tonga,aus,export,cwti,2012,watch,structural_break,3.3538499478916566,3,1,0.1880605400862249,3.3538499478916566,,
Tonga|aus|export|cwti,Tonga,aus,export,cwti,2013,none,none,1.5539871770692235,5,0,0.777945192114009,1.078481864090369,1.5539871770692235,
Tonga|aus|export|cwti,Tonga,aus,export,cwti,2014,watch,structural_break,15.23629325875576,5,1,0.43031880761291486,0.43031880761291486,15.23629325875576,
Tonga|aus|export|cwti,Tonga,aus,export,cwti,2017,critical,structural_break,9.374129199270659,5,4,5.581189770699866,8.21854259266084,9.374129199270659,6.141122548747741
Tonga|aus|export|raw_usd,Tonga,aus,export,raw_usd,2009,watch,level_shock,170818.0,1,1,170818.0,,,
Tonga|aus|export|raw_usd,Tonga,aus,export,raw_usd,2010,watch,level_shock,2.4794225432916908,1,1,2.4794225432916908,,,
Tonga|aus|export|raw_usd,Tonga,aus,export,raw_usd,2011,watch,uncertain,3.990301990240762,3,2,2.2936576058771845,3.990301990240762,,
Tonga|aus|export|raw_usd,Tonga,aus,export,raw_usd,2012,watch,structural_break,4.231439333060699,3,1,0.6107682759562161,4.231439333060699,,
Tonga|aus|export|raw_usd,Tonga,aus,export,raw_usd,2013,none,none,1.1880434370782913,3,0,0.04026165539482082,1.1880434370782913,0.529255792360794,
Tonga|aus|export|raw_usd,Tonga,aus,export,raw_usd,2014,watch,structural_break,2.8091221685054117,5,1,0.34997679925762354,0.49493395806508994,2.8091221685054117,
Tonga|aus|export|raw_usd,Tonga,aus,export,raw_usd,2017,critical,structural_break,118.95957455382265,5,4,19.719675419085412,19.719675419085412,118.95957455382265,13.364816771454084
Tonga|aus|export|sti,Tonga,aus,export,sti,2009,none,none,0.03379696155746414,1,0,0.03379696155746414,,,
Tonga|aus|export|sti,Tonga,aus,export,sti,2010,none,none,1.6752688549436423,1,0,1.6752688549436423,,,
Tonga|aus|export|sti,Tonga,aus,export,sti,2011,none,none,1.5803970194781025,3,0,0.7978210367359918,1.5803970194781025,,
Tonga|aus|export|sti,Tonga,aus,export,sti,2012,watch,structural_break,5.220386002749274,3,1,0.9408527044230764,5.220386002749274,,
Tonga|aus|export|sti,Tonga,aus,export,sti,2013,none,none,1.0497201079162608,5,0,0.6232845416306694,0.6232845416306694,1.0497201079162608,
Tonga|aus|export|sti,Tonga,aus,export,sti,2014,none,none,1.4443714408375048,3,0,0.5283196411075655,1.4443714408375048,0.23194047007017285,
Tonga|aus|export|sti,Tonga,aus,export,sti,2017,critical,structural_break,12.21492052390652,7,4,7.025831189764156,8.439530523350717,10.403883885369963,12.21492052390652
Tonga|aus|import|cwti,Tonga,aus,import,cwti,2009,none,none,0.0010176891475961285,1,0,0.0010176891475961285,,,
Tonga|aus|import|cwti,Tonga,aus,import,cwti,2010,watch,level_shock,6.74675212838341,1,1,6.74675212838341,,,
Tonga|aus|import|cwti,Tonga,aus,import,cwti,2011,alert,uncertain,9.127239687039467,3,2,2.6288150862823527,9.127239687039467,,
Tonga|aus|import|cwti,Tonga,aus,import,cwti,2012,none,none,0.5214921197877885,1,0,0.5214921197877885,0.30737439228529234,,
Tonga|aus|import|cwti,Tonga,aus,import,cwti,2013,none,none,1.7848736683393112,3,0,0.0695873045594354,1.7848736683393112,0.5350965993923199,
Tonga|aus|import|cwti,Tonga,aus,import,cwti,2014,watch,structural_break,2.4274327846987185,5,1,0.021917852126393425,0.32932372726745507,2.4274327846987185,
Tonga|aus|import|cwti,Tonga,aus,import,cwti,2017,none,none,1.8523686448446668,5,0,1.02808622962916,1.3325983796663001,1.8523686448446668,1.2667703713660985
Tonga|aus|import|raw_usd,Tonga,aus,import,raw_usd,2009,watch,level_shock,466010.0,1,1,466010.0,,,
Tonga|aus|import|raw_usd,Tonga,aus,import,raw_usd,2010,watch,level_shock,6.092386429475762,1,1,6.092386429475762,,,
Tonga|aus|import|raw_usd,Tonga,aus,import,raw_usd,2011,watch,structural_break,4.902224443922021,3,1,1.1245214190489847,4.902224443922021,,
Tonga|aus|import|raw_usd,Tonga,aus,import,raw_usd,2012,none,none,1.8246075225429559,1,0,1.8246075225429559,1.1772148635375843,,
Tonga|aus|import|raw_usd,Tonga,aus,import,raw_usd,2013,watch,structural_break,3.4865661832065173,3,1,1.4198281361604441,3.4865661832065173,0.8682631728500704,
Tonga|aus|import|raw_usd,Tonga,aus,import,raw_usd,2014,watch,structural_break,2.5916513373535377,3,1,0.4389044462389873,2.5916513373535377,1.2601356376370674,
Tonga|aus|import|raw_usd,Tonga,aus,import,raw_usd,2017,watch,structural_break,8.862308135582648,5,1,1.3459729283541746,1.2710059239537794,8.862308135582648,1.235735670127457
Tonga|aus|import|sti,Tonga,aus,import,sti,2009,none,none,0.012675457605238055,1,0,0.012675457605238055,,,
Tonga|aus|import|sti,Tonga,aus,import,sti,2010,watch,level_shock,2.2590171938957506,1,1,2.2590171938957506,,,
Tonga|aus|import|sti,Tonga,aus,import,sti,2011,watch,structural_break,3.8229758192211656,3,1,0.8664730253067165,3.8229758192211656,,
Tonga|aus|import|sti,Tonga,aus,import,sti,2012,watch,level_shock,4.413459127248576,1,1,4.413459127248576,0.5179425602738925,,
Tonga|aus|import|sti,Tonga,aus,import,sti,2013,none,none,0.6335204643192986,3,0,0.4415232954682,0.6335204643192986,0.48188373336770024,
Tonga|aus|import|sti,Tonga,aus,import,sti,2014,none,none,1.7584971325287084,5,0,0.12043707690786284,0.6717457189990059,1.7584971325287084,
Tonga|aus|import|sti,Tonga,aus,import,sti,2017,watch,structural_break,5.729813574201663,5,1,0.9669553653589932,1.6313073748972444,5.729813574201663,1.4371650645907015
Tonga|aus|total|cwti,Tonga,aus,total,cwti,2009,none,none,0.024944144253142814,1,0,0.024944144253142814,,,
Tonga|aus|total|cwti,Tonga,aus,total,cwti,2010,none,none,1.456570022762005,1,0,1.456570022762005,,,
Tonga|aus|total|cwti,Tonga,aus,total,cwti,2011,none,none,1.8482414639972817,3,0,0.687016156240602,1.8482414639972817,,
Tonga|aus|total|cwti,Tonga,aus,total,cwti,2012,watch,structural_break,3.1022935647940657,3,1,0.12245631466965172,3.1022935647940657,,
Tonga|aus|total|cwti,Tonga,aus,total,cwti,2013,watch,structural_break,4.414180723773314,5,1,0.9686322558936656,0.9686322558936656,4.414180723773314,
Tonga|aus|total|cwti,Tonga,aus,total,cwti,2014,watch,structural_break,5.288885821185993,5,1,0.47651209700021446,0.49911127662932114,5.288885821185993,
Tonga|aus|total|cwti,Tonga,aus,total,cwti,2017,critical,structural_break,9.817403989768176,3,4,5.282322471228001,9.817403989768176,7.323333781135479,6.3535809577752955
Tonga|aus|total|sti,Tonga,aus,total,sti,2009,none,none,0.013841711434096557,1,0,0.013841711434096557,,,
Tonga|aus|total|sti,Tonga,aus,total,sti,2010,watch,level_shock,2.165532543109767,1,1,2.165532543109767,,,
Tonga|aus|total|sti,Tonga,aus,total,sti,2011,watch,structural_break,3.4348728118991474,3,1,0.6783284031819452,3.4348728118991474,,
Tonga|aus|total|sti,Tonga,aus,total,sti,2012,none,none,0.906035104642723,1,0,0.906035104642723,0.4841936896053037,,
Tonga|aus|total|sti,Tonga,aus,total,sti,2013,none,none,0.4916308320535209,3,0,0.2795852682821151,0.4916308320535209,0.3806443964153327,
Tonga|aus|total|sti,Tonga,aus,total,sti,2014,none,none,1.9423115972670555,5,0,0.18664476726110535,1.248915381207689,1.9423115972670555,
Tonga|aus|total|sti,Tonga,aus,total,sti,2017,critical,structural_break,11.652183695273736,5,4,3.299094211578929,5.854940245143991,11.652183695273736,4.350063103741434
Tonga|china|export|cwti,Tonga,china,export,cwti,2009,none,none,3.501155773996735e-05,1,0,3.501155773996735e-05,,,
Tonga|china|export|cwti,Tonga,china,export,cwti,2010,watch,level_shock,4.100225709139213,1,1,4.100225709139213,,,
Tonga|china|export|cwti,Tonga,china,export,cwti,2011,watch,structural_break,3.963023790826202,3,1,0.22386832480755464,3.963023790826202,,
Tonga|china|export|cwti,Tonga,china,export,cwti,2012,none,none,1.133893804410094,3,0,0.003092161118486457,1.133893804410094,,
Tonga|china|export|cwti,Tonga,china,export,cwti,2013,none,none,0.5594322131928177,5,0,0.0745656677992314,0.17327050862994436,0.5594322131928177,
Tonga|china|export|cwti,Tonga,china,export,cwti,2014,watch,structural_break,3.0186703691788557,5,1,0.07860667512779924,0.5959472980716626,3.0186703691788557,
Tonga|china|export|cwti,Tonga,china,export,cwti,2017,critical,structural_break,53.75241030093639,5,4,2.0693635627383555,9.82752672891552,53.75241030093639,12.018088628050796
Tonga|china|export|raw_usd,Tonga,china,export,raw_usd,2009,watch,level_shock,6847.0,1,1,6847.0,,,
Tonga|china|export|raw_usd,Tonga,china,export,raw_usd,2010,watch,level_shock,2.749087191470717,1,1,2.749087191470717,,,
Tonga|china|export|raw_usd,Tonga,china,export,raw_usd,2011,watch,uncertain,6.588307921866881,3,2,2.0891083484404027,6.588307921866881,,
Tonga|china|export|raw_usd,Tonga,china,export,raw_usd,2012,none,none,0.045984344454307075,1,0,0.045984344454307075,0.035895758917341654,,
Tonga|china|export|raw_usd,Tonga,china,export,raw_usd,2013,none,none,1.5119271385651325,3,0,0.30957733261212483,1.5119271385651325,0.5788593891482303,
Tonga|china|export|raw_usd,Tonga,china,export,raw_usd,2014,watch,structural_break,2.339646882043176,5,1,0.11861059403413657,0.13410550082514977,2.339646882043176,
Tonga|china|export|raw_usd,Tonga,china,export,raw_usd,2017,critical,structural_break,28.512774502405602,3,4,13.409400863935439,28.512774502405602,19.16283555780386,18.477717489980247
Tonga|china|export|sti,Tonga,china,export,sti,2009,none,none,0.00200962131433745,1,0,0.00200962131433745,,,
Tonga|china|export|sti,Tonga,china,export,sti,2010,none,none,1.3531877653035604,1,0,1.3531877653035604,,,
Tonga|china|export|sti,Tonga,china,export,sti,2011,watch,structural_break,10.190882488941961,3,1,1.4201277004090296,10.190882488941961,,
Tonga|china|export|sti,Tonga,china,export,sti,2012,none,none,0.1212914374986484,3,0,0.032374487917831894,0.1212914374986484,,
Tonga|china|export|sti,Tonga,china,export,sti,2013,none,none,1.0276871741685214,3,0,0.09555614687865555,1.0276871741685214,0.2779184378294442,
Tonga|china|export|sti,Tonga,china,export,sti,2014,watch,structural_break,4.962626151209159,5,1,0.038084526119524155,0.18191818268934562,4.962626151209159,
Tonga|china|export|sti,Tonga,china,export,sti,2017,critical,structural_break,16.642512634803424,5,4,2.37245674598611,13.4266466718949,16.642512634803424,10.37514634904736
Tonga|china|import|cwti,Tonga,china,import,cwti,2009,none,none,0.0019357033705153489,1,0,0.0019357033705153489,,,
Tonga|china|import|cwti,Tonga,china,import,cwti,2010,none,none,0.1468046649005409,1,0,0.1468046649005409,,,
Tonga|china|import|cwti,Tonga,china,import,cwti,2011,watch,uncertain,9.346425535104776,3,2,2.3929077212428567,9.346425535104776,,
Tonga|china|import|cwti,Tonga,china,import,cwti,2012,watch,structural_break,2.802593222125677,3,1,0.5447605311711753,2.802593222125677,,
Tonga|china|import|cwti,Tonga,china,import,cwti,2013,watch,structural_break,10.934224091781061,3,1,0.8026527036397606,10.934224091781061,1.8318638465883148,
Tonga|china|import|cwti,Tonga,china,import,cwti,2014,watch,structural_break,6.824106668426919,3,1,1.853221021075716,6.824106668426919,1.8550995084896347,
Tonga|china|import|cwti,Tonga,china,import,cwti,2017,critical,structural_break,2.8278171860271546,3,3,1.0202433740355497,2.8278171860271546,2.317214002674518,2.542365063763127
Tonga|china|import|raw_usd,Tonga,china,import,raw_usd,2009,watch,level_shock,311960.0,1,1,311960.0,,,
Tonga|china|import|raw_usd,Tonga,china,import,raw_usd,2010,watch,level_shock,3.445015386588024,1,1,3.445015386588024,,,
Tonga|china|import|raw_usd,Tonga,china,import,raw_usd,2011,alert,uncertain,10.451679560691776,3,2,8.03540914210902,10.451679560691776,,
Tonga|china|import|raw_usd,Tonga,china,import,raw_usd,2012,none,none,0.28626287439709813,1,0,0.28626287439709813,0.27758499311214924,,
Tonga|china|import|raw_usd,Tonga,china,import,raw_usd,2013,watch,structural_break,3.961029036286803,3,1,1.7996864110876418,3.961029036286803,1.4616936141077927,
Tonga|china|import|raw_usd,Tonga,china,import,raw_usd,2014,watch,structural_break,4.9681190676260565,1,3,4.9681190676260565,2.457577840316286,2.208313951987512,
Tonga|china|import|raw_usd,Tonga,china,import,raw_usd,2017,watch,structural_break,3.0443319203107495,3,1,0.038899650707289755,3.0443319203107495,0.9836569550351317,0.2551104399797098
Tonga|china|import|sti,Tonga,china,import,sti,2009,none,none,0.008406561584560997,1,0,0.008406561584560997,,,
Tonga|china|import|sti,Tonga,china,import,sti,2010,none,none,0.26602217684963847,1,0,0.26602217684963847,,,
Tonga|china|import|sti,Tonga,china,import,sti,2011,alert,uncertain,4.269384421715154,3,2,3.0947827082779096,4.269384421715154,,
Tonga|china|import|sti,Tonga,china,import,sti,2012,watch,structural_break,3.943004143713724,3,1,0.4378298673333993,3.943004143713724,,
Tonga|china|import|sti,Tonga,china,import,sti,2013,watch,structural_break,19.57319046227202,3,1,1.024801797902334,19.57319046227202,1.4160718053202288,
Tonga|china|import|sti,Tonga,china,import,sti,2014,watch,uncertain,5.306265609092568,3,2,2.264953680543267,5.306265609092568,1.6941477568617456,
Tonga|china|import|sti,Tonga,china,import,sti,2017,watch,structural_break,3.099614285457907,3,1,0.900077201234995,3.099614285457907,1.8633068786262226,1.5360809517658596
Tonga|china|total|cwti,Tonga,china,total,cwti,2009,none,none,0.0019707149282553165,1,0,0.0019707149282553165,,,
Tonga|china|total|cwti,Tonga,china,total,cwti,2010,none,none,0.2170408148257382,1,0,0.2170408148257382,,,
Tonga|china|total|cwti,Tonga,china,total,cwti,2011,watch,uncertain,6.16280352575474,3,2,2.1980855244074324,6.16280352575474,,
Tonga|china|total|cwti,Tonga,china,total,cwti,2012,watch,structural_break,4.092515348136144,3,1,0.5630407541101865,4.092515348136144,,
Tonga|china|total|cwti,Tonga,china,total,cwti,2013,watch,structural_break,8.290875059546554,3,1,0.7934106670852451,8.290875059546554,1.915277368212426,
Tonga|china|total|cwti,Tonga,china,total,cwti,2014,watch,uncertain,6.872990841399205,3,2,2.0139013096275584,6.872990841399205,1.8588491329708001,
Tonga|china|total|cwti,Tonga,china,total,cwti,2017,critical,structural_break,2.742109180537851,3,3,1.0549269704130357,2.742109180537851,2.372781755478353,2.7270724592498508
Tonga|china|total|sti,Tonga,china,total,sti,2009,none,none,0.008147459439655703,1,0,0.008147459439655703,,,
Tonga|china|total|sti,Tonga,china,total,sti,2010,none,none,0.2535340873828801,1,0,0.2535340873828801,,,
Tonga|china|total|sti,Tonga,china,total,sti,2011,alert,uncertain,3.8760200571873624,3,2,2.6329486484690654,3.8760200571873624,,
Tonga|china|total|sti,Tonga,china,total,sti,2012,none,none,1.8497040943930978,3,0,0.6666098299057152,1.8497040943930978,,
Tonga|china|total|sti,Tonga,china,total,sti,2013,watch,structural_break,14.398573585379628,3,1,1.202974582833993,14.398573585379628,1.5210336664428294,
Tonga|china|total|sti,Tonga,china,total,sti,2014,watch,uncertain,4.330834795525504,3,2,2.1125124721819595,4.330834795525504,1.5263460397422117,
Tonga|china|total|sti,Tonga,china,total,sti,2017,watch,structural_break,2.3465811579374503,3,1,0.48654215714337656,2.3465811579374503,1.5926765790672999,1.2131613617107226
Tonga|us|export|cwti,Tonga,us,export,cwti,2009,none,none,0.024182203857589287,1,0,0.024182203857589287,,,
Tonga|us|export|cwti,Tonga,us,export,cwti,2010,none,none,0.059446600455486304,1,0,0.059446600455486304,,,
Tonga|us|export|cwti,Tonga,us,export,cwti,2011,watch,structural_break,12.485847069118186,3,1,0.8703486035353413,12.485847069118186,,
Tonga|us|export|cwti,Tonga,us,export,cwti,2012,none,none,0.5704372664276085,1,0,0.5704372664276085,0.3915428266069456,,
Tonga|us|export|cwti,Tonga,us,export,cwti,2013,none,none,1.1804245743881012,3,0,0.1993837286906195,1.1804245743881012,0.944713934625572,
Tonga|us|export|cwti,Tonga,us,export,cwti,2014,none,none,1.3841969930307707,3,0,0.3174377662439266,1.3841969930307707,0.49260625238275957,
Tonga|us|export|cwti,Tonga,us,export,cwti,2017,none,none,1.9268608014262472,5,0,0.13181131918837236,0.4107664563169832,1.9268608014262472,0.7696479688216766
Tonga|us|export|raw_usd,Tonga,us,export,raw_usd,2009,watch,level_shock,755840.0,1,1,755840.0,,,
Tonga|us|export|raw_usd,Tonga,us,export,raw_usd,2010,none,none,0.12647650296359017,1,0,0.12647650296359017,,,
Tonga|us|export|raw_usd,Tonga,us,export,raw_usd,2011,watch,structural_break,11.561427791752363,3,1,0.3329279975285397,11.561427791752363,,
Tonga|us|export|raw_usd,Tonga,us,export,raw_usd,2012,critical,uncertain,3.188546741048362,1,2,3.188546741048362,2.576736748931634,,
Tonga|us|export|raw_usd,Tonga,us,export,raw_usd,2013,none,none,1.2025065694295793,3,0,0.8935946647920101,1.2025065694295793,0.7935794615729562,
Tonga|us|export|raw_usd,Tonga,us,export,raw_usd,2014,watch,structural_break,53.41655544627086,5,1,1.180513241516892,1.3929390682230276,53.41655544627086,
Tonga|us|export|raw_usd,Tonga,us,export,raw_usd,2017,watch,structural_break,3.0779320422287504,5,3,0.8238617560786097,2.0213337341986826,3.0779320422287504,2.394724319044505
Tonga|us|export|sti,Tonga,us,export,sti,2009,none,none,0.05567866523388121,1,0,0.05567866523388121,,,
Tonga|us|export|sti,Tonga,us,export,sti,2010,none,none,0.04867141881625936,1,0,0.04867141881625936,,,
Tonga|us|export|sti,Tonga,us,export,sti,2011,watch,structural_break,13.594158509161659,3,1,1.2618766381578137,13.594158509161659,,
Tonga|us|export|sti,Tonga,us,export,sti,2012,watch,level_shock,16.8647699431216,1,1,16.8647699431216,0.48536767014158283,,
Tonga|us|export|sti,Tonga,us,export,sti,2013,watch,structural_break,2.250733661068792,3,1,0.6719119563222867,2.250733661068792,0.7906827686603973,
Tonga|us|export|sti,Tonga,us,export,sti,2014,watch,structural_break,2.7215446676918287,5,1,0.6653989804537019,0.6930263442024945,2.7215446676918287,
Tonga|us|export|sti,Tonga,us,export,sti,2017,none,none,1.0892065947106653,5,0,0.7075718464221874,1.0070248896458944,1.0892065947106653,1.0033155072283895
Tonga|us|import|cwti,Tonga,us,import,cwti,2009,none,none,0.012902244566953654,1,0,0.012902244566953654,,,
Tonga|us|import|cwti,Tonga,us,import,cwti,2010,none,none,0.08751418146707851,1,0,0.08751418146707851,,,
Tonga|us|import|cwti,Tonga,us,import,cwti,2011,watch,structural_break,14.46562701568088,3,1,0.23066830496588642,14.46562701568088,,
Tonga|us|import|cwti,Tonga,us,import,cwti,2012,none,none,1.2992288245395762,3,0,0.5614253002178043,1.2992288245395762,,
Tonga|us|import|cwti,Tonga,us,import,cwti,2013,watch,structural_break,6.70892908830961,5,1,1.4270031560988876,1.4270031560988876,6.70892908830961,
Tonga|us|import|cwti,Tonga,us,import,cwti,2014,critical,structural_break,6.184223076793604,3,2,0.3483828495870336,6.184223076793604,2.9335270290210964,
Tonga|us|import|cwti,Tonga,us,import,cwti,2017,watch,structural_break,2.307097852056635,7,1,1.1356162781778563,1.6058104946190837,0.9860922533163566,2.307097852056635
Tonga|us|import|raw_usd,Tonga,us,import,raw_usd,2009,watch,level_shock,3157453.0,1,1,3157453.0,,,
Tonga|us|import|raw_usd,Tonga,us,import,raw_usd,2010,none,none,0.5928129413169412,1,0,0.5928129413169412,,,
Tonga|us|import|raw_usd,Tonga,us,import,raw_usd,2011,watch,level_shock,2.868330352789833,1,1,2.868330352789833,0.9850889869991906,,
Tonga|us|import|raw_usd,Tonga,us,import,raw_usd,2012,watch,level_shock,3.8617868286838637,1,1,3.8617868286838637,0.8874636027098606,,
Tonga|us|import|raw_usd,Tonga,us,import,raw_usd,2013,alert,uncertain,15.270502541172652,3,2,6.423321538133571,15.270502541172652,1.5360785895951046,
Tonga|us|import|raw_usd,Tonga,us,import,raw_usd,2014,watch,structural_break,3.102879369158689,3,1,1.7221406495532847,3.102879369158689,0.63338490208673,
Tonga|us|import|raw_usd,Tonga,us,import,raw_usd,2017,critical,structural_break,5.679009313634996,1,4,5.679009313634996,5.679009313634996,3.9489797771210533,2.685497577636216
Tonga|us|import|sti,Tonga,us,import,sti,2009,none,none,0.03564807262716503,1,0,0.03564807262716503,,,
Tonga|us|import|sti,Tonga,us,import,sti,2010,none,none,0.0069539374835694175,1,0,0.0069539374835694175,,,
Tonga|us|import|sti,Tonga,us,import,sti,2011,watch,structural_break,196.99532375024665,3,1,0.3348487090805946,196.99532375024665,,
Tonga|us|import|sti,Tonga,us,import,sti,2012,none,none,0.9551065634427944,3,0,0.6265353512393527,0.9551065634427944,,
Tonga|us|import|sti,Tonga,us,import,sti,2013,watch,structural_break,56.399325410465316,5,1,1.3223037034565384,1.3223037034565384,56.399325410465316,
Tonga|us|import|sti,Tonga,us,import,sti,2014,watch,structural_break,4.817948475000179,3,2,0.2914075481494059,4.817948475000179,2.0840216393586215,
Tonga|us|import|sti,Tonga,us,import,sti,2017,watch,structural_break,2.1510497699751046,7,1,1.0085011534755446,1.3392950643924286,1.6072562616436885,2.1510497699751046
Tonga|us|total|cwti,Tonga,us,total,cwti,2009,none,none,0.011279959290635633,1,0,0.011279959290635633,,,
Tonga|us|total|cwti,Tonga,us,total,cwti,2010,none,none,0.22754330198257355,1,0,0.22754330198257355,,,
Tonga|us|total|cwti,Tonga,us,total,cwti,2011,watch,structural_break,4.872794683083623,3,1,1.806489091311446,4.872794683083623,,
Tonga|us|total|cwti,Tonga,us,total,cwti,2012,none,none,1.5567068340954413,3,0,0.8439590207937885,1.5567068340954413,,
Tonga|us|total|cwti,Tonga,us,total,cwti,2013,watch,structural_break,4.405358389589371,3,1,0.5494661833690813,4.405358389589371,0.896502078403552,
Tonga|us|total|cwti,Tonga,us,total,cwti,2014,none,none,1.4207763440941612,3,0,0.19898782337432694,1.4207763440941612,0.4931024023676613,
Tonga|us|total|cwti,Tonga,us,total,cwti,2017,watch,structural_break,3.4829971997478983,5,1,0.24696135062175462,0.8401570192314797,3.4829971997478983,0.36327815731153934
Tonga|us|total|sti,Tonga,us,total,sti,2009,none,none,0.030748393969256882,1,0,0.030748393969256882,,,
Tonga|us|total|sti,Tonga,us,total,sti,2010,none,none,0.010317989196409012,1,0,0.010317989196409012,,,
Tonga|us|total|sti,Tonga,us,total,sti,2011,watch,structural_break,140.53624539605534,3,1,0.5015973137624911,140.53624539605534,,
Tonga|us|total|sti,Tonga,us,total,sti,2012,none,none,0.8542399020777943,3,0,0.5604625568557217,0.8542399020777943,,
Tonga|us|total|sti,Tonga,us,total,sti,2013,watch,structural_break,12.650532261905129,5,1,1.1430393783547912,1.1430393783547912,12.650532261905129,
Tonga|us|total|sti,Tonga,us,total,sti,2014,none,none,1.8356470556325588,3,0,0.08724836221185794,1.8356470556325588,1.612689675532531,
Tonga|us|total|sti,Tonga,us,total,sti,2017,watch,structural_break,3.3089306204397166,5,2,0.9984266528211863,1.2872664973430543,3.3089306204397166,2.0134442834623254
