series_id,country,partner,flow,metric,year,window,model,actual,forecast,residual,scale,z,abs_z
Fiji|aus|export|cwti,Fiji,aus,export,cwti,2009,1,naive,0.0838395743366081,0.06568499044778352,0.018154583888824585,1.0,0.018154583888824585,0.018154583888824585
Fiji|aus|export|cwti,Fiji,aus,export,cwti,2010,1,naive,0.14134354794476017,0.0838395743366081,0.05750397360815207,0.018154583888824585,3.167463047365673,3.167463047365673
Fiji|aus|export|cwti,Fiji,aus,export,cwti,2011,1,naive,0.1124367101935975,0.14134354794476017,-0.02890683775116268,0.029169702598937464,-0.9909884289398151,0.9909884289398151
Fiji|aus|export|cwti,Fiji,aus,export,cwti,2012,1,naive,0.08742029777922104,0.1124367101935975,-0.02501641241437645,0.05833940519787493,-0.4288081499892923,0.4288081499892923
Fiji|aus|export|cwti,Fiji,aus,export,cwti,2013,1,naive,0.06776590475808221,0.08742029777922104,-0.019654393021138833,0.034886631861722556,-0.5633789211592977,0.5633789211592977
Fiji|aus|export|cwti,Fiji,aus,export,cwti,2014,1,naive,0.05411684176159612,0.06776590475808221,-0.013649062996486092,0.013717674556733353,-0.9949983096651333,0.9949983096651333
Fiji|aus|export|cwti,Fiji,aus,export,cwti,2015,1,naive,0.07929530835079111,0.05411684176159612,0.025178466589194995,0.0152854534018488,1.6472175163708012,1.6472175163708012
Fiji|aus|export|cwti,Fiji,aus,export,cwti,2016,1,naive,0.08601442274979433,0.07929530835079111,0.006719114399003218,0.022621176851283505,0.2970276234157102,0.2970276234157102
Fiji|aus|export|cwti,Fiji,aus,export,cwti,2017,1,naive,0.0777643546122111,0.08601442274979433,-0.008250068137583236,0.032002659559562927,-0.2577932037875889,0.2577932037875889
Fiji|aus|export|cwti,Fiji,aus,export,cwti,2018,1,naive,0.08470739109478377,0.0777643546122111,0.006943036482572676,0.02485778202477362,0.2793103775571428,0.2793103775571428
Fiji|aus|export|cwti,Fiji,aus,export,cwti,2019,1,naive,0.08152593505183683,0.08470739109478377,-0.003181456042946937,0.02802779458335588,-0.113510752103065,0.113510752103065
Fiji|aus|export|cwti,Fiji,aus,export,cwti,2020,1,naive,0.0965407709432587,0.08152593505183683,0.015014835891421871,0.024422776363867305,0.6147882479747809,0.6147882479747809
Fiji|aus|export|cwti,Fiji,aus,export,cwti,2021,1,naive,0.1069951652168672,0.0965407709432587,0.010454394273608489,0.023576043436080805,0.4434329408135154,0.4434329408135154
Fiji|aus|export|cwti,Fiji,aus,export,cwti,2022,1,naive,0.059477425299343106,0.1069951652168672,-0.04751773991752409,0.022193310028743075,-2.1410839507934036,2.1410839507934036
Fiji|aus|export|cwti,Fiji,aus,export,cwti,2023,1,naive,0.05728395159104416,0.059477425299343106,-0.0021934737082989486,0.023576043436080805,-0.09303824512564537,0.09303824512564537
Fiji|aus|export|cwti,Fiji,aus,export,cwti,2024,1,naive,0.08217533439579197,0.05728395159104416,0.024891382804747814,0.025513039812546087,0.9756337538621105,0.9756337538621105
Fiji|aus|export|cwti,Fiji,aus,export,cwti,2011,3,holt,0.1124367101935975,0.12841211395531607,-0.015975403761718576,0.02691598607357133,-0.593528459929051,0.593528459929051
Fiji|aus|export|cwti,Fiji,aus,export,cwti,2012,3,holt,0.08742029777922104,0.2382052247756082,-0.15078492699638718,0.015975403761718576,-9.438567515752496,9.438567515752496
Fiji|aus|export|cwti,Fiji,aus,export,cwti,2013,3,holt,0.06776590475808221,0.055440024011997255,0.012325880746084955,0.09993429957385982,0.12333984226281684,0.12333984226281684
Fiji|aus|export|cwti,Fiji,aus,export,cwti,2014,3,holt,0.05411684176159612,0.03878159799270995,0.015335243768886168,0.04195948441126951,0.3654774119380603,0.3654774119380603
Fiji|aus|export|cwti,Fiji,aus,export,cwti,2015,3,holt,0.07929530835079111,0.03001850452221428,0.04927680382857683,0.023210583014437295,2.1230317135043957,2.1230317135043957
Fiji|aus|export|cwti,Fiji,aus,export,cwti,2016,3,holt,0.08601442274979433,0.03497249698161697,0.051041925768177364,0.04195948441126951,1.2164574108653368,1.2164574108653368
Fiji|aus|export|cwti,Fiji,aus,export,cwti,2017,3,holt,0.0777643546122111,0.12189931360930056,-0.04413495899708947,0.04837146148668599,-0.9124173146853833,0.9124173146853833
Fiji|aus|export|cwti,Fiji,aus,export,cwti,2018,3,holt,0.08470739109478377,0.09316559488243445,-0.008458203787650678,0.05478343856210246,-0.1543934446185313,0.1543934446185313
Fiji|aus|export|cwti,Fiji,aus,export,cwti,2019,3,holt,0.08152593505183683,0.06445477030727738,0.017071164744559456,0.04742692084239173,0.35994672311301923,0.35994672311301923
Fiji|aus|export|cwti,Fiji,aus,export,cwti,2020,3,holt,0.0965407709432587,0.09646732062957002,7.345031368868882e-05,0.04195948441126951,0.0017505056298776035,0.0017505056298776035
Fiji|aus|export|cwti,Fiji,aus,export,cwti,2021,3,holt,0.1069951652168672,0.07898424427216043,0.028010920944706766,0.02730425739095763,1.0258810757469332,1.0258810757469332
Fiji|aus|export|cwti,Fiji,aus,export,cwti,2022,3,holt,0.059477425299343106,0.12561274998636165,-0.06613532468701855,0.030814483729716447,-2.146241529376651,2.146241529376651
Fiji|aus|export|cwti,Fiji,aus,export,cwti,2023,3,holt,0.05728395159104416,0.1035556574038085,-0.04627170581276434,0.03260706250487311,-1.4190700498043654,1.4190700498043654
Fiji|aus|export|cwti,Fiji,aus,export,cwti,2024,3,holt,0.08217533439579197,-0.026039958631767772,0.10821529302755975,0.0414200939575474,2.612627898393292,2.612627898393292
Fiji|aus|export|cwti,Fiji,aus,export,cwti,2011,3,ar1,0.1124367101935975,0.14134354794476017,-0.02890683775116268,0.02691598607357133,-1.0739654000470062,1.0739654000470062
Fiji|aus|export|cwti,Fiji,aus,export,cwti,2012,3,ar1,0.08742029777922104,0.1124367101935975,-0.02501641241437645,0.02890683775116268,-0.865415049190922,0.865415049190922
Fiji|aus|export|cwti,Fiji,aus,export,cwti,2013,3,ar1,0.06776590475808221,0.08742029777922104,-0.019654393021138833,0.0028839723021596296,-6.815042227146518,6.815042227146518
Fiji|aus|export|cwti,Fiji,aus,export,cwti,2014,3,ar1,0.05411684176159612,0.06776590475808221,-0.013649062996486092,0.005767944604319259,-2.366365132263085,2.366365132263085
Fiji|aus|export|cwti,Fiji,aus,export,cwti,2015,3,ar1,0.07929530835079111,0.05411684176159612,0.025178466589194995,0.0068588372783666765,3.670952607172924,3.670952607172924
Fiji|aus|export|cwti,Fiji,aus,export,cwti,2016,3,ar1,0.08601442274979433,0.07929530835079111,0.006719114399003218,0.008903502294550154,0.7546597031952242,0.7546597031952242
Fiji|aus|export|cwti,Fiji,aus,export,cwti,2017,3,ar1,0.0777643546122111,0.08601442274979433,-0.008250068137583236,0.0152854534018488,-0.5397332954863725,0.5397332954863725
Fiji|aus|export|cwti,Fiji,aus,export,cwti,2018,3,ar1,0.08470739109478377,0.0777643546122111,0.006943036482572676,0.016853232246964247,0.41197061672388197,0.41197061672388197
Fiji|aus|export|cwti,Fiji,aus,export,cwti,2019,3,ar1,0.08152593505183683,0.08470739109478377,-0.003181456042946937,0.023525546026758347,-0.13523409995790517,0.13523409995790517
Fiji|aus|export|cwti,Fiji,aus,export,cwti,2020,3,ar1,0.0965407709432587,0.08152593505183683,0.015014835891421871,0.022193310028743075,0.6765478368019825,0.6765478368019825
Fiji|aus|export|cwti,Fiji,aus,export,cwti,2021,3,ar1,0.1069951652168672,0.0965407709432587,0.010454394273608489,0.01971667449110134,0.5302311136863793,0.5302311136863793
Fiji|aus|export|cwti,Fiji,aus,export,cwti,2022,3,ar1,0.059477425299343106,0.1069951652168672,-0.04751773991752409,0.02021651167932507,-2.350442087698013,2.350442087698013
Fiji|aus|export|cwti,Fiji,aus,export,cwti,2023,3,ar1,0.05728395159104416,0.059477425299343106,-0.0021934737082989486,0.02231964402159619,-0.0982754790433294,0.0982754790433294
Fiji|aus|export|cwti,Fiji,aus,export,cwti,2024,3,ar1,0.08217533439579197,0.05728395159104416,0.024891382804747814,0.02021651167932507,1.231240245576274,1.231240245576274
Fiji|aus|export|cwti,Fiji,aus,export,cwti,2013,5,holt,0.06776590475808221,0.1501948182736218,-0.08242891351553959,0.03222476664958927,-2.5579367078703177,2.5579367078703177
Fiji|aus|export|cwti,Fiji,aus,export,cwti,2014,5,holt,0.05411684176159612,0.08342564623322815,-0.029308804471632033,0.08242891351553959,-0.35556460981505844,0.35556460981505844
Fiji|aus|export|cwti,Fiji,aus,export,cwti,2015,5,holt,0.07929530835079111,0.028885352725842146,0.05040995562494897,0.03937793683424867,1.2801573591104265,1.2801573591104265
Fiji|aus|export|cwti,Fiji,aus,export,cwti,2016,5,holt,0.08601442274979433,0.06018094424905063,0.025833478500743703,0.07875587366849734,0.3280197056727871,0.3280197056727871
Fiji|aus|export|cwti,Fiji,aus,export,cwti,2017,5,holt,0.0777643546122111,0.07942948496712968,-0.0016651303549185814,0.059095516859595486,-0.028176931913037495,0.028176931913037495
Fiji|aus|export|cwti,Fiji,aus,export,cwti,2018,5,holt,0.08470739109478377,0.07776262839557764,0.006944762699206131,0.04098451124543936,0.16944846938924824,0.16944846938924824
Fiji|aus|export|cwti,Fiji,aus,export,cwti,2019,5,holt,0.08152593505183683,0.09711007143871542,-0.015584136386878583,0.04087697436742213,-0.381244860414589,0.381244860414589
Fiji|aus|export|cwti,Fiji,aus,export,cwti,2020,5,holt,0.0965407709432587,0.08459625612612438,0.011944514817134322,0.040769437489404904,0.29297717978665866,0.29297717978665866
Fiji|aus|export|cwti,Fiji,aus,export,cwti,2021,5,holt,0.1069951652168672,0.09378526594902308,0.013209899267844119,0.030702877916194398,0.4302495454628534,0.4302495454628534
Fiji|aus|export|cwti,Fiji,aus,export,cwti,2022,5,holt,0.059477425299343106,0.11093789479067857,-0.05146046949133547,0.028004410047359603,-1.8375844877399024,1.8375844877399024
Fiji|aus|export|cwti,Fiji,aus,export,cwti,2023,5,holt,0.05728395159104416,0.0744458405907929,-0.017161888999748742,0.030702877916194398,-0.5589667863251546,0.5589667863251546
Fiji|aus|export|cwti,Fiji,aus,export,cwti,2024,5,holt,0.08217533439579197,0.05569545164814775,0.02647988274764422,0.022975494366825194,1.1525272242184736,1.1525272242184736
Fiji|aus|export|cwti,Fiji,aus,export,cwti,2013,5,ar1,0.06776590475808221,0.1053522443128583,-0.037586339554776096,0.03222476664958927,-1.1663805036507584,1.1663805036507584
Fiji|aus|export|cwti,Fiji,aus,export,cwti,2014,5,ar1,0.05411684176159612,0.10153633683718302,-0.047419495075586904,0.037586339554776096,-1.2616151409604692,1.2616151409604692
Fiji|aus|export|cwti,Fiji,aus,export,cwti,2015,5,ar1,0.07929530835079111,0.04217665555451412,0.03711865279627699,0.0072893181875770515,5.092198178361469,5.092198178361469
Fiji|aus|export|cwti,Fiji,aus,export,cwti,2016,5,ar1,0.08601442274979433,0.07185465139034966,0.01415977135944467,0.014578636375154103,0.9712685737588399,0.9712685737588399
Fiji|aus|export|cwti,Fiji,aus,export,cwti,2017,5,ar1,0.0777643546122111,0.07140830359502005,0.006356051017191042,0.0456487102082889,0.13923834842625868,0.13923834842625868
Fiji|aus|export|cwti,Fiji,aus,export,cwti,2018,5,ar1,0.08470739109478377,0.07561997144319452,0.009087419651589254,0.04560863339767283,0.19924779531001993,0.19924779531001993
Fiji|aus|export|cwti,Fiji,aus,export,cwti,2019,5,ar1,0.08152593505183683,0.08256118989692715,-0.0010352548450903165,0.026564451019869633,-0.03897143759214028,0.03897143759214028
Fiji|aus|export|cwti,Fiji,aus,export,cwti,2020,5,ar1,0.0965407709432587,0.0828519326246638,0.01368883831859491,0.011569795779425228,1.1831529769037075,1.1831529769037075
Fiji|aus|export|cwti,Fiji,aus,export,cwti,2021,5,ar1,0.1069951652168672,0.07028214076708074,0.036713024449786455,0.011264072925421784,3.2593028021799433,3.2593028021799433
Fiji|aus|export|cwti,Fiji,aus,export,cwti,2022,5,ar1,0.059477425299343106,0.11598953326012904,-0.05651210796078593,0.01500787720877713,-3.7654964239536604,3.7654964239536604
Fiji|aus|export|cwti,Fiji,aus,export,cwti,2023,5,ar1,0.05728395159104416,0.11690080648877008,-0.05961685489772592,0.027982799441292148,-2.130482156469082,2.130482156469082
Fiji|aus|export|cwti,Fiji,aus,export,cwti,2024,5,ar1,0.08217533439579197,0.07142970762698092,0.01074562676881105,0.04500724881116596,0.23875324648026788,0.23875324648026788
Fiji|aus|export|cwti,Fiji,aus,export,cwti,2015,7,holt,0.07929530835079111,0.049186377895957804,0.03010893045483331,0.02691598607357133,1.118626320155408,1.118626320155408
Fiji|aus|export|cwti,Fiji,aus,export,cwti,2016,7,holt,0.08601442274979433,0.07812319480247874,0.007891227947315588,0.03010893045483331,0.26208928142277566,0.26208928142277566
Fiji|aus|export|cwti,Fiji,aus,export,cwti,2017,7,holt,0.0777643546122111,0.07675904958893416,0.001005305023276934,0.016469982868822886,0.06103861985065825,0.06103861985065825
Fiji|aus|export|cwti,Fiji,aus,export,cwti,2018,7,holt,0.08470739109478377,0.07454794450748772,0.010159446587296048,0.010209069327179708,0.9951393473495621,0.9951393473495621
Fiji|aus|export|cwti,Fiji,aus,export,cwti,2019,7,holt,0.08152593505183683,0.0827111214988235,-0.0011851864469866608,0.006785965141407369,-0.17465259875190872,0.17465259875190872
Fiji|aus|export|cwti,Fiji,aus,export,cwti,2020,7,holt,0.0965407709432587,0.08215558573393411,0.014385185209324594,0.010209069327179708,1.4090594106386143,1.4090594106386143
Fiji|aus|export|cwti,Fiji,aus,export,cwti,2021,7,holt,0.1069951652168672,0.10293314419661949,0.004062021020247705,0.00991850518191713,0.40953963785322783,0.40953963785322783
Fiji|aus|export|cwti,Fiji,aus,export,cwti,2022,7,holt,0.059477425299343106,0.11198070077107104,-0.052503275471727937,0.009627941036654552,-5.453219465287814,5.453219465287814
Fiji|aus|export|cwti,Fiji,aus,export,cwti,2023,7,holt,0.05728395159104416,0.059981331483839405,-0.002697379892795247,0.008994289559050688,-0.2998991610272268,0.2998991610272268
Fiji|aus|export|cwti,Fiji,aus,export,cwti,2024,7,holt,0.08217533439579197,0.051830037505647,0.030345296890144972,0.009040043145705872,3.356764608425497,3.356764608425497
Fiji|aus|export|cwti,Fiji,aus,export,cwti,2015,7,ar1,0.07929530835079111,0.07486171776993755,0.004433590580853561,0.02691598607357133,0.16471960450324652,0.16471960450324652
Fiji|aus|export|cwti,Fiji,aus,export,cwti,2016,7,ar1,0.08601442274979433,0.08557863452789159,0.0004357882219027387,0.004433590580853561,0.09829239167565178,0.09829239167565178
Fiji|aus|export|cwti,Fiji,aus,export,cwti,2017,7,ar1,0.0777643546122111,0.07909155096217393,-0.0013271963499628392,0.0029635708886902442,-0.4478368832099698,0.4478368832099698
Fiji|aus|export|cwti,Fiji,aus,export,cwti,2018,7,ar1,0.08470739109478377,0.07452475066977396,0.010182640425009812,0.0026138009262479055,3.8957214846606267,3.8957214846606267
Fiji|aus|export|cwti,Fiji,aus,export,cwti,2019,7,ar1,0.08152593505183683,0.07584365983514683,0.00568227521669,0.004270471351814197,1.3305967300953874,1.3305967300953874
Fiji|aus|export|cwti,Fiji,aus,export,cwti,2020,7,ar1,0.0965407709432587,0.0793115343351197,0.017229236608139006,0.0059271417773804885,2.9068372674819836,2.9068372674819836
Fiji|aus|export|cwti,Fiji,aus,export,cwti,2021,7,ar1,0.1069951652168672,0.0869327977196951,0.020062367497172093,0.007225341538163273,2.7766670116845535,2.7766670116845535
Fiji|aus|export|cwti,Fiji,aus,export,cwti,2022,7,ar1,0.059477425299343106,0.11078246517467234,-0.051305039875329236,0.007778441618471593,-6.595799311971992,6.595799311971992
Fiji|aus|export|cwti,Fiji,aus,export,cwti,2023,7,ar1,0.05728395159104416,0.10147370227220107,-0.04418975068115691,0.008532242001287226,-5.179148771740203,5.179148771740203
Fiji|aus|export|cwti,Fiji,aus,export,cwti,2024,7,ar1,0.08217533439579197,0.07390879626258057,0.008266538133211404,0.008540942703628394,0.9678718638048682,0.9678718638048682
Fiji|aus|export|raw_usd,Fiji,aus,export,raw_usd,2009,1,naive,99993047.0,113820061.0,-13827014.0,1.0,-13827014.0,13827014.0
Fiji|aus|export|raw_usd,Fiji,aus,export,raw_usd,2010,1,naive,177141904.0,99993047.0,77148857.0,13827014.0,5.579574664493722,5.579574664493722
Fiji|aus|export|raw_usd,Fiji,aus,export,raw_usd,2011,1,naive,194501193.0,177141904.0,17359289.0,67440413.1723,0.2574018779459381,0.2574018779459381
Fiji|aus|export|raw_usd,Fiji,aus,export,raw_usd,2012,1,naive,181094729.0,194501193.0,-13406464.0,46236812.8278,-0.2899521653866966,0.2899521653866966
Fiji|aus|export|raw_usd,Fiji,aus,export,raw_usd,2013,1,naive,150495858.0,181094729.0,-30598871.0,23118406.4139,-1.3235718090673565,1.3235718090673565
Fiji|aus|export|raw_usd,Fiji,aus,export,raw_usd,2014,1,naive,158640856.0,150495858.0,8144998.0,25489462.6182,0.3195437315412175,0.3195437315412175
Fiji|aus|export|raw_usd,Fiji,aus,export,raw_usd,2015,1,naive,141145285.68,158640856.0,-17495570.319999993,23118406.4139,-0.7567809825110063,0.7567809825110063
Fiji|aus|export|raw_usd,Fiji,aus,export,raw_usd,2016,1,naive,138318955.30200002,141145285.68,-2826330.377999991,25489462.6182,-0.11088230537986836,0.11088230537986836
Fiji|aus|export|raw_usd,Fiji,aus,export,raw_usd,2017,1,naive,148948246.51999998,138318955.30200002,10629291.217999965,19007353.295615993,0.5592199530721402,0.5592199530721402
Fiji|aus|export|raw_usd,Fiji,aus,export,raw_usd,2018,1,naive,134700865.49,148948246.51999998,-14247381.029999971,19949304.578229535,-0.7141793326243556,0.7141793326243556
Fiji|aus|export|raw_usd,Fiji,aus,export,raw_usd,2019,1,naive,131984577.267,134700865.49,-2716288.223000005,19007353.295615993,-0.14290723073088304,0.14290723073088304
Fiji|aus|export|raw_usd,Fiji,aus,export,raw_usd,2020,1,naive,123648633.942,131984577.267,-8335943.325000003,16932849.69665517,-0.49229417814100385,0.49229417814100385
Fiji|aus|export|raw_usd,Fiji,aus,export,raw_usd,2021,1,naive,134577798.776,123648633.942,10929164.833999991,15256456.339721076,0.7163632622567321,0.7163632622567321
Fiji|aus|export|raw_usd,Fiji,aus,export,raw_usd,2022,1,naive,110933060.60599999,134577798.776,-23644738.17,16932849.69665517,-1.3963826877097165,1.3963826877097165
Fiji|aus|export|raw_usd,Fiji,aus,export,raw_usd,2023,1,naive,103906202.401,110933060.60599999,-7026858.204999998,19007353.295615993,-0.3696915659804529,0.3696915659804529
Fiji|aus|export|raw_usd,Fiji,aus,export,raw_usd,2024,1,naive,138173139.327,103906202.401,34266936.926,15520912.581698991,2.2077913747420244,2.2077913747420244
Fiji|aus|export|raw_usd,Fiji,aus,export,raw_usd,2011,3,holt,194501193.0,91443951.91000003,103057241.08999997,20499930.9564,5.027199423704688,5.027199423704688
Fiji|aus|export|raw_usd,Fiji,aus,export,raw_usd,2012,3,holt,181094729.0,306327999.44,-125233270.44,103057241.08999997,-1.2151816710349705,1.2151816710349705
Fiji|aus|export|raw_usd,Fiji,aus,export,raw_usd,2013,3,holt,150495858.0,222758962.87000003,-72263104.87000003,169231756.19718897,-0.4270067657148166,0.4270067657148166
Fiji|aus|export|raw_usd,Fiji,aus,export,raw_usd,2014,3,holt,158640856.0,147060990.06,11579865.939999998,78533567.47408193,0.1474511640365968,0.1474511640365968
Fiji|aus|export|raw_usd,Fiji,aus,export,raw_usd,2015,3,holt,141145285.68,97434328.49000001,43710957.19,101419577.99849398,0.4309913140306014,0.4309913140306014
Fiji|aus|export|raw_usd,Fiji,aus,export,raw_usd,2016,3,holt,138318955.30200002,169546332.6528,-31227377.350799978,124305588.52290604,-0.25121458915779676,0.25121458915779676
Fiji|aus|export|raw_usd,Fiji,aus,export,raw_usd,2017,3,holt,148948246.51999998,109234685.42782003,39713561.092179954,85971572.20507802,0.46193829045543755,0.46193829045543755
Fiji|aus|export|raw_usd,Fiji,aus,export,raw_usd,2018,3,holt,134700865.49,135491975.08116004,-791109.5911600292,63466018.90294004,-0.012465089268792647,0.012465089268792647
Fiji|aus|export|raw_usd,Fiji,aus,export,raw_usd,2019,3,holt,131984577.267,164982727.78391993,-32998150.516919926,55551787.39509502,-0.5940069989509198,0.5940069989509198
Fiji|aus|export|raw_usd,Fiji,aus,export,raw_usd,2020,3,holt,123648633.942,108627632.91947007,15021001.02252993,60052224.75511985,0.2501322987413433,0.2501322987413433
Fiji|aus|export|raw_usd,Fiji,aus,export,raw_usd,2021,3,holt,134577798.776,121831490.53531998,12746308.24068001,55551787.39509502,0.2294491111514704,0.2294491111514704
Fiji|aus|export|raw_usd,Fiji,aus,export,raw_usd,2022,3,holt,110933060.60599999,111022420.00539,-89359.39939001203,47637555.88725,-0.001875818306075789,0.001875818306075789
Fiji|aus|export|raw_usd,Fiji,aus,export,raw_usd,2023,3,holt,103906202.401,149175608.81316,-45269406.41216001,52588517.66778102,-0.8608230165022288,0.8608230165022288
Fiji|aus|export|raw_usd,Fiji,aus,export,raw_usd,2024,3,holt,138173139.327,67133339.05864999,71039800.26835,48790573.710849844,1.4560148583076093,1.4560148583076093
Fiji|aus|export|raw_usd,Fiji,aus,export,raw_usd,2011,3,ar1,194501193.0,177141904.0,17359289.0,20499930.9564,0.8467974373630999,0.8467974373630999
Fiji|aus|export|raw_usd,Fiji,aus,export,raw_usd,2012,3,ar1,181094729.0,194501193.0,-13406464.0,17359289.0,-0.772293381370631,0.772293381370631
Fiji|aus|export|raw_usd,Fiji,aus,export,raw_usd,2013,3,ar1,150495858.0,181094729.0,-30598871.0,22806652.6989,-1.341664268052621,1.341664268052621
Fiji|aus|export|raw_usd,Fiji,aus,export,raw_usd,2014,3,ar1,158640856.0,150495858.0,8144998.0,25489462.6182,0.3195437315412175,0.3195437315412175
Fiji|aus|export|raw_usd,Fiji,aus,export,raw_usd,2015,3,ar1,141145285.68,158640856.0,-17495570.319999993,22806652.6989,-0.7671257396243786,0.7671257396243786
Fiji|aus|export|raw_usd,Fiji,aus,export,raw_usd,2016,3,ar1,138318955.30200002,141145285.68,-2826330.377999991,25489462.6182,-0.11088230537986836,0.11088230537986836
Fiji|aus|export|raw_usd,Fiji,aus,export,raw_usd,2017,3,ar1,148948246.51999998,138318955.30200002,10629291.217999965,19007353.295615993,0.5592199530721402,0.5592199530721402
Fiji|aus|export|raw_usd,Fiji,aus,export,raw_usd,2018,3,ar1,134700865.49,148948246.51999998,-14247381.029999971,19949304.578229535,-0.7141793326243556,0.7141793326243556
Fiji|aus|export|raw_usd,Fiji,aus,export,raw_usd,2019,3,ar1,131984577.267,134700865.49,-2716288.223000005,19007353.295615993,-0.14290723073088304,0.14290723073088304
Fiji|aus|export|raw_usd,Fiji,aus,export,raw_usd,2020,3,ar1,123648633.942,131984577.267,-8335943.325000003,16932849.69665517,-0.49229417814100385,0.49229417814100385
Fiji|aus|export|raw_usd,Fiji,aus,export,raw_usd,2021,3,ar1,134577798.776,123648633.942,10929164.833999991,15256456.339721076,0.7163632622567321,0.7163632622567321
Fiji|aus|export|raw_usd,Fiji,aus,export,raw_usd,2022,3,ar1,110933060.60599999,134577798.776,-23644738.17,16932849.69665517,-1.3963826877097165,1.3963826877097165
Fiji|aus|export|raw_usd,Fiji,aus,export,raw_usd,2023,3,ar1,103906202.401,110933060.60599999,-7026858.204999998,19007353.295615993,-0.3696915659804529,0.3696915659804529
Fiji|aus|export|raw_usd,Fiji,aus,export,raw_usd,2024,3,ar1,138173139.327,103906202.401,34266936.926,15520912.581698991,2.2077913747420244,2.2077913747420244
Fiji|aus|export|raw_usd,Fiji,aus,export,raw_usd,2013,5,holt,150495858.0,194812646.407744,-44316788.40774399,25736881.8714,-1.721917543437569,1.721917543437569
Fiji|aus|export|raw_usd,Fiji,aus,export,raw_usd,2014,5,holt,158640856.0,188541054.206848,-29900198.206847996,44316788.40774399,-0.6746923520663601,0.6746923520663601
Fiji|aus|export|raw_usd,Fiji,aus,export,raw_usd,2015,5,holt,141145285.68,157403300.745408,-16258015.065407991,10687018.315924201,-1.5212863480530132,1.5212863480530132
Fiji|aus|export|raw_usd,Fiji,aus,export,raw_usd,2016,5,holt,138318955.30200002,125767425.91287304,12551529.389126971,20225900.72549895,0.6205671410867335,0.6205671410867335
Fiji|aus|export|raw_usd,Fiji,aus,export,raw_usd,2017,5,holt,148948246.51999998,120511938.69180804,28436307.828191936,20799968.678673673,1.3671322427205308,1.3671322427205308
Fiji|aus|export|raw_usd,Fiji,aus,export,raw_usd,2018,5,holt,134700865.49,148913973.08197632,-14213107.591976315,41599937.35734735,-0.34166175467728216,0.34166175467728216
Fiji|aus|export|raw_usd,Fiji,aus,export,raw_usd,2019,5,holt,131984577.267,127280096.7428091,4704480.524190903,31469465.666896243,0.1494934986817936,0.1494934986817936
Fiji|aus|export|raw_usd,Fiji,aus,export,raw_usd,2020,5,holt,123648633.942,129797989.6130498,-6149355.6710498035,28047216.141029514,-0.21925012593510404,0.21925012593510404
Fiji|aus|export|raw_usd,Fiji,aus,export,raw_usd,2021,5,holt,134577798.776,124843368.3001633,9734430.475836694,25652448.343319133,0.3794737385514279,0.3794737385514279
Fiji|aus|export|raw_usd,Fiji,aus,export,raw_usd,2022,5,holt,110933060.60599999,125293569.61115724,-14360509.005157247,23549301.34137392,-0.6098061592989672,0.6098061592989672
Fiji|aus|export|raw_usd,Fiji,aus,export,raw_usd,2023,5,holt,103906202.401,118996297.14902967,-15090094.748029679,25652448.343319133,-0.5882516376632607,0.5882516376632607
Fiji|aus|export|raw_usd,Fiji,aus,export,raw_usd,2024,5,holt,138173139.327,96290365.27669403,41882774.05030596,23257680.54560875,1.8008147445388223,1.8008147445388223
Fiji|aus|export|raw_usd,Fiji,aus,export,raw_usd,2013,5,ar1,150495858.0,180539312.5588307,-30043454.55883071,25736881.8714,-1.1673307865711724,1.1673307865711724
Fiji|aus|export|raw_usd,Fiji,aus,export,raw_usd,2014,5,ar1,158640856.0,176065339.84521583,-17424483.845215827,30043454.55883071,-0.5799760414068038,0.5799760414068038
Fiji|aus|export|raw_usd,Fiji,aus,export,raw_usd,2015,5,ar1,141145285.68,164037716.87032032,-22892431.190320313,9354442.99000271,-2.4472254750802303,2.4472254750802303
Fiji|aus|export|raw_usd,Fiji,aus,export,raw_usd,2016,5,ar1,138318955.30200002,141634167.25727886,-3315211.9552788436,8106778.733851911,-0.40894318990542267,0.40894318990542267
Fiji|aus|export|raw_usd,Fiji,aus,export,raw_usd,2017,5,ar1,148948246.51999998,144111364.2420746,4836882.277925372,9354442.99000271,0.5170679091309498,0.5170679091309498
Fiji|aus|export|raw_usd,Fiji,aus,export,raw_usd,2018,5,ar1,134700865.49,146809427.8428487,-12108562.352848679,18708885.98000542,-0.6472091585671832,0.6472091585671832
Fiji|aus|export|raw_usd,Fiji,aus,export,raw_usd,2019,5,ar1,131984577.267,143886749.84077185,-11902172.57377185,14512592.61893624,-0.8201272430290452,0.8201272430290452
Fiji|aus|export|raw_usd,Fiji,aus,export,raw_usd,2020,5,ar1,123648633.942,139865175.1321935,-16216541.190193504,13037021.299437037,-1.243883922387529,1.243883922387529
Fiji|aus|export|raw_usd,Fiji,aus,export,raw_usd,2021,5,ar1,134577798.776,127694365.05834368,6883433.717656314,8889529.85938577,0.774330456901343,0.774330456901343
Fiji|aus|export|raw_usd,Fiji,aus,export,raw_usd,2022,5,ar1,110933060.60599999,131203838.04250862,-20270777.436508626,13037021.299437037,-1.5548626462230262,1.5548626462230262
Fiji|aus|export|raw_usd,Fiji,aus,export,raw_usd,2023,5,ar1,103906202.401,149370202.39900163,-45463999.998001635,10999487.298611121,-4.133283558020223,4.133283558020223
Fiji|aus|export|raw_usd,Fiji,aus,export,raw_usd,2024,5,ar1,138173139.327,109000056.28847304,29173083.038526952,9897674.514188007,2.9474684176276207,2.9474684176276207
Fiji|aus|export|raw_usd,Fiji,aus,export,raw_usd,2015,7,holt,141145285.68,152126522.28480482,-10981236.604804814,33290112.1098,-0.3298648129686574,0.3298648129686574
Fiji|aus|export|raw_usd,Fiji,aus,export,raw_usd,2016,7,holt,138318955.30200002,152585281.00069192,-14266325.698691905,10981236.604804814,-1.2991547502445862,1.2991547502445862
Fiji|aus|export|raw_usd,Fiji,aus,export,raw_usd,2017,7,holt,148948246.51999998,133149347.70659682,15798898.81340316,2435236.5452985,6.487623899988165,6.487623899988165
Fiji|aus|export|raw_usd,Fiji,aus,export,raw_usd,2018,7,holt,134700865.49,139711247.70856118,-5010382.2185611725,4870473.090597,-1.0287259831563966,1.0287259831563966
Fiji|aus|export|raw_usd,Fiji,aus,export,raw_usd,2019,7,holt,131984577.267,127273729.17249505,4710848.094504952,6861430.901820911,0.6865693412805149,0.6865693412805149
Fiji|aus|export|raw_usd,Fiji,aus,export,raw_usd,2020,7,holt,123648633.942,130189503.09304684,-6540869.151046842,13722861.803641822,-0.4766403134156028,0.4766403134156028
Fiji|aus|export|raw_usd,Fiji,aus,export,raw_usd,2021,7,holt,134577798.776,117049007.58971483,17528791.186285168,10153075.295291696,1.72645141264872,1.72645141264872
Fiji|aus|export|raw_usd,Fiji,aus,export,raw_usd,2022,7,holt,110933060.60599999,125230568.38354233,-14297507.777542338,13722861.803641822,-1.041875082772313,1.041875082772313
Fiji|aus|export|raw_usd,Fiji,aus,export,raw_usd,2023,7,holt,103906202.401,111054748.24980038,-7148545.848800391,12611427.115642022,-0.5668308418429513,0.5668308418429513
Fiji|aus|export|raw_usd,Fiji,aus,export,raw_usd,2024,7,holt,138173139.327,94481127.77472216,43692011.55227783,11453761.87753857,3.814642911160932,3.814642911160932
Fiji|aus|export|raw_usd,Fiji,aus,export,raw_usd,2015,7,ar1,141145285.68,162560522.28546718,-21415236.60546717,33290112.1098,-0.6432912131636503,0.6432912131636503
Fiji|aus|export|raw_usd,Fiji,aus,export,raw_usd,2016,7,ar1,138318955.30200002,166777070.84266013,-28458115.540660113,21415236.60546717,-1.3288723381835035,1.3288723381835035
Fiji|aus|export|raw_usd,Fiji,aus,export,raw_usd,2017,7,ar1,148948246.51999998,139275024.4130046,9673222.106995374,5220886.154658528,1.8527931505198758,1.8527931505198758
Fiji|aus|export|raw_usd,Fiji,aus,export,raw_usd,2018,7,ar1,134700865.49,147378625.77922451,-12677760.289224505,10441772.309317056,-1.2141387413621638,1.2141387413621638
Fiji|aus|export|raw_usd,Fiji,aus,export,raw_usd,2019,7,ar1,131984577.267,142901612.318213,-10917035.051212981,11697977.347889215,-0.9332412541543221,0.9332412541543221
Fiji|aus|export|raw_usd,Fiji,aus,export,raw_usd,2020,7,ar1,123648633.942,138196123.54366642,-14547489.60166642,12954182.386461375,-1.1229955830226874,1.1229955830226874
Fiji|aus|export|raw_usd,Fiji,aus,export,raw_usd,2021,7,ar1,134577798.776,129677071.08181244,4900727.694187552,7782316.81216863,0.6297260587650002,0.6297260587650002
Fiji|aus|export|raw_usd,Fiji,aus,export,raw_usd,2022,7,ar1,110933060.60599999,134856930.17361885,-23923869.56761886,12954182.386461375,-1.8468066029873165,1.8468066029873165
Fiji|aus|export|raw_usd,Fiji,aus,export,raw_usd,2023,7,ar1,103906202.401,123579293.29925807,-19673090.898258075,13427801.661991231,-1.4651013913874507,1.4651013913874507
Fiji|aus|export|raw_usd,Fiji,aus,export,raw_usd,2024,7,ar1,138173139.327,106640243.7203257,31532895.6066743,10182121.70783499,3.096888498436451,3.096888498436451
Fiji|aus|export|sti,Fiji,aus,export,sti,2009,1,naive,0.15905364308696443,0.12346100092845183,0.0355926421585126,1.0,0.0355926421585126,0.0355926421585126
Fiji|aus|export|sti,Fiji,aus,export,sti,2010,1,naive,0.2105419901351738,0.15905364308696443,0.05148834704820937,0.0355926421585126,1.4466008682048639,1.4466008682048639
Fiji|aus|export|sti,Fiji,aus,export,sti,2011,1,naive,0.18186678164541345,0.2105419901351738,-0.02867520848976035,0.011783486034732216,-2.433508081160297,2.433508081160297
Fiji|aus|export|sti,Fiji,aus,export,sti,2012,1,naive,0.14836504077476734,0.18186678164541345,-0.03350174087064611,0.023566972069464433,-1.4215547407574727,1.4215547407574727
Fiji|aus|export|sti,Fiji,aus,export,sti,2013,1,naive,0.1358278347140661,0.14836504077476734,-0.012537206060701245,0.05121966613951535,-0.2447732874039361,0.2447732874039361
Fiji|aus|export|sti,Fiji,aus,export,sti,2014,1,naive,0.11552098295347742,0.1358278347140661,-0.020306851760588676,0.03108201930922426,-0.6533311609700396,0.6533311609700396
Fiji|aus|export|sti,Fiji,aus,export,sti,2015,1,naive,0.1438437116280293,0.11552098295347742,0.028322728674551892,0.02174447249794709,1.3025254430626385,1.3025254430626385
Fiji|aus|export|sti,Fiji,aus,export,sti,2016,1,naive,0.15001445955428916,0.1438437116280293,0.006170747926259851,0.03108201930922426,0.1985311142390465,0.1985311142390465
Fiji|aus|export|sti,Fiji,aus,export,sti,2017,1,naive,0.14375173707137587,0.15001445955428916,-0.006262722482913291,0.041372317145807906,-0.1513747093459054,0.1513747093459054
Fiji|aus|export|sti,Fiji,aus,export,sti,2018,1,naive,0.13375524340343267,0.14375173707137587,-0.009996493667943196,0.03322875175375145,-0.30083867555496163,0.30083867555496163
Fiji|aus|export|sti,Fiji,aus,export,sti,2019,1,naive,0.13670112288476402,0.13375524340343267,0.0029458794813313482,0.025831307491195773,0.11404298765501547,0.11404298765501547
Fiji|aus|export|sti,Fiji,aus,export,sti,2020,1,naive,0.14958219873569245,0.13670112288476402,0.01288107585092843,0.020821826067081526,0.6186333422164589,0.6186333422164589
Fiji|aus|export|sti,Fiji,aus,export,sti,2021,1,naive,0.16491298389432005,0.14958219873569245,0.015330785158627597,0.02460221073841763,0.6231466481460457,0.6231466481460457
Fiji|aus|export|sti,Fiji,aus,export,sti,2022,1,naive,0.10512462942053041,0.16491298389432005,-0.059788354473789634,0.02295522262461752,-2.6045643491024877,2.6045643491024877
Fiji|aus|export|sti,Fiji,aus,export,sti,2023,1,naive,0.09722128091350396,0.10512462942053041,-0.007903348507026453,0.02641818024821502,-0.2991632441284616,0.2991632441284616
Fiji|aus|export|sti,Fiji,aus,export,sti,2024,1,naive,0.12194088055652876,0.09722128091350396,0.024719599643024795,0.028382595409753734,0.8709421843264501,0.8709421843264501
Fiji|aus|export|sti,Fiji,aus,export,sti,2011,3,holt,0.18186678164541345,0.23357702543082598,-0.05171024378541253,0.05276965126421078,-0.979923924956526,0.979923924956526
Fiji|aus|export|sti,Fiji,aus,export,sti,2012,3,holt,0.14836504077476734,0.2798499909056452,-0.13148495013087788,0.05171024378541253,-2.5427253964710532,2.5427253964710532
Fiji|aus|export|sti,Fiji,aus,export,sti,2013,3,holt,0.1358278347140661,0.12248922106592074,0.013338613648145356,0.05913698981389346,0.22555449119278004,0.22555449119278004
Fiji|aus|export|sti,Fiji,aus,export,sti,2014,3,holt,0.11552098295347742,0.08576411134356354,0.029756871609913874,0.09644143603099292,0.3085486159740617,0.3085486159740617
Fiji|aus|export|sti,Fiji,aus,export,sti,2015,3,holt,0.1438437116280293,0.10912179699568725,0.03472191463234206,0.06039157264255546,0.5749463561390179,0.5749463561390179
Fiji|aus|export|sti,Fiji,aus,export,sti,2016,3,holt,0.15001445955428916,0.08755097034543664,0.062463489208852516,0.03170288203917003,1.9702779429225605,1.9702779429225605
Fiji|aus|export|sti,Fiji,aus,export,sti,2017,3,holt,0.14375173707137587,0.19583725301999175,-0.05208551594861588,0.04009685664567823,-1.2989924973141211,1.2989924973141211
Fiji|aus|export|sti,Fiji,aus,export,sti,2018,3,holt,0.13375524340343267,0.1597449266208825,-0.02598968321744982,0.07283254050630443,-0.3568416402445846,0.3568416402445846
Fiji|aus|export|sti,Fiji,aus,export,sti,2019,3,holt,0.13670112288476402,0.130442200156693,0.00625892272807102,0.06407215903508147,0.0976855286653298,0.0976855286653298
Fiji|aus|export|sti,Fiji,aus,export,sti,2020,3,holt,0.14958219873569245,0.11648015442889395,0.0331020443067985,0.047811783174829196,0.6923407183069732,0.6923407183069732
Fiji|aus|export|sti,Fiji,aus,export,sti,2021,3,holt,0.16491298389432005,0.14467927308504214,0.02023371080927791,0.04500550748605072,0.4495829941601985,0.4495829941601985
Fiji|aus|export|sti,Fiji,aus,export,sti,2022,3,holt,0.10512462942053041,0.17585878939216615,-0.07073415997163573,0.03170288203917003,-2.231158665140954,2.231158665140954
Fiji|aus|export|sti,Fiji,aus,export,sti,2023,3,holt,0.09722128091350396,0.17979953488876763,-0.08257825397526367,0.04500550748605072,-1.8348477461532562,1.8348477461532562
Fiji|aus|export|sti,Fiji,aus,export,sti,2024,3,holt,0.12194088055652876,-0.003556228274028586,0.12549710883055734,0.047811783174829196,2.6248154847448997,2.6248154847448997
Fiji|aus|export|sti,Fiji,aus,export,sti,2011,3,ar1,0.18186678164541345,0.2105419901351738,-0.02867520848976035,0.05276965126421078,-0.5434034109148707,0.5434034109148707
Fiji|aus|export|sti,Fiji,aus,export,sti,2012,3,ar1,0.14836504077476734,0.18186678164541345,-0.03350174087064611,0.02867520848976035,-1.1683172550466119,1.1683172550466119
Fiji|aus|export|sti,Fiji,aus,export,sti,2013,3,ar1,0.1358278347140661,0.14836504077476734,-0.012537206060701245,0.0035779084539506152,-3.5040600457113573,3.5040600457113573
Fiji|aus|export|sti,Fiji,aus,export,sti,2014,3,ar1,0.11552098295347742,0.1358278347140661,-0.020306851760588676,0.0071558169079012305,-2.837810416608966,2.837810416608966
Fiji|aus|export|sti,Fiji,aus,export,sti,2015,3,ar1,0.1438437116280293,0.11552098295347742,0.028322728674551892,0.009781371297285577,2.8955785251104533,2.8955785251104533
Fiji|aus|export|sti,Fiji,aus,export,sti,2016,3,ar1,0.15001445955428916,0.1438437116280293,0.006170747926259851,0.012406925686669925,0.49736317296473687,0.49736317296473687
Fiji|aus|export|sti,Fiji,aus,export,sti,2017,3,ar1,0.14375173707137587,0.15001445955428916,-0.006262722482913291,0.02174447249794709,-0.28801445900812533,0.28801445900812533
Fiji|aus|export|sti,Fiji,aus,export,sti,2018,3,ar1,0.13375524340343267,0.14375173707137587,-0.009996493667943196,0.02392620240132303,-0.41780527892677305,0.41780527892677305
Fiji|aus|export|sti,Fiji,aus,export,sti,2019,3,ar1,0.13670112288476402,0.13375524340343267,0.0029458794813313482,0.01960616965473961,0.15025267725454008,0.15025267725454008
Fiji|aus|export|sti,Fiji,aus,export,sti,2020,3,ar1,0.14958219873569245,0.13670112288476402,0.01288107585092843,0.01918836243111444,0.6712962555909109,0.6712962555909109
Fiji|aus|export|sti,Fiji,aus,export,sti,2021,3,ar1,0.16491298389432005,0.14958219873569245,0.015330785158627597,0.019627844647860812,0.7810732881614926,0.7810732881614926
Fiji|aus|export|sti,Fiji,aus,export,sti,2022,3,ar1,0.10512462942053041,0.16491298389432005,-0.059788354473789634,0.020821826067081526,-2.8714270439667455,2.8714270439667455
Fiji|aus|export|sti,Fiji,aus,export,sti,2023,3,ar1,0.09722128091350396,0.10512462942053041,-0.007903348507026453,0.025831307491195773,-0.3059600645348748,0.3059600645348748
Fiji|aus|export|sti,Fiji,aus,export,sti,2024,3,ar1,0.12194088055652876,0.09722128091350396,0.024719599643024795,0.020866255371990272,1.1846687008444765,1.1846687008444765
Fiji|aus|export|sti,Fiji,aus,export,sti,2013,5,holt,0.1358278347140661,0.1693832409823233,-0.033555406268257204,0.03382275922675652,-0.9920954716702174,0.9920954716702174
Fiji|aus|export|sti,Fiji,aus,export,sti,2014,5,holt,0.11552098295347742,0.14678827914772571,-0.0312672961942483,0.033555406268257204,-0.9318109858150215,0.9318109858150215
Fiji|aus|export|sti,Fiji,aus,export,sti,2015,5,holt,0.1438437116280293,0.08996180126419968,0.053881910363829624,0.001696175997862802,31.76669781421347,31.76669781421347
Fiji|aus|export|sti,Fiji,aus,export,sti,2016,5,holt,0.15001445955428916,0.12059092211929247,0.02942353743499669,0.003392351995725604,8.673491864072664,8.673491864072664
Fiji|aus|export|sti,Fiji,aus,export,sti,2017,5,holt,0.14375173707137587,0.14625054506609078,-0.0024988079947149133,0.04668629096722211,-0.05352337791128656,0.05352337791128656
Fiji|aus|export|sti,Fiji,aus,export,sti,2018,5,holt,0.13375524340343267,0.1410594339004658,-0.007304190497033125,0.0460445126003538,-0.15863324605974874,0.15863324605974874
Fiji|aus|export|sti,Fiji,aus,export,sti,2019,5,holt,0.13670112288476402,0.14740745655235427,-0.010706333667590245,0.04078610655352251,-0.26249952673321764,0.26249952673321764
Fiji|aus|export|sti,Fiji,aus,export,sti,2020,5,holt,0.14958219873569245,0.1361424996687171,0.013439699066975341,0.03552770050669121,0.3782878957911767,0.3782878957911767
Fiji|aus|export|sti,Fiji,aus,export,sti,2021,5,holt,0.16491298389432005,0.14545590325539834,0.01945708063892171,0.033141295587145084,0.5870947497438441,0.5870947497438441
Fiji|aus|export|sti,Fiji,aus,export,sti,2022,5,holt,0.10512462942053041,0.16424209825598007,-0.05911746883544966,0.03255180048822966,-1.8161044227592213,1.8161044227592213
Fiji|aus|export|sti,Fiji,aus,export,sti,2023,5,holt,0.09722128091350396,0.14538287193344557,-0.04816159101994161,0.03760198054642892,-1.2808259118286134,1.2808259118286134
Fiji|aus|export|sti,Fiji,aus,export,sti,2024,5,holt,0.12194088055652876,0.09248764019723707,0.029453240359291685,0.03892005250241682,0.7567626060489699,0.7567626060489699
Fiji|aus|export|sti,Fiji,aus,export,sti,2013,5,ar1,0.1358278347140661,0.17337733196791286,-0.037549497253846764,0.03382275922675652,-1.1101843289042514,1.1101843289042514
Fiji|aus|export|sti,Fiji,aus,export,sti,2014,5,ar1,0.11552098295347742,0.15991505118872335,-0.04439406823524593,0.037549497253846764,-1.1822812948766703,1.1822812948766703
Fiji|aus|export|sti,Fiji,aus,export,sti,2015,5,ar1,0.1438437116280293,0.10236900111880677,0.04147471050922254,0.0050738804685112006,8.174159948508251,8.174159948508251
Fiji|aus|export|sti,Fiji,aus,export,sti,2016,5,ar1,0.15001445955428916,0.1356141878478269,0.01440027170646227,0.010147760937022401,1.419059021574434,1.419059021574434
Fiji|aus|export|sti,Fiji,aus,export,sti,2017,5,ar1,0.14375173707137587,0.13520578331024977,0.008545953761126102,0.043584244198788286,0.19607897115636327,0.19607897115636327
Fiji|aus|export|sti,Fiji,aus,export,sti,2018,5,ar1,0.13375524340343267,0.13892870606249824,-0.00517346265906557,0.048820174754727774,-0.10596976936393634,0.10596976936393634
Fiji|aus|export|sti,Fiji,aus,export,sti,2019,5,ar1,0.13670112288476402,0.14297989603431024,-0.006278773149546224,0.03851036373027709,-0.16304112818882086,0.16304112818882086
Fiji|aus|export|sti,Fiji,aus,export,sti,2020,5,ar1,0.14958219873569245,0.13828764728691395,0.0112945514487785,0.029020018570331572,0.38919862926364257,0.38919862926364257
Fiji|aus|export|sti,Fiji,aus,export,sti,2021,5,ar1,0.16491298389432005,0.1409012533130494,0.02401173058127065,0.01654754475102251,1.4510751257999719,1.4510751257999719
Fiji|aus|export|sti,Fiji,aus,export,sti,2022,5,ar1,0.10512462942053041,0.17468468623378933,-0.06956005681325891,0.02197914011776279,-3.164821573572064,3.164821573572064
Fiji|aus|export|sti,Fiji,aus,export,sti,2023,5,ar1,0.09722128091350396,0.18097133564699364,-0.08375005473348968,0.02597478964193894,-3.2242823094230832,3.2242823094230832
Fiji|aus|export|sti,Fiji,aus,export,sti,2024,5,ar1,0.12194088055652876,0.11212117605656916,0.0098197044999596,0.04326996749812248,0.2269404177478452,0.2269404177478452
Fiji|aus|export|sti,Fiji,aus,export,sti,2015,7,holt,0.1438437116280293,0.11338643685856024,0.030457274769469064,0.036922729476147366,0.824892287260207,0.824892287260207
Fiji|aus|export|sti,Fiji,aus,export,sti,2016,7,holt,0.15001445955428916,0.1400736520918502,0.009940807462438972,0.030457274769469064,0.3263853229706494,0.3263853229706494
Fiji|aus|export|sti,Fiji,aus,export,sti,2017,7,holt,0.14375173707137587,0.14027363101507953,0.0034781060562963373,0.015208857214701407,0.2286895068575093,0.2286895068575093
Fiji|aus|export|sti,Fiji,aus,export,sti,2018,7,holt,0.13375524340343267,0.13900247751353934,-0.005247234110106663,0.009581601104747069,-0.5476364599969618,0.5476364599969618
Fiji|aus|export|sti,Fiji,aus,export,sti,2019,7,holt,0.13670112288476402,0.13046047730461752,0.006240645580146503,0.011258895217728078,0.5542857855467099,0.5542857855467099
Fiji|aus|export|sti,Fiji,aus,export,sti,2020,7,holt,0.14958219873569245,0.13276024080182797,0.016821957933864484,0.005485860006686814,3.0664212928073074,3.0664212928073074
Fiji|aus|export|sti,Fiji,aus,export,sti,2021,7,holt,0.16491298389432005,0.15457346020586651,0.010339523688453534,0.009891797396841267,1.0452623798941978,1.0452623798941978
Fiji|aus|export|sti,Fiji,aus,export,sti,2022,7,holt,0.10512462942053041,0.16803866591700678,-0.06291403649647637,0.009581601104747069,-6.566129794873896,6.566129794873896
Fiji|aus|export|sti,Fiji,aus,export,sti,2023,7,holt,0.09722128091350396,0.11667482940186484,-0.01945354848836088,0.009891797396841267,-1.9666343443885086,1.9666343443885086
Fiji|aus|export|sti,Fiji,aus,export,sti,2024,7,holt,0.12194088055652876,0.09692288498237672,0.025017995574152033,0.015687853695622277,1.5947366707743678,1.5947366707743678
Fiji|aus|export|sti,Fiji,aus,export,sti,2015,7,ar1,0.1438437116280293,0.13942578773075637,0.004417923897272941,0.036922729476147366,0.11965323149056424,0.11965323149056424
Fiji|aus|export|sti,Fiji,aus,export,sti,2016,7,ar1,0.15001445955428916,0.1486944429229932,0.0013200166312959671,0.004417923897272941,0.2987866386994072,0.2987866386994072
Fiji|aus|export|sti,Fiji,aus,export,sti,2017,7,ar1,0.14375173707137587,0.1431186925607317,0.0006330445106441651,0.00229647865626873,0.2756587825957514,0.2756587825957514
Fiji|aus|export|sti,Fiji,aus,export,sti,2018,7,ar1,0.13375524340343267,0.13917245190293537,-0.005417208499502696,0.0010185048660783615,-5.3187850936452055,5.3187850936452055
Fiji|aus|export|sti,Fiji,aus,export,sti,2019,7,ar1,0.13670112288476402,0.136990389355307,-0.00028926647054297594,0.002805731089307911,-0.1030984300830944,0.1030984300830944
Fiji|aus|export|sti,Fiji,aus,export,sti,2020,7,ar1,0.14958219873569245,0.13724521676210463,0.012336981973587818,0.0013674182607080552,9.022098306044029,9.022098306044029
Fiji|aus|export|sti,Fiji,aus,export,sti,2021,7,ar1,0.16491298389432005,0.14287107123670068,0.022041912657619372,0.0034894402196619387,6.316747463796592,6.316747463796592
Fiji|aus|export|sti,Fiji,aus,export,sti,2022,7,ar1,0.10512462942053041,0.16315923852319683,-0.05803460910266642,0.00459295731253746,-12.635564659886677,12.635564659886677
Fiji|aus|export|sti,Fiji,aus,export,sti,2023,7,ar1,0.09722128091350396,0.17768174890024346,-0.0804604679867395,0.007290783645729779,-11.035914916205927,11.035914916205927
Fiji|aus|export|sti,Fiji,aus,export,sti,2024,7,ar1,0.12194088055652876,0.11496615244924863,0.006974728107280129,0.008970105112843735,0.7775525503367234,0.7775525503367234
Fiji|aus|import|cwti,Fiji,aus,import,cwti,2009,1,naive,0.06082270637341951,0.054751059227695666,0.006071647145723842,1.0,0.006071647145723842,0.006071647145723842
Fiji|aus|import|cwti,Fiji,aus,import,cwti,2010,1,naive,0.05708517368472342,0.06082270637341951,-0.003737532688696088,0.006071647145723842,-0.615571458451496,0.615571458451496
Fiji|aus|import|cwti,Fiji,aus,import,cwti,2011,1,naive,0.05311056764495862,0.05708517368472342,-0.003974606039764801,0.007271545011255494,-0.5465971858267507,0.5465971858267507
Fiji|aus|import|cwti,Fiji,aus,import,cwti,2012,1,naive,0.04577974741435364,0.05311056764495862,-0.007330820230604981,0.0003514849502944741,-20.856711573178938,20.856711573178938
Fiji|aus|import|cwti,Fiji,aus,import,cwti,2013,1,naive,0.029705915640106505,0.04577974741435364,-0.016073831774247132,0.0026637040548170626,-6.034390999697993,6.034390999697993
Fiji|aus|import|cwti,Fiji,aus,import,cwti,2014,1,naive,0.026908849281175606,0.029705915640106505,-0.0027970663589308997,0.004975923159339651,-0.5621200869392234,0.5621200869392234
Fiji|aus|import|cwti,Fiji,aus,import,cwti,2015,1,naive,0.034470998132586,0.026908849281175606,0.007562148851410395,0.0033608717450719964,2.250055766780948,2.250055766780948
Fiji|aus|import|cwti,Fiji,aus,import,cwti,2016,1,naive,0.036756467839422796,0.034470998132586,0.0022854697068367957,0.005327408109634125,0.4290021826380703,0.4290021826380703
Fiji|aus|import|cwti,Fiji,aus,import,cwti,2017,1,naive,0.03456327604810751,0.036756467839422796,-0.002193191791315288,0.007128555730625589,-0.3076628526438998,0.3076628526438998
Fiji|aus|import|cwti,Fiji,aus,import,cwti,2018,1,naive,0.05238118508824364,0.03456327604810751,0.01781790904013613,0.006721743490143993,2.650786818369714,2.650786818369714
Fiji|aus|import|cwti,Fiji,aus,import,cwti,2019,1,naive,0.05167856052286888,0.05238118508824364,-0.0007026245653747598,0.007128555730625589,-0.09856478534019945,0.09856478534019945
Fiji|aus|import|cwti,Fiji,aus,import,cwti,2020,1,naive,0.0644572540612146,0.05167856052286888,0.012778693538345716,0.00664006353716028,1.924483623813442,1.924483623813442
Fiji|aus|import|cwti,Fiji,aus,import,cwti,2021,1,naive,0.05986891347009803,0.0644572540612146,-0.004588340591116562,0.007128555730625589,-0.6436564101483004,0.6436564101483004
Fiji|aus|import|cwti,Fiji,aus,import,cwti,2022,1,naive,0.058234600575544755,0.05986891347009803,-0.0016343128945532776,0.00664006353716028,-0.2461291048507369,0.2461291048507369
Fiji|aus|import|cwti,Fiji,aus,import,cwti,2023,1,naive,0.052670151629315584,0.058234600575544755,-0.005564448946229171,0.005095555573872823,-1.0920200683828418,1.0920200683828418
Fiji|aus|import|cwti,Fiji,aus,import,cwti,2024,1,naive,0.042792318779093015,0.052670151629315584,-0.009877832850222569,0.004998225857875322,-1.9762678060373808,1.9762678060373808
Fiji|aus|import|cwti,Fiji,aus,import,cwti,2011,3,holt,0.05311056764495862,0.07090607289963902,-0.017795505254680398,0.0034605580939893483,-5.142380151221693,5.142380151221693
Fiji|aus|import|cwti,Fiji,aus,import,cwti,2012,3,holt,0.04577974741435364,0.049510537499882386,-0.0037307900855287485,0.017795505254680398,-0.20964788760619837,0.20964788760619837
Fiji|aus|import|cwti,Fiji,aus,import,cwti,2013,3,holt,0.029705915640106505,0.043751745605276136,-0.014045829965169631,0.010426173354892118,-1.3471701924636728,1.3471701924636728
Fiji|aus|import|cwti,Fiji,aus,import,cwti,2014,3,holt,0.026908849281175606,0.029282074528978828,-0.002373225247803222,0.005559268584228663,-0.4268952312424571,0.4268952312424571
Fiji|aus|import|cwti,Fiji,aus,import,cwti,2015,3,holt,0.034470998132586,0.0010102110995944685,0.03346078703299153,0.00865290187698372,3.867001788382176,3.867001788382176
Fiji|aus|import|cwti,Fiji,aus,import,cwti,2016,3,holt,0.036756467839422796,0.02349015175748548,0.013266316081937315,0.015293078125555571,0.8674719355398162,0.8674719355398162
Fiji|aus|import|cwti,Fiji,aus,import,cwti,2017,3,holt,0.03456327604810751,0.04848719321504633,-0.013923917166938825,0.019079075231875835,-0.7298004225946878,0.7298004225946878
Fiji|aus|import|cwti,Fiji,aus,import,cwti,2018,3,holt,0.05238118508824364,0.04038688833848445,0.011994296749759187,0.015293078125555571,0.7842957873677543,0.7842957873677543
Fiji|aus|import|cwti,Fiji,aus,import,cwti,2019,3,holt,0.05167856052286888,0.03437922364008173,0.017299336882787147,0.019079075231875835,0.9067177875521325,0.9067177875521325
Fiji|aus|import|cwti,Fiji,aus,import,cwti,2020,3,holt,0.0644572540612146,0.08412769111135862,-0.019670437050144027,0.021301288113586028,-0.9234388523949479,0.9234388523949479
Fiji|aus|import|cwti,Fiji,aus,import,cwti,2021,3,holt,0.05986891347009803,0.05310438819390066,0.006764525276197371,0.022083180225891064,0.30632024948410347,0.30632024948410347
Fiji|aus|import|cwti,Fiji,aus,import,cwti,2022,3,holt,0.058234600575544755,0.08636756397071894,-0.02813296339517419,0.021301288113586028,-1.3207165334396327,1.3207165334396327
Fiji|aus|import|cwti,Fiji,aus,import,cwti,2023,3,holt,0.052670151629315584,0.051312578104143206,0.0013575735251723786,0.022083180225891064,0.061475453774575174,0.061475453774575174
Fiji|aus|import|cwti,Fiji,aus,import,cwti,2024,3,holt,0.042792318779093015,0.05331531764473433,-0.010522998865641314,0.021301288113586028,-0.4940076304084969,0.4940076304084969
Fiji|aus|import|cwti,Fiji,aus,import,cwti,2011,3,ar1,0.05311056764495862,0.05708517368472342,-0.003974606039764801,0.0034605580939893483,-1.1485448103496092,1.1485448103496092
Fiji|aus|import|cwti,Fiji,aus,import,cwti,2012,3,ar1,0.04577974741435364,0.05311056764495862,-0.007330820230604981,0.003974606039764801,-1.8444143035214593,1.8444143035214593
Fiji|aus|import|cwti,Fiji,aus,import,cwti,2013,3,ar1,0.029705915640106505,0.04577974741435364,-0.016073831774247132,0.0024879615796698255,-6.460643084520731,6.460643084520731
Fiji|aus|import|cwti,Fiji,aus,import,cwti,2014,3,ar1,0.026908849281175606,0.029705915640106505,-0.0027970663589308997,0.004975923159339651,-0.5621200869392234,0.5621200869392234
Fiji|aus|import|cwti,Fiji,aus,import,cwti,2015,3,ar1,0.034470998132586,0.026908849281175606,0.007562148851410395,0.0033608717450719964,2.250055766780948,2.250055766780948
Fiji|aus|import|cwti,Fiji,aus,import,cwti,2016,3,ar1,0.036756467839422796,0.034470998132586,0.0022854697068367957,0.004975923159339651,0.459305667240267,0.459305667240267
Fiji|aus|import|cwti,Fiji,aus,import,cwti,2017,3,ar1,0.03456327604810751,0.036756467839422796,-0.002193191791315288,0.007128555730625589,-0.3076628526438998,0.3076628526438998
Fiji|aus|import|cwti,Fiji,aus,import,cwti,2018,3,ar1,0.05238118508824364,0.03456327604810751,0.01781790904013613,0.006721743490143993,2.650786818369714,2.650786818369714
Fiji|aus|import|cwti,Fiji,aus,import,cwti,2019,3,ar1,0.05167856052286888,0.05238118508824364,-0.0007026245653747598,0.007128555730625589,-0.09856478534019945,0.09856478534019945
Fiji|aus|import|cwti,Fiji,aus,import,cwti,2020,3,ar1,0.0644572540612146,0.05167856052286888,0.012778693538345716,0.00664006353716028,1.924483623813442,1.924483623813442
Fiji|aus|import|cwti,Fiji,aus,import,cwti,2021,3,ar1,0.05986891347009803,0.0644572540612146,-0.004588340591116562,0.007128555730625589,-0.6436564101483004,0.6436564101483004
Fiji|aus|import|cwti,Fiji,aus,import,cwti,2022,3,ar1,0.058234600575544755,0.05986891347009803,-0.0016343128945532776,0.00664006353716028,-0.2461291048507369,0.2461291048507369
Fiji|aus|import|cwti,Fiji,aus,import,cwti,2023,3,ar1,0.052670151629315584,0.058234600575544755,-0.005564448946229171,0.005095555573872823,-1.0920200683828418,1.0920200683828418
Fiji|aus|import|cwti,Fiji,aus,import,cwti,2024,3,ar1,0.042792318779093015,0.052670151629315584,-0.009877832850222569,0.004998225857875322,-1.9762678060373808,1.9762678060373808
Fiji|aus|import|cwti,Fiji,aus,import,cwti,2013,5,holt,0.029705915640106505,0.04675377441065451,-0.017047858770548003,0.0034605580939893483,-4.926332200623498,4.926332200623498
Fiji|aus|import|cwti,Fiji,aus,import,cwti,2014,5,holt,0.026908849281175606,0.024565930269386846,0.00234291901178876,0.017047858770548003,0.13743186421959352,0.13743186421959352
Fiji|aus|import|cwti,Fiji,aus,import,cwti,2015,5,holt,0.034470998132586,0.019355622522497846,0.015115375610088154,0.014374383570046242,1.051549482899984,1.051549482899984
Fiji|aus|import|cwti,Fiji,aus,import,cwti,2016,5,holt,0.036756467839422796,0.01667563004523364,0.020080837794189156,0.01893644415263868,1.060433396699296,1.060433396699296
Fiji|aus|import|cwti,Fiji,aus,import,cwti,2017,5,holt,0.03456327604810751,0.02998418542226418,0.0045790906258433295,0.013149119193393413,0.3482431453008676,0.3482431453008676
Fiji|aus|import|cwti,Fiji,aus,import,cwti,2018,5,holt,0.05238118508824364,0.035290018978177067,0.017091166110066572,0.015621096117641375,1.0941079922531813,1.0941079922531813
Fiji|aus|import|cwti,Fiji,aus,import,cwti,2019,5,holt,0.05167856052286888,0.057348376327010966,-0.005669815804142088,0.010932875573953341,-0.5186024267622644,0.5186024267622644
Fiji|aus|import|cwti,Fiji,aus,import,cwti,2020,5,holt,0.0644572540612146,0.04887875902990877,0.015578495031305824,0.015621096117641375,0.9972728491000423,0.9972728491000423
Fiji|aus|import|cwti,Fiji,aus,import,cwti,2021,5,holt,0.05986891347009803,0.06763802068378766,-0.007769107213689626,0.010932875573953341,-0.7106188267795595,0.7106188267795595
Fiji|aus|import|cwti,Fiji,aus,import,cwti,2022,5,holt,0.058234600575544755,0.07149870441510967,-0.01326410383956491,0.016307716971538693,-0.8133636279507611,0.8133636279507611
Fiji|aus|import|cwti,Fiji,aus,import,cwti,2023,5,holt,0.052670151629315584,0.0583129393342243,-0.005642787704908718,0.017622080562088686,-0.3202112080368277,0.3202112080368277
Fiji|aus|import|cwti,Fiji,aus,import,cwti,2024,5,holt,0.042792318779093015,0.05744330610870563,-0.014650987329612612,0.01893644415263868,-0.7736926326567538,0.7736926326567538
Fiji|aus|import|cwti,Fiji,aus,import,cwti,2013,5,ar1,0.029705915640106505,0.04505256256485229,-0.015346646924745782,0.0034605580939893483,-4.434731770982666,4.434731770982666
Fiji|aus|import|cwti,Fiji,aus,import,cwti,2014,5,ar1,0.026908849281175606,0.0008180042209702046,0.0260908450602054,0.015346646924745782,1.700100692232326,1.700100692232326
Fiji|aus|import|cwti,Fiji,aus,import,cwti,2015,5,ar1,0.034470998132586,0.02089552666776173,0.013575471464824272,0.03071761280844431,0.4419442210396101,0.4419442210396101
Fiji|aus|import|cwti,Fiji,aus,import,cwti,2016,5,ar1,0.036756467839422796,0.03239533732076069,0.004361130518662104,0.018555292892512062,0.23503431306234063,0.23503431306234063
Fiji|aus|import|cwti,Fiji,aus,import,cwti,2017,5,ar1,0.03456327604810751,0.03171073925525436,0.002852536792853147,0.016108237389646042,0.17708559439822286,0.17708559439822286
Fiji|aus|import|cwti,Fiji,aus,import,cwti,2018,5,ar1,0.05238118508824364,0.03418416219873518,0.01819702288950846,0.01366118188678003,1.3320240547501807,1.3320240547501807
Fiji|aus|import|cwti,Fiji,aus,import,cwti,2019,5,ar1,0.05167856052286888,0.04925287398350496,0.002425686539363918,0.011374867543450583,0.21324965148808073,0.21324965148808073
Fiji|aus|import|cwti,Fiji,aus,import,cwti,2020,5,ar1,0.0644572540612146,0.05036545715115798,0.014091796910056617,0.01366118188678003,1.0315210665406114,1.0315210665406114
Fiji|aus|import|cwti,Fiji,aus,import,cwti,2021,5,ar1,0.05986891347009803,0.06713809780802393,-0.0072691843379259005,0.00938365609418594,-0.774664402122521,0.774664402122521
Fiji|aus|import|cwti,Fiji,aus,import,cwti,2022,5,ar1,0.058234600575544755,0.05935051757873465,-0.0011159170031898938,0.014426685991881504,-0.0773508901363672,0.0773508901363672
Fiji|aus|import|cwti,Fiji,aus,import,cwti,2023,5,ar1,0.052670151629315584,0.05865241893964987,-0.0059822673103342855,0.015162254468272946,-0.39454998746078257,0.39454998746078257
Fiji|aus|import|cwti,Fiji,aus,import,cwti,2024,5,ar1,0.042792318779093015,0.06100865656103702,-0.018216337781944,0.015006463748493015,-1.2138994294224268,1.2138994294224268
Fiji|aus|import|cwti,Fiji,aus,import,cwti,2015,7,holt,0.034470998132586,0.021620698127302922,0.012850300005283078,0.010868674073894944,1.1823245336013641,1.1823245336013641
Fiji|aus|import|cwti,Fiji,aus,import,cwti,2016,7,holt,0.036756467839422796,0.028133136432745193,0.008623331406677603,0.012850300005283078,0.6710607069976838,0.6710607069976838
Fiji|aus|import|cwti,Fiji,aus,import,cwti,2017,7,holt,0.03456327604810751,0.03117896146743718,0.003384314580670327,0.003133451822146239,1.0800595550092937,1.0800595550092937
Fiji|aus|import|cwti,Fiji,aus,import,cwti,2018,7,holt,0.05238118508824364,0.03277169572064627,0.01960948936759737,0.006266903644292478,3.129055508210426,3.129055508210426
Fiji|aus|import|cwti,Fiji,aus,import,cwti,2019,7,holt,0.05167856052286888,0.05041991235973875,0.0012586481631301286,0.007017134995265432,0.17936781378430908,0.17936781378430908
Fiji|aus|import|cwti,Fiji,aus,import,cwti,2020,7,holt,0.0644572540612146,0.05602540250777773,0.008431851553436863,0.007767366346238386,1.0855483284266971,1.0855483284266971
Fiji|aus|import|cwti,Fiji,aus,import,cwti,2021,7,holt,0.05986891347009803,0.0685424977800483,-0.008673584309950265,0.007017134995265432,-1.2360577808183062,1.2360577808183062
Fiji|aus|import|cwti,Fiji,aus,import,cwti,2022,7,holt,0.058234600575544755,0.06483183900418522,-0.006597238428640469,0.007483478315823666,-0.8815738016759853,0.8815738016759853
Fiji|aus|import|cwti,Fiji,aus,import,cwti,2023,7,holt,0.052670151629315584,0.06083445996855282,-0.008164308339237238,0.008592891510587982,-0.9501235211892699,0.9501235211892699
Fiji|aus|import|cwti,Fiji,aus,import,cwti,2024,7,holt,0.042792318779093015,0.05703444854979687,-0.014242129770703854,0.014034269990530864,-1.0148108722657634,1.0148108722657634
Fiji|aus|import|cwti,Fiji,aus,import,cwti,2015,7,ar1,0.034470998132586,0.019754738582083438,0.014716259550502563,0.010868674073894944,1.3540068871739368,1.3540068871739368
Fiji|aus|import|cwti,Fiji,aus,import,cwti,2016,7,ar1,0.036756467839422796,0.03288269267041538,0.003873775169007415,0.014716259550502563,0.26323096271260893,0.26323096271260893
Fiji|aus|import|cwti,Fiji,aus,import,cwti,2017,7,ar1,0.03456327604810751,0.035120514067257205,-0.0005572380191496973,0.008037533672002353,-0.06932947865472211,0.06932947865472211
Fiji|aus|import|cwti,Fiji,aus,import,cwti,2018,7,ar1,0.05238118508824364,0.03346683771198782,0.018914347376255816,0.006569420152761734,2.879150204497785,2.879150204497785
Fiji|aus|import|cwti,Fiji,aus,import,cwti,2019,7,ar1,0.05167856052286888,0.03431854363710915,0.01736001688575973,0.01114957617723324,1.5570113706391668,1.5570113706391668
Fiji|aus|import|cwti,Fiji,aus,import,cwti,2020,7,ar1,0.0644572540612146,0.05176699241756823,0.012690261643646367,0.006224085010461774,2.038895937686567,2.038895937686567
Fiji|aus|import|cwti,Fiji,aus,import,cwti,2021,7,ar1,0.05986891347009803,0.06880154171988782,-0.008932628249789791,0.006573732066209522,-1.358836679046524,1.358836679046524
Fiji|aus|import|cwti,Fiji,aus,import,cwti,2022,7,ar1,0.058234600575544755,0.0600310434418856,-0.0017964428663408416,0.009227829507166769,-0.1946766425350229,0.1946766425350229
Fiji|aus|import|cwti,Fiji,aus,import,cwti,2023,7,ar1,0.052670151629315584,0.05831649752287764,-0.005646345893562055,0.013282061061009357,-0.42511067127506236,0.42511067127506236
Fiji|aus|import|cwti,Fiji,aus,import,cwti,2024,7,ar1,0.042792318779093015,0.05639292672025873,-0.013600607941165715,0.014114531487365495,-0.9635890467452063,0.9635890467452063
Fiji|aus|import|raw_usd,Fiji,aus,import,raw_usd,2009,1,naive,317811764.0,445433871.0,-127622107.0,1.0,-127622107.0,127622107.0
Fiji|aus|import|raw_usd,Fiji,aus,import,raw_usd,2010,1,naive,367391118.0,317811764.0,49579354.0,127622107.0,0.3884856249865864,0.3884856249865864
Fiji|aus|import|raw_usd,Fiji,aus,import,raw_usd,2011,1,naive,427565330.0,367391118.0,60174212.0,131359443.0393,0.45808820902199726,0.45808820902199726
Fiji|aus|import|raw_usd,Fiji,aus,import,raw_usd,2012,1,naive,412432952.0,427565330.0,-15132378.0,15707936.4708,-0.9633587472250144,0.9633587472250144
Fiji|aus|import|raw_usd,Fiji,aus,import,raw_usd,2013,1,naive,383628285.0,412432952.0,-28804667.0,55824775.166999996,-0.5159835738492586,0.5159835738492586
Fiji|aus|import|raw_usd,Fiji,aus,import,raw_usd,2014,1,naive,454915652.0,383628285.0,71287367.0,95941613.8632,0.7430286413739748,0.7430286413739748
Fiji|aus|import|raw_usd,Fiji,aus,import,raw_usd,2015,1,naive,365303779.831,454915652.0,-89611872.16900003,65960043.00269999,-1.358578134421954,1.358578134421954
Fiji|aus|import|raw_usd,Fiji,aus,import,raw_usd,2016,1,naive,400915607.882,365303779.831,35611828.05100006,110423298.05495943,0.3225028474812941,0.3225028474812941
Fiji|aus|import|raw_usd,Fiji,aus,import,raw_usd,2017,1,naive,399355988.49,400915607.882,-1559619.3920000196,66178902.15299365,-0.023566715996503864,0.023566715996503864
Fiji|aus|import|raw_usd,Fiji,aus,import,raw_usd,2018,1,naive,430557444.605,399355988.49,31201456.11500001,75818641.95097922,0.41152749920228604,0.41152749920228604
Fiji|aus|import|raw_usd,Fiji,aus,import,raw_usd,2019,1,naive,396036077.237,430557444.605,-34521367.36800003,58106074.767299995,-0.5941094370295928,0.5941094370295928
Fiji|aus|import|raw_usd,Fiji,aus,import,raw_usd,2020,1,naive,309616886.169,396036077.237,-86419191.06799996,55110387.97899191,-1.568110736236206,1.568110736236206
Fiji|aus|import|raw_usd,Fiji,aus,import,raw_usd,2021,1,naive,358400894.856,309616886.169,48784008.68699998,75526000.92109595,0.645923365358189,0.645923365358189
Fiji|aus|import|raw_usd,Fiji,aus,import,raw_usd,2022,1,naive,465141504.862,358400894.856,106740610.00599998,74639462.98992538,1.4300827702954872,1.4300827702954872
Fiji|aus|import|raw_usd,Fiji,aus,import,raw_usd,2023,1,naive,477404479.852,465141504.862,12262974.99000001,65960043.00269999,0.1859152061119493,0.1859152061119493
Fiji|aus|import|raw_usd,Fiji,aus,import,raw_usd,2024,1,naive,449258554.522,477404479.852,-28145925.329999983,60886886.01437401,-0.46226580422187086,0.46226580422187086
Fiji|aus|import|raw_usd,Fiji,aus,import,raw_usd,2011,3,holt,427565330.0,99779856.81000002,327785473.19,73506350.2404,4.459281029706806,4.459281029706806
Fiji|aus|import|raw_usd,Fiji,aus,import,raw_usd,2012,3,holt,412432952.0,468774746.18000007,-56341794.18000007,327785473.19,-0.17188618406936446,0.17188618406936446
Fiji|aus|import|raw_usd,Fiji,aus,import,raw_usd,2013,3,holt,383628285.0,532099370.1,-148471085.10000002,284753543.30138105,-0.5214020636184299,0.5214020636184299
Fiji|aus|import|raw_usd,Fiji,aus,import,raw_usd,2014,3,holt,454915652.0,379297015.31,75618636.69,136590886.71799192,0.5536140697740959,0.5536140697740959
Fiji|aus|import|raw_usd,Fiji,aus,import,raw_usd,2015,3,holt,365303779.831,347038278.1400001,18265501.690999866,166117710.762927,0.10995517339549224,0.10995517339549224
Fiji|aus|import|raw_usd,Fiji,aus,import,raw_usd,2016,3,holt,400915607.882,563701545.77451,-162785937.89251,110612776.8583445,-1.4716739107000334,1.4716739107000334
Fiji|aus|import|raw_usd,Fiji,aus,import,raw_usd,2017,3,holt,399355988.49,212377012.53919995,186978975.95080006,166117710.762927,1.1255812224480084,1.1255812224480084
Fiji|aus|import|raw_usd,Fiji,aus,import,raw_usd,2018,3,holt,430557444.605,456527256.0579401,-25969811.452940106,247203663.5763364,-0.10505431463769807,0.10505431463769807
Fiji|aus|import|raw_usd,Fiji,aus,import,raw_usd,2019,3,holt,396036077.237,403116575.56247,-7080498.32547003,166117710.762927,-0.04262338008964549,0.04262338008964549
Fiji|aus|import|raw_usd,Fiji,aus,import,raw_usd,2020,3,holt,309616886.169,479158563.90357006,-169541677.73457003,122609737.57393585,-1.3827749825525348,1.3827749825525348
Fiji|aus|import|raw_usd,Fiji,aus,import,raw_usd,2021,3,holt,358400894.856,316094799.5239999,42306095.33200008,166117710.762927,0.25467540539597694,0.25467540539597694
Fiji|aus|import|raw_usd,Fiji,aus,import,raw_usd,2022,3,holt,465141504.862,165171175.9815501,299970328.8804499,122609737.57393585,2.4465457215383277,2.4465457215383277
Fiji|aus|import|raw_usd,Fiji,aus,import,raw_usd,2023,3,holt,477404479.852,468139798.50698996,9264681.345010042,166117710.762927,0.05577178557578383,0.05577178557578383
Fiji|aus|import|raw_usd,Fiji,aus,import,raw_usd,2024,3,holt,449258554.522,658782421.5206401,-209523866.99864012,98376374.1944821,-2.1298189602355992,2.1298189602355992
Fiji|aus|import|raw_usd,Fiji,aus,import,raw_usd,2011,3,ar1,427565330.0,367391118.0,60174212.0,73506350.2404,0.8186260343929783,0.8186260343929783
Fiji|aus|import|raw_usd,Fiji,aus,import,raw_usd,2012,3,ar1,412432952.0,427565330.0,-15132378.0,60174212.0,-0.251476130672056,0.251476130672056
Fiji|aus|import|raw_usd,Fiji,aus,import,raw_usd,2013,3,ar1,383628285.0,412432952.0,-28804667.0,55824775.166999996,-0.5159835738492586,0.5159835738492586
Fiji|aus|import|raw_usd,Fiji,aus,import,raw_usd,2014,3,ar1,454915652.0,383628285.0,71287367.0,20270535.6714,3.5167973928079466,3.5167973928079466
Fiji|aus|import|raw_usd,Fiji,aus,import,raw_usd,2015,3,ar1,365303779.831,454915652.0,-89611872.16900003,64062956.968499996,-1.398809490062448,1.398809490062448
Fiji|aus|import|raw_usd,Fiji,aus,import,raw_usd,2016,3,ar1,400915607.882,365303779.831,35611828.05100006,110423298.05495943,0.3225028474812941,0.3225028474812941
Fiji|aus|import|raw_usd,Fiji,aus,import,raw_usd,2017,3,ar1,399355988.49,400915607.882,-1559619.3920000196,65960043.00269999,-0.02364491169200994,0.02364491169200994
Fiji|aus|import|raw_usd,Fiji,aus,import,raw_usd,2018,3,ar1,430557444.605,399355988.49,31201456.11500001,55110387.97899191,0.5661628825203338,0.5661628825203338
Fiji|aus|import|raw_usd,Fiji,aus,import,raw_usd,2019,3,ar1,396036077.237,430557444.605,-34521367.36800003,54544025.02125989,-0.6329083223055957,0.6329083223055957
Fiji|aus|import|raw_usd,Fiji,aus,import,raw_usd,2020,3,ar1,309616886.169,396036077.237,-86419191.06799996,48869087.54921761,-1.7683815148167938,1.7683815148167938
Fiji|aus|import|raw_usd,Fiji,aus,import,raw_usd,2021,3,ar1,358400894.856,309616886.169,48784008.68699998,61902465.21894546,0.7880786090578743,0.7880786090578743
Fiji|aus|import|raw_usd,Fiji,aus,import,raw_usd,2022,3,ar1,465141504.862,358400894.856,106740610.00599998,55110387.97899191,1.9368509988840856,1.9368509988840856
Fiji|aus|import|raw_usd,Fiji,aus,import,raw_usd,2023,3,ar1,477404479.852,465141504.862,12262974.99000001,65960043.00269999,0.1859152061119493,0.1859152061119493
Fiji|aus|import|raw_usd,Fiji,aus,import,raw_usd,2024,3,ar1,449258554.522,477404479.852,-28145925.329999983,60886886.01437401,-0.46226580422187086,0.46226580422187086
Fiji|aus|import|raw_usd,Fiji,aus,import,raw_usd,2013,5,holt,383628285.0,373218500.091904,10409784.908096015,48927162.509399995,0.21276085458861557,0.21276085458861557
Fiji|aus|import|raw_usd,Fiji,aus,import,raw_usd,2014,5,holt,454915652.0,416985023.96851194,37930628.03148806,10409784.908096015,3.6437475285380994,3.6437475285380994
Fiji|aus|import|raw_usd,Fiji,aus,import,raw_usd,2015,5,holt,365303779.831,477689310.75264,-112385530.92164004,20401201.00737052,-5.5087703356796265,5.5087703356796265
Fiji|aus|import|raw_usd,Fiji,aus,import,raw_usd,2016,5,holt,400915607.882,362328063.460081,38587544.42191905,40802402.01474104,0.9457174704562292,0.9457174704562292
Fiji|aus|import|raw_usd,Fiji,aus,import,raw_usd,2017,5,holt,399355988.49,360376406.88084966,38979581.60915035,20888173.12759701,1.8661077429337922,1.8661077429337922
Fiji|aus|import|raw_usd,Fiji,aus,import,raw_usd,2018,5,holt,430557444.605,423687577.98905635,6869866.61594367,1555178.57424211,4.417413363151292,4.417413363151292
Fiji|aus|import|raw_usd,Fiji,aus,import,raw_usd,2019,5,holt,396036077.237,394427169.95478684,1608907.2822131515,21665762.41471807,0.07426035841324385,0.07426035841324385
Fiji|aus|import|raw_usd,Fiji,aus,import,raw_usd,2020,5,holt,309616886.169,419581310.23364687,-109964424.06464684,40802402.01474104,-2.695047806864876,2.695047806864876
Fiji|aus|import|raw_usd,Fiji,aus,import,raw_usd,2021,5,holt,358400894.856,380030885.6742864,-21629990.81828642,43913515.564940065,-0.4925588520987261,0.4925588520987261
Fiji|aus|import|raw_usd,Fiji,aus,import,raw_usd,2022,5,holt,465141504.862,347749085.0997035,117392419.7622965,46050684.874686114,2.549200301401525,2.549200301401525
Fiji|aus|import|raw_usd,Fiji,aus,import,raw_usd,2023,5,holt,477404479.852,406690186.9238672,70714292.92813277,44639258.87356431,1.5841278442463185,1.5841278442463185
Fiji|aus|import|raw_usd,Fiji,aus,import,raw_usd,2024,5,holt,449258554.522,470843391.5130499,-21584836.991049886,42357580.588983156,-0.5095861635842326,0.5095861635842326
Fiji|aus|import|raw_usd,Fiji,aus,import,raw_usd,2013,5,ar1,383628285.0,375937446.5808835,7690838.419116497,48927162.509399995,0.15718954512514222,0.15718954512514222
Fiji|aus|import|raw_usd,Fiji,aus,import,raw_usd,2014,5,ar1,454915652.0,398310678.41917026,56604973.58082974,7690838.419116497,7.360052376101326,7.360052376101326
Fiji|aus|import|raw_usd,Fiji,aus,import,raw_usd,2015,5,ar1,365303779.831,381562895.4341765,-16259115.603176534,36260048.39537802,-0.44840303095814515,0.44840303095814515
Fiji|aus|import|raw_usd,Fiji,aus,import,raw_usd,2016,5,ar1,400915607.882,465131548.2203076,-64215940.33830756,35508201.83345164,-1.8084819005903832,1.8084819005903832
Fiji|aus|import|raw_usd,Fiji,aus,import,raw_usd,2017,5,ar1,399355988.49,403299752.2012062,-3943763.7112061977,53304495.09287845,-0.07398557484382005,0.07398557484382005
Fiji|aus|import|raw_usd,Fiji,aus,import,raw_usd,2018,5,ar1,430557444.605,406293873.7792021,24263570.825797915,18258740.71503522,1.328874274764086,1.328874274764086
Fiji|aus|import|raw_usd,Fiji,aus,import,raw_usd,2019,5,ar1,396036077.237,387059450.0796341,8976627.157365918,30039467.44979876,0.29882777290800655,0.29882777290800655
Fiji|aus|import|raw_usd,Fiji,aus,import,raw_usd,2020,5,ar1,309616886.169,406922898.29788816,-97306012.12888813,24570733.06614587,-3.960240496973964,3.960240496973964
Fiji|aus|import|raw_usd,Fiji,aus,import,raw_usd,2021,5,ar1,358400894.856,302002103.8360017,56398791.01999831,30039467.44979876,1.8774897096378498,1.8774897096378498
Fiji|aus|import|raw_usd,Fiji,aus,import,raw_usd,2022,5,ar1,465141504.862,366461871.33077514,98679633.53122485,35508201.83345164,2.779065918180642,2.779065918180642
Fiji|aus|import|raw_usd,Fiji,aus,import,raw_usd,2023,5,ar1,477404479.852,375744309.06324583,101660170.78875417,53861306.17975951,1.887443472860986,1.887443472860986
Fiji|aus|import|raw_usd,Fiji,aus,import,raw_usd,2024,5,ar1,449258554.522,451555905.42507005,-2297350.9030700326,70308100.14273879,-0.03267547975846274,0.03267547975846274
Fiji|aus|import|raw_usd,Fiji,aus,import,raw_usd,2015,7,holt,365303779.831,434647710.7743371,-69343930.94333714,48927162.509399995,-1.4172890351042662,1.4172890351042662
Fiji|aus|import|raw_usd,Fiji,aus,import,raw_usd,2016,7,holt,400915607.882,387746733.83021575,13168874.051784277,69343930.94333714,0.18990665617939848,0.18990665617939848
Fiji|aus|import|raw_usd,Fiji,aus,import,raw_usd,2017,7,holt,399355988.49,403674159.86832744,-4318171.378327429,61166742.342883505,-0.07059671993190317,0.07059671993190317
Fiji|aus|import|raw_usd,Fiji,aus,import,raw_usd,2018,7,holt,430557444.605,362217101.0498365,68340343.5551635,25926293.554683615,2.635947302340783,2.635947302340783
Fiji|aus|import|raw_usd,Fiji,aus,import,raw_usd,2019,7,holt,396036077.237,413559147.3311578,-17523070.094157815,53861757.12019683,-0.3253341708673499,0.3253341708673499
Fiji|aus|import|raw_usd,Fiji,aus,import,raw_usd,2020,7,holt,309616886.169,413303500.1091142,-103686613.9401142,25926293.554683615,-3.9992841136901767,3.9992841136901767
Fiji|aus|import|raw_usd,Fiji,aus,import,raw_usd,2021,7,holt,358400894.856,288646696.7019257,69754198.15407431,61166742.342883505,1.1403941992374214,1.1403941992374214
Fiji|aus|import|raw_usd,Fiji,aus,import,raw_usd,2022,7,holt,465141504.862,345009899.5487886,120131605.31321138,96407191.1310834,1.2460855243658147,1.2460855243658147
Fiji|aus|import|raw_usd,Fiji,aus,import,raw_usd,2023,7,holt,477404479.852,390142388.0463024,87262091.80569762,95808457.87722443,0.910797373625628,0.910797373625628
Fiji|aus|import|raw_usd,Fiji,aus,import,raw_usd,2024,7,holt,449258554.522,503826315.5047954,-54567760.98279536,83893401.5140552,-0.6504416318565086,0.6504416318565086
Fiji|aus|import|raw_usd,Fiji,aus,import,raw_usd,2015,7,ar1,365303779.831,376513105.44582564,-11209325.614825666,48927162.509399995,-0.22910230309538399,0.22910230309538399
Fiji|aus|import|raw_usd,Fiji,aus,import,raw_usd,2016,7,ar1,400915607.882,403855180.7496116,-2939572.867611587,11209325.614825666,-0.26224350764899296,0.26224350764899296
Fiji|aus|import|raw_usd,Fiji,aus,import,raw_usd,2017,7,ar1,399355988.49,408006859.6065106,-8650871.11651057,6130367.711509797,-1.411150443760252,1.411150443760252
Fiji|aus|import|raw_usd,Fiji,aus,import,raw_usd,2018,7,ar1,430557444.605,407269137.82767296,23288306.77732706,3793164.639201961,6.139545469934218,6.139545469934218
Fiji|aus|import|raw_usd,Fiji,aus,import,raw_usd,2019,7,ar1,396036077.237,386699757.89797866,9336319.339021325,6130367.711509797,1.5229623700210246,1.5229623700210246
Fiji|aus|import|raw_usd,Fiji,aus,import,raw_usd,2020,7,ar1,309616886.169,413910637.8926651,-104293751.72366506,12260735.423019594,-8.506321042362027,8.506321042362027
Fiji|aus|import|raw_usd,Fiji,aus,import,raw_usd,2021,7,ar1,358400894.856,403059613.16344166,-44658718.30744165,15230486.604286773,-2.9321924812876308,2.9321924812876308
Fiji|aus|import|raw_usd,Fiji,aus,import,raw_usd,2022,7,ar1,465141504.862,376041831.53999925,89099673.32200074,26667808.569371585,3.341094679385586,3.341094679385586
Fiji|aus|import|raw_usd,Fiji,aus,import,raw_usd,2023,7,ar1,477404479.852,398236094.6841243,79168385.1678757,32776631.46547881,2.41539113777625,2.41539113777625
Fiji|aus|import|raw_usd,Fiji,aus,import,raw_usd,2024,7,ar1,449258554.522,443503770.3704375,5754784.151562512,38885454.361586034,0.14799323412940543,0.14799323412940543
Fiji|aus|import|sti,Fiji,aus,import,sti,2009,1,naive,0.22116039963627324,0.19675687293760813,0.024403526698665107,1.0,0.024403526698665107,0.024403526698665107
Fiji|aus|import|sti,Fiji,aus,import,sti,2010,1,naive,0.2031515046564576,0.22116039963627324,-0.018008894979815643,0.024403526698665107,-0.737962803581203,0.737962803581203
Fiji|aus|import|sti,Fiji,aus,import,sti,2011,1,naive,0.19596260926212106,0.2031515046564576,-0.007188895394336536,0.03144032819025778,-0.22865204684994717,0.22865204684994717
Fiji|aus|import|sti,Fiji,aus,import,sti,2012,1,naive,0.18309215351724367,0.19596260926212106,-0.012870455744877385,0.016041731385431322,-0.8023108874997118,0.8023108874997118
Fiji|aus|import|sti,Fiji,aus,import,sti,2013,1,naive,0.13576252164492142,0.18309215351724367,-0.04732963187232225,0.008020865692715661,-5.900813414106382,5.900813414106382
Fiji|aus|import|sti,Fiji,aus,import,sti,2014,1,naive,0.1399540833742759,0.13576252164492142,0.004191561729354476,0.008423481375711861,0.49760443958959316,0.49760443958959316
Fiji|aus|import|sti,Fiji,aus,import,sti,2015,1,naive,0.16109037892502387,0.1399540833742759,0.021136295550747974,0.01645719855850781,1.2843191674211911,1.2843191674211911
Fiji|aus|import|sti,Fiji,aus,import,sti,2016,1,naive,0.17418537658130806,0.16109037892502387,0.01309499765628419,0.016872665731584295,0.7761072177096113,0.7761072177096113
Fiji|aus|import|sti,Fiji,aus,import,sti,2017,1,naive,0.16598299806857292,0.17418537658130806,-0.008202378512735142,0.023057315611140806,-0.3557386580063087,0.3557386580063087
Fiji|aus|import|sti,Fiji,aus,import,sti,2018,1,naive,0.1572462258441354,0.16598299806857292,-0.008736772224437528,0.016872665731584295,-0.5178062769348285,0.5178062769348285
Fiji|aus|import|sti,Fiji,aus,import,sti,2019,1,naive,0.1419570985267475,0.1572462258441354,-0.01528912731738788,0.01645719855850781,-0.9290236891189433,0.9290236891189433
Fiji|aus|import|sti,Fiji,aus,import,sti,2020,1,naive,0.17809418839055305,0.1419570985267475,0.03613708986380554,0.01453914131409355,2.485503722890152,2.485503722890152
Fiji|aus|import|sti,Fiji,aus,import,sti,2021,1,naive,0.16877434228649985,0.17809418839055305,-0.009319846104053203,0.01645719855850781,-0.5663081763837116,0.5663081763837116
Fiji|aus|import|sti,Fiji,aus,import,sti,2022,1,naive,0.15538591997436615,0.16877434228649985,-0.013388422312133691,0.01453914131409355,-0.9208537163852719,0.9208537163852719
Fiji|aus|import|sti,Fiji,aus,import,sti,2023,1,naive,0.15450515318695174,0.15538591997436615,-0.0008807667874144165,0.01212683148745087,-0.07262958905018632,0.07262958905018632
Fiji|aus|import|sti,Fiji,aus,import,sti,2024,1,naive,0.14559173820597945,0.15450515318695174,-0.008913414980972284,0.010855021543960508,-0.8211328687718275,0.8211328687718275
Fiji|aus|import|sti,Fiji,aus,import,sti,2011,3,holt,0.19596260926212106,0.25215423592864156,-0.0561916266665205,0.009480680986366214,-5.926961021821894,5.926961021821894
Fiji|aus|import|sti,Fiji,aus,import,sti,2012,3,holt,0.18309215351724367,0.16940591460977697,0.013686238907466702,0.0561916266665205,0.24356367166037377,0.24356367166037377
Fiji|aus|import|sti,Fiji,aus,import,sti,2013,3,holt,0.13576252164492142,0.17919856312622082,-0.0434360414812994,0.05180046174999671,-0.838526144630403,0.838526144630403
Fiji|aus|import|sti,Fiji,aus,import,sti,2014,3,holt,0.1399540833742759,0.1501148150407255,-0.010160731666449596,0.018911430595608805,-0.5372799067252425,0.5372799067252425
Fiji|aus|import|sti,Fiji,aus,import,sti,2015,3,holt,0.16109037892502387,0.051922708556629026,0.10916767036839484,0.03412270246355256,3.199268008886458,3.199268008886458
Fiji|aus|import|sti,Fiji,aus,import,sti,2016,3,holt,0.17418537658130806,0.1518956009354775,0.022289775645830567,0.04933397433149631,0.45181390609351524,0.45181390609351524
Fiji|aus|import|sti,Fiji,aus,import,sti,2017,3,holt,0.16598299806857292,0.20167429746868243,-0.03569129940010951,0.048722548236341444,-0.7325417223044153,0.7325417223044153
Fiji|aus|import|sti,Fiji,aus,import,sti,2018,3,holt,0.1572462258441354,0.19143047390288834,-0.03418424805875295,0.04811112214118657,-0.7105269330122064,0.7105269330122064
Fiji|aus|import|sti,Fiji,aus,import,sti,2019,3,holt,0.1419570985267475,0.14946601836364515,-0.007508919836897637,0.04098105692768624,-0.18322904287577593,0.18322904287577593
Fiji|aus|import|sti,Fiji,aus,import,sti,2020,3,holt,0.17809418839055305,0.13839668682574077,0.039697501564812276,0.03785161972192419,1.0487662577308132,1.0487662577308132
Fiji|aus|import|sti,Fiji,aus,import,sti,2021,3,holt,0.16877434228649985,0.12217834950002238,0.04659599278647747,0.04298137093155538,1.084097407239013,1.084097407239013
Fiji|aus|import|sti,Fiji,aus,import,sti,2022,3,holt,0.15538591997436615,0.2408224115649138,-0.08543649159054764,0.04417954592269283,-1.9338472092956296,1.9338472092956296
Fiji|aus|import|sti,Fiji,aus,import,sti,2023,3,holt,0.15450515318695174,0.14928024907469656,0.00522490411225518,0.048722548236341444,0.10723790732189166,0.10723790732189166
Fiji|aus|import|sti,Fiji,aus,import,sti,2024,3,holt,0.14559173820597945,0.13123568301028984,0.01435605519568961,0.04417954592269283,0.324948002426517,0.324948002426517
Fiji|aus|import|sti,Fiji,aus,import,sti,2011,3,ar1,0.19596260926212106,0.2031515046564576,-0.007188895394336536,0.009480680986366214,-0.7582678295656817,0.7582678295656817
Fiji|aus|import|sti,Fiji,aus,import,sti,2012,3,ar1,0.18309215351724367,0.19596260926212106,-0.012870455744877385,0.007188895394336536,-1.7903245267717796,1.7903245267717796
Fiji|aus|import|sti,Fiji,aus,import,sti,2013,3,ar1,0.13576252164492142,0.18309215351724367,-0.04732963187232225,0.0042117406878559305,-11.237546511064131,11.237546511064131
Fiji|aus|import|sti,Fiji,aus,import,sti,2014,3,ar1,0.1399540833742759,0.13576252164492142,0.004191561729354476,0.008423481375711861,0.49760443958959316,0.49760443958959316
Fiji|aus|import|sti,Fiji,aus,import,sti,2015,3,ar1,0.16109037892502387,0.1399540833742759,0.021136295550747974,0.012648073553648078,1.6711078933164207,1.6711078933164207
Fiji|aus|import|sti,Fiji,aus,import,sti,2016,3,ar1,0.17418537658130806,0.16109037892502387,0.01309499765628419,0.016872665731584295,0.7761072177096113,0.7761072177096113
Fiji|aus|import|sti,Fiji,aus,import,sti,2017,3,ar1,0.16598299806857292,0.17418537658130806,-0.008202378512735142,0.019248190606281076,-0.4261376396625322,0.4261376396625322
Fiji|aus|import|sti,Fiji,aus,import,sti,2018,3,ar1,0.1572462258441354,0.16598299806857292,-0.008736772224437528,0.016872665731584295,-0.5178062769348285,0.5178062769348285
Fiji|aus|import|sti,Fiji,aus,import,sti,2019,3,ar1,0.1419570985267475,0.1572462258441354,-0.01528912731738788,0.012648073553648078,-1.2088107530793133,1.2088107530793133
Fiji|aus|import|sti,Fiji,aus,import,sti,2020,3,ar1,0.17809418839055305,0.1419570985267475,0.03613708986380554,0.010506813777778148,3.4393956748558048,3.4393956748558048
Fiji|aus|import|sti,Fiji,aus,import,sti,2021,3,ar1,0.16877434228649985,0.17809418839055305,-0.009319846104053203,0.014441034790350107,-0.6453724569849371,0.6453724569849371
Fiji|aus|import|sti,Fiji,aus,import,sti,2022,3,ar1,0.15538591997436615,0.16877434228649985,-0.013388422312133691,0.010506813777778148,-1.2742609315537816,1.2742609315537816
Fiji|aus|import|sti,Fiji,aus,import,sti,2023,3,ar1,0.15450515318695174,0.15538591997436615,-0.0008807667874144165,0.00870167509889824,-0.10121807323350128,0.10121807323350128
Fiji|aus|import|sti,Fiji,aus,import,sti,2024,3,ar1,0.14559173820597945,0.15450515318695174,-0.008913414980972284,0.010506813777778148,-0.8483461465572091,0.8483461465572091
Fiji|aus|import|sti,Fiji,aus,import,sti,2013,5,holt,0.13576252164492142,0.18910571038959953,-0.05334318874467811,0.009480680986366214,-5.6265144688856,5.6265144688856
Fiji|aus|import|sti,Fiji,aus,import,sti,2014,5,holt,0.1399540833742759,0.13270596748969077,0.007248115884585127,0.05334318874467811,0.1358770642542109,0.1358770642542109
Fiji|aus|import|sti,Fiji,aus,import,sti,2015,5,holt,0.16109037892502387,0.13008957351955308,0.031000805405470788,0.044916334121672834,0.6901900168765646,0.6901900168765646
Fiji|aus|import|sti,Fiji,aus,import,sti,2016,5,holt,0.17418537658130806,0.1269774757202879,0.04720790086102017,0.03521573748366508,1.3405342109594522,1.3405342109594522
Fiji|aus|import|sti,Fiji,aus,import,sti,2017,5,holt,0.16598299806857292,0.15697418389143075,0.009008814177142166,0.029622188603031296,0.30412385451560714,0.30412385451560714
Fiji|aus|import|sti,Fiji,aus,import,sti,2018,5,holt,0.1572462258441354,0.17311107603004666,-0.015864850185911272,0.032605326195120014,-0.48657234989680115,0.48657234989680115
Fiji|aus|import|sti,Fiji,aus,import,sti,2019,5,holt,0.1419570985267475,0.1684172255689787,-0.02646012704223119,0.03474151048989152,-0.7616285725380334,0.7616285725380334
Fiji|aus|import|sti,Fiji,aus,import,sti,2020,5,holt,0.17809418839055305,0.14400821355432647,0.03408597483622658,0.03521573748366508,0.9679188133441039,0.9679188133441039
Fiji|aus|import|sti,Fiji,aus,import,sti,2021,5,holt,0.16877434228649985,0.13946529188475015,0.029309050401749692,0.037028546588910784,0.7915258118860947,0.7915258118860947
Fiji|aus|import|sti,Fiji,aus,import,sti,2022,5,holt,0.15538591997436615,0.1604579195944245,-0.005071999620058332,0.036877694784663025,-0.1375357014497477,0.1375357014497477
Fiji|aus|import|sti,Fiji,aus,import,sti,2023,5,holt,0.15450515318695174,0.14984945765197094,0.004655695534980797,0.03474151048989152,0.13400958879825994,0.13400958879825994
Fiji|aus|import|sti,Fiji,aus,import,sti,2024,5,holt,0.14559173820597945,0.1673148459763594,-0.021723107770379946,0.03426728349611796,-0.6339314224555002,0.6339314224555002
Fiji|aus|import|sti,Fiji,aus,import,sti,2013,5,ar1,0.13576252164492142,0.19882442194703115,-0.06306190030210973,0.009480680986366214,-6.651621375383953,6.651621375383953
Fiji|aus|import|sti,Fiji,aus,import,sti,2014,5,ar1,0.1399540833742759,0.06968078560656887,0.07027329776770702,0.06306190030210973,1.1143542682832226,1.1143542682832226
Fiji|aus|import|sti,Fiji,aus,import,sti,2015,5,ar1,0.16109037892502387,0.13470880906387642,0.026381569861147453,0.09884138232915515,0.2669081435273058,0.2669081435273058
Fiji|aus|import|sti,Fiji,aus,import,sti,2016,5,ar1,0.17418537658130806,0.1542123277411901,0.01997304884011797,0.06507387579426521,0.3069288342877241,0.3069288342877241
Fiji|aus|import|sti,Fiji,aus,import,sti,2017,5,ar1,0.16598299806857292,0.14969656897750855,0.01628642909106437,0.03728757453002176,0.43677898861325765,0.43677898861325765
Fiji|aus|import|sti,Fiji,aus,import,sti,2018,5,ar1,0.1572462258441354,0.16803282668539446,-0.01078660084125907,0.009501273265778312,-1.1352795082855107,1.1352795082855107
Fiji|aus|import|sti,Fiji,aus,import,sti,2019,5,ar1,0.1419570985267475,0.16435674178811865,-0.022399643261371144,0.027552764941693952,-0.8129726112342033,0.8129726112342033
Fiji|aus|import|sti,Fiji,aus,import,sti,2020,5,ar1,0.17809418839055305,0.14053192759240155,0.0375622607981515,0.040138474177662725,0.9358168582067103,0.9358168582067103
Fiji|aus|import|sti,Fiji,aus,import,sti,2021,5,ar1,0.16877434228649985,0.1541646263975121,0.01460971588898774,0.035841011133295055,0.4076256619729074,0.4076256619729074
Fiji|aus|import|sti,Fiji,aus,import,sti,2022,5,ar1,0.15538591997436615,0.15991852608616813,-0.004532606111801979,0.031543548088927384,-0.1436936041254358,0.1436936041254358
Fiji|aus|import|sti,Fiji,aus,import,sti,2023,5,ar1,0.15450515318695174,0.16244128329177165,-0.007936130104819916,0.031204924840348515,-0.2543230001489496,0.2543230001489496
Fiji|aus|import|sti,Fiji,aus,import,sti,2024,5,ar1,0.14559173820597945,0.16594771892334734,-0.020355980717367883,0.03342647127041923,-0.6089778532914396,0.6089778532914396
Fiji|aus|import|sti,Fiji,aus,import,sti,2015,7,holt,0.16109037892502387,0.1282051047116993,0.03288527421332457,0.01908173768735521,1.7233899109260096,1.7233899109260096
Fiji|aus|import|sti,Fiji,aus,import,sti,2016,7,holt,0.17418537658130806,0.11168285075860683,0.06250252582270123,0.03288527421332457,1.9006235258143669,1.9006235258143669
Fiji|aus|import|sti,Fiji,aus,import,sti,2017,7,holt,0.16598299806857292,0.16226297999411546,0.0037200180744574596,0.021955268618030915,0.1694362359749208,0.1694362359749208
Fiji|aus|import|sti,Fiji,aus,import,sti,2018,7,holt,0.1572462258441354,0.15350308642234217,0.003743139421793218,0.043240408751484376,0.0865657733095486,0.0865657733095486
Fiji|aus|import|sti,Fiji,aus,import,sti,2019,7,holt,0.1419570985267475,0.15123915252909875,-0.009282054002351242,0.021620204375742188,-0.4293231387195249,0.4293231387195249
Fiji|aus|import|sti,Fiji,aus,import,sti,2020,7,holt,0.17809418839055305,0.14984196792885432,0.02825222046169873,0.019311151770636574,1.4630002807319566,1.4630002807319566
Fiji|aus|import|sti,Fiji,aus,import,sti,2021,7,holt,0.16877434228649985,0.1788135021583226,-0.010039159871822745,0.021620204375742188,-0.4643415805581679,0.4643415805581679
Fiji|aus|import|sti,Fiji,aus,import,sti,2022,7,holt,0.15538591997436615,0.17574093150390105,-0.020355011529534894,0.020433636932715025,-0.9961521581576969,0.9961521581576969
Fiji|aus|import|sti,Fiji,aus,import,sti,2023,7,holt,0.15450515318695174,0.1497487273883683,0.00475642579858343,0.028063637911797043,0.1694871425270201,0.1694871425270201
Fiji|aus|import|sti,Fiji,aus,import,sti,2024,7,holt,0.14559173820597945,0.14647832348414105,-0.0008865852781616002,0.020433636932715025,-0.04338852065743341,0.04338852065743341
Fiji|aus|import|sti,Fiji,aus,import,sti,2015,7,ar1,0.16109037892502387,0.13642765887073768,0.024662720054286186,0.01908173768735521,1.2924776798828597,1.2924776798828597
Fiji|aus|import|sti,Fiji,aus,import,sti,2016,7,ar1,0.17418537658130806,0.1582050595756221,0.015980317005685973,0.024662720054286186,0.6479543606913999,0.6479543606913999
Fiji|aus|import|sti,Fiji,aus,import,sti,2017,7,ar1,0.16598299806857292,0.167137358257147,-0.001154360188574094,0.006436265379927337,-0.1793524847769913,0.1793524847769913
Fiji|aus|import|sti,Fiji,aus,import,sti,2018,7,ar1,0.1572462258441354,0.16029509920974058,-0.0030488733656051925,0.012872530759854674,-0.2368511229441889,0.2368511229441889
Fiji|aus|import|sti,Fiji,aus,import,sti,2019,7,ar1,0.1419570985267475,0.1557217162996541,-0.013764617772906579,0.01410633882223814,-0.9757753550628707,0.9757753550628707
Fiji|aus|import|sti,Fiji,aus,import,sti,2020,7,ar1,0.17809418839055305,0.15045884896758593,0.027635339422967115,0.018695967894531342,1.4781443559844034,1.4781443559844034
Fiji|aus|import|sti,Fiji,aus,import,sti,2021,7,ar1,0.16877434228649985,0.15947028837770838,0.009304053908791465,0.020542604202165478,0.45291501589709293,0.45291501589709293
Fiji|aus|import|sti,Fiji,aus,import,sti,2022,7,ar1,0.15538591997436615,0.1635946723184127,-0.008208752344046555,0.018314449977020485,-0.44821178655904187,0.44821178655904187
Fiji|aus|import|sti,Fiji,aus,import,sti,2023,7,ar1,0.15450515318695174,0.16252223816507108,-0.008017084978119343,0.01793135710895672,-0.4470986177680219,0.4470986177680219
Fiji|aus|import|sti,Fiji,aus,import,sti,2024,7,ar1,0.14559173820597945,0.1605673579024382,-0.014975619696458747,0.015505644740754177,-0.9658172844046696,0.9658172844046696
Fiji|aus|total|cwti,Fiji,aus,total,cwti,2009,1,naive,0.14466228071002762,0.12043604967547918,0.02422623103454845,1.0,0.02422623103454845,0.02422623103454845
Fiji|aus|total|cwti,Fiji,aus,total,cwti,2010,1,naive,0.19842872162948358,0.14466228071002762,0.053766440919455954,0.02422623103454845,2.219348145519661,2.219348145519661
Fiji|aus|total|cwti,Fiji,aus,total,cwti,2011,1,naive,0.1655472778385561,0.19842872162948358,-0.03288144379092747,0.021898157587681932,-1.5015621135827344,1.5015621135827344
Fiji|aus|total|cwti,Fiji,aus,total,cwti,2012,1,naive,0.1332000451935747,0.1655472778385561,-0.032347232644981405,0.043796315175363865,-0.7385834291186498,0.7385834291186498
Fiji|aus|total|cwti,Fiji,aus,total,cwti,2013,1,naive,0.09747182039818872,0.1332000451935747,-0.03572822479538598,0.0423339193481253,-0.8439621312069269,0.8439621312069269
Fiji|aus|total|cwti,Fiji,aus,total,cwti,2014,1,naive,0.08102569104277173,0.09747182039818872,-0.01644612935541699,0.005012658962189826,-3.280919264499963,3.280919264499963
Fiji|aus|total|cwti,Fiji,aus,total,cwti,2015,1,naive,0.11376630648337711,0.08102569104277173,0.032740615440605386,0.014689828072138832,2.2287950056204004,2.2287950056204004
Fiji|aus|total|cwti,Fiji,aus,total,cwti,2016,1,naive,0.12277089058921713,0.11376630648337711,0.009004584105840013,0.028587634699298023,0.3149817814784489,0.3149817814784489
Fiji|aus|total|cwti,Fiji,aus,total,cwti,2017,1,naive,0.11232763066031862,0.12277089058921713,-0.01044325992889851,0.04283760034842783,-0.24378723000252708,0.24378723000252708
Fiji|aus|total|cwti,Fiji,aus,total,cwti,2018,1,naive,0.13708857618302742,0.11232763066031862,0.0247609455227088,0.03326685139384414,0.744312866569954,0.744312866569954
Fiji|aus|total|cwti,Fiji,aus,total,cwti,2019,1,naive,0.13320449557470573,0.13708857618302742,-0.0038840806083216828,0.042334292475708746,-0.09174785690703,0.09174785690703
Fiji|aus|total|cwti,Fiji,aus,total,cwti,2020,1,naive,0.1609980250044733,0.13320449557470573,0.027793529429767566,0.0421994692095517,0.6586227256023542,0.6586227256023542
Fiji|aus|total|cwti,Fiji,aus,total,cwti,2021,1,naive,0.16686407868696523,0.1609980250044733,0.005866053682491934,0.03516280303956039,0.16682554220413687,0.16682554220413687
Fiji|aus|total|cwti,Fiji,aus,total,cwti,2022,1,naive,0.11771202587488785,0.16686407868696523,-0.04915205281207738,0.03250967554291085,-1.5119207433245396,1.5119207433245396
Fiji|aus|total|cwti,Fiji,aus,total,cwti,2023,1,naive,0.10995410322035973,0.11771202587488785,-0.007757922654528127,0.03748939564238832,-0.2069364555388148,0.2069364555388148
Fiji|aus|total|cwti,Fiji,aus,total,cwti,2024,1,naive,0.12496765317488498,0.10995410322035973,0.015013549954525252,0.0421994692095517,0.3557758008749311,0.3557758008749311
Fiji|aus|total|cwti,Fiji,aus,total,cwti,2011,3,holt,0.1655472778385561,0.19931818685495512,-0.03377090901639901,0.03591781013182153,-0.9402273939434725,0.9402273939434725
Fiji|aus|total|cwti,Fiji,aus,total,cwti,2012,3,holt,0.1332000451935747,0.26956949189003443,-0.13636944669645973,0.03377090901639901,-4.038074504605111,4.038074504605111
Fiji|aus|total|cwti,Fiji,aus,total,cwti,2013,3,holt,0.09747182039818872,0.09989657459734985,-0.002424754199161133,0.076056295982229,-0.03188104505809343,0.03188104505809343
Fiji|aus|total|cwti,Fiji,aus,total,cwti,2014,3,holt,0.08102569104277173,0.06779557155202692,0.013230119490744804,0.04647380913203687,0.2846790426228389,0.2846790426228389
Fiji|aus|total|cwti,Fiji,aus,total,cwti,2015,3,holt,0.11376630648337711,0.030064610849810262,0.08370169563356686,0.03484186243234571,2.4023312702096473,2.4023312702096473
Fiji|aus|total|cwti,Fiji,aus,total,cwti,2016,3,holt,0.12277089058921713,0.05846264873910246,0.06430824185011466,0.04647380913203687,1.383752333866336,1.383752333866336
Fiji|aus|total|cwti,Fiji,aus,total,cwti,2017,3,holt,0.11232763066031862,0.17426297078428718,-0.06193534012396856,0.07270607453734658,-0.8518592224664052,0.8518592224664052
Fiji|aus|total|cwti,Fiji,aus,total,cwti,2018,3,holt,0.13708857618302742,0.13669601155360206,0.0003925646294253571,0.08823039469211949,0.004449312856359917,0.004449312856359917
Fiji|aus|total|cwti,Fiji,aus,total,cwti,2019,3,holt,0.13320449557470573,0.09883399394735913,0.0343705016273466,0.06944058035970935,0.49496276455789784,0.49496276455789784
Fiji|aus|total|cwti,Fiji,aus,total,cwti,2020,3,holt,0.1609980250044733,0.18059501174092862,-0.019596986736455324,0.050650766027299204,-0.3869040544400286,0.3869040544400286
Fiji|aus|total|cwti,Fiji,aus,total,cwti,2021,3,holt,0.16686407868696523,0.13208863246606115,0.03477544622090409,0.05051322771020862,0.6884423703907568,0.6884423703907568
Fiji|aus|total|cwti,Fiji,aus,total,cwti,2022,3,holt,0.11771202587488785,0.21198031395708056,-0.0942682880821927,0.050650766027299204,-1.8611423967681948,1.8611423967681948
Fiji|aus|total|cwti,Fiji,aus,total,cwti,2023,3,holt,0.10995410322035973,0.16704238368808955,-0.05708828046772982,0.05276435326795337,-1.081947885873219,1.081947885873219
Fiji|aus|total|cwti,Fiji,aus,total,cwti,2024,3,holt,0.12496765317488498,0.030170394091695946,0.09479725908318903,0.055153017142788696,1.718804591193319,1.718804591193319
Fiji|aus|total|cwti,Fiji,aus,total,cwti,2011,3,ar1,0.1655472778385561,0.19842872162948358,-0.03288144379092747,0.03591781013182153,-0.9154634892898447,0.9154634892898447
Fiji|aus|total|cwti,Fiji,aus,total,cwti,2012,3,ar1,0.1332000451935747,0.1655472778385561,-0.032347232644981405,0.03288144379092747,-0.9837534157763028,0.9837534157763028
Fiji|aus|total|cwti,Fiji,aus,total,cwti,2013,3,ar1,0.09747182039818872,0.1332000451935747,-0.03572822479538598,0.0003960107224898198,-90.22034699149957,90.22034699149957
Fiji|aus|total|cwti,Fiji,aus,total,cwti,2014,3,ar1,0.08102569104277173,0.09747182039818872,-0.01644612935541699,0.0007920214449796396,-20.764752595606513,20.764752595606513
Fiji|aus|total|cwti,Fiji,aus,total,cwti,2015,3,ar1,0.11376630648337711,0.08102569104277173,0.032740615440605386,0.002506329481094913,13.063172933792547,13.063172933792547
Fiji|aus|total|cwti,Fiji,aus,total,cwti,2016,3,ar1,0.12277089058921713,0.11376630648337711,0.009004584105840013,0.005012658962189826,1.7963687882541044,1.7963687882541044
Fiji|aus|total|cwti,Fiji,aus,total,cwti,2017,3,ar1,0.11232763066031862,0.12277089058921713,-0.01044325992889851,0.014689828072138832,-0.7109177777720564,0.7109177777720564
Fiji|aus|total|cwti,Fiji,aus,total,cwti,2018,3,ar1,0.13708857618302742,0.11232763066031862,0.0247609455227088,0.02436699718208784,1.0161672912619102,1.0161672912619102
Fiji|aus|total|cwti,Fiji,aus,total,cwti,2019,3,ar1,0.13320449557470573,0.13708857618302742,-0.0038840806083216828,0.03092724304657108,-0.125587676938191,0.125587676938191
Fiji|aus|total|cwti,Fiji,aus,total,cwti,2020,3,ar1,0.1609980250044733,0.13320449557470573,0.027793529429767566,0.0324748299488645,0.8558483438876139,0.8558483438876139
Fiji|aus|total|cwti,Fiji,aus,total,cwti,2021,3,ar1,0.16686407868696523,0.1609980250044733,0.005866053682491934,0.03773316030169792,0.15546149952957886,0.15546149952957886
Fiji|aus|total|cwti,Fiji,aus,total,cwti,2022,3,ar1,0.11771202587488785,0.16686407868696523,-0.04915205281207738,0.0421994692095517,-1.1647552382235176,1.1647552382235176
Fiji|aus|total|cwti,Fiji,aus,total,cwti,2023,3,ar1,0.10995410322035973,0.11771202587488785,-0.007757922654528127,0.03773316030169792,-0.20559959972870429,0.20559959972870429
Fiji|aus|total|cwti,Fiji,aus,total,cwti,2024,3,ar1,0.12496765317488498,0.10995410322035973,0.015013549954525252,0.03645611099184603,0.4118253304057381,0.4118253304057381
Fiji|aus|total|cwti,Fiji,aus,total,cwti,2013,5,holt,0.09747182039818872,0.16709440628159558,-0.06962258588340686,0.030964096742756325,-2.2484940045827178,2.2484940045827178
Fiji|aus|total|cwti,Fiji,aus,total,cwti,2014,5,holt,0.08102569104277173,0.10799157650261498,-0.026965885459843256,0.06962258588340686,-0.38731519545972554,0.38731519545972554
Fiji|aus|total|cwti,Fiji,aus,total,cwti,2015,5,holt,0.11376630648337711,0.03665895278100829,0.07710735370236882,0.0316214120239877,2.438453843992669,2.438453843992669
Fiji|aus|total|cwti,Fiji,aus,total,cwti,2016,5,holt,0.12277089058921713,0.0870666713357444,0.035704219253472724,0.0632428240479754,0.5645576362369246,0.5645576362369246
Fiji|aus|total|cwti,Fiji,aus,total,cwti,2017,5,holt,0.11232763066031862,0.10941367038939384,0.002913960270924776,0.0771494921909478,0.03777031044757389,0.03777031044757389
Fiji|aus|total|cwti,Fiji,aus,total,cwti,2018,5,holt,0.13708857618302742,0.11305264737375473,0.02403592880927269,0.04861483796752559,0.49441548741412117,0.49441548741412117
Fiji|aus|total|cwti,Fiji,aus,total,cwti,2019,5,holt,0.13320449557470573,0.15397253411410558,-0.020768038539399847,0.04645734862398113,-0.44703451993124405,0.44703451993124405
Fiji|aus|total|cwti,Fiji,aus,total,cwti,2020,5,holt,0.1609980250044733,0.14423277949344032,0.016765245511032978,0.04429985928043668,0.3784491820820908,0.3784491820820908
Fiji|aus|total|cwti,Fiji,aus,total,cwti,2021,5,holt,0.16686407868696523,0.16142328663281075,0.005440792054154486,0.04186288470185644,0.12996696460130017,0.12996696460130017
Fiji|aus|total|cwti,Fiji,aus,total,cwti,2022,5,holt,0.11771202587488785,0.18526554148810423,-0.06755351561321637,0.038857212238003654,-1.7385064888197712,1.7385064888197712
Fiji|aus|total|cwti,Fiji,aus,total,cwti,2023,5,holt,0.10995410322035973,0.12880107100295782,-0.01884696778259809,0.041578535759220166,-0.4532859909194546,0.4532859909194546
Fiji|aus|total|cwti,Fiji,aus,total,cwti,2024,5,holt,0.12496765317488498,0.11313875775685334,0.011828895418031643,0.035110931436187286,0.3369006441634904,0.3369006441634904
Fiji|aus|total|cwti,Fiji,aus,total,cwti,2013,5,ar1,0.09747182039818872,0.1598212696948804,-0.06234944929669167,0.030964096742756325,-2.0136046536309045,2.0136046536309045
Fiji|aus|total|cwti,Fiji,aus,total,cwti,2014,5,ar1,0.08102569104277173,0.11866314889597929,-0.03763745785320756,0.06234944929669167,-0.6036534127849088,0.6036534127849088
Fiji|aus|total|cwti,Fiji,aus,total,cwti,2015,5,ar1,0.11376630648337711,0.061159662212670766,0.05260664427070635,0.018318999257054772,2.8716985863977897,2.8716985863977897
Fiji|aus|total|cwti,Fiji,aus,total,cwti,2016,5,ar1,0.12277089058921713,0.10456594368302764,0.018204946906189484,0.036637998514109545,0.49688704745098544,0.49688704745098544
Fiji|aus|total|cwti,Fiji,aus,total,cwti,2017,5,ar1,0.11232763066031862,0.10288790975758431,0.009439720902734303,0.0597149739051958,0.15807962869951037,0.15807962869951037
Fiji|aus|total|cwti,Fiji,aus,total,cwti,2018,5,ar1,0.13708857618302742,0.10973368969236427,0.027354886490663144,0.06399928058535535,0.42742490603750055,0.42742490603750055
Fiji|aus|total|cwti,Fiji,aus,total,cwti,2019,5,ar1,0.13320449557470573,0.12588300641139472,0.007321489163311018,0.038782490506648,0.18878336763999173,0.18878336763999173
Fiji|aus|total|cwti,Fiji,aus,total,cwti,2020,5,ar1,0.1609980250044733,0.1268970502162796,0.03410097478819371,0.026561024500663298,1.283872720622735,1.283872720622735
Fiji|aus|total|cwti,Fiji,aus,total,cwti,2021,5,ar1,0.16686407868696523,0.15555265185063538,0.011311426836329852,0.025064237719261383,0.4512974606699185,0.4512974606699185
Fiji|aus|total|cwti,Fiji,aus,total,cwti,2022,5,ar1,0.11771202587488785,0.1671153570012905,-0.04940333112640263,0.023786033283514536,-2.0769890690703257,2.0769890690703257
Fiji|aus|total|cwti,Fiji,aus,total,cwti,2023,5,ar1,0.10995410322035973,0.15725258258475777,-0.047298479364398044,0.030174404147048327,-1.5675033426973173,1.5675033426973173
Fiji|aus|total|cwti,Fiji,aus,total,cwti,2024,5,ar1,0.12496765317488498,0.12785632789615162,-0.0028886747212666375,0.03656277501058212,-0.07900589384778885,0.07900589384778885
Fiji|aus|total|cwti,Fiji,aus,total,cwti,2015,7,holt,0.11376630648337711,0.07080707602326072,0.04295923046011639,0.047958007119449426,0.8957676317349356,0.8957676317349356
Fiji|aus|total|cwti,Fiji,aus,total,cwti,2016,7,holt,0.12277089058921713,0.10619072336062058,0.01658016722859655,0.04295923046011639,0.3859512158624368,0.3859512158624368
Fiji|aus|total|cwti,Fiji,aus,total,cwti,2017,7,holt,0.11232763066031862,0.11043197706702021,0.0018956535932984075,0.019554799573525655,0.09694057902106273,0.09694057902106273
Fiji|aus|total|cwti,Fiji,aus,total,cwti,2018,7,holt,0.13708857618302742,0.107319640228134,0.02976893595489341,0.021771259915693026,1.367350170370046,1.367350170370046
Fiji|aus|total|cwti,Fiji,aus,total,cwti,2019,7,holt,0.13320449557470573,0.13313103385856223,7.34617161435025e-05,0.019554799573525655,0.0037567102576167,0.0037567102576167
Fiji|aus|total|cwti,Fiji,aus,total,cwti,2020,7,holt,0.1609980250044733,0.13818098824171188,0.022817036762761422,0.021771259915693026,1.0480347417245515,1.0480347417245515
Fiji|aus|total|cwti,Fiji,aus,total,cwti,2021,7,holt,0.16686407868696523,0.1732532855613877,-0.0063892068744224595,0.020662464214650376,-0.3092180491178927,0.3092180491178927
Fiji|aus|total|cwti,Fiji,aus,total,cwti,2022,7,holt,0.11771202587488785,0.17213801844317234,-0.05442599256828448,0.021771259915693026,-2.4999009142807336,2.4999009142807336
Fiji|aus|total|cwti,Fiji,aus,total,cwti,2023,7,holt,0.10995410322035973,0.1177576117479047,-0.007803508527544967,0.02165058840824441,-0.3604293971323865,0.3604293971323865
Fiji|aus|total|cwti,Fiji,aus,total,cwti,2024,7,holt,0.12496765317488498,0.10886448605544384,0.01610316711944114,0.021771259915693026,0.7396525135338518,0.7396525135338518
Fiji|aus|total|cwti,Fiji,aus,total,cwti,2015,7,ar1,0.11376630648337711,0.09334103934320487,0.020425267140172246,0.047958007119449426,0.425898997206011,0.425898997206011
Fiji|aus|total|cwti,Fiji,aus,total,cwti,2016,7,ar1,0.12277089058921713,0.11741671928154848,0.005354171307668645,0.020425267140172246,0.2621347016381541,0.2621347016381541
Fiji|aus|total|cwti,Fiji,aus,total,cwti,2017,7,ar1,0.11232763066031862,0.11436117035057733,-0.002033539690258712,0.011172203340634918,-0.18201778362397275,0.18201778362397275
Fiji|aus|total|cwti,Fiji,aus,total,cwti,2018,7,ar1,0.13708857618302742,0.10805666733748692,0.029031908845540494,0.0109530203255271,2.650584768648585,2.650584768648585
Fiji|aus|total|cwti,Fiji,aus,total,cwti,2019,7,ar1,0.13320449557470573,0.11237147058469041,0.020833024990015325,0.016648713503398468,1.2513294186822737,1.2513294186822737
Fiji|aus|total|cwti,Fiji,aus,total,cwti,2020,7,ar1,0.1609980250044733,0.1283836713889718,0.032614353615501496,0.012760206992378963,2.5559423632375577,2.5559423632375577
Fiji|aus|total|cwti,Fiji,aus,total,cwti,2021,7,ar1,0.16686407868696523,0.1527523129825469,0.014111765704418328,0.01511360240626238,0.9337129113950399,0.9337129113950399
Fiji|aus|total|cwti,Fiji,aus,total,cwti,2022,7,ar1,0.11771202587488785,0.16976691572254798,-0.05205488984766013,0.012760206992378963,-4.07947064485317,4.07947064485317
Fiji|aus|total|cwti,Fiji,aus,total,cwti,2023,7,ar1,0.10995410322035973,0.1344326468233275,-0.02447854360296778,0.0175523068368244,-1.3946054971881112,1.3946054971881112
Fiji|aus|total|cwti,Fiji,aus,total,cwti,2024,7,ar1,0.12496765317488498,0.13118152701219002,-0.0062138738373050395,0.022120604221027722,-0.28090886556336314,0.28090886556336314
Fiji|aus|total|sti,Fiji,aus,total,sti,2009,1,naive,0.20225878166765116,0.17554635356358197,0.02671242810406918,1.0,0.02671242810406918,0.02671242810406918
Fiji|aus|total|sti,Fiji,aus,total,sti,2010,1,naive,0.20549810512216116,0.20225878166765116,0.0032393234545100014,0.02671242810406918,0.12126652964267767,0.12126652964267767
Fiji|aus|total|sti,Fiji,aus,total,sti,2011,1,naive,0.19132604032500428,0.20549810512216116,-0.01417206479715688,0.01740061247671822,-0.8144578138337893,0.8144578138337893
Fiji|aus|total|sti,Fiji,aus,total,sti,2012,1,naive,0.17088784700969298,0.19132604032500428,-0.020438193315311298,0.02581412422192132,-0.7917445945330662,0.7917445945330662
Fiji|aus|total|sti,Fiji,aus,total,sti,2013,1,naive,0.13578091802584735,0.17088784700969298,-0.035106928983845626,0.017552143181468527,-2.0001505583039774,2.0001505583039774
Fiji|aus|total|sti,Fiji,aus,total,sti,2014,1,naive,0.1326973616398562,0.13578091802584735,-0.003083556385991143,0.02581412422192132,-0.1194522951653185,0.1194522951653185
Fiji|aus|total|sti,Fiji,aus,total,sti,2015,1,naive,0.15588155546308607,0.1326973616398562,0.023184193823229865,0.017552143181468527,1.3208753816290442,1.3208753816290442
Fiji|aus|total|sti,Fiji,aus,total,sti,2016,1,naive,0.16727204555305458,0.15588155546308607,0.011390490089968508,0.02572998471141006,0.4426932319519549,0.4426932319519549
Fiji|aus|total|sti,Fiji,aus,total,sti,2017,1,naive,0.15929099671189345,0.16727204555305458,-0.007981048841161131,0.025772054466665688,-0.3096784096698247,0.3096784096698247
Fiji|aus|total|sti,Fiji,aus,total,sti,2018,1,naive,0.1509295572422516,0.15929099671189345,-0.008361439469641851,0.021459221305257778,-0.38964319118108887,0.38964319118108887
Fiji|aus|total|sti,Fiji,aus,total,sti,2019,1,naive,0.1406057831450217,0.1509295572422516,-0.010323774097229899,0.017552143181468527,-0.5881774089063775,0.5881774089063775
Fiji|aus|total|sti,Fiji,aus,total,sti,2020,1,naive,0.16890604028883888,0.1406057831450217,0.028300257143817176,0.01663532396556202,1.7012146684010225,1.7012146684010225
Fiji|aus|total|sti,Fiji,aus,total,sti,2021,1,naive,0.16770240390449886,0.16890604028883888,-0.0012036363843400122,0.017552143181468527,-0.06857489549258042,0.06857489549258042
Fiji|aus|total|sti,Fiji,aus,total,sti,2022,1,naive,0.14228586244761324,0.16770240390449886,-0.025416541456885627,0.016439822570394322,-1.5460350224616806,1.5460350224616806
Fiji|aus|total|sti,Fiji,aus,total,sti,2023,1,naive,0.13978339187220734,0.14228586244761324,-0.0025024705754058962,0.017552143181468527,-0.14257350510039102,0.14257350510039102
Fiji|aus|total|sti,Fiji,aus,total,sti,2024,1,naive,0.1392395070302362,0.13978339187220734,-0.0005438848419711539,0.016439822570394322,-0.033083376638785,0.033083376638785
Fiji|aus|total|sti,Fiji,aus,total,sti,2011,3,holt,0.19132604032500428,0.24582493392297466,-0.05449889359797039,0.0048026209536565275,-11.347739936976927,11.347739936976927
Fiji|aus|total|sti,Fiji,aus,total,sti,2012,3,holt,0.17088784700969298,0.20466396896548106,-0.03377612195578808,0.05449889359797039,-0.6197579386647576,0.6197579386647576
Fiji|aus|total|sti,Fiji,aus,total,sti,2013,3,holt,0.13578091802584735,0.1603501367530657,-0.024569218727218345,0.015361790618349745,-1.5993720613448719,1.5993720613448719
Fiji|aus|total|sti,Fiji,aus,total,sti,2014,3,holt,0.1326973616398562,0.12385059139828597,0.00884677024157024,0.013650154726677488,0.6481076895253323,0.6481076895253323
Fiji|aus|total|sti,Fiji,aus,total,sti,2015,3,holt,0.15588155546308607,0.07229196830370556,0.08358958715938052,0.02218686798168849,3.767525332028369,3.767525332028369
Fiji|aus|total|sti,Fiji,aus,total,sti,2016,3,holt,0.16727204555305458,0.13204647641181033,0.03522556914124425,0.04437373596337698,0.7938382553661248,0.7938382553661248
Fiji|aus|total|sti,Fiji,aus,total,sti,2017,3,holt,0.15929099671189345,0.19977326532556092,-0.040482268613667466,0.05115095361023007,-0.7914274467323149,0.7914274467323149
Fiji|aus|total|sti,Fiji,aus,total,sti,2018,3,holt,0.1509295572422516,0.18191697938191714,-0.030987422139665544,0.04437373596337698,-0.6983279966609173,0.6983279966609173
Fiji|aus|total|sti,Fiji,aus,total,sti,2019,3,holt,0.1406057831450217,0.14324901699759027,-0.002643233852568566,0.029225397672866114,-0.09044304143113978,0.09044304143113978
Fiji|aus|total|sti,Fiji,aus,total,sti,2020,3,holt,0.16890604028883888,0.13379458803117444,0.03511145225766443,0.03250746517515576,1.080104279693232,1.080104279693232
Fiji|aus|total|sti,Fiji,aus,total,sti,2021,3,holt,0.16770240390449886,0.1280692815111818,0.039633122393317066,0.03656761650338771,1.0838311649228043,1.0838311649228043
Fiji|aus|total|sti,Fiji,aus,total,sti,2022,3,holt,0.14228586244761324,0.21931073693556022,-0.07702487448794698,0.05597509762703144,-1.3760560991098691,1.3760560991098691
Fiji|aus|total|sti,Fiji,aus,total,sti,2023,3,holt,0.13978339187220734,0.16021042107058425,-0.02042702919837691,0.0502369444500911,-0.40661368683898663,0.40661368683898663
Fiji|aus|total|sti,Fiji,aus,total,sti,2024,3,holt,0.1392395070302362,0.09626473441895272,0.04297477261128346,0.043401335049665646,0.9901716747216635,0.9901716747216635
Fiji|aus|total|sti,Fiji,aus,total,sti,2011,3,ar1,0.19132604032500428,0.20549810512216116,-0.01417206479715688,0.0048026209536565275,-2.9509022123361257,2.9509022123361257
Fiji|aus|total|sti,Fiji,aus,total,sti,2012,3,ar1,0.17088784700969298,0.19132604032500428,-0.020438193315311298,0.01417206479715688,-1.4421464767372143,1.4421464767372143
Fiji|aus|total|sti,Fiji,aus,total,sti,2013,3,ar1,0.13578091802584735,0.17088784700969298,-0.035106928983845626,0.00464508107050787,-7.557872177246458,7.557872177246458
Fiji|aus|total|sti,Fiji,aus,total,sti,2014,3,ar1,0.1326973616398562,0.13578091802584735,-0.003083556385991143,0.00929016214101574,-0.3319163152575507,0.3319163152575507
Fiji|aus|total|sti,Fiji,aus,total,sti,2015,3,ar1,0.15588155546308607,0.1326973616398562,0.023184193823229865,0.01286499235570503,1.8021148541879035,1.8021148541879035
Fiji|aus|total|sti,Fiji,aus,total,sti,2016,3,ar1,0.16727204555305458,0.15588155546308607,0.011390490089968508,0.016439822570394322,0.692859672979749,0.692859672979749
Fiji|aus|total|sti,Fiji,aus,total,sti,2017,3,ar1,0.15929099671189345,0.16727204555305458,-0.007981048841161131,0.02359460300833392,-0.33825739040161523,0.33825739040161523
Fiji|aus|total|sti,Fiji,aus,total,sti,2018,3,ar1,0.1509295572422516,0.15929099671189345,-0.008361439469641851,0.018468962397375038,-0.45272924865720926,0.45272924865720926
Fiji|aus|total|sti,Fiji,aus,total,sti,2019,3,ar1,0.1406057831450217,0.1509295572422516,-0.010323774097229899,0.01354189775397441,-0.7623580006871619,0.7623580006871619
Fiji|aus|total|sti,Fiji,aus,total,sti,2020,3,ar1,0.16890604028883888,0.1406057831450217,0.028300257143817176,0.008614833110573782,3.2850615653925614,3.2850615653925614
Fiji|aus|total|sti,Fiji,aus,total,sti,2021,3,ar1,0.16770240390449886,0.16890604028883888,-0.0012036363843400122,0.01354189775397441,-0.08888240084272953,0.08888240084272953
Fiji|aus|total|sti,Fiji,aus,total,sti,2022,3,ar1,0.14228586244761324,0.16770240390449886,-0.025416541456885627,0.01004819170848299,-2.5294642254315476,2.5294642254315476
Fiji|aus|total|sti,Fiji,aus,total,sti,2023,3,ar1,0.13978339187220734,0.14228586244761324,-0.0025024705754058962,0.014258577052929013,-0.1755063332137926,0.1755063332137926
Fiji|aus|total|sti,Fiji,aus,total,sti,2024,3,ar1,0.1392395070302362,0.13978339187220734,-0.0005438848419711539,0.01004819170848299,-0.0541276338818247,0.0541276338818247
Fiji|aus|total|sti,Fiji,aus,total,sti,2013,5,holt,0.13578091802584735,0.18078302336401442,-0.045002105338167064,0.02101150326826479,-2.1417841819122496,2.1417841819122496
Fiji|aus|total|sti,Fiji,aus,total,sti,2014,5,holt,0.1326973616398562,0.12799612253008155,0.0047012391097746575,0.045002105338167064,0.10446709269371572,0.10446709269371572
Fiji|aus|total|sti,Fiji,aus,total,sti,2015,5,holt,0.15588155546308607,0.1161444879292763,0.039737067533809775,0.03684508923925919,1.0784901965027438,1.0784901965027438
Fiji|aus|total|sti,Fiji,aus,total,sti,2016,5,holt,0.16727204555305458,0.09717799915506212,0.07009404639799247,0.05194411922147446,1.3494125504204249,1.3494125504204249
Fiji|aus|total|sti,Fiji,aus,total,sti,2017,5,holt,0.15929099671189345,0.15499442717482087,0.004296569537072581,0.04847568804275586,0.0886334925928845,0.0886334925928845
Fiji|aus|total|sti,Fiji,aus,total,sti,2018,5,holt,0.1509295572422516,0.16323341508604114,-0.01230385784378954,0.05194411922147446,-0.23686719552081545,0.23686719552081545
Fiji|aus|total|sti,Fiji,aus,total,sti,2019,5,holt,0.1406057831450217,0.16281732730123272,-0.022211544156211016,0.03857793798241437,-0.5757576821844671,0.5757576821844671
Fiji|aus|total|sti,Fiji,aus,total,sti,2020,5,holt,0.16890604028883888,0.14214036708600616,0.026765673202832713,0.03930092936166226,0.6810442815874581,0.6810442815874581
Fiji|aus|total|sti,Fiji,aus,total,sti,2021,5,holt,0.16770240390449886,0.13387916063615743,0.033823243268341435,0.036306811228259114,0.9315949851860135,0.9315949851860135
Fiji|aus|total|sti,Fiji,aus,total,sti,2022,5,holt,0.14228586244761324,0.16793401595573007,-0.025648153508116833,0.039900892470150356,-0.6427964870034945,0.6427964870034945
Fiji|aus|total|sti,Fiji,aus,total,sti,2023,5,holt,0.13978339187220734,0.1363894059285578,0.0033939859436495357,0.04153858791782073,0.08170682042355755,0.08170682042355755
Fiji|aus|total|sti,Fiji,aus,total,sti,2024,5,holt,0.1392395070302362,0.14752910718064513,-0.008289600150408943,0.03930092936166226,-0.2109263135770876,0.2109263135770876
Fiji|aus|total|sti,Fiji,aus,total,sti,2013,5,ar1,0.13578091802584735,0.1936757942300929,-0.05789487620424555,0.02101150326826479,-2.755389534250432,2.755389534250432
Fiji|aus|total|sti,Fiji,aus,total,sti,2014,5,ar1,0.1326973616398562,0.07042268176806113,0.06227467987179508,0.05789487620424555,1.0756509721533587,1.0756509721533587
Fiji|aus|total|sti,Fiji,aus,total,sti,2015,5,ar1,0.15588155546308607,0.12136192500972394,0.034519630453362135,0.08908169191916891,0.38750533032853274,0.38750533032853274
Fiji|aus|total|sti,Fiji,aus,total,sti,2016,5,ar1,0.16727204555305458,0.1482567319567191,0.019015313596335487,0.04114963626776868,0.4621016203545311,0.4621016203545311
Fiji|aus|total|sti,Fiji,aus,total,sti,2017,5,ar1,0.15929099671189345,0.1467413329977725,0.012549663714120946,0.032068168219998194,0.39134332924868426,0.39134332924868426
Fiji|aus|total|sti,Fiji,aus,total,sti,2018,5,ar1,0.1509295572422516,0.1598882113271115,-0.008958654084859907,0.022986700172227707,-0.3897320632251366,0.3897320632251366
Fiji|aus|total|sti,Fiji,aus,total,sti,2019,5,ar1,0.1406057831450217,0.1581595915229693,-0.017553808377947594,0.032230452328184,-0.5446342545617215,0.5446342545617215
Fiji|aus|total|sti,Fiji,aus,total,sti,2020,5,ar1,0.16890604028883888,0.14062930273032972,0.028276737558509152,0.03257267268759899,0.8681122924639408,0.8681122924639408
Fiji|aus|total|sti,Fiji,aus,total,sti,2021,5,ar1,0.16770240390449886,0.15102426796815838,0.016678135936340488,0.032230452328184,0.5174651527231671,0.5174651527231671
Fiji|aus|total|sti,Fiji,aus,total,sti,2022,5,ar1,0.14228586244761324,0.15756787601215985,-0.015282013564546615,0.026451799770936292,-0.5777305777634688,0.5777305777634688
Fiji|aus|total|sti,Fiji,aus,total,sti,2023,5,ar1,0.13978339187220734,0.15816722631695398,-0.018383834444746644,0.032230452328184,-0.5703871065027174,0.5703871065027174
Fiji|aus|total|sti,Fiji,aus,total,sti,2024,5,ar1,0.1392395070302362,0.15449683238713452,-0.015257325356898332,0.03257267268759899,-0.46840876409589427,0.46840876409589427
Fiji|aus|total|sti,Fiji,aus,total,sti,2015,7,holt,0.15588155546308607,0.12368039008940983,0.03220116537367625,0.03960384590709296,0.8130817761794464,0.8130817761794464
Fiji|aus|total|sti,Fiji,aus,total,sti,2016,7,holt,0.16727204555305458,0.14511648712755862,0.022155558425495964,0.03220116537367625,0.6880359194579849,0.6880359194579849
Fiji|aus|total|sti,Fiji,aus,total,sti,2017,7,holt,0.15929099671189345,0.14863681308180782,0.010654183630085634,0.007446808430686043,1.4307046742578966,1.4307046742578966
Fiji|aus|total|sti,Fiji,aus,total,sti,2018,7,holt,0.1509295572422516,0.15775947964708337,-0.0068299224048317675,0.014893616861372087,-0.45858050924794336,0.45858050924794336
Fiji|aus|total|sti,Fiji,aus,total,sti,2019,7,holt,0.1406057831450217,0.14684691740776656,-0.006241134262744863,0.01597277756652372,-0.39073568994194474,0.39073568994194474
Fiji|aus|total|sti,Fiji,aus,total,sti,2020,7,holt,0.16890604028883888,0.1405200441095246,0.028385996179314282,0.025048998307910495,1.1332188149954867,1.1332188149954867
Fiji|aus|total|sti,Fiji,aus,total,sti,2021,7,holt,0.16770240390449886,0.17087749601804572,-0.003175092113546857,0.02059140107342924,-0.15419504977948958,0.15419504977948958
Fiji|aus|total|sti,Fiji,aus,total,sti,2022,7,holt,0.14228586244761324,0.17328998948507562,-0.031004127037462387,0.025048998307910495,-1.2377391964480775,1.2377391964480775
Fiji|aus|total|sti,Fiji,aus,total,sti,2023,7,holt,0.13978339187220734,0.13881356963323052,0.0009698222389768196,0.021486936939521945,0.04513543469255404,0.04513543469255404
Fiji|aus|total|sti,Fiji,aus,total,sti,2024,7,holt,0.1392395070302362,0.1324502812550186,0.006789225775217594,0.014358034198457928,0.47285204098112305,0.47285204098112305
Fiji|aus|total|sti,Fiji,aus,total,sti,2015,7,ar1,0.15588155546308607,0.1280401659649581,0.027841389498127977,0.03960384590709296,0.702997117084067,0.702997117084067
Fiji|aus|total|sti,Fiji,aus,total,sti,2016,7,ar1,0.16727204555305458,0.15299542132111055,0.014276624231944035,0.027841389498127977,0.5127841853189109,0.5127841853189109
Fiji|aus|total|sti,Fiji,aus,total,sti,2017,7,ar1,0.15929099671189345,0.15998444624951524,-0.0006934495376217931,0.010055560491822156,-0.06896179861736716,0.06896179861736716
Fiji|aus|total|sti,Fiji,aus,total,sti,2018,7,ar1,0.1509295572422516,0.1537337069872557,-0.002804149745004092,0.02011112098364431,-0.13943279180134271,0.13943279180134271
Fiji|aus|total|sti,Fiji,aus,total,sti,2019,7,ar1,0.1406057831450217,0.150073252265538,-0.009467469120516298,0.012661977749111646,-0.7477085577077821,0.7477085577077821
Fiji|aus|total|sti,Fiji,aus,total,sti,2020,7,ar1,0.16890604028883888,0.14685534832693511,0.022050691961903762,0.013008361433599392,1.6951167965666196,1.6951167965666196
Fiji|aus|total|sti,Fiji,aus,total,sti,2021,7,ar1,0.16770240390449886,0.15569949776276207,0.012002906141736797,0.01842489415733079,0.6514504799454247,0.6514504799454247
Fiji|aus|total|sti,Fiji,aus,total,sti,2022,7,ar1,0.14228586244761324,0.15964650613790599,-0.01736064369029275,0.018823616930217044,-0.9222799079821995,0.9222799079821995
Fiji|aus|total|sti,Fiji,aus,total,sti,2023,7,ar1,0.13978339187220734,0.15730169333493557,-0.01751830146272823,0.017601496402178844,-0.9952734166715329,0.9952734166715329
Fiji|aus|total|sti,Fiji,aus,total,sti,2024,7,ar1,0.1392395070302362,0.15072936465472897,-0.011489857624492783,0.022194631370758295,-0.5176863464211807,0.5176863464211807
Fiji|china|export|cwti,Fiji,china,export,cwti,2009,1,naive,0.00022686042958770786,1.3295504927653558e-05,0.0002135649246600543,1.0,0.0002135649246600543,0.0002135649246600543
Fiji|china|export|cwti,Fiji,china,export,cwti,2010,1,naive,0.0001276018758029513,0.00022686042958770786,-9.925855378475657e-05,0.0002135649246600543,-0.4647699239130822,0.4647699239130822
Fiji|china|export|cwti,Fiji,china,export,cwti,2011,1,naive,0.00010920941987027771,0.0001276018758029513,-1.8392455932673583e-05,0.00023189604457113827,-0.07931336632622626,0.07931336632622626
Fiji|china|export|cwti,Fiji,china,export,cwti,2012,1,naive,0.0009001154706911492,0.00010920941987027771,0.0007909060508208715,0.00011989207667549822,6.596816676731276,6.596816676731276
Fiji|china|export|cwti,Fiji,china,export,cwti,2013,1,naive,0.0037687478018635606,0.0009001154706911492,0.0028686323311724114,0.00023189604457113827,12.370337478060808,12.370337478060808
Fiji|china|export|cwti,Fiji,china,export,cwti,2014,1,naive,0.00800825734477903,0.0037687478018635606,0.0042395095429154685,0.00046379208914227655,9.140969934946266,9.140969934946266
Fiji|china|export|cwti,Fiji,china,export,cwti,2015,1,naive,0.005921522005155372,0.00800825734477903,-0.0020867353396236575,0.0008318290276275412,-2.508610868720503,2.508610868720503
Fiji|china|export|cwti,Fiji,china,export,cwti,2016,1,naive,0.00608111270435936,0.005921522005155372,0.00015959069920398836,0.0008559659536460275,0.18644514834288003,0.18644514834288003
Fiji|china|export|cwti,Fiji,china,export,cwti,2017,1,naive,0.0050788191226432255,0.00608111270435936,-0.001002293581716135,0.000659879021394152,-1.5189050556548236,1.5189050556548236
Fiji|china|export|cwti,Fiji,china,export,cwti,2018,1,naive,0.012619876234034712,0.0050788191226432255,0.007541057111391487,0.0009359881403071908,8.056787032490087,8.056787032490087
Fiji|china|export|cwti,Fiji,china,export,cwti,2019,1,naive,0.0060636303548758435,0.012619876234034712,-0.006556245879158869,0.0013292988875996828,-4.932108151386099,4.932108151386099
Fiji|china|export|cwti,Fiji,china,export,cwti,2020,1,naive,0.013095356657972583,0.0060636303548758435,0.00703172630309674,0.0017226096348921746,4.082019605989772,4.082019605989772
Fiji|china|export|cwti,Fiji,china,export,cwti,2021,1,naive,0.023076535249965682,0.013095356657972583,0.009981178591993099,0.002566517403359603,3.8889970428128064,3.8889970428128064
Fiji|china|export|cwti,Fiji,china,export,cwti,2022,1,naive,0.0056547503943659115,0.023076535249965682,-0.01742178485559977,0.003410425171827031,-5.108390883200813,5.108390883200813
Fiji|china|export|cwti,Fiji,china,export,cwti,2023,1,naive,0.007234520195425744,0.0056547503943659115,0.0015797698010598321,0.0036734140543611253,0.4300549237525535,0.4300549237525535
Fiji|china|export|cwti,Fiji,china,export,cwti,2024,1,naive,0.005267456907836104,0.007234520195425744,-0.0019670632875896394,0.003410425171827031,-0.5767794889151154,0.5767794889151154
Fiji|china|export|cwti,Fiji,china,export,cwti,2011,3,holt,0.00010920941987027771,0.0005882973484344061,-0.00047908792856412837,0.0001471607318412801,-3.255541900137108,3.255541900137108
Fiji|china|export|cwti,Fiji,china,export,cwti,2012,3,holt,0.0009001154706911492,-5.3933351217624415e-05,0.0009540488219087736,0.00047908792856412837,1.991385641396033,1.991385641396033
Fiji|china|export|cwti,Fiji,china,export,cwti,2013,3,holt,0.0037687478018635606,0.00024237719442317504,0.0035263706074403853,0.001062384273125562,3.319298578343702,3.319298578343702
Fiji|china|export|cwti,Fiji,china,export,cwti,2014,3,holt,0.00800825734477903,0.0029182500912067156,0.005090007253572314,0.002124768546251124,2.395558453909234,2.395558453909234
Fiji|china|export|cwti,Fiji,china,export,cwti,2015,3,holt,0.005921522005155372,0.009807605450791857,-0.0038860834456364854,0.0029692464127401455,-1.3087776847898063,1.3087776847898063
Fiji|china|export|cwti,Fiji,china,export,cwti,2016,3,holt,0.00608111270435936,0.015158765005276749,-0.009077652300917389,0.0038137242792291672,-2.380259199742717,2.380259199742717
Fiji|china|export|cwti,Fiji,china,export,cwti,2017,3,holt,0.0050788191226432255,0.002219779794061863,0.0028590393285813625,0.005494852189545884,0.520312326875829,0.520312326875829
Fiji|china|export|cwti,Fiji,china,export,cwti,2018,3,holt,0.012619876234034712,0.0061562984037741115,0.006463577830260601,0.0038137242792291672,1.6948204319497957,1.6948204319497957
Fiji|china|export|cwti,Fiji,china,export,cwti,2019,3,holt,0.0060636303548758435,0.004868335604763557,0.001195294750112287,0.004128370258517745,0.2895318673624606,0.2895318673624606
Fiji|china|export|cwti,Fiji,china,export,cwti,2020,3,holt,0.013095356657972583,0.02474155682880211,-0.011646200170829528,0.0034560530660746385,-3.369797844006256,3.369797844006256
Fiji|china|export|cwti,Fiji,china,export,cwti,2021,3,holt,0.023076535249965682,-0.004195387245168216,0.027271922495133896,0.004794012518429502,5.688746616804426,5.688746616804426
Fiji|china|export|cwti,Fiji,china,export,cwti,2022,3,holt,0.0056547503943659115,0.027807688767723267,-0.022152938373357356,0.005774300757629836,-3.8364711682337833,3.8364711682337833
Fiji|china|export|cwti,Fiji,china,export,cwti,2023,3,holt,0.007234520195425744,0.03728427010995738,-0.030049749914531635,0.006653976035323483,-4.516059233608401,4.516059233608401
Fiji|china|export|cwti,Fiji,china,export,cwti,2024,3,holt,0.005267456907836104,-0.02424841510610213,0.029515872013938235,0.0071759800998626,4.113148532073462,4.113148532073462
Fiji|china|export|cwti,Fiji,china,export,cwti,2011,3,ar1,0.00010920941987027771,0.0001276018758029513,-1.8392455932673583e-05,0.0001471607318412801,-0.12498209068782512,0.12498209068782512
Fiji|china|export|cwti,Fiji,china,export,cwti,2012,3,ar1,0.0009001154706911492,0.00010920941987027771,0.0007909060508208715,1.8392455932673583e-05,43.00165533716752,43.00165533716752
Fiji|china|export|cwti,Fiji,china,export,cwti,2013,3,ar1,0.0037687478018635606,0.0009001154706911492,0.0028686323311724114,0.000599932983056403,4.781587964305532,4.781587964305532
Fiji|china|export|cwti,Fiji,china,export,cwti,2014,3,ar1,0.00800825734477903,0.0037687478018635606,0.0042395095429154685,0.0011998659661128057,3.533319272860257,3.533319272860257
Fiji|china|export|cwti,Fiji,china,export,cwti,2015,3,ar1,0.005921522005155372,0.00800825734477903,-0.0020867353396236575,0.0021401514746809997,-0.9750409558906086,0.9750409558906086
Fiji|china|export|cwti,Fiji,china,export,cwti,2016,3,ar1,0.00608111270435936,0.005921522005155372,0.00015959069920398836,0.0030804369832491928,0.0518078117071737,0.0518078117071737
Fiji|china|export|cwti,Fiji,china,export,cwti,2017,3,ar1,0.0050788191226432255,0.00608111270435936,-0.001002293581716135,0.0021401514746809997,-0.4683283373040368,0.4683283373040368
Fiji|china|export|cwti,Fiji,china,export,cwti,2018,3,ar1,0.012619876234034712,0.0050788191226432255,0.007541057111391487,0.0017226096348921746,4.377693563674693,4.377693563674693
Fiji|china|export|cwti,Fiji,china,export,cwti,2019,3,ar1,0.0060636303548758435,0.012619876234034712,-0.006556245879158869,0.0028695173792242794,-2.2847904412871087,2.2847904412871087
Fiji|china|export|cwti,Fiji,china,export,cwti,2020,3,ar1,0.013095356657972583,0.0060636303548758435,0.00703172630309674,0.0033304029851658674,2.111374009216645,2.111374009216645
Fiji|china|export|cwti,Fiji,china,export,cwti,2021,3,ar1,0.023076535249965682,0.013095356657972583,0.009981178591993099,0.003673414054361126,2.717139544926418,2.717139544926418
Fiji|china|export|cwti,Fiji,china,export,cwti,2022,3,ar1,0.0056547503943659115,0.023076535249965682,-0.01742178485559977,0.004266391125473059,-4.083494537474699,4.083494537474699
Fiji|china|export|cwti,Fiji,china,export,cwti,2023,3,ar1,0.007234520195425744,0.0056547503943659115,0.0015797698010598321,0.004689645331426254,0.33686338505675,0.33686338505675
Fiji|china|export|cwti,Fiji,china,export,cwti,2024,3,ar1,0.005267456907836104,0.007234520195425744,-0.0019670632875896394,0.004266391125473059,-0.46106023328358836,0.46106023328358836
Fiji|china|export|cwti,Fiji,china,export,cwti,2013,5,holt,0.0037687478018635606,0.000946189262351227,0.0028225585395123334,0.0001471607318412801,19.180106705072642,19.180106705072642
Fiji|china|export|cwti,Fiji,china,export,cwti,2014,5,holt,0.00800825734477903,0.0040182805350510754,0.003989976809727954,0.0028225585395123334,1.413602854953478,1.413602854953478
Fiji|china|export|cwti,Fiji,china,export,cwti,2015,5,holt,0.005921522005155372,0.00902719258344175,-0.0031056705782863776,0.0008654071637108395,-3.588681384343246,3.588681384343246
Fiji|china|export|cwti,Fiji,china,export,cwti,2016,5,holt,0.00608111270435936,0.00741171389969151,-0.0013306011953321496,0.001730814327421679,-0.7687717707504133,0.7687717707504133
Fiji|china|export|cwti,Fiji,china,export,cwti,2017,5,holt,0.0050788191226432255,0.007962801142029671,-0.002883982019386446,0.003944144475151055,-0.7312059782688345,0.7312059782688345
Fiji|china|export|cwti,Fiji,china,export,cwti,2018,5,holt,0.012619876234034712,0.006738764138495491,0.0058811120955392215,0.002631717867167938,2.234704627311758,2.234704627311758
Fiji|china|export|cwti,Fiji,china,export,cwti,2019,5,holt,0.0060636303548758435,0.011672916061776444,-0.0056092857069006,0.0050956656800225045,-1.10079547190306,1.10079547190306
Fiji|china|export|cwti,Fiji,china,export,cwti,2020,5,holt,0.013095356657972583,0.007538651076794984,0.005556705581177599,0.00615747462288043,0.9024325590445074,0.9024325590445074
Fiji|china|export|cwti,Fiji,china,export,cwti,2021,5,holt,0.023076535249965682,0.0099144597083507,0.013162075541614983,0.005546117449895634,2.3732053387839205,2.3732053387839205
Fiji|china|export|cwti,Fiji,china,export,cwti,2022,5,holt,0.0056547503943659115,0.029533243515969698,-0.023878493121603787,0.00615747462288043,-3.8779685803128117,3.8779685803128117
Fiji|china|export|cwti,Fiji,china,export,cwti,2023,5,holt,0.007234520195425744,0.0017369182609867518,0.005497601934438992,0.006421419447010647,0.856134999403953,0.856134999403953
Fiji|china|export|cwti,Fiji,china,export,cwti,2024,5,holt,0.005267456907836104,0.008869879008542563,-0.003602422100706459,0.00615747462288043,-0.585048631352908,0.585048631352908
Fiji|china|export|cwti,Fiji,china,export,cwti,2013,5,ar1,0.0037687478018635606,-0.0002850589859033814,0.004053806787766942,0.0001471607318412801,27.546796873361348,27.546796873361348
Fiji|china|export|cwti,Fiji,china,export,cwti,2014,5,ar1,0.00800825734477903,0.01623890229278506,-0.00823064494800603,0.004053806787766942,-2.030349589635948,2.030349589635948
Fiji|china|export|cwti,Fiji,china,export,cwti,2015,5,ar1,0.005921522005155372,0.01672518497699607,-0.0108036629718407,0.009106464071728503,-1.1863729859080254,1.1863729859080254
Fiji|china|export|cwti,Fiji,china,export,cwti,2016,5,ar1,0.00608111270435936,0.00618993032862572,-0.00010881762426635973,0.0038147565221372816,-0.028525444188871277,0.028525444188871277
Fiji|china|export|cwti,Fiji,china,export,cwti,2017,5,ar1,0.0050788191226432255,0.006277142934817162,-0.0011983238121739369,0.007928088856156859,-0.15114913996496557,0.15114913996496557
Fiji|china|export|cwti,Fiji,china,export,cwti,2018,5,ar1,0.012619876234034712,0.0067202243554495165,0.005899651878585196,0.007786808827472347,0.757646939754172,0.757646939754172
Fiji|china|export|cwti,Fiji,china,export,cwti,2019,5,ar1,0.0060636303548758435,-0.003467732226622694,0.009531362581498538,0.00834748285620003,1.1418247567192295,1.1418247567192295
Fiji|china|export|cwti,Fiji,china,export,cwti,2020,5,ar1,0.013095356657972583,0.007985564141881146,0.005109792516091437,0.008908156884927715,0.5736082763357059,0.5736082763357059
Fiji|china|export|cwti,Fiji,china,export,cwti,2021,5,ar1,0.023076535249965682,0.005460213477495078,0.017616321772470606,0.0052617293795597445,3.348009846516391,3.348009846516391
Fiji|china|export|cwti,Fiji,china,export,cwti,2022,5,ar1,0.0056547503943659115,0.01804021494973795,-0.012385464555372039,0.007786808827472347,-1.590570004964723,1.590570004964723
Fiji|china|export|cwti,Fiji,china,export,cwti,2023,5,ar1,0.007234520195425744,0.015689183897876977,-0.008454663702451234,0.00851459055235709,-0.992961863575546,0.992961863575546
Fiji|china|export|cwti,Fiji,china,export,cwti,2024,5,ar1,0.005267456907836104,0.013082394238718468,-0.007814937330882364,0.012041421190176435,-0.6490045657781577,0.6490045657781577
Fiji|china|export|cwti,Fiji,china,export,cwti,2015,7,holt,0.005921522005155372,0.009069682348753388,-0.003148160343598016,0.0003166313573009965,-9.942667619636003,9.942667619636003
Fiji|china|export|cwti,Fiji,china,export,cwti,2016,7,holt,0.00608111270435936,0.007243048892622388,-0.0011619361882630273,0.003148160343598016,-0.3690841829660609,0.3690841829660609
Fiji|china|export|cwti,Fiji,china,export,cwti,2017,7,holt,0.0050788191226432255,0.006669283079348595,-0.0015904639567053697,0.0014723879663498271,-1.0801935312255118,1.0801935312255118
Fiji|china|export|cwti,Fiji,china,export,cwti,2018,7,holt,0.012619876234034712,0.006301282157424145,0.006318594076610567,0.0006353352694926169,9.945290903898094,9.945290903898094
Fiji|china|export|cwti,Fiji,china,export,cwti,2019,7,holt,0.0060636303548758435,0.014359456621103855,-0.008295826266228011,0.0014723879663498271,-5.634266549185442,5.634266549185442
Fiji|china|export|cwti,Fiji,china,export,cwti,2020,7,holt,0.013095356657972583,0.008111462377054136,0.004983894280918447,0.0023094406632070373,2.1580525364083147,2.1580525364083147
Fiji|china|export|cwti,Fiji,china,export,cwti,2021,7,holt,0.023076535249965682,0.011542557472691237,0.011533977777274445,0.006028292093154053,1.9133077161892749,1.9133077161892749
Fiji|china|export|cwti,Fiji,china,export,cwti,2022,7,holt,0.0056547503943659115,0.021920561664012142,-0.01626581126964623,0.009111808253608454,-1.785135377843871,1.785135377843871
Fiji|china|export|cwti,Fiji,china,export,cwti,2023,7,holt,0.007234520195425744,0.01226927349154548,-0.005034753296119737,0.00984425684159967,-0.5114406681105651,0.5114406681105651
Fiji|china|export|cwti,Fiji,china,export,cwti,2024,7,holt,0.005267456907836104,0.007439719894660851,-0.0021722629868247464,0.009747143523101071,-0.2228614959527791,0.2228614959527791
Fiji|china|export|cwti,Fiji,china,export,cwti,2015,7,ar1,0.005921522005155372,0.01721916754851393,-0.011297645543358558,0.0003166313573009965,-35.68075392046144,35.68075392046144
Fiji|china|export|cwti,Fiji,china,export,cwti,2016,7,ar1,0.00608111270435936,0.00608937955788549,-8.266853526129811e-06,0.011297645543358558,-0.0007317324210963203,0.0007317324210963203
Fiji|china|export|cwti,Fiji,china,export,cwti,2017,7,ar1,0.0050788191226432255,0.006229291663701529,-0.0011504725410583037,0.008368816422772778,-0.13747135591691306,0.13747135591691306
Fiji|china|export|cwti,Fiji,china,export,cwti,2018,7,ar1,0.012619876234034712,0.0054459762375739604,0.007173899996460752,0.0016934341523352008,4.236302891711575,4.236302891711575
Fiji|china|export|cwti,Fiji,china,export,cwti,2019,7,ar1,0.0060636303548758435,0.008544735221640311,-0.002481104866764468,0.006170857362062875,-0.40206809543480543,0.40206809543480543
Fiji|china|export|cwti,Fiji,china,export,cwti,2020,7,ar1,0.013095356657972583,0.007600704463939841,0.005494652194032742,0.001972795486091959,2.7852112561943567,2.7852112561943567
Fiji|china|export|cwti,Fiji,china,export,cwti,2021,7,ar1,0.023076535249965682,0.004823356742016479,0.018253178507949205,0.005912428709168972,3.0872555773302173,3.0872555773302173
Fiji|china|export|cwti,Fiji,china,export,cwti,2022,7,ar1,0.0056547503943659115,0.022406599869643246,-0.016751849475277334,0.008158627779910783,-2.0532680160413594,2.0532680160413594
Fiji|china|export|cwti,Fiji,china,export,cwti,2023,7,ar1,0.007234520195425744,0.011792009883709152,-0.004557489688283408,0.010250171252018266,-0.4446257117300392,0.4446257117300392
Fiji|china|export|cwti,Fiji,china,export,cwti,2024,7,ar1,0.005267456907836104,0.012011230872402863,-0.006743773964566759,0.009852061932245984,-0.6845038136122815,0.6845038136122815
Fiji|china|export|raw_usd,Fiji,china,export,raw_usd,2009,1,naive,7214885.0,2444680.0,4770205.0,1.0,4770205.0,4770205.0
Fiji|china|export|raw_usd,Fiji,china,export,raw_usd,2010,1,naive,6949957.0,7214885.0,-264928.0,4770205.0,-0.055538074359487696,0.055538074359487696
Fiji|china|export|raw_usd,Fiji,china,export,raw_usd,2011,1,naive,7120049.0,6949957.0,170092.0,3732544.0928999996,0.04556999080695308,0.04556999080695308
Fiji|china|export|raw_usd,Fiji,china,export,raw_usd,2012,1,naive,16214180.0,7120049.0,9094131.0,644960.652,14.100288090132977,14.100288090132977
Fiji|china|export|raw_usd,Fiji,china,export,raw_usd,2013,1,naive,28859296.0,16214180.0,12645116.0,3732544.0928999996,3.3878008364464836,3.3878008364464836
Fiji|china|export|raw_usd,Fiji,china,export,raw_usd,2014,1,naive,80484802.0,28859296.0,51625506.0,6820127.533799999,7.56958073645224,7.56958073645224
Fiji|china|export|raw_usd,Fiji,china,export,raw_usd,2015,1,naive,51165048.68,80484802.0,-29319753.32,9247735.291199999,-3.1704793007970524,3.1704793007970524
Fiji|china|export|raw_usd,Fiji,china,export,raw_usd,2016,1,naive,47098941.811000004,51165048.68,-4066106.8689999953,7465088.185799999,-0.5446830322426056,0.5446830322426056
Fiji|china|export|raw_usd,Fiji,china,export,raw_usd,2017,1,naive,49679683.585,47098941.811000004,2580741.7739999965,9755684.332289696,0.26453723655840006,0.26453723655840006
Fiji|china|export|raw_usd,Fiji,china,export,raw_usd,2018,1,naive,56604440.729,49679683.585,6924757.144000001,9656750.866467604,0.7170897582173046,0.7170897582173046
Fiji|china|export|raw_usd,Fiji,china,export,raw_usd,2019,1,naive,33414882.136,56604440.729,-23189558.593000002,6937870.4366999995,-3.3424606015026885,3.3424606015026885
Fiji|china|export|raw_usd,Fiji,china,export,raw_usd,2020,1,naive,40815443.77,33414882.136,7400561.634000003,9656750.866467604,0.7663614539024651,0.7663614539024651
Fiji|china|export|raw_usd,Fiji,china,export,raw_usd,2021,1,naive,46199419.335,40815443.77,5383975.564999998,6937870.4366999995,0.7760271129480601,0.7760271129480601
Fiji|china|export|raw_usd,Fiji,china,export,raw_usd,2022,1,naive,30577143.307,46199419.335,-15622276.028,6820127.533799999,-2.290613474686106,2.290613474686106
Fiji|china|export|raw_usd,Fiji,china,export,raw_usd,2023,1,naive,32575772.575000003,30577143.307,1998629.268000003,6937870.4366999995,0.2880753231463705,0.2880753231463705
Fiji|china|export|raw_usd,Fiji,china,export,raw_usd,2024,1,naive,33094813.075999998,32575772.575000003,519040.5009999946,7145864.9244360095,0.07263508427441484,0.07263508427441484
Fiji|china|export|raw_usd,Fiji,china,export,raw_usd,2011,3,holt,7120049.0,15697917.07,-8577868.07,392782.25279999996,-21.838736370728412,21.838736370728412
Fiji|china|export|raw_usd,Fiji,china,export,raw_usd,2012,3,holt,16214180.0,6511455.200000001,9702724.799999999,8577868.07,1.131134766916507,1.131134766916507
Fiji|china|export|raw_usd,Fiji,china,export,raw_usd,2013,3,holt,28859296.0,9334281.190000001,19525014.81,13551403.494530998,1.4408112648907399,1.4408112648907399
Fiji|china|export|raw_usd,Fiji,china,export,raw_usd,2014,3,holt,80484802.0,35148148.85,45336653.15,14562527.168825999,3.1132407599590386,3.1132407599590386
Fiji|china|export|raw_usd,Fiji,china,export,raw_usd,2015,3,holt,51165048.68,62335409.9,-11170361.219999999,20832667.078944,-0.5361944861726374,0.5361944861726374
Fiji|china|export|raw_usd,Fiji,china,export,raw_usd,2016,3,holt,47098941.811000004,166737309.5428,-119638367.7318,27102806.989061996,-4.414242693757994,4.414242693757994
Fiji|china|export|raw_usd,Fiji,china,export,raw_usd,2017,3,holt,49679683.585,-908509.8827399723,50588193.46773997,22754482.251039,2.2232188326513143,2.2232188326513143
Fiji|china|export|raw_usd,Fiji,china,export,raw_usd,2018,3,holt,56604440.729,40362566.28803002,16241874.440969981,30946437.33325199,0.524838263806156,0.524838263806156
Fiji|china|export|raw_usd,Fiji,china,export,raw_usd,2019,3,holt,33414882.136,55753410.360700004,-22338528.224700004,33872093.790008046,-0.6594965272353391,0.6594965272353391
Fiji|china|export|raw_usd,Fiji,china,export,raw_usd,2020,3,holt,40815443.77,57805942.407460004,-16990498.63746,30946437.33325199,-0.5490292292613498,0.5490292292613498
Fiji|china|export|raw_usd,Fiji,china,export,raw_usd,2021,3,holt,46199419.335,-5010803.790979993,51210223.12597999,27068950.118602093,1.8918437139823807,1.8918437139823807
Fiji|china|export|raw_usd,Fiji,china,export,raw_usd,2022,3,holt,30577143.307,55193083.96351001,-24615940.656510007,39575373.06837819,-0.6220014809204368,0.6220014809204368
Fiji|china|export|raw_usd,Fiji,china,export,raw_usd,2023,3,holt,32575772.575000003,52556057.63046999,-19980285.05546999,31033444.451623112,-0.643830725481231,0.643830725481231
Fiji|china|export|raw_usd,Fiji,china,export,raw_usd,2024,3,holt,33094813.075999998,3914026.6279600095,29180786.448039986,27102806.989061996,1.0766702673939497,1.0766702673939497
Fiji|china|export|raw_usd,Fiji,china,export,raw_usd,2011,3,ar1,7120049.0,6949957.0,170092.0,392782.25279999996,0.4330440053935146,0.4330440053935146
Fiji|china|export|raw_usd,Fiji,china,export,raw_usd,2012,3,ar1,16214180.0,7120049.0,9094131.0,170092.0,53.46595371916375,53.46595371916375
Fiji|china|export|raw_usd,Fiji,china,export,raw_usd,2013,3,ar1,28859296.0,16214180.0,12645116.0,6615390.1107,1.911469435422603,1.911469435422603
Fiji|china|export|raw_usd,Fiji,china,export,raw_usd,2014,3,ar1,80484802.0,28859296.0,51625506.0,5264690.361,9.805990943443446,9.805990943443446
Fiji|china|export|raw_usd,Fiji,china,export,raw_usd,2015,3,ar1,51165048.68,80484802.0,-29319753.32,9247735.291199999,-3.1704793007970524,3.1704793007970524
Fiji|china|export|raw_usd,Fiji,china,export,raw_usd,2016,3,ar1,47098941.811000004,51165048.68,-4066106.8689999953,13230780.2214,-0.3073217755082432,0.3073217755082432
Fiji|china|export|raw_usd,Fiji,china,export,raw_usd,2017,3,ar1,49679683.585,47098941.811000004,2580741.7739999965,12388029.512789696,0.20832544605545034,0.20832544605545034
Fiji|china|export|raw_usd,Fiji,china,export,raw_usd,2018,3,ar1,56604440.729,49679683.585,6924757.144000001,9854617.798111787,0.7026915995998173,0.7026915995998173
Fiji|china|export|raw_usd,Fiji,china,export,raw_usd,2019,3,ar1,33414882.136,56604440.729,-23189558.593000002,9247735.291199999,-2.5075932498918765,2.5075932498918765
Fiji|china|export|raw_usd,Fiji,china,export,raw_usd,2020,3,ar1,40815443.77,33414882.136,7400561.634000003,9854617.798111787,0.7509739886023791,0.7509739886023791
Fiji|china|export|raw_usd,Fiji,china,export,raw_usd,2021,3,ar1,46199419.335,40815443.77,5383975.564999998,9247735.291199999,0.582193952947951,0.582193952947951
Fiji|china|export|raw_usd,Fiji,china,export,raw_usd,2022,3,ar1,30577143.307,46199419.335,-15622276.028,7730103.773468996,-2.0209658868511253,2.0209658868511253
Fiji|china|export|raw_usd,Fiji,china,export,raw_usd,2023,3,ar1,32575772.575000003,30577143.307,1998629.268000003,9755684.332289696,0.20486817735429097,0.20486817735429097
Fiji|china|export|raw_usd,Fiji,china,export,raw_usd,2024,3,ar1,33094813.075999998,32575772.575000003,519040.5009999946,9656750.866467604,0.053748979152224645,0.053748979152224645
Fiji|china|export|raw_usd,Fiji,china,export,raw_usd,2013,5,holt,28859296.0,19981084.095168,8878211.904832002,252178.39919999999,35.206076067565114,35.206076067565114
Fiji|china|export|raw_usd,Fiji,china,export,raw_usd,2014,5,holt,80484802.0,31438049.68288,49046752.31712,8878211.904832002,5.5243953222637225,5.5243953222637225
Fiji|china|export|raw_usd,Fiji,china,export,raw_usd,2015,5,holt,51165048.68,87658155.231296,-36493106.551296,29776939.00762909,-1.2255492930937655,1.2255492930937655
Fiji|china|export|raw_usd,Fiji,china,export,raw_usd,2016,5,holt,47098941.811000004,63693231.79788001,-16594289.986880004,59553878.01525818,-0.2786433149261651,0.2786433149261651
Fiji|china|export|raw_usd,Fiji,china,export,raw_usd,2017,5,holt,49679683.585,80503391.683712,-30823708.098712005,33633758.371527694,-0.9164514937113151,0.9164514937113151
Fiji|china|export|raw_usd,Fiji,china,export,raw_usd,2018,5,holt,56604440.729,68188624.75353792,-11584184.024537921,29501985.43840316,-0.3926577771765361,0.3926577771765361
Fiji|china|export|raw_usd,Fiji,china,export,raw_usd,2019,5,holt,33414882.136,41917167.227723286,-8502285.091723286,29013251.915386826,-0.29304833241440964,0.29304833241440964
Fiji|china|export|raw_usd,Fiji,china,export,raw_usd,2020,5,holt,40815443.77,34601145.62547006,6214298.144529946,28524518.392370496,0.2178581267893412,0.2178581267893412
Fiji|china|export|raw_usd,Fiji,china,export,raw_usd,2021,5,holt,46199419.335,44374417.496809684,1825001.8381903172,26078177.255476445,0.06998195542240457,0.06998195542240457
Fiji|china|export|raw_usd,Fiji,china,export,raw_usd,2022,5,holt,30577143.307,50404980.45950714,-19827837.152507138,21818806.30606904,-0.9087498589229375,0.9087498589229375
Fiji|china|export|raw_usd,Fiji,china,export,raw_usd,2023,5,holt,32575772.575000003,21258462.873683333,11317309.70131667,20849632.63307496,0.5428061923433306,0.5428061923433306
Fiji|china|export|raw_usd,Fiji,china,export,raw_usd,2024,5,holt,33094813.075999998,33826221.15019559,-731408.0741955936,21818806.30606904,-0.03352191059105501,0.03352191059105501
Fiji|china|export|raw_usd,Fiji,china,export,raw_usd,2013,5,ar1,28859296.0,15859389.376029953,12999906.623970047,252178.39919999999,51.5504367749593,51.5504367749593
Fiji|china|export|raw_usd,Fiji,china,export,raw_usd,2014,5,ar1,80484802.0,54920795.87473827,25564006.12526173,12999906.623970047,1.9664761343843198,1.9664761343843198
Fiji|china|export|raw_usd,Fiji,china,export,raw_usd,2015,5,ar1,51165048.68,237041366.20943746,-185876317.52943745,9313766.960307525,-19.9571578633636,19.9571578633636
Fiji|china|export|raw_usd,Fiji,china,export,raw_usd,2016,5,ar1,47098941.811000004,50669618.425437525,-3570676.6144375205,18627533.92061505,-0.19168810158417485,0.19168810158417485
Fiji|china|export|raw_usd,Fiji,china,export,raw_usd,2017,5,ar1,49679683.585,52080997.55203617,-2401313.9670361727,21597540.314939056,-0.11118460398822266,0.11118460398822266
Fiji|china|export|raw_usd,Fiji,china,export,raw_usd,2018,5,ar1,56604440.729,58185393.62870766,-1580952.89970766,22833849.648225818,-0.06923724751032069,0.06923724751032069
Fiji|china|export|raw_usd,Fiji,china,export,raw_usd,2019,5,ar1,33414882.136,51137965.548217736,-17723083.412217736,12283773.354631528,-1.4428044950483678,1.4428044950483678
Fiji|china|export|raw_usd,Fiji,china,export,raw_usd,2020,5,ar1,40815443.77,83039978.60023002,-42224534.83023002,22716055.379426185,-1.8587969665046937,1.8587969665046937
Fiji|china|export|raw_usd,Fiji,china,export,raw_usd,2021,5,ar1,46199419.335,45599681.34753211,599737.9874678925,22774952.513826,0.026333226692956187,0.026333226692956187
Fiji|china|export|raw_usd,Fiji,china,export,raw_usd,2022,5,ar1,30577143.307,44132460.358794816,-13555317.051794816,22716055.379426185,-0.5967284735567161,0.5967284735567161
Fiji|china|export|raw_usd,Fiji,china,export,raw_usd,2023,5,ar1,32575772.575000003,43967879.26596209,-11392106.690962084,18759641.645926055,-0.6072667541299253,0.6072667541299253
Fiji|china|export|raw_usd,Fiji,china,export,raw_usd,2024,5,ar1,33094813.075999998,37914768.42398377,-4819955.34798377,14803227.912425926,-0.32560164421557464,0.32560164421557464
Fiji|china|export|raw_usd,Fiji,china,export,raw_usd,2015,7,holt,51165048.68,88633566.90463917,-37468518.22463917,7072305.932999999,-5.297921014673274,5.297921014673274
Fiji|china|export|raw_usd,Fiji,china,export,raw_usd,2016,7,holt,47098941.811000004,69764845.42773288,-22665903.61673288,37468518.22463917,-0.6049319452891484,0.6049319452891484
Fiji|china|export|raw_usd,Fiji,china,export,raw_usd,2017,7,holt,49679683.585,51165231.236830555,-1485547.651830554,10973178.20884093,-0.13537988935909834,0.13537988935909834
Fiji|china|export|raw_usd,Fiji,china,export,raw_usd,2018,7,holt,56604440.729,74406846.88014293,-17802406.151142925,21946356.41768186,-0.8111782116506494,0.8111782116506494
Fiji|china|export|raw_usd,Fiji,china,export,raw_usd,2019,7,holt,33414882.136,69000665.42832428,-35585783.29232428,14578488.880082766,-2.4409788685946614,2.4409788685946614
Fiji|china|export|raw_usd,Fiji,china,export,raw_usd,2020,7,holt,40815443.77,42210421.863870986,-1394978.0938709825,19155013.60703181,-0.07282574277884542,0.07282574277884542
Fiji|china|export|raw_usd,Fiji,china,export,raw_usd,2021,7,holt,46199419.335,30542759.006761257,15656660.328238744,24155995.68359867,0.6481480015692018,0.6481480015692018
Fiji|china|export|raw_usd,Fiji,china,export,raw_usd,2022,7,holt,30577143.307,34550982.67252387,-3973839.365523871,24325652.83771138,-0.1633600295143298,0.1633600295143298
Fiji|china|export|raw_usd,Fiji,china,export,raw_usd,2023,7,holt,32575772.575000003,37013613.813919924,-4437841.238919921,15768137.090097524,-0.2814435981601726,0.2814435981601726
Fiji|china|export|raw_usd,Fiji,china,export,raw_usd,2024,7,holt,33094813.075999998,31140677.82119009,1954135.2548099086,19814303.938861825,0.09862245279165523,0.09862245279165523
Fiji|china|export|raw_usd,Fiji,china,export,raw_usd,2015,7,ar1,51165048.68,223799122.43184036,-172634073.75184035,7072305.932999999,-24.409870753231225,24.409870753231225
Fiji|china|export|raw_usd,Fiji,china,export,raw_usd,2016,7,ar1,47098941.811000004,47657362.99567543,-558421.1846754253,172634073.75184035,-0.003234710115675946,0.003234710115675946
Fiji|china|export|raw_usd,Fiji,china,export,raw_usd,2017,7,ar1,49679683.585,46241888.185618,3437795.3993820027,127559681.24803935,0.02695048596662155,0.02695048596662155
Fiji|china|export|raw_usd,Fiji,china,export,raw_usd,2018,7,ar1,56604440.729,49489334.97253022,7115105.756469779,5924790.707523542,1.2009041513373164,1.2009041513373164
Fiji|china|export|raw_usd,Fiji,china,export,raw_usd,2019,7,ar1,33414882.136,53056410.56700955,-19641528.431009553,5688385.52147094,-3.452917942511484,3.452917942511484
Fiji|china|export|raw_usd,Fiji,china,export,raw_usd,2020,7,ar1,40815443.77,63430668.67667124,-22615224.906671233,11376771.04294188,-1.9878421409123517,1.9878421409123517
Fiji|china|export|raw_usd,Fiji,china,export,raw_usd,2021,7,ar1,46199419.335,45044526.7485034,1154892.586496599,19313103.952877264,0.05979839332478419,0.05979839332478419
Fiji|china|export|raw_usd,Fiji,china,export,raw_usd,2022,7,ar1,30577143.307,45650678.06959173,-15073534.76259173,11376771.04294188,-1.3249396252852705,1.3249396252852705
Fiji|china|export|raw_usd,Fiji,china,export,raw_usd,2023,7,ar1,32575772.575000003,44624562.823331416,-12048790.248331413,17108702.75546926,-0.70424920115464,0.70424920115464
Fiji|china|export|raw_usd,Fiji,china,export,raw_usd,2024,7,ar1,33094813.075999998,38727853.661020055,-5633040.585020058,17035621.173776366,-0.33066247057026776,0.33066247057026776
Fiji|china|export|sti,Fiji,china,export,sti,2009,1,naive,0.011476335386634366,0.0026517525741773028,0.008824582812457063,1.0,0.008824582812457063,0.008824582812457063
Fiji|china|export|sti,Fiji,china,export,sti,2010,1,naive,0.008260370613007988,0.011476335386634366,-0.003215964773626378,0.008824582812457063,-0.36443249975359965,0.36443249975359965
Fiji|china|export|sti,Fiji,china,export,sti,2011,1,naive,0.00665754475237406,0.008260370613007988,-0.0016028258606339274,0.008925657925563654,-0.1795750939595536,0.1795750939595536
Fiji|china|export|sti,Fiji,china,export,sti,2012,1,naive,0.013283752045756212,0.00665754475237406,0.006626207293382152,0.0023916397524026073,2.770570813068966,2.770570813068966
Fiji|china|export|sti,Fiji,china,export,sti,2013,1,naive,0.026046535360809125,0.013283752045756212,0.012762783315052912,0.007296002153273423,1.749284477571976,1.749284477571976
Fiji|china|export|sti,Fiji,china,export,sti,2014,1,naive,0.05860837916719262,0.026046535360809125,0.032561843806383495,0.009098087609729069,3.5789767260059557,3.5789767260059557
Fiji|china|export|sti,Fiji,china,export,sti,2015,1,naive,0.052143225842100266,0.05860837916719262,-0.006465153325092357,0.010649226081936653,-0.6071007672621984,0.6071007672621984
Fiji|china|export|sti,Fiji,china,export,sti,2016,1,naive,0.051081374103278204,0.052143225842100266,-0.0010618517388220616,0.01220036455414424,-0.08703442705417931,0.08703442705417931
Fiji|china|export|sti,Fiji,china,export,sti,2017,1,naive,0.04794645777546055,0.051081374103278204,-0.0031349163278176564,0.008925657925563654,-0.3512252378437063,0.3512252378437063
Fiji|china|export|sti,Fiji,china,export,sti,2018,1,naive,0.05620706830562008,0.04794645777546055,0.008260610530159529,0.00801093493180434,1.0311668488735253,1.0311668488735253
Fiji|china|export|sti,Fiji,china,export,sti,2019,1,naive,0.03460898237990825,0.05620706830562008,-0.02159808592571183,0.008832764933095857,-2.445223674501407,2.445223674501407
Fiji|china|export|sti,Fiji,china,export,sti,2020,1,naive,0.04937591000280216,0.03460898237990825,0.014766927622893916,0.011398316321145966,1.2955358674770727,1.2955358674770727
Fiji|china|export|sti,Fiji,china,export,sti,2021,1,naive,0.05661323164752574,0.04937591000280216,0.007237321644723578,0.008925657925563654,0.8108446128094857,0.8108446128094857
Fiji|china|export|sti,Fiji,china,export,sti,2022,1,naive,0.028976130662286718,0.05661323164752574,-0.027637100985239024,0.01206943196053414,-2.2898427262865093,2.2898427262865093
Fiji|china|export|sti,Fiji,china,export,sti,2023,1,naive,0.030479973892857948,0.028976130662286718,0.00150384323057123,0.008925657925563654,0.1684854206953335,0.1684854206953335
Fiji|china|export|sti,Fiji,china,export,sti,2024,1,naive,0.029206911473513692,0.030479973892857948,-0.0012730624193442557,0.01001758319836961,-0.12708278974428183,0.12708278974428183
Fiji|china|export|sti,Fiji,china,export,sti,2011,3,holt,0.00665754475237406,0.024068471025393445,-0.017410926273019385,0.004767989373378468,-3.6516285816892404,3.6516285816892404
Fiji|china|export|sti,Fiji,china,export,sti,2012,3,holt,0.013283752045756212,0.0021672002374836462,0.011116551808272566,0.017410926273019385,0.6384813555554012,0.6384813555554012
Fiji|china|export|sti,Fiji,china,export,sti,2013,3,holt,0.026046535360809125,0.005179989993449583,0.020866545367359542,0.021147419501661723,0.9867182785928037,0.9867182785928037
Fiji|china|export|sti,Fiji,china,export,sti,2014,3,holt,0.05860837916719262,0.02782484759707138,0.03078353157012124,0.014455340450702351,2.1295611594277974,2.1295611594277974
Fiji|china|export|sti,Fiji,china,export,sti,2015,3,holt,0.052143225842100266,0.0563238765088343,-0.004180650666734037,0.014579132097458423,-0.2867557985473531,0.2867557985473531
Fiji|china|export|sti,Fiji,china,export,sti,2016,3,holt,0.051081374103278204,0.10734072798473976,-0.056259353881461555,0.022679632389444787,-2.4806113659780893,2.4806113659780893
Fiji|china|export|sti,Fiji,china,export,sti,2017,3,holt,0.04794645777546055,0.04034761252503232,0.007598845250428227,0.028375089727012894,0.26779986683862983,0.26779986683862983
Fiji|china|export|sti,Fiji,china,export,sti,2018,3,holt,0.05620706830562008,0.04852232706194501,0.007684741243675068,0.019670692193362368,0.3906695894650921,0.3906695894650921
Fiji|china|export|sti,Fiji,china,export,sti,2019,3,holt,0.03460898237990825,0.044069685760000456,-0.009460703380092209,0.01856748642007357,-0.5095306476090435,0.5095306476090435
Fiji|china|export|sti,Fiji,china,export,sti,2020,3,holt,0.04937591000280216,0.06645796311020616,-0.017082053107403995,0.019670692193362368,-0.8684012204292497,0.8684012204292497
Fiji|china|export|sti,Fiji,china,export,sti,2021,3,holt,0.05661323164752574,-0.0009505366263082016,0.05756376827383394,0.02221005302907344,2.5917888713944865,2.5917888713944865
Fiji|china|export|sti,Fiji,china,export,sti,2022,3,holt,0.028976130662286718,0.07732854799317422,-0.04835241733088751,0.025292486799609597,-1.91173045632009,1.91173045632009
Fiji|china|export|sti,Fiji,china,export,sti,2023,3,holt,0.030479973892857948,0.0564406174323886,-0.025960643539530655,0.02810355325960035,-0.9237495095273169,0.9237495095273169
Fiji|china|export|sti,Fiji,china,export,sti,2024,3,holt,0.029206911473513692,-0.020178473022871166,0.049385384496384854,0.022679632389444787,2.1775213834316403,2.1775213834316403
Fiji|china|export|sti,Fiji,china,export,sti,2011,3,ar1,0.00665754475237406,0.008260370613007988,-0.0016028258606339274,0.004767989373378468,-0.3361638911326282,0.3361638911326282
Fiji|china|export|sti,Fiji,china,export,sti,2012,3,ar1,0.013283752045756212,0.00665754475237406,0.006626207293382152,0.0016028258606339274,4.1340781030083,4.1340781030083
Fiji|china|export|sti,Fiji,china,export,sti,2013,3,ar1,0.026046535360809125,0.013283752045756212,0.012762783315052912,0.00610018227707212,2.0921970418855445,2.0921970418855445
Fiji|china|export|sti,Fiji,china,export,sti,2014,3,ar1,0.05860837916719262,0.026046535360809125,0.032561843806383495,0.009098087609729069,3.5789767260059557,3.5789767260059557
Fiji|china|export|sti,Fiji,china,export,sti,2015,3,ar1,0.052143225842100266,0.05860837916719262,-0.006465153325092357,0.010649226081936653,-0.6071007672621984,0.6071007672621984
Fiji|china|export|sti,Fiji,china,export,sti,2016,3,ar1,0.051081374103278204,0.052143225842100266,-0.0010618517388220616,0.01220036455414424,-0.08703442705417931,0.08703442705417931
Fiji|china|export|sti,Fiji,china,export,sti,2017,3,ar1,0.04794645777546055,0.051081374103278204,-0.0031349163278176564,0.010105649742974291,-0.3102142274421426,0.3102142274421426
Fiji|china|export|sti,Fiji,china,export,sti,2018,3,ar1,0.05620706830562008,0.04794645777546055,0.008260610530159529,0.00801093493180434,1.0311668488735253,1.0311668488735253
Fiji|china|export|sti,Fiji,china,export,sti,2019,3,ar1,0.03460898237990825,0.05620706830562008,-0.02159808592571183,0.008447504059818487,-2.5567417041497005,2.5567417041497005
Fiji|china|export|sti,Fiji,china,export,sti,2020,3,ar1,0.04937591000280216,0.03460898237990825,0.014766927622893916,0.011398316321145966,1.2955358674770727,1.2955358674770727
Fiji|china|export|sti,Fiji,china,export,sti,2021,3,ar1,0.05661323164752574,0.04937591000280216,0.007237321644723578,0.011241388406297589,0.6438103002178206,0.6438103002178206
Fiji|china|export|sti,Fiji,china,export,sti,2022,3,ar1,0.028976130662286718,0.05661323164752574,-0.027637100985239024,0.01206943196053414,-2.2898427262865093,2.2898427262865093
Fiji|china|export|sti,Fiji,china,export,sti,2023,3,ar1,0.030479973892857948,0.028976130662286718,0.00150384323057123,0.011241388406297589,0.13377735705037602,0.13377735705037602
Fiji|china|export|sti,Fiji,china,export,sti,2024,3,ar1,0.029206911473513692,0.030479973892857948,-0.0012730624193442557,0.01001758319836961,-0.12708278974428183,0.12708278974428183
Fiji|china|export|sti,Fiji,china,export,sti,2013,5,holt,0.026046535360809125,0.01687518210773265,0.009171353253076473,0.004767989373378468,1.9235263619259915,1.9235263619259915
Fiji|china|export|sti,Fiji,china,export,sti,2014,5,holt,0.05860837916719262,0.026172378644383917,0.032436000522808706,0.009171353253076473,3.536664615107727,3.536664615107727
Fiji|china|export|sti,Fiji,china,export,sti,2015,5,holt,0.052143225842100266,0.06361439849925174,-0.011471172657151474,0.017246083021052502,-0.6651465520111711,0.6651465520111711
Fiji|china|export|sti,Fiji,china,export,sti,2016,5,holt,0.051081374103278204,0.062155849234669554,-0.01107447513139135,0.030604608914503954,-0.36185644986768645,0.36185644986768645
Fiji|china|export|sti,Fiji,china,export,sti,2017,5,holt,0.04794645777546055,0.07732260177669674,-0.02937614400123619,0.015302304457251977,-1.9197202671859286,1.9197202671859286
Fiji|china|export|sti,Fiji,china,export,sti,2018,5,holt,0.05620706830562008,0.06244488346405271,-0.006237815158432636,0.02713405426643196,-0.22988879940988222,0.22988879940988222
Fiji|china|export|sti,Fiji,china,export,sti,2019,5,holt,0.03460898237990825,0.05231826883643808,-0.017709286456529832,0.015302304457251977,-1.157295393383521,1.157295393383521
Fiji|china|export|sti,Fiji,china,export,sti,2020,5,holt,0.04937591000280216,0.04501444819484523,0.0043614618079569345,0.009836771270650314,0.4433834728850614,0.4433834728850614
Fiji|china|export|sti,Fiji,china,export,sti,2021,5,holt,0.05661323164752574,0.038316965298452056,0.018296266349073685,0.01636104568846404,1.1182822111409507,1.1182822111409507
Fiji|china|export|sti,Fiji,china,export,sti,2022,5,holt,0.028976130662286718,0.06367702141330364,-0.03470089075101693,0.017007603346558903,-2.040316324641817,2.040316324641817
Fiji|china|export|sti,Fiji,china,export,sti,2023,5,holt,0.030479973892857948,0.02204256765138487,0.008437406241473079,0.022865476596590585,0.3690019845346744,0.3690019845346744
Fiji|china|export|sti,Fiji,china,export,sti,2024,5,holt,0.029206911473513692,0.03294423882511745,-0.003737327351603755,0.021757483247500212,-0.17177204316740766,0.17177204316740766
Fiji|china|export|sti,Fiji,china,export,sti,2013,5,ar1,0.026046535360809125,0.007017083525081754,0.019029451835727372,0.004767989373378468,3.991085202910932,3.991085202910932
Fiji|china|export|sti,Fiji,china,export,sti,2014,5,ar1,0.05860837916719262,0.04096665343127712,0.017641725735915506,0.019029451835727372,0.9270748252870615,0.9270748252870615
Fiji|china|export|sti,Fiji,china,export,sti,2015,5,ar1,0.052143225842100266,0.14228997247672642,-0.09014674663462616,0.0010287213577905361,-87.62989700946936,87.62989700946936
Fiji|china|export|sti,Fiji,china,export,sti,2016,5,ar1,0.051081374103278204,0.05528027022927695,-0.004198896125998747,0.0020574427155810723,-2.040832580270832,2.040832580270832
Fiji|china|export|sti,Fiji,china,export,sti,2017,5,ar1,0.04794645777546055,0.05231305063597051,-0.004366592860509964,0.01721917434402757,-0.2535889801257809,0.2535889801257809
Fiji|china|export|sti,Fiji,china,export,sti,2018,5,ar1,0.05620706830562008,0.05219470890308946,0.00401235940253062,0.03238090597247407,0.12391127678581301,0.12391127678581301
Fiji|china|export|sti,Fiji,china,export,sti,2019,5,ar1,0.03460898237990825,0.05107937654344414,-0.016470394163535892,0.0163147665755302,-1.009539063111029,1.009539063111029
Fiji|china|export|sti,Fiji,china,export,sti,2020,5,ar1,0.04937591000280216,0.09163809574899573,-0.042262185746193566,0.01819372299045257,-2.3228992641237465,2.3228992641237465
Fiji|china|export|sti,Fiji,china,export,sti,2021,5,ar1,0.05661323164752574,0.046050805092659255,0.010562426554866486,0.02528731448146332,0.41769665033466463,0.41769665033466463
Fiji|china|export|sti,Fiji,china,export,sti,2022,5,ar1,0.028976130662286718,0.04480892520194123,-0.01583279453965451,0.021885137006650793,-0.7234496423231436,0.7234496423231436
Fiji|china|export|sti,Fiji,china,export,sti,2023,5,ar1,0.030479973892857948,0.05856124250416672,-0.028081268611308774,0.020039429998551683,-1.4013007662063393,1.4013007662063393
Fiji|china|export|sti,Fiji,china,export,sti,2024,5,ar1,0.029206911473513692,0.04102225063133405,-0.011815339157820359,0.022133764185237124,-0.5338151730061805,0.5338151730061805
Fiji|china|export|sti,Fiji,china,export,sti,2015,7,holt,0.052143225842100266,0.06239397707736828,-0.010250751235268016,0.007144338994354329,-1.4348075089057877,1.4348075089057877
Fiji|china|export|sti,Fiji,china,export,sti,2016,7,holt,0.051081374103278204,0.06265666565268115,-0.011575291549402941,0.010250751235268016,-1.1292139750282697,1.1292139750282697
Fiji|china|export|sti,Fiji,china,export,sti,2017,7,holt,0.04794645777546055,0.05769582562723855,-0.009749367851778004,0.00098188173486822,-9.92926897971728,9.92926897971728
Fiji|china|export|sti,Fiji,china,export,sti,2018,7,holt,0.05620706830562008,0.05709860789835371,-0.0008915395927336298,0.0007433510043622913,-1.1993521062078434,1.1993521062078434
Fiji|china|export|sti,Fiji,china,export,sti,2019,7,holt,0.03460898237990825,0.06376141830518837,-0.029152435925280128,0.0013535572370493658,-21.53764549242841,21.53764549242841
Fiji|china|export|sti,Fiji,china,export,sti,2020,7,holt,0.04937591000280216,0.041367279440478084,0.008008630562324079,0.00196376346973644,4.078205285791842,4.078205285791842
Fiji|china|export|sti,Fiji,china,export,sti,2021,7,holt,0.05661323164752574,0.03866025972712944,0.0179529719203963,0.00791986532547896,2.2668279298436906,2.2668279298436906
Fiji|china|export|sti,Fiji,china,export,sti,2022,7,holt,0.028976130662286718,0.04615855066409795,-0.017182420001811232,0.013132616176859188,-1.308377536540522,1.308377536540522
Fiji|china|export|sti,Fiji,china,export,sti,2023,7,holt,0.030479973892857948,0.03405579221959825,-0.003575818326740303,0.012076429647249226,-0.2960989656040272,0.2960989656040272
Fiji|china|export|sti,Fiji,china,export,sti,2024,7,holt,0.029206911473513692,0.030719089745319596,-0.0015121782718059036,0.011020243117639264,-0.13721823154567933,0.13721823154567933
Fiji|china|export|sti,Fiji,china,export,sti,2015,7,ar1,0.052143225842100266,0.1253109343726678,-0.07316770853056753,0.007144338994354329,-10.241354530963166,10.241354530963166
Fiji|china|export|sti,Fiji,china,export,sti,2016,7,ar1,0.051081374103278204,0.05555059881716974,-0.004469224713891537,0.07316770853056753,-0.06108192812987184,0.06108192812987184
Fiji|china|export|sti,Fiji,china,export,sti,2017,7,ar1,0.04794645777546055,0.053076987051910496,-0.005130529276449948,0.05092618605330191,-0.10074442392132169,0.10074442392132169
Fiji|china|export|sti,Fiji,china,export,sti,2018,7,ar1,0.05620706830562008,0.049627722431598666,0.006579345874021411,0.0009804501444491001,6.710535881167363,6.710535881167363
Fiji|china|export|sti,Fiji,china,export,sti,2019,7,ar1,0.03460898237990825,0.05437776235346946,-0.01976877997356121,0.008680530449044419,-2.2773700397234853,2.2773700397234853
Fiji|china|export|sti,Fiji,china,export,sti,2020,7,ar1,0.04937591000280216,0.05615150716133022,-0.00677559715852806,0.017361060898088837,-0.39027552511344166,0.39027552511344166
Fiji|china|export|sti,Fiji,china,export,sti,2021,7,ar1,0.05661323164752574,0.048720028591348954,0.007893203056176787,0.010390244342253472,0.7596744403861518,0.7596744403861518
Fiji|china|export|sti,Fiji,china,export,sti,2022,7,ar1,0.028976130662286718,0.04610315472130644,-0.01712702405901972,0.017361060898088837,-0.9865194390801959,0.9865194390801959
Fiji|china|export|sti,Fiji,china,export,sti,2023,7,ar1,0.030479973892857948,0.06218033134731767,-0.031700357454459725,0.01757353203136339,-1.803869443995906,1.803869443995906
Fiji|china|export|sti,Fiji,china,export,sti,2024,7,ar1,0.029206911473513692,0.04324468540073169,-0.014037773927217997,0.019263692841568147,-0.7287166610612995,0.7287166610612995
Fiji|china|import|cwti,Fiji,china,import,cwti,2009,1,naive,0.005530236789847135,0.003680887806766872,0.0018493489830802628,1.0,0.0018493489830802628,0.0018493489830802628
Fiji|china|import|cwti,Fiji,china,import,cwti,2010,1,naive,0.007067404930410686,0.005530236789847135,0.0015371681405635515,0.0018493489830802628,0.8311941957019139,0.8311941957019139
Fiji|china|import|cwti,Fiji,china,import,cwti,2011,1,naive,0.01206207248060121,0.007067404930410686,0.004994667550190524,0.00023141965855763812,21.582728024579364,21.582728024579364
Fiji|china|import|cwti,Fiji,china,import,cwti,2012,1,naive,0.013232870257056238,0.01206207248060121,0.0011707977764550282,0.00046283931711527625,2.5295987898180776,2.5295987898180776
Fiji|china|import|cwti,Fiji,china,import,cwti,2013,1,naive,0.01527762846463708,0.013232870257056238,0.002044758207580842,0.0005030100094712864,4.065044768651993,4.065044768651993
Fiji|china|import|cwti,Fiji,china,import,cwti,2014,1,naive,0.028783458270581208,0.01527762846463708,0.013505829805944128,0.00046283931711527625,29.180385733263716,29.180385733263716
Fiji|china|import|cwti,Fiji,china,import,cwti,2015,1,naive,0.030174693136658697,0.028783458270581208,0.0013912348660774891,0.0008792865261512039,1.5822315305650998,1.5822315305650998
Fiji|china|import|cwti,Fiji,china,import,cwti,2016,1,naive,0.030853888430264483,0.030174693136658697,0.000679195293605786,0.0006791999898683122,0.9999930855968842,0.9999930855968842
Fiji|china|import|cwti,Fiji,china,import,cwti,2017,1,naive,0.034844074473799114,0.030853888430264483,0.0039901860435346305,0.0006478668675935658,6.158959877599178,6.158959877599178
Fiji|china|import|cwti,Fiji,china,import,cwti,2018,1,naive,0.04709274988701159,0.034844074473799114,0.012248675413212479,0.0010060200189425728,12.175379398599896,12.175379398599896
Fiji|china|import|cwti,Fiji,china,import,cwti,2019,1,naive,0.0375395306355929,0.04709274988701159,-0.009553219251418693,0.0015153017976009954,-6.3044993852335,6.3044993852335
Fiji|china|import|cwti,Fiji,china,import,cwti,2020,1,naive,0.05263989108961877,0.0375395306355929,0.015100360454025873,0.0017348698600148592,8.704030660776214,8.704030660776214
Fiji|china|import|cwti,Fiji,china,import,cwti,2021,1,naive,0.04663038682846387,0.05263989108961877,-0.006009504261154902,0.002454437442922252,-2.448424293103999,2.448424293103999
Fiji|china|import|cwti,Fiji,china,import,cwti,2022,1,naive,0.05152461568036474,0.04663038682846387,0.00489422885190087,0.0031740050258296454,1.5419726219940624,1.5419726219940624
Fiji|china|import|cwti,Fiji,china,import,cwti,2023,1,naive,0.04469329506831716,0.05152461568036474,-0.006831320612047581,0.003699315101549259,-1.8466446962538148,1.8466446962538148
Fiji|china|import|cwti,Fiji,china,import,cwti,2024,1,naive,0.051604853581773316,0.04469329506831716,0.006911558513456158,0.004514338893513431,1.5310234070789959,1.5310234070789959
Fiji|china|import|cwti,Fiji,china,import,cwti,2011,3,holt,0.01206207248060121,0.009097818802150642,0.0029642536784505683,0.0022790054851995214,1.3006786063926719,1.3006786063926719
Fiji|china|import|cwti,Fiji,china,import,cwti,2012,3,holt,0.013232870257056238,0.010902391081655725,0.0023304791754005134,0.0029642536784505683,0.7861942425314515,0.7861942425314515
Fiji|china|import|cwti,Fiji,china,import,cwti,2013,3,holt,0.01527762846463708,0.021248394928497807,-0.0059707664638607265,0.00046981703911100564,-12.708705659459891,12.708705659459891
Fiji|china|import|cwti,Fiji,china,import,cwti,2014,3,holt,0.028783458270581208,0.01575799750050272,0.01302546077007849,0.0009396340782220113,13.862269442936178,13.862269442936178
Fiji|china|import|cwti,Fiji,china,import,cwti,2015,3,holt,0.030174693136658697,0.02188858063143869,0.008286112505220006,0.006623530431495364,1.251011464493157,1.251011464493157
Fiji|china|import|cwti,Fiji,china,import,cwti,2016,3,holt,0.030853888430264483,0.05325105294509747,-0.02239716451483299,0.007890187896568368,-2.838609778174491,2.838609778174491
Fiji|china|import|cwti,Fiji,china,import,cwti,2017,3,holt,0.034844074473799114,0.032658106248375555,0.0021859682254235582,0.010568624379779547,0.20683564358724574,0.20683564358724574
Fiji|china|import|cwti,Fiji,china,import,cwti,2018,3,holt,0.04709274988701159,0.032907587074961116,0.014185162812050477,0.00882982197479038,1.606506094069607,1.606506094069607
Fiji|china|import|cwti,Fiji,china,import,cwti,2019,3,holt,0.0375395306355929,0.04455872932850072,-0.007019198692907819,0.010568624379779547,-0.6641544292497823,0.6641544292497823
Fiji|china|import|cwti,Fiji,china,import,cwti,2020,3,holt,0.05263989108961877,0.06701170283386401,-0.01437181174424524,0.012307426784768713,-1.1677348966261043,1.1677348966261043
Fiji|china|import|cwti,Fiji,china,import,cwti,2021,3,holt,0.04663038682846387,0.02361034387089888,0.02302004295756499,0.012977503628943406,1.7738421514461347,1.7738421514461347
Fiji|china|import|cwti,Fiji,china,import,cwti,2022,3,holt,0.05152461568036474,0.0739744688172946,-0.022449853136929855,0.013861832407553933,-1.6195444063149924,1.6195444063149924
Fiji|china|import|cwti,Fiji,china,import,cwti,2023,3,holt,0.04469329506831716,0.03690116225989579,0.007792132808421372,0.01485910605991175,0.5244011838265088,0.5244011838265088
Fiji|china|import|cwti,Fiji,china,import,cwti,2024,3,holt,0.051604853581773316,0.056388342609308126,-0.00478348902753481,0.013861832407553933,-0.34508345555585224,0.34508345555585224
Fiji|china|import|cwti,Fiji,china,import,cwti,2011,3,ar1,0.01206207248060121,0.007067404930410686,0.004994667550190524,0.0022790054851995214,2.1915996177399517,2.1915996177399517
Fiji|china|import|cwti,Fiji,china,import,cwti,2012,3,ar1,0.013232870257056238,0.01206207248060121,0.0011707977764550282,0.004994667550190524,0.23440955072382497,0.23440955072382497
Fiji|china|import|cwti,Fiji,china,import,cwti,2013,3,ar1,0.01527762846463708,0.013232870257056238,0.002044758207580842,0.002834634663270123,0.7213480573267051,0.7213480573267051
Fiji|china|import|cwti,Fiji,china,import,cwti,2014,3,ar1,0.028783458270581208,0.01527762846463708,0.013505829805944128,0.0012957337351871315,10.423306455005278,10.423306455005278
Fiji|china|import|cwti,Fiji,china,import,cwti,2015,3,ar1,0.030174693136658697,0.028783458270581208,0.0013912348660774891,0.002834634663270123,0.49079865003573947,0.49079865003573947
Fiji|china|import|cwti,Fiji,china,import,cwti,2016,3,ar1,0.030853888430264483,0.030174693136658697,0.000679195293605786,0.0012957337351871315,0.5241781356473642,0.5241781356473642
Fiji|china|import|cwti,Fiji,china,import,cwti,2017,3,ar1,0.034844074473799114,0.030853888430264483,0.0039901860435346305,0.0011757018026668394,3.3938759254121313,3.3938759254121313
Fiji|china|import|cwti,Fiji,china,import,cwti,2018,3,ar1,0.04709274988701159,0.034844074473799114,0.012248675413212479,0.002024583576259418,6.049972723696048,6.049972723696048
Fiji|china|import|cwti,Fiji,china,import,cwti,2019,3,ar1,0.0375395306355929,0.04709274988701159,-0.009553219251418693,0.002834634663270123,-3.3701765434554454,3.3701765434554454
Fiji|china|import|cwti,Fiji,china,import,cwti,2020,3,ar1,0.05263989108961877,0.0375395306355929,0.015100360454025873,0.0028842913095850865,5.235379798096089,5.235379798096089
Fiji|china|import|cwti,Fiji,china,import,cwti,2021,3,ar1,0.04663038682846387,0.05263989108961877,-0.006009504261154902,0.003199059583806266,-1.8785221418116718,1.8785221418116718
Fiji|china|import|cwti,Fiji,china,import,cwti,2022,3,ar1,0.05152461568036474,0.04663038682846387,0.00489422885190087,0.004373535591353114,1.119055452887411,1.119055452887411
Fiji|china|import|cwti,Fiji,china,import,cwti,2023,3,ar1,0.04469329506831716,0.05152461568036474,-0.006831320612047581,0.003199059583806266,-2.135415247227006,2.135415247227006
Fiji|china|import|cwti,Fiji,china,import,cwti,2024,3,ar1,0.051604853581773316,0.04469329506831716,0.006911558513456158,0.004373535591353114,1.5803137688237754,1.5803137688237754
Fiji|china|import|cwti,Fiji,china,import,cwti,2013,5,holt,0.01527762846463708,0.015118849064966343,0.000158779399670737,0.005020850287514319,0.031624006010612236,0.031624006010612236
Fiji|china|import|cwti,Fiji,china,import,cwti,2014,5,holt,0.028783458270581208,0.017333694554866476,0.011449763715714732,0.000158779399670737,72.11114124035147,72.11114124035147
Fiji|china|import|cwti,Fiji,china,import,cwti,2015,5,holt,0.030174693136658697,0.030652508055233393,-0.0004778149185746955,0.008370006673483412,-0.05708656363302987,0.05708656363302987
Fiji|china|import|cwti,Fiji,china,import,cwti,2016,5,holt,0.030853888430264483,0.03448800642918899,-0.0036341179989245083,0.0009438147362306782,-3.85045693759574,3.85045693759574
Fiji|china|import|cwti,Fiji,china,import,cwti,2017,5,holt,0.034844074473799114,0.03366592599909037,0.0011781484747087415,0.002811674841578655,0.4190201716380736,0.4190201716380736
Fiji|china|import|cwti,Fiji,china,import,cwti,2018,5,holt,0.04709274988701159,0.04223573096470669,0.004857018922304904,0.0015113165906513453,3.2137666934574125,3.2137666934574125
Fiji|china|import|cwti,Fiji,china,import,cwti,2019,5,holt,0.0375395306355929,0.049380608427545866,-0.011841077791952967,0.0039547123262440465,-2.9941691873196064,2.9941691873196064
Fiji|china|import|cwti,Fiji,china,import,cwti,2020,5,holt,0.05263989108961877,0.039989963628666136,0.012649927460952635,0.00562334968315731,2.249535983657725,2.249535983657725
Fiji|china|import|cwti,Fiji,china,import,cwti,2021,5,holt,0.04663038682846387,0.05231135622589725,-0.005680969397433379,0.006294479799707362,-0.9025319928260781,0.9025319928260781
Fiji|china|import|cwti,Fiji,china,import,cwti,2022,5,holt,0.05152461568036474,0.05401332310522248,-0.002488707424857739,0.006965609916257416,-0.3572849261985242,0.3572849261985242
Fiji|china|import|cwti,Fiji,china,import,cwti,2023,5,holt,0.04469329506831716,0.04883920423482103,-0.004145909166503869,0.006294479799707362,-0.6586579508439471,0.6586579508439471
Fiji|china|import|cwti,Fiji,china,import,cwti,2024,5,holt,0.051604853581773316,0.0518208373452998,-0.00021598376352648108,0.005438316531979793,-0.03971518801018616,0.03971518801018616
Fiji|china|import|cwti,Fiji,china,import,cwti,2013,5,ar1,0.01527762846463708,0.015153566452494535,0.00012406201214254509,0.005020850287514319,0.02470936296408963,0.02470936296408963
Fiji|china|import|cwti,Fiji,china,import,cwti,2014,5,ar1,0.028783458270581208,0.01670174439737983,0.012081713873201377,0.00012406201214254509,97.38447462322067,97.38447462322067
Fiji|china|import|cwti,Fiji,china,import,cwti,2015,5,ar1,0.030174693136658697,0.04537011547420568,-0.01519542233754698,0.008864207324602911,-1.7142449156589066,1.7142449156589066
Fiji|china|import|cwti,Fiji,china,import,cwti,2016,5,ar1,0.030853888430264483,0.032812926694636084,-0.0019590382643716008,0.017728414649205822,-0.11050273265462908,0.11050273265462908
Fiji|china|import|cwti,Fiji,china,import,cwti,2017,5,ar1,0.034844074473799114,0.031761725139771074,0.0030823493340280395,0.010408409559582847,0.29614028122002295,0.29614028122002295
Fiji|china|import|cwti,Fiji,china,import,cwti,2018,5,ar1,0.04709274988701159,0.03322759315328935,0.01386515673372224,0.004385956783427434,3.1612615943030846,3.1612615943030846
Fiji|china|import|cwti,Fiji,china,import,cwti,2019,5,ar1,0.0375395306355929,0.08296577501021665,-0.04542624437462375,0.010408409559582847,-4.364379025881103,4.364379025881103
Fiji|china|import|cwti,Fiji,china,import,cwti,2020,5,ar1,0.05263989108961877,0.037990060066024636,0.014649831023594136,0.017728414649205822,0.8263474943175702,0.8263474943175702
Fiji|china|import|cwti,Fiji,china,import,cwti,2021,5,ar1,0.04663038682846387,0.04211709553312528,0.0045132912953385895,0.01685750244999622,0.26773190801699104,0.26773190801699104
Fiji|china|import|cwti,Fiji,china,import,cwti,2022,5,ar1,0.05152461568036474,0.044686987182224656,0.006837628498140083,0.013342457865778388,0.5124714326943974,0.5124714326943974
Fiji|china|import|cwti,Fiji,china,import,cwti,2023,5,ar1,0.04469329506831716,0.04435552165671658,0.00033777341160057955,0.010408409559582847,0.03245197161650862,0.03245197161650862
Fiji|china|import|cwti,Fiji,china,import,cwti,2024,5,ar1,0.051604853581773316,0.05002055765828082,0.0015842959234924972,0.0074743612533873065,0.21196405549363967,0.21196405549363967
Fiji|china|import|cwti,Fiji,china,import,cwti,2015,7,holt,0.030174693136658697,0.028649234360903695,0.0015254587757550023,0.00740509410991247,0.20600126792622675,0.20600126792622675
Fiji|china|import|cwti,Fiji,china,import,cwti,2016,7,holt,0.030853888430264483,0.03500402963383746,-0.0041501412035729775,0.0015254587757550023,-2.720585616296926,2.720585616296926
Fiji|china|import|cwti,Fiji,china,import,cwti,2017,7,holt,0.034844074473799114,0.03837087899704565,-0.003526804523246538,0.004207322264675831,-0.8382539537931673,0.8382539537931673
Fiji|china|import|cwti,Fiji,china,import,cwti,2018,7,holt,0.04709274988701159,0.037791758440575404,0.009300991446436188,0.0009241589622519794,10.064276630258115,10.064276630258115
Fiji|china|import|cwti,Fiji,china,import,cwti,2019,7,holt,0.0375395306355929,0.04900993826639908,-0.01147040763080618,0.004207322264675831,-2.726296420673628,2.726296420673628
Fiji|china|import|cwti,Fiji,china,import,cwti,2020,7,holt,0.05263989108961877,0.044237329289820576,0.008402561799798196,0.007490485567099683,1.1217646338849656,1.1217646338849656
Fiji|china|import|cwti,Fiji,china,import,cwti,2021,7,holt,0.04663038682846387,0.050452475548829215,-0.003822088720365345,0.009305318736399051,-0.41074237526273144,0.41074237526273144
Fiji|china|import|cwti,Fiji,china,import,cwti,2022,7,holt,0.05152461568036474,0.05153377900665711,-9.163326292367657e-06,0.007490485567099683,-0.0012233287428809103,0.0012233287428809103
Fiji|china|import|cwti,Fiji,china,import,cwti,2023,7,holt,0.04469329506831716,0.05840960987900228,-0.013716314810685123,0.004207322264675831,-3.26010558445823,3.26010558445823
Fiji|china|import|cwti,Fiji,china,import,cwti,2024,7,holt,0.051604853581773316,0.04838481554495067,0.0032200380368226436,0.007490485567099683,0.4298837515909456,0.4298837515909456
Fiji|china|import|cwti,Fiji,china,import,cwti,2015,7,ar1,0.030174693136658697,0.04360360721633092,-0.013428914079672224,0.00740509410991247,-1.81346973858121,1.81346973858121
Fiji|china|import|cwti,Fiji,china,import,cwti,2016,7,ar1,0.030853888430264483,0.03402952322017546,-0.003175634789910977,0.013428914079672224,-0.23647740770923814,0.23647740770923814
Fiji|china|import|cwti,Fiji,china,import,cwti,2017,7,ar1,0.034844074473799114,0.03250899566534121,0.002335078808457902,0.0076007559375000115,0.3072166541932065,0.3072166541932065
Fiji|china|import|cwti,Fiji,china,import,cwti,2018,7,ar1,0.04709274988701159,0.036605284250215475,0.010487465636796117,0.0081701839809417,1.2836266186000043,1.2836266186000043
Fiji|china|import|cwti,Fiji,china,import,cwti,2019,7,ar1,0.0375395306355929,0.051639255797285455,-0.014099725161692556,0.010128456346317968,-1.3920902336532532,1.3920902336532532
Fiji|china|import|cwti,Fiji,china,import,cwti,2020,7,ar1,0.05263989108961877,0.03729327029030082,0.01534662079931795,0.015201511875000023,1.0095456902912776,1.0095456902912776
Fiji|china|import|cwti,Fiji,china,import,cwti,2021,7,ar1,0.04663038682846387,0.04859071193911419,-0.001960325110650321,0.01772921228381798,-0.11057034454032527,0.11057034454032527
Fiji|china|import|cwti,Fiji,china,import,cwti,2022,7,ar1,0.05152461568036474,0.04434685289206947,0.007177762788295267,0.017003330005471873,0.4221386508398871,0.4221386508398871
Fiji|china|import|cwti,Fiji,china,import,cwti,2023,7,ar1,0.04469329506831716,0.04710913226968214,-0.0024158372013649843,0.012817428915335482,-0.18848063970727724,0.18848063970727724
Fiji|china|import|cwti,Fiji,china,import,cwti,2024,7,ar1,0.051604853581773316,0.04678334735752977,0.004821506224243544,0.013548129118976727,0.35587985484210577,0.35587985484210577
Fiji|china|import|raw_usd,Fiji,china,import,raw_usd,2009,1,naive,79486322.0,96271524.0,-16785202.0,1.0,-16785202.0,16785202.0
Fiji|china|import|raw_usd,Fiji,china,import,raw_usd,2010,1,naive,110033096.0,79486322.0,30546774.0,16785202.0,1.8198633534466848,1.8198633534466848
Fiji|china|import|raw_usd,Fiji,china,import,raw_usd,2011,1,naive,181052501.0,110033096.0,71019405.0,35087193.8088,2.024083356081559,2.024083356081559
Fiji|china|import|raw_usd,Fiji,china,import,raw_usd,2012,1,naive,198644508.0,181052501.0,17592007.0,60004722.720599994,0.2931770401125536,0.2931770401125536
Fiji|china|import|raw_usd,Fiji,china,import,raw_usd,2013,1,naive,281699026.0,198644508.0,83054518.0,35087193.8088,2.3670892135913593,2.3670892135913593
Fiji|china|import|raw_usd,Fiji,china,import,raw_usd,2014,1,naive,443419914.0,281699026.0,161720888.0,60004722.720599994,2.695135993762041,2.695135993762041
Fiji|china|import|raw_usd,Fiji,china,import,raw_usd,2015,1,naive,331722123.913,443419914.0,-111697790.08700001,48527359.4043,-2.3017487754980235,2.3017487754980235
Fiji|china|import|raw_usd,Fiji,china,import,raw_usd,2016,1,naive,350906220.879,331722123.913,19184096.96600002,70174387.6176,0.2733774759893819,0.2733774759893819
Fiji|china|import|raw_usd,Fiji,china,import,raw_usd,2017,1,naive,381346094.72,350906220.879,30439873.84100002,65089555.169099994,0.4676614206675476,0.4676614206675476
Fiji|china|import|raw_usd,Fiji,china,import,raw_usd,2018,1,naive,449842546.737,381346094.72,68496452.01699996,60163212.89633337,1.1385105402370301,1.1385105402370301
Fiji|china|import|raw_usd,Fiji,china,import,raw_usd,2019,1,naive,352790820.985,449842546.737,-97051725.75199997,58213702.76216875,-1.667162904041741,1.667162904041741
Fiji|china|import|raw_usd,Fiji,china,import,raw_usd,2020,1,naive,286711985.021,352790820.985,-66078835.96399999,60163212.89633337,-1.0983262492623154,1.0983262492623154
Fiji|china|import|raw_usd,Fiji,china,import,raw_usd,2021,1,naive,322783322.785,286711985.021,36071337.764,66636855.247472934,0.5413121257004085,0.5413121257004085
Fiji|china|import|raw_usd,Fiji,china,import,raw_usd,2022,1,naive,468566726.585,322783322.785,145783403.79999995,60163212.89633337,2.4231319569185557,2.4231319569185557
Fiji|china|import|raw_usd,Fiji,china,import,raw_usd,2023,1,naive,462801363.727,468566726.585,-5765362.85799998,65089555.169099994,-0.08857585280805506,0.08857585280805506
Fiji|china|import|raw_usd,Fiji,china,import,raw_usd,2024,1,naive,492700680.064,462801363.727,29899316.337000012,60163212.89633337,0.496970073531798,0.496970073531798
Fiji|china|import|raw_usd,Fiji,china,import,raw_usd,2011,3,holt,181052501.0,55855632.96000001,125196868.03999999,20402906.6472,6.136227068273207,6.136227068273207
Fiji|china|import|raw_usd,Fiji,china,import,raw_usd,2012,3,holt,198644508.0,180030622.82000005,18613885.179999948,125196868.03999999,0.14867692356371784,0.14867692356371784
Fiji|china|import|raw_usd,Fiji,china,import,raw_usd,2013,3,holt,281699026.0,311871557.42,-30172531.420000017,79009965.19411802,-0.3818826061480944,0.3818826061480944
Fiji|china|import|raw_usd,Fiji,china,import,raw_usd,2014,3,holt,443419914.0,247575649.31,195844264.69,72330741.25115994,2.7076214248925496,2.7076214248925496
Fiji|china|import|raw_usd,Fiji,china,import,raw_usd,2015,3,holt,331722123.913,464327999.7,-132605875.787,115175335.819698,-1.151339172082717,1.151339172082717
Fiji|china|import|raw_usd,Fiji,china,import,raw_usd,2016,3,holt,350906220.879,709443767.6017301,-358537546.7227301,158019930.38823605,-2.268938771469183,2.268938771469183
Fiji|china|import|raw_usd,Fiji,china,import,raw_usd,2017,3,holt,381346094.72,135811740.02012998,245534354.69987005,191109173.99895507,1.2847858088759914,1.2847858088759914
Fiji|china|import|raw_usd,Fiji,china,import,raw_usd,2018,3,holt,449842546.737,391638127.9547501,58204418.78224987,224198417.6096741,0.2596111935258296,0.2596111935258296
Fiji|china|import|raw_usd,Fiji,china,import,raw_usd,2019,3,holt,352790820.985,450217723.8189601,-97426902.83396006,181042382.9655332,-0.5381441695479018,0.5381441695479018
Fiji|china|import|raw_usd,Fiji,china,import,raw_usd,2020,3,holt,286711985.021,517305216.10801995,-230593231.08701992,172042072.3094971,-1.3403304667953053,1.3403304667953053
Fiji|china|import|raw_usd,Fiji,china,import,raw_usd,2021,3,holt,322783322.785,165191676.33648014,157591646.4485199,191109173.99895507,0.8246158106956265,0.8246158106956265
Fiji|china|import|raw_usd,Fiji,china,import,raw_usd,2022,3,holt,468566726.585,176005849.57588008,292560877.00911987,206048428.85670766,1.4198646339233947,1.4198646339233947
Fiji|china|import|raw_usd,Fiji,china,import,raw_usd,2023,3,holt,462801363.727,417965532.18056005,44835831.546439946,217401916.48551157,0.2062347575920655,0.2062347575920655
Fiji|china|import|raw_usd,Fiji,china,import,raw_usd,2024,3,holt,492700680.064,728308293.18682,-235607613.12282002,210918729.99238104,-1.1170540100034303,1.1170540100034303
Fiji|china|import|raw_usd,Fiji,china,import,raw_usd,2011,3,ar1,181052501.0,110033096.0,71019405.0,20402906.6472,3.4808474217935204,3.4808474217935204
Fiji|china|import|raw_usd,Fiji,china,import,raw_usd,2012,3,ar1,198644508.0,181052501.0,17592007.0,71019405.0,0.247707045701101,0.247707045701101
Fiji|china|import|raw_usd,Fiji,china,import,raw_usd,2013,3,ar1,281699026.0,198644508.0,83054518.0,39605730.1374,2.0970328715533757,2.0970328715533757
Fiji|china|import|raw_usd,Fiji,china,import,raw_usd,2014,3,ar1,443419914.0,281699026.0,161720888.0,17843258.5338,9.063416734878135,9.063416734878135
Fiji|china|import|raw_usd,Fiji,china,import,raw_usd,2015,3,ar1,331722123.913,443419914.0,-111697790.08700001,48527359.4043,-2.3017487754980235,2.3017487754980235
Fiji|china|import|raw_usd,Fiji,china,import,raw_usd,2016,3,ar1,350906220.879,331722123.913,19184096.96600002,79211460.2748,0.24218840177225173,0.24218840177225173
Fiji|china|import|raw_usd,Fiji,china,import,raw_usd,2017,3,ar1,381346094.72,350906220.879,30439873.84100002,48527359.4043,0.6272724132255741,0.6272724132255741
Fiji|china|import|raw_usd,Fiji,china,import,raw_usd,2018,3,ar1,449842546.737,381346094.72,68496452.01699996,60163212.89633337,1.1385105402370301,1.1385105402370301
Fiji|china|import|raw_usd,Fiji,china,import,raw_usd,2019,3,ar1,352790820.985,449842546.737,-97051725.75199997,46079372.48853957,-2.106185924648557,2.106185924648557
Fiji|china|import|raw_usd,Fiji,china,import,raw_usd,2020,3,ar1,286711985.021,352790820.985,-66078835.96399999,60163212.89633337,-1.0983262492623154,1.0983262492623154
Fiji|china|import|raw_usd,Fiji,china,import,raw_usd,2021,3,ar1,322783322.785,286711985.021,36071337.764,77428749.56067087,0.46586491411353054,0.46586491411353054
Fiji|china|import|raw_usd,Fiji,china,import,raw_usd,2022,3,ar1,468566726.585,322783322.785,145783403.79999995,60163212.89633337,2.4231319569185557,2.4231319569185557
Fiji|china|import|raw_usd,Fiji,china,import,raw_usd,2023,3,ar1,462801363.727,468566726.585,-5765362.85799998,64910237.95711348,-0.08882054725803323,0.08882054725803323
Fiji|china|import|raw_usd,Fiji,china,import,raw_usd,2024,3,ar1,492700680.064,462801363.727,29899316.337000012,60163212.89633337,0.496970073531798,0.496970073531798
Fiji|china|import|raw_usd,Fiji,china,import,raw_usd,2013,5,holt,281699026.0,214620942.216064,67078083.783935994,45288647.1324,1.4811235934656037,1.4811235934656037
Fiji|china|import|raw_usd,Fiji,china,import,raw_usd,2014,5,holt,443419914.0,309048802.363112,134371111.63688803,67078083.783935994,2.0032043859468076,2.0032043859468076
Fiji|china|import|raw_usd,Fiji,china,import,raw_usd,2015,5,holt,331722123.913,460357748.5508221,-128635624.63782209,49884321.54739334,-2.5786784433984917,2.5786784433984917
Fiji|china|import|raw_usd,Fiji,china,import,raw_usd,2016,5,holt,350906220.879,381845248.960807,-30939028.081807017,99768643.09478667,-0.31010773648001744,0.31010773648001744
Fiji|china|import|raw_usd,Fiji,china,import,raw_usd,2017,5,holt,381346094.72,445206939.89246726,-63860845.17246723,122544406.57346863,-0.5211241129490554,0.5211241129490554
Fiji|china|import|raw_usd,Fiji,china,import,raw_usd,2018,5,holt,449842546.737,443446628.2541272,6395918.482872784,144844974.05394796,0.04415699284457467,0.04415699284457467
Fiji|china|import|raw_usd,Fiji,china,import,raw_usd,2019,5,holt,352790820.985,408145242.51666903,-55354421.53166902,97065028.0353817,-0.5702818270602207,0.5702818270602207
Fiji|china|import|raw_usd,Fiji,china,import,raw_usd,2020,5,holt,286711985.021,428259362.7301029,-141547377.70910287,55352791.77679427,-2.557185882870758,2.557185882870758
Fiji|china|import|raw_usd,Fiji,china,import,raw_usd,2021,5,holt,322783322.785,291302441.2090929,31480881.57590711,100098882.9153711,0.31449783113486607,0.31449783113486607
Fiji|china|import|raw_usd,Fiji,china,import,raw_usd,2022,5,holt,468566726.585,321336388.84243727,147230337.7425627,92543758.05852696,1.5909267230043824,1.5909267230043824
Fiji|china|import|raw_usd,Fiji,china,import,raw_usd,2023,5,holt,462801363.727,419805740.6874312,42995623.03956878,97065028.0353817,0.4429568909607301,0.4429568909607301
Fiji|china|import|raw_usd,Fiji,china,import,raw_usd,2024,5,holt,492700680.064,472204320.61723864,20496359.44676137,91551054.10555968,0.223879010973798,0.223879010973798
Fiji|china|import|raw_usd,Fiji,china,import,raw_usd,2013,5,ar1,281699026.0,222371856.31959632,59327169.68040368,45288647.1324,1.3099788454038488,1.3099788454038488
Fiji|china|import|raw_usd,Fiji,china,import,raw_usd,2014,5,ar1,443419914.0,348844826.167601,94575087.83239901,59327169.68040368,1.59412775532486,1.59412775532486
Fiji|china|import|raw_usd,Fiji,china,import,raw_usd,2015,5,ar1,331722123.913,673798719.4571922,-342076595.5441922,26129281.726074137,-13.091695329796897,13.091695329796897
Fiji|china|import|raw_usd,Fiji,china,import,raw_usd,2016,5,ar1,350906220.879,335990751.0049586,14915469.874041378,52258563.45214827,0.28541676021575035,0.28541676021575035
Fiji|china|import|raw_usd,Fiji,china,import,raw_usd,2017,5,ar1,381346094.72,354899339.1988148,26446755.52118522,59051674.79253051,0.4478578400037265,0.4478578400037265
Fiji|china|import|raw_usd,Fiji,china,import,raw_usd,2018,5,ar1,449842546.737,359080710.0312502,90761836.70574981,48748502.032457285,1.861838475473966,1.861838475473966
Fiji|china|import|raw_usd,Fiji,china,import,raw_usd,2019,5,ar1,352790820.985,361923404.4822953,-9132583.49729526,56224911.732345454,-0.1624294857192529,0.1624294857192529
Fiji|china|import|raw_usd,Fiji,china,import,raw_usd,2020,5,ar1,286711985.021,385054147.34105694,-98342162.32005692,52749928.028799154,-1.8643089383243594,1.8643089383243594
Fiji|china|import|raw_usd,Fiji,china,import,raw_usd,2021,5,ar1,322783322.785,354413600.4260652,-31630277.64106518,80599162.7485741,-0.39243928302003067,0.39243928302003067
Fiji|china|import|raw_usd,Fiji,china,import,raw_usd,2022,5,ar1,468566726.585,337518526.32615954,131048200.25884044,69008725.26589698,1.8990091434655496,1.8990091434655496
Fiji|china|import|raw_usd,Fiji,china,import,raw_usd,2023,5,ar1,462801363.727,345943646.54909784,116857717.17790216,90729274.36529395,1.287982495125112,1.287982495125112
Fiji|china|import|raw_usd,Fiji,china,import,raw_usd,2024,5,ar1,492700680.064,445227377.52068937,47473302.54331064,95353539.36423546,0.4978661815789566,0.4978661815789566
Fiji|china|import|raw_usd,Fiji,china,import,raw_usd,2015,7,holt,331722123.913,484977109.216699,-153254985.30369902,125696276.50019999,-1.2192484103015986,1.2192484103015986
Fiji|china|import|raw_usd,Fiji,china,import,raw_usd,2016,7,holt,350906220.879,431348781.0199077,-80442560.1409077,153254985.30369902,-0.5248935946944763,0.5248935946944763
Fiji|china|import|raw_usd,Fiji,china,import,raw_usd,2017,7,holt,381346094.72,465471578.2007825,-84125483.48078245,53975850.7731772,-1.558576331372767,1.558576331372767
Fiji|china|import|raw_usd,Fiji,china,import,raw_usd,2018,7,holt,449842546.737,404267040.37354803,45575506.36345196,5460302.143698296,8.346700450642716,8.346700450642716
Fiji|china|import|raw_usd,Fiji,china,import,raw_usd,2019,7,holt,352790820.985,494683693.1312958,-141892872.1462958,53975850.7731772,-2.628821410200136,2.628821410200136
Fiji|china|import|raw_usd,Fiji,china,import,raw_usd,2020,7,holt,286711985.021,398453917.4189528,-111741932.3979528,85645930.43549007,-1.3046963449374709,1.3046963449374709
Fiji|china|import|raw_usd,Fiji,china,import,raw_usd,2021,7,holt,322783322.785,258357772.22307378,64425550.561926246,45553116.28959418,1.4142951308172773,1.4142951308172773
Fiji|china|import|raw_usd,Fiji,china,import,raw_usd,2022,7,holt,468566726.585,335610904.44289577,132955822.14210421,85645930.43549007,1.552389254995002,1.552389254995002
Fiji|china|import|raw_usd,Fiji,china,import,raw_usd,2023,7,holt,462801363.727,471092449.14357525,-8291085.416575253,96798815.99092223,-0.08565275651050101,0.08565275651050101
Fiji|china|import|raw_usd,Fiji,china,import,raw_usd,2024,7,holt,492700680.064,514611447.22931945,-21910767.165319443,106971776.42629528,-0.2048275526247449,0.2048275526247449
Fiji|china|import|raw_usd,Fiji,china,import,raw_usd,2015,7,ar1,331722123.913,684202135.9729359,-352480012.0599359,125696276.50019999,-2.8042199965993033,2.8042199965993033
Fiji|china|import|raw_usd,Fiji,china,import,raw_usd,2016,7,ar1,350906220.879,335999368.17762876,14906852.701371253,352480012.0599359,0.04229134189554125,0.04229134189554125
Fiji|china|import|raw_usd,Fiji,china,import,raw_usd,2017,7,ar1,381346094.72,349231736.9451746,32114357.774825454,272343882.847557,0.11791841050015905,0.11791841050015905
Fiji|china|import|raw_usd,Fiji,china,import,raw_usd,2018,7,ar1,449842546.737,368804287.8412993,81038258.8957007,25511847.0219032,3.1764951720714416,3.1764951720714416
Fiji|china|import|raw_usd,Fiji,china,import,raw_usd,2019,7,ar1,352790820.985,399827350.95465696,-47036529.969656944,49023211.41185641,-0.9594746777091192,0.9594746777091192
Fiji|china|import|raw_usd,Fiji,china,import,raw_usd,2020,7,ar1,286711985.021,394049308.8762015,-107337323.85520148,91837259.1480664,-1.1687775185248592,1.1687775185248592
Fiji|china|import|raw_usd,Fiji,china,import,raw_usd,2021,7,ar1,322783322.785,361450194.64357144,-38666871.85857141,103375531.59233896,-0.3740427861696913,0.3740427861696913
Fiji|china|import|raw_usd,Fiji,china,import,raw_usd,2022,7,ar1,468566726.585,346263812.6204573,122302913.96454269,101810812.13020374,1.2012762829956805,1.2012762829956805
Fiji|china|import|raw_usd,Fiji,china,import,raw_usd,2023,7,ar1,462801363.727,381033675.27875394,81767688.44824606,101493336.9390935,0.8056458770028926,0.8056458770028926
Fiji|china|import|raw_usd,Fiji,china,import,raw_usd,2024,7,ar1,492700680.064,419394855.23100007,73305824.83299994,98046422.82371283,0.7476644503879922,0.7476644503879922
Fiji|china|import|sti,Fiji,china,import,sti,2009,1,naive,0.0553133292420777,0.04252501942129563,0.012788309820782072,1.0,0.012788309820782072,0.012788309820782072
Fiji|china|import|sti,Fiji,china,import,sti,2010,1,naive,0.060843574923900155,0.0553133292420777,0.005530245681822456,0.012788309820782072,0.4324453942174082,0.4324453942174082
Fiji|china|import|sti,Fiji,china,import,sti,2011,1,naive,0.0829803494810788,0.060843574923900155,0.02213677455717864,0.005380402946210763,4.114333959460941,4.114333959460941
Fiji|china|import|sti,Fiji,china,import,sti,2012,1,naive,0.08818463844298585,0.0829803494810788,0.005204288961907055,0.010760805892421526,0.4836337551235137,0.4836337551235137
Fiji|china|import|sti,Fiji,china,import,sti,2013,1,naive,0.09969069437796611,0.08818463844298585,0.011506055934980261,0.00562203466268405,2.046599963417352,2.046599963417352
Fiji|china|import|sti,Fiji,china,import,sti,2014,1,naive,0.13641743769627485,0.09969069437796611,0.03672674331830873,0.008859736281331762,4.145354009655478,4.145354009655478
Fiji|china|import|sti,Fiji,china,import,sti,2015,1,naive,0.14628165814128857,0.13641743769627485,0.009864220445013727,0.01005190280334993,0.9813286735847013,0.9813286735847013
Fiji|china|import|sti,Fiji,china,import,sti,2016,1,naive,0.1524578515449623,0.14628165814128857,0.00617619340367373,0.008859736281331762,0.6971080410923188,0.6971080410923188
Fiji|china|import|sti,Fiji,china,import,sti,2017,1,naive,0.1584976059647909,0.1524578515449623,0.006039754419828597,0.00716380258641122,0.8430933637514254,0.8430933637514254
Fiji|china|import|sti,Fiji,china,import,sti,2018,1,naive,0.1642894428719068,0.1584976059647909,0.005791836907115905,0.005670153328939474,1.0214603681976957,1.0214603681976957
Fiji|china|import|sti,Fiji,china,import,sti,2019,1,naive,0.12645605845633529,0.1642894428719068,-0.03783338441557152,0.003933248254635325,-9.618865112565665,9.618865112565665
Fiji|china|import|sti,Fiji,china,import,sti,2020,1,naive,0.16491910020142786,0.12645605845633529,0.038463041745092574,0.00546786889149068,7.034375276435455,7.034375276435455
Fiji|china|import|sti,Fiji,china,import,sti,2021,1,naive,0.1520016935950386,0.16491910020142786,-0.012917406606389265,0.004671499857139167,-2.7651518787158653,2.7651518787158653
Fiji|china|import|sti,Fiji,china,import,sti,2022,1,naive,0.1565301550576285,0.1520016935950386,0.0045284614625898945,0.007902054188915063,0.573073957015175,0.573073957015175
Fiji|china|import|sti,Fiji,china,import,sti,2023,1,naive,0.14977906286077922,0.1565301550576285,-0.006751092196849273,0.006786103758927268,-0.9948406975015764,0.9948406975015764
Fiji|china|import|sti,Fiji,china,import,sti,2024,1,naive,0.15967007796236227,0.14977906286077922,0.00989101510158305,0.008104338626363857,1.2204592573917181,1.2204592573917181
Fiji|china|import|sti,Fiji,china,import,sti,2011,3,holt,0.0829803494810788,0.07936575541446034,0.0036145940666184595,0.008199142247869972,0.4408502691311988,0.4408502691311988
Fiji|china|import|sti,Fiji,china,import,sti,2012,3,holt,0.08818463844298585,0.07539143735136988,0.012793201091615969,0.0036145940666184595,3.5393188988395368,3.5393188988395368
Fiji|china|import|sti,Fiji,china,import,sti,2013,3,holt,0.09969069437796611,0.12369807662042905,-0.024007382242462932,0.006804101387630653,-3.528369269468347,3.528369269468347
Fiji|china|import|sti,Fiji,china,import,sti,2014,3,holt,0.13641743769627485,0.09991658743114536,0.03650085026512949,0.013608202775261306,2.6822682515787686,2.6822682515787686
Fiji|china|import|sti,Fiji,china,import,sti,2015,3,holt,0.14628165814128857,0.12799915059842562,0.018282507542862952,0.024378581719956226,0.7499413933459859,0.7499413933459859
Fiji|china|import|sti,Fiji,china,import,sti,2016,3,holt,0.1524578515449623,0.20422979452950035,-0.05177194298453805,0.013608202775261306,-3.8044658680906465,3.8044658680906465
Fiji|china|import|sti,Fiji,china,import,sti,2017,3,holt,0.1584976059647909,0.16523561335263462,-0.00673800738784372,0.028447804592265615,-0.2368550924901828,0.2368550924901828
Fiji|china|import|sti,Fiji,china,import,sti,2018,3,holt,0.1642894428719068,0.1647815861657023,-0.0004921432937954884,0.021746648519880084,-0.022630765073780767,0.022630765073780767
Fiji|china|import|sti,Fiji,china,import,sti,2019,3,holt,0.12645605845633529,0.1705250521267784,-0.04406899367044312,0.020721750052845555,-2.1267023083502288,2.1267023083502288
Fiji|china|import|sti,Fiji,china,import,sti,2020,3,holt,0.16491910020142786,0.15755052373060988,0.0073685764708179835,0.027835297330429803,0.26472059498220585,0.26472059498220585
Fiji|china|import|sti,Fiji,china,import,sti,2021,3,holt,0.1520016935950386,0.0668115391189317,0.0851901544761069,0.020721750052845555,4.111146706183169,4.111146706183169
Fiji|china|import|sti,Fiji,china,import,sti,2022,3,holt,0.1565301550576285,0.23105528953780183,-0.07452513448017334,0.021746648519880084,-3.426971030135741,3.426971030135741
Fiji|china|import|sti,Fiji,china,import,sti,2023,3,holt,0.14977906286077922,0.1298305126767457,0.01994855018403352,0.03134949529786207,0.6363276344481993,0.6363276344481993
Fiji|china|import|sti,Fiji,china,import,sti,2024,3,holt,0.15967007796236227,0.16084966544584384,-0.00117958748348157,0.024216723339679568,-0.04870962379740257,0.04870962379740257
Fiji|china|import|sti,Fiji,china,import,sti,2011,3,ar1,0.0829803494810788,0.060843574923900155,0.02213677455717864,0.008199142247869972,2.6998890722903948,2.6998890722903948
Fiji|china|import|sti,Fiji,china,import,sti,2012,3,ar1,0.08818463844298585,0.0829803494810788,0.005204288961907055,0.02213677455717864,0.23509698526605713,0.23509698526605713
Fiji|china|import|sti,Fiji,china,import,sti,2013,3,ar1,0.09969069437796611,0.08818463844298585,0.011506055934980261,0.012552051571774825,0.9166673566617076,0.9166673566617076
Fiji|china|import|sti,Fiji,china,import,sti,2014,3,ar1,0.13641743769627485,0.09969069437796611,0.03672674331830873,0.009342999714278334,3.9309370054011135,3.9309370054011135
Fiji|china|import|sti,Fiji,china,import,sti,2015,3,ar1,0.14628165814128857,0.13641743769627485,0.009864220445013727,0.012552051571774825,0.7858651941165467,0.7858651941165467
Fiji|china|import|sti,Fiji,china,import,sti,2016,3,ar1,0.1524578515449623,0.14628165814128857,0.00617619340367373,0.009342999714278334,0.6610503684630357,0.6610503684630357
Fiji|china|import|sti,Fiji,china,import,sti,2017,3,ar1,0.1584976059647909,0.1524578515449623,0.006039754419828597,0.007405434302884507,0.8155840930863486,0.8155840930863486
Fiji|china|import|sti,Fiji,china,import,sti,2018,3,ar1,0.1642894428719068,0.1584976059647909,0.005791836907115905,0.005670153328939474,1.0214603681976957,1.0214603681976957
Fiji|china|import|sti,Fiji,china,import,sti,2019,3,ar1,0.12645605845633529,0.1642894428719068,-0.03783338441557152,0.0037393306793252912,-10.117688875378631,10.117688875378631
Fiji|china|import|sti,Fiji,china,import,sti,2020,3,ar1,0.16491910020142786,0.12645605845633529,0.038463041745092574,0.00546786889149068,7.034375276435455,7.034375276435455
Fiji|china|import|sti,Fiji,china,import,sti,2021,3,ar1,0.1520016935950386,0.16491910020142786,-0.012917406606389265,0.004671499857139167,-2.7651518787158653,2.7651518787158653
Fiji|china|import|sti,Fiji,china,import,sti,2022,3,ar1,0.1565301550576285,0.1520016935950386,0.0045284614625898945,0.007902054188915063,0.573073957015175,0.573073957015175
Fiji|china|import|sti,Fiji,china,import,sti,2023,3,ar1,0.14977906286077922,0.1565301550576285,-0.006751092196849273,0.006786103758927268,-0.9948406975015764,0.9948406975015764
Fiji|china|import|sti,Fiji,china,import,sti,2024,3,ar1,0.15967007796236227,0.14977906286077922,0.00989101510158305,0.008104338626363857,1.2204592573917181,1.2204592573917181
Fiji|china|import|sti,Fiji,china,import,sti,2013,5,holt,0.09969069437796611,0.10388795413263707,-0.0041972597546709595,0.027159090388161472,-0.15454345836635702,0.15454345836635702
Fiji|china|import|sti,Fiji,china,import,sti,2014,5,holt,0.13641743769627485,0.10905004878141371,0.027367388914861138,0.0041972597546709595,6.520299079513744,6.520299079513744
Fiji|china|import|sti,Fiji,china,import,sti,2015,5,holt,0.14628165814128857,0.15524205512508088,-0.008960396983792307,0.023398874058724144,-0.38294137407229095,0.38294137407229095
Fiji|china|import|sti,Fiji,china,import,sti,2016,5,holt,0.1524578515449623,0.1605791309418269,-0.008121279396864606,0.00706182725589531,-1.150025213387208,1.150025213387208
Fiji|china|import|sti,Fiji,china,import,sti,2017,5,holt,0.1584976059647909,0.16602139141221373,-0.007523785447422826,0.003530913627947655,-2.13083248139265,2.13083248139265
Fiji|china|import|sti,Fiji,china,import,sti,2018,5,holt,0.1642894428719068,0.180780654375624,-0.016491211503717185,0.0021299202638213922,-7.742642663124633,7.742642663124633
Fiji|china|import|sti,Fiji,china,import,sti,2019,5,holt,0.12645605845633529,0.17226446287054195,-0.045808404414206666,0.003530913627947655,-12.973527319282748,12.973527319282748
Fiji|china|import|sti,Fiji,china,import,sti,2020,5,holt,0.16491910020142786,0.13075010369873186,0.034168996502696,0.0058177515215163,5.873230641825422,5.873230641825422
Fiji|china|import|sti,Fiji,china,import,sti,2021,5,holt,0.1520016935950386,0.16842173649698203,-0.016420042901943432,0.009113506431567966,-1.8017261550468218,1.8017261550468218
Fiji|china|import|sti,Fiji,china,import,sti,2022,5,holt,0.1565301550576285,0.1577310147959469,-0.001200859738318405,0.012303746772629867,-0.09760114219757524,0.09760114219757524
Fiji|china|import|sti,Fiji,china,import,sti,2023,5,holt,0.14977906286077922,0.1431823474544414,0.0065967154063378275,0.011281980479195233,0.5847125350467177,0.5847125350467177
Fiji|china|import|sti,Fiji,china,import,sti,2024,5,holt,0.15967007796236227,0.1669954439641438,-0.007325366001781547,0.01318959130207225,-0.555389915730796,0.555389915730796
Fiji|china|import|sti,Fiji,china,import,sti,2013,5,ar1,0.09969069437796611,0.09537641427226316,0.00431428010570295,0.027159090388161472,0.15885215756649662,0.15885215756649662
Fiji|china|import|sti,Fiji,china,import,sti,2014,5,ar1,0.13641743769627485,0.10765032603406335,0.028767111662211492,0.00431428010570295,6.667882232353178,6.667882232353178
Fiji|china|import|sti,Fiji,china,import,sti,2015,5,ar1,0.14628165814128857,0.16792308875648423,-0.02164143061519566,0.018126884032839782,-1.1938858645528216,1.1938858645528216
Fiji|china|import|sti,Fiji,china,import,sti,2016,5,ar1,0.1524578515449623,0.16231743823691067,-0.009859586691948363,0.036253768065679565,-0.27196032903631223,0.27196032903631223
Fiji|china|import|sti,Fiji,china,import,sti,2017,5,ar1,0.1584976059647909,0.15915124860051477,-0.0006536426357238723,0.01924096835740214,-0.033971400169805446,0.033971400169805446
Fiji|china|import|sti,Fiji,china,import,sti,2018,5,ar1,0.1642894428719068,0.15792162465499046,0.006367818216916343,0.01364873265775843,0.4665501461995922,0.4665501461995922
Fiji|china|import|sti,Fiji,china,import,sti,2019,5,ar1,0.12645605845633529,0.16835806194061012,-0.041902003484274836,0.012029375258941407,-3.483306703989401,3.483306703989401
Fiji|china|import|sti,Fiji,china,import,sti,2020,5,ar1,0.16491910020142786,0.18448040787977021,-0.019561307678342355,0.01364873265775843,-1.4331958994905658,1.4331958994905658
Fiji|china|import|sti,Fiji,china,import,sti,2021,5,ar1,0.1520016935950386,0.14398130832590483,0.008020385269133762,0.019221261026155272,0.4172663415901822,0.4172663415901822
Fiji|china|import|sti,Fiji,china,import,sti,2022,5,ar1,0.1565301550576285,0.15278105331650077,0.0037491017411277194,0.01364873265775843,0.2746849715014819,0.2746849715014819
Fiji|china|import|sti,Fiji,china,import,sti,2023,5,ar1,0.14977906286077922,0.1469122572435915,0.0028668056171877176,0.013254423214750179,0.2162904843718431,0.2162904843718431
Fiji|china|import|sti,Fiji,china,import,sti,2024,5,ar1,0.15967007796236227,0.15588173067317385,0.0037883472891884207,0.007640697191975205,0.49581172948028984,0.49581172948028984
Fiji|china|import|sti,Fiji,china,import,sti,2015,7,holt,0.14628165814128857,0.133169647656547,0.01311201048474156,0.03281998195847305,0.39951303146150774,0.39951303146150774
Fiji|china|import|sti,Fiji,china,import,sti,2016,7,holt,0.1524578515449623,0.16257532429501104,-0.010117472750048734,0.01311201048474156,-0.7716187202429736,0.7716187202429736
Fiji|china|import|sti,Fiji,china,import,sti,2017,7,holt,0.1584976059647909,0.1739600374929843,-0.015462431528193404,0.017220015921950042,-0.8979336371276941,0.8979336371276941
Fiji|china|import|sti,Fiji,china,import,sti,2018,7,holt,0.1642894428719068,0.17004363079324172,-0.005754187921334919,0.007924435884477289,-0.7261321821792336,0.7261321821792336
Fiji|china|import|sti,Fiji,china,import,sti,2019,7,holt,0.12645605845633529,0.17760638238927612,-0.05115032393294083,0.007196720985764194,-7.107448521920064,7.107448521920064
Fiji|china|import|sti,Fiji,china,import,sti,2020,7,holt,0.16491910020142786,0.137975243973437,0.026943856227990864,0.007924435884477289,3.4000977004268025,3.4000977004268025
Fiji|china|import|sti,Fiji,china,import,sti,2021,7,holt,0.1520016935950386,0.16376317339651908,-0.011761479801480484,0.021182233864188688,-0.5552520983806524,0.5552520983806524
Fiji|china|import|sti,Fiji,china,import,sti,2022,7,holt,0.1565301550576285,0.1581576439038453,-0.0016274888462168013,0.007924435884477289,-0.20537598763399595,0.20537598763399595
Fiji|china|import|sti,Fiji,china,import,sti,2023,7,holt,0.14977906286077922,0.15835773161690464,-0.008578668756125424,0.010255843010149255,-0.8364664657635567,0.8364664657635567
Fiji|china|import|sti,Fiji,china,import,sti,2024,7,holt,0.15967007796236227,0.1546667162204542,0.0050033617419080745,0.010205866685867987,0.4902436898216792,0.4902436898216792
Fiji|china|import|sti,Fiji,china,import,sti,2015,7,ar1,0.14628165814128857,0.16767614045077803,-0.021394482309489454,0.03281998195847305,-0.6518736767302243,0.6518736767302243
Fiji|china|import|sti,Fiji,china,import,sti,2016,7,ar1,0.1524578515449623,0.16377717886193058,-0.011319327316968275,0.021394482309489454,-0.5290769439159377,0.5290769439159377
Fiji|china|import|sti,Fiji,china,import,sti,2017,7,ar1,0.1584976059647909,0.16144252260473432,-0.0029449166399434235,0.00746871239595595,-0.3943004474958755,0.3943004474958755
Fiji|china|import|sti,Fiji,china,import,sti,2018,7,ar1,0.1642894428719068,0.165884163726792,-0.0015947208548851843,0.012415901269757045,-0.12844181185377532,0.12844181185377532
Fiji|china|import|sti,Fiji,china,import,sti,2019,7,ar1,0.12645605845633529,0.16785593261458515,-0.04139987415824986,0.007208850770342195,-5.742922898136878,5.742922898136878
Fiji|china|import|sti,Fiji,china,import,sti,2020,7,ar1,0.16491910020142786,0.14484532855582494,0.020073771645602922,0.01441770154068439,1.3923004016249074,1.3923004016249074
Fiji|china|import|sti,Fiji,china,import,sti,2021,7,ar1,0.1520016935950386,0.1438626958394908,0.0081389977555478,0.014677563166298145,0.5545196885431324,0.5545196885431324
Fiji|china|import|sti,Fiji,china,import,sti,2022,7,ar1,0.1565301550576285,0.15318388873449926,0.0033462663231292322,0.016433011482755288,0.20363074209744123,0.20363074209744123
Fiji|china|import|sti,Fiji,china,import,sti,2023,7,ar1,0.14977906286077922,0.151830210736964,-0.0020511478761847945,0.014424456376256166,-0.14219931917580975,0.14219931917580975
Fiji|china|import|sti,Fiji,china,import,sti,2024,7,ar1,0.15967007796236227,0.15460948403760355,0.005060593924758716,0.013741002838905588,0.3682841772239799,0.3682841772239799
Fiji|china|total|cwti,Fiji,china,total,cwti,2009,1,naive,0.005757097219434843,0.0036941833116945254,0.0020629139077403174,1.0,0.0020629139077403174,0.0020629139077403174
Fiji|china|total|cwti,Fiji,china,total,cwti,2010,1,naive,0.007195006806213638,0.005757097219434843,0.001437909586778795,0.0020629139077403174,0.6970284030679003,0.6970284030679003
Fiji|china|total|cwti,Fiji,china,total,cwti,2011,1,naive,0.012171281900471486,0.007195006806213638,0.0049762750942578485,0.00046331570312877645,10.740570761260635,10.740570761260635
Fiji|china|total|cwti,Fiji,china,total,cwti,2012,1,naive,0.014132985727747387,0.012171281900471486,0.001961703827275901,0.0009266314062575529,2.1170271307755075,2.1170271307755075
Fiji|china|total|cwti,Fiji,china,total,cwti,2013,1,naive,0.01904637626650064,0.014132985727747387,0.004913390538753254,0.00046331570312877645,10.604843534490778,10.604843534490778
Fiji|china|total|cwti,Fiji,china,total,cwti,2014,1,naive,0.03679171561536024,0.01904637626650064,0.017745339348859596,0.0009266314062575529,19.150375466474706,19.150375466474706
Fiji|china|total|cwti,Fiji,china,total,cwti,2015,1,naive,0.03609621514181407,0.03679171561536024,-0.0006955004735461692,0.0022347016802137178,-0.3112274357262999,0.3112274357262999
Fiji|china|total|cwti,Fiji,china,total,cwti,2016,1,naive,0.03693500113462384,0.03609621514181407,0.0008387859928097735,0.004089625161695345,0.20510094682175142,0.20510094682175142
Fiji|china|total|cwti,Fiji,china,total,cwti,2017,1,naive,0.03992289359644234,0.03693500113462384,0.002987892461818499,0.0028772315715374125,1.0384608911482076,1.0384608911482076
Fiji|china|total|cwti,Fiji,china,total,cwti,2018,1,naive,0.0597126261210463,0.03992289359644234,0.019789732524603962,0.0018148920466760242,10.90408245539941,10.90408245539941
Fiji|china|total|cwti,Fiji,china,total,cwti,2019,1,naive,0.043603160990468744,0.0597126261210463,-0.01610946513057756,0.003020504349907902,-5.333369286844017,5.333369286844017
Fiji|china|total|cwti,Fiji,china,total,cwti,2020,1,naive,0.06573524774759136,0.043603160990468744,0.022132086757122617,0.004089625161695345,5.411764130468087,5.411764130468087
Fiji|china|total|cwti,Fiji,china,total,cwti,2021,1,naive,0.06970692207842955,0.06573524774759136,0.003971674330838185,0.0035870463719971796,1.1072269268230435,1.1072269268230435
Fiji|china|total|cwti,Fiji,china,total,cwti,2022,1,naive,0.05717936607473065,0.06970692207842955,-0.012527556003698898,0.0029479760908545792,-4.2495446427000445,4.2495446427000445
Fiji|china|total|cwti,Fiji,china,total,cwti,2023,1,naive,0.0519278152637429,0.05717936607473065,-0.00525155081098775,0.0035870463719971796,-1.4640320381650977,1.4640320381650977
Fiji|china|total|cwti,Fiji,china,total,cwti,2024,1,naive,0.056872310489609425,0.0519278152637429,0.004944495225866527,0.0042261166531397795,1.1699855048234484,1.1699855048234484
Fiji|china|total|cwti,Fiji,china,total,cwti,2011,3,holt,0.012171281900471486,0.009751674127513559,0.0024196077729579275,0.0021318447533582416,1.1349831028485446,1.1349831028485446
Fiji|china|total|cwti,Fiji,china,total,cwti,2012,3,holt,0.014132985727747387,0.010813882736341828,0.003319102991405559,0.0024196077729579275,1.3717524916643886,1.3717524916643886
Fiji|china|total|cwti,Fiji,china,total,cwti,2013,3,holt,0.01904637626650064,0.021490772122920977,-0.002444395856420336,0.0006667958054352293,-3.665883673075651,3.665883673075651
Fiji|china|total|cwti,Fiji,china,total,cwti,2014,3,holt,0.03679171561536024,0.018676247591709435,0.018115468023650803,0.0013335916108704587,13.583969692060764,13.583969692060764
Fiji|china|total|cwti,Fiji,china,total,cwti,2015,3,holt,0.03609621514181407,0.03156786659412948,0.004528348547684587,0.004272481695893336,1.0598871733112836,1.0598871733112836
Fiji|china|total|cwti,Fiji,china,total,cwti,2016,3,holt,0.03693500113462384,0.06840981795037421,-0.031474816815750366,0.001792827461739286,-17.555965360557074,17.555965360557074
Fiji|china|total|cwti,Fiji,china,total,cwti,2017,3,holt,0.03992289359644234,0.03502741435265648,0.004895479243785861,0.005168895426762979,0.9471035568718509,0.9471035568718509
Fiji|china|total|cwti,Fiji,china,total,cwti,2018,3,holt,0.0597126261210463,0.039063885478735225,0.020648740642311078,0.002337135431779035,8.835063797134422,8.835063797134422
Fiji|china|total|cwti,Fiji,china,total,cwti,2019,3,holt,0.043603160990468744,0.049427064933264285,-0.005823903942795541,0.005835691232198208,-0.9979801382674891,0.9979801382674891
Fiji|china|total|cwti,Fiji,china,total,cwti,2020,3,holt,0.06573524774759136,0.0917532596626661,-0.026018011915074746,0.008544963391786672,-3.044835972039738,3.044835972039738
Fiji|china|total|cwti,Fiji,china,total,cwti,2021,3,holt,0.06970692207842955,0.01941495662573066,0.050291965452698886,0.010383396930781382,4.843498306764072,4.843498306764072
Fiji|china|total|cwti,Fiji,china,total,cwti,2022,3,holt,0.05717936607473065,0.10618573465231688,-0.04900636857758624,0.013555422080646551,-3.6152595091490345,3.6152595091490345
Fiji|china|total|cwti,Fiji,china,total,cwti,2023,3,holt,0.0519278152637429,0.07418543236985314,-0.022257617106110246,0.017746256438726675,-1.2542147794922358,1.2542147794922358
Fiji|china|total|cwti,Fiji,china,total,cwti,2024,3,holt,0.056872310489609425,0.033652215157802194,0.02322009533180723,0.023270682407677254,0.9978261455773495,0.9978261455773495
Fiji|china|total|cwti,Fiji,china,total,cwti,2011,3,ar1,0.012171281900471486,0.007195006806213638,0.0049762750942578485,0.0021318447533582416,2.3342577297989675,2.3342577297989675
Fiji|china|total|cwti,Fiji,china,total,cwti,2012,3,ar1,0.014132985727747387,0.012171281900471486,0.001961703827275901,0.0049762750942578485,0.394211290597564,0.394211290597564
Fiji|china|total|cwti,Fiji,china,total,cwti,2013,3,ar1,0.01904637626650064,0.014132985727747387,0.004913390538753254,0.0022347016802137178,2.198678500247674,2.198678500247674
Fiji|china|total|cwti,Fiji,china,total,cwti,2014,3,ar1,0.03679171561536024,0.01904637626650064,0.017745339348859596,9.323264199111197e-05,190.3339749886235,190.3339749886235
Fiji|china|total|cwti,Fiji,china,total,cwti,2015,3,ar1,0.03609621514181407,0.03679171561536024,-0.0006955004735461692,0.0022347016802137178,-0.3112274357262999,0.3112274357262999
Fiji|china|total|cwti,Fiji,china,total,cwti,2016,3,ar1,0.03693500113462384,0.03609621514181407,0.0008387859928097735,0.004376170718436323,0.19167122280583362,0.19167122280583362
Fiji|china|total|cwti,Fiji,china,total,cwti,2017,3,ar1,0.03992289359644234,0.03693500113462384,0.002987892461818499,0.003067120670903458,0.9741685386438933,0.9741685386438933
Fiji|china|total|cwti,Fiji,china,total,cwti,2018,3,ar1,0.0597126261210463,0.03992289359644234,0.019789732524603962,0.0029479760908545792,6.712989493367017,6.712989493367017
Fiji|china|total|cwti,Fiji,china,total,cwti,2019,3,ar1,0.043603160990468744,0.0597126261210463,-0.01610946513057756,0.00378121798469433,-4.260390486818187,4.260390486818187
Fiji|china|total|cwti,Fiji,china,total,cwti,2020,3,ar1,0.06573524774759136,0.043603160990468744,0.022132086757122617,0.0031862652509523364,6.946090489643824,6.946090489643824
Fiji|china|total|cwti,Fiji,china,total,cwti,2021,3,ar1,0.06970692207842955,0.06573524774759136,0.003971674330838185,0.00575100353289373,0.6906054409672322,0.6906054409672322
Fiji|china|total|cwti,Fiji,china,total,cwti,2022,3,ar1,0.05717936607473065,0.06970692207842955,-0.012527556003698898,0.004644820249960922,-2.6971024344385115,2.6971024344385115
Fiji|china|total|cwti,Fiji,china,total,cwti,2023,3,ar1,0.0519278152637429,0.05717936607473065,-0.00525155081098775,0.005052909307966289,-1.0393123032523635,1.0393123032523635
Fiji|china|total|cwti,Fiji,china,total,cwti,2024,3,ar1,0.056872310489609425,0.0519278152637429,0.004944495225866527,0.0054609983659716565,0.9054196493953299,0.9054196493953299
Fiji|china|total|cwti,Fiji,china,total,cwti,2013,5,holt,0.01904637626650064,0.015920942172736288,0.0031254340937643538,0.005190320912974036,0.6021658672302578,0.6021658672302578
Fiji|china|total|cwti,Fiji,china,total,cwti,2014,5,holt,0.03679171561536024,0.021529675197736776,0.015262040417623461,0.0031254340937643538,4.883174611831748,4.883174611831748
Fiji|china|total|cwti,Fiji,china,total,cwti,2015,5,holt,0.03609621514181407,0.03312757261823146,0.0029686425235826083,0.008996866267876756,0.3299640602842041,0.3299640602842041
Fiji|china|total|cwti,Fiji,china,total,cwti,2016,5,holt,0.03693500113462384,0.041174197563535464,-0.004239196428911622,0.0002324591819514558,-18.236304513008605,18.236304513008605
Fiji|china|total|cwti,Fiji,china,total,cwti,2017,5,holt,0.03992289359644234,0.044036988418674976,-0.004114094822232635,0.005459400606459701,-0.7535799474698255,0.7535799474698255
Fiji|china|total|cwti,Fiji,china,total,cwti,2018,5,holt,0.0597126261210463,0.04897449510320218,0.01073813101784412,0.01050086638890568,1.0225947669602875,1.0225947669602875
Fiji|china|total|cwti,Fiji,china,total,cwti,2019,5,holt,0.043603160990468744,0.06105352448932231,-0.017450363498853566,0.01070983380091254,-1.6293776190408011,1.6293776190408011
Fiji|china|total|cwti,Fiji,china,total,cwti,2020,5,holt,0.06573524774759136,0.04719208880847321,0.01854315893911815,0.010686342030967945,1.7352204229830879,1.7352204229830879
Fiji|china|total|cwti,Fiji,china,total,cwti,2021,5,holt,0.06970692207842955,0.05955991295667744,0.010147009121752107,0.01110269283628003,0.9139232500961337,0.9139232500961337
Fiji|china|total|cwti,Fiji,china,total,cwti,2022,5,holt,0.05717936607473065,0.08149350913340131,-0.024314143058670662,0.010918801212919401,-2.2268143347001823,2.2268143347001823
Fiji|china|total|cwti,Fiji,china,total,cwti,2023,5,holt,0.0519278152637429,0.05444670307295475,-0.0025188878092118547,0.01110269283628003,-0.22687179104702773,0.22687179104702773
Fiji|china|total|cwti,Fiji,china,total,cwti,2024,5,holt,0.056872310489609425,0.06069071635384237,-0.003818405864232946,0.010686342030967945,-0.3573164561987245,0.3573164561987245
Fiji|china|total|cwti,Fiji,china,total,cwti,2013,5,ar1,0.01904637626650064,0.01680907575953447,0.0022373005069661715,0.005190320912974036,0.4310524425134642,0.4310524425134642
Fiji|china|total|cwti,Fiji,china,total,cwti,2014,5,ar1,0.03679171561536024,0.023724095692481267,0.01306761992287897,0.0022373005069661715,5.840797819600438,5.840797819600438
Fiji|china|total|cwti,Fiji,china,total,cwti,2015,5,ar1,0.03609621514181407,0.06986539143600591,-0.03376917629419184,0.008028515783016157,-4.20615431380586,4.20615431380586
Fiji|china|total|cwti,Fiji,china,total,cwti,2016,5,ar1,0.03693500113462384,0.03854840505952406,-0.0016134039249002183,0.016057031566032314,-0.10047958853822504,0.10047958853822504
Fiji|china|total|cwti,Fiji,china,total,cwti,2017,5,ar1,0.03992289359644234,0.03770139110119039,0.0022215024952519508,0.010883042978358713,0.2041251237975887,0.2041251237975887
Fiji|china|total|cwti,Fiji,china,total,cwti,2018,5,ar1,0.0597126261210463,0.03784039545969033,0.02187223066135597,0.005685632258517605,3.846930238688817,3.846930238688817
Fiji|china|total|cwti,Fiji,china,total,cwti,2019,5,ar1,0.043603160990468744,0.1866224233326019,-0.14301926234213316,0.010883042978358713,-13.141477308003989,13.141477308003989
Fiji|china|total|cwti,Fiji,china,total,cwti,2020,5,ar1,0.06573524774759136,0.04506427308012447,0.02067097466746689,0.01608045369819982,1.2854721051670932,1.2854721051670932
Fiji|china|total|cwti,Fiji,china,total,cwti,2021,5,ar1,0.06970692207842955,0.046587587721348675,0.02311933435708087,0.021705109504279087,1.065156310431098,1.065156310431098
Fiji|china|total|cwti,Fiji,china,total,cwti,2022,5,ar1,0.05717936607473065,0.058278151598478656,-0.0010987855237480082,0.027329765310358363,-0.04020471860150051,0.04020471860150051
Fiji|china|total|cwti,Fiji,china,total,cwti,2023,5,ar1,0.0519278152637429,0.05945082158697125,-0.0075230063232283526,0.021705109504279087,-0.3466007080842056,0.3466007080842056
Fiji|china|total|cwti,Fiji,china,total,cwti,2024,5,ar1,0.056872310489609425,0.06182611762288326,-0.004953807133273834,0.01608045369819982,-0.3080638908732037,0.3080638908732037
Fiji|china|total|cwti,Fiji,china,total,cwti,2015,7,holt,0.03609621514181407,0.040546933631016274,-0.004450718489202206,0.009509670208104927,-0.46802027744442026,0.46802027744442026
Fiji|china|total|cwti,Fiji,china,total,cwti,2016,7,holt,0.03693500113462384,0.04259214123873169,-0.005657140104107845,0.004450718489202206,-1.2710622156473192,1.2710622156473192
Fiji|china|total|cwti,Fiji,china,total,cwti,2017,7,holt,0.03992289359644234,0.04345367339039321,-0.003530779793950868,0.0008943203431295505,-3.9480034431458777,3.9480034431458777
Fiji|china|total|cwti,Fiji,china,total,cwti,2018,7,holt,0.0597126261210463,0.04257591550845108,0.017136710612595224,0.0013639011095796334,12.56448175914815,12.56448175914815
Fiji|china|total|cwti,Fiji,china,total,cwti,2019,7,holt,0.043603160990468744,0.0572956769465467,-0.013692515956077955,0.0015762708979193672,-8.686651497627526,8.686651497627526
Fiji|china|total|cwti,Fiji,china,total,cwti,2020,7,holt,0.06573524774759136,0.052348791666874714,0.013386456080716647,0.001788640686259101,7.484150496830137,7.484150496830137
Fiji|china|total|cwti,Fiji,china,total,cwti,2021,7,holt,0.06970692207842955,0.05971458339818275,0.009992338680246793,0.00842721536011436,1.1857224780963938,1.1857224780963938
Fiji|china|total|cwti,Fiji,china,total,cwti,2022,7,holt,0.05717936607473065,0.06996608543062019,-0.012786719355889542,0.015065790033969618,-0.8487254453340093,0.8487254453340093
Fiji|china|total|cwti,Fiji,china,total,cwti,2023,7,holt,0.0519278152637429,0.06913797316654223,-0.017210157902799332,0.013712372459460132,-1.2550824413266346,1.2550824413266346
Fiji|china|total|cwti,Fiji,china,total,cwti,2024,7,holt,0.056872310489609425,0.055824535439611515,0.0010477750499979094,0.013701888924389985,0.0764693872341077,0.0764693872341077
Fiji|china|total|cwti,Fiji,china,total,cwti,2015,7,ar1,0.03609621514181407,0.06443748790413699,-0.02834127276232292,0.009509670208104927,-2.9802582152815504,2.9802582152815504
Fiji|china|total|cwti,Fiji,china,total,cwti,2016,7,ar1,0.03693500113462384,0.040173491712429274,-0.003238490577805432,0.02834127276232292,-0.11426764792690268,0.11426764792690268
Fiji|china|total|cwti,Fiji,china,total,cwti,2017,7,ar1,0.03992289359644234,0.03887501850289856,0.0010478750935437806,0.018608692433382812,0.05631105448677088,0.05631105448677088
Fiji|china|total|cwti,Fiji,china,total,cwti,2018,7,ar1,0.0597126261210463,0.04119343348801683,0.018519192633029473,0.006354965744342343,2.914129419110814,2.914129419110814
Fiji|china|total|cwti,Fiji,china,total,cwti,2019,7,ar1,0.043603160990468744,0.0635560288196857,-0.01995286782921695,0.016128970564191915,-1.237082537277023,1.237082537277023
Fiji|china|total|cwti,Fiji,china,total,cwti,2020,7,ar1,0.06573524774759136,0.04340137490115961,0.02233387284643175,0.024780735712942717,0.9012594745024863,0.9012594745024863
Fiji|china|total|cwti,Fiji,china,total,cwti,2021,7,ar1,0.06970692207842955,0.052515309838919236,0.01719161223951031,0.028519338420663273,0.6028054362949169,0.6028054362949169
Fiji|china|total|cwti,Fiji,china,total,cwti,2022,7,ar1,0.05717936607473065,0.0643088274274016,-0.007129461352670952,0.025902975384041484,-0.27523715893515954,0.27523715893515954
Fiji|china|total|cwti,Fiji,china,total,cwti,2023,7,ar1,0.0519278152637429,0.05702293233308582,-0.0050951170693429235,0.027535203074947518,-0.18504011230549586,0.18504011230549586
Fiji|china|total|cwti,Fiji,china,total,cwti,2024,7,ar1,0.056872310489609425,0.05844127465247455,-0.0015689641628651232,0.024780735712942717,-0.06331386529600369,0.06331386529600369
Fiji|china|total|sti,Fiji,china,total,sti,2009,1,naive,0.04197194487771187,0.03098640645737773,0.010985538420334142,1.0,0.010985538420334142,0.010985538420334142
Fiji|china|total|sti,Fiji,china,total,sti,2010,1,naive,0.044147544320838915,0.04197194487771187,0.0021755994431270423,0.010985538420334142,0.19804213138065455,0.19804213138065455
Fiji|china|total|sti,Fiji,china,total,sti,2011,1,naive,0.05787533576912784,0.044147544320838915,0.013727791448288923,0.006530807763803622,2.10200513393977,2.10200513393977
Fiji|china|total|sti,Fiji,china,total,sti,2012,1,naive,0.06186188071596842,0.05787533576912784,0.00398654494684058,0.004065664339245758,0.9805396152256247,0.9805396152256247
Fiji|china|total|sti,Fiji,china,total,sti,2013,1,naive,0.07894774017306816,0.06186188071596842,0.017085859457099742,0.006530807763803622,2.616193903577515,2.616193903577515
Fiji|china|total|sti,Fiji,china,total,sti,2014,1,naive,0.11330785780513333,0.07894774017306816,0.034360117632065174,0.009044335969108678,3.7990757695671244,3.7990757695671244
Fiji|china|total|sti,Fiji,china,total,sti,2015,1,naive,0.11785005066686927,0.11330785780513333,0.004542192861735933,0.009710521846455116,0.4677599137881645,0.4677599137881645
Fiji|china|total|sti,Fiji,china,total,sti,2016,1,naive,0.12346229683558975,0.11785005066686927,0.005612246168720483,0.009552904125177704,0.5874911016775314,0.5874911016775314
Fiji|china|total|sti,Fiji,china,total,sti,2017,1,naive,0.12521976204227364,0.12346229683558975,0.001757465206683892,0.007221186031523656,0.24337625412387695,0.24337625412387695
Fiji|china|total|sti,Fiji,china,total,sti,2018,1,naive,0.13522635266002372,0.12521976204227364,0.010006590617750083,0.00571509825431545,1.750904389122994,1.750904389122994
Fiji|china|total|sti,Fiji,china,total,sti,2019,1,naive,0.10284210452602775,0.13522635266002372,-0.03238424813399597,0.007010246073527632,-4.6195593983906855,4.6195593983906855
Fiji|china|total|sti,Fiji,china,total,sti,2020,1,naive,0.1276846610570337,0.10284210452602775,0.024842556531005935,0.006515055080131284,3.8131000007609046,3.8131000007609046
Fiji|china|total|sti,Fiji,china,total,sti,2021,1,naive,0.12552123175325222,0.1276846610570337,-0.0021634293037814667,0.008563639933426502,-0.25262964353941847,0.25262964353941847
Fiji|china|total|sti,Fiji,china,total,sti,2022,1,naive,0.12328458895824584,0.12552123175325222,-0.002236642795006377,0.00796644309224241,-0.2807580207513668,0.2807580207513668
Fiji|china|total|sti,Fiji,china,total,sti,2023,1,naive,0.11911960072685723,0.12328458895824584,-0.004164988231388611,0.0097473297738869,-0.4272953032272096,0.4272953032272096
Fiji|china|total|sti,Fiji,china,total,sti,2024,1,naive,0.12462981829229092,0.11911960072685723,0.005510217565433684,0.009941755422596097,0.5542499620247947,0.5542499620247947
Fiji|china|total|sti,Fiji,china,total,sti,2011,3,holt,0.05787533576912784,0.06209293453316668,-0.004217598764038842,0.0032255437343801526,-1.307562107772608,1.307562107772608
Fiji|china|total|sti,Fiji,china,total,sti,2012,3,holt,0.06186188071596842,0.050924703528177004,0.010937177187791414,0.004217598764038842,2.5932237274552388,2.5932237274552388
Fiji|china|total|sti,Fiji,china,total,sti,2013,3,holt,0.07894774017306816,0.08328525690040153,-0.004337516727333374,0.011234235413091768,-0.386098080362342,0.386098080362342
Fiji|china|total|sti,Fiji,china,total,sti,2014,3,holt,0.11330785780513333,0.07258582665680399,0.04072203114832934,0.0001777903723804725,229.04519858467893,229.04519858467893
Fiji|china|total|sti,Fiji,china,total,sti,2015,3,holt,0.11785005066686927,0.11674705330401038,0.0011029973628588902,0.011323130599282005,0.09741099011335529,0.09741099011335529
Fiji|china|total|sti,Fiji,china,total,sti,2016,3,holt,0.12346229683558975,0.17576632886749455,-0.0523040320319048,0.00806610619011905,-6.4844214543043135,6.4844214543043135
Fiji|china|total|sti,Fiji,china,total,sti,2017,3,holt,0.12521976204227364,0.1271591475848079,-0.0019393855425342554,0.011323130599282005,-0.17127644387120564,0.17127644387120564
Fiji|china|total|sti,Fiji,china,total,sti,2018,3,holt,0.13522635266002372,0.13306778116897533,0.0021585714910483944,0.004510636895535877,0.47855137556842725,0.47855137556842725
Fiji|china|total|sti,Fiji,china,total,sti,2019,3,holt,0.10284210452602775,0.13054950004607602,-0.027707395520048264,0.005721892556160875,-4.842348095162179,4.842348095162179
Fiji|china|total|sti,Fiji,china,total,sti,2020,3,holt,0.1276846610570337,0.14633745775765722,-0.01865279670062353,0.006075631097989636,-3.070100274323033,3.070100274323033
Fiji|china|total|sti,Fiji,china,total,sti,2021,3,holt,0.12552123175325222,0.052952577470936346,0.07256865428231588,0.014272050962086585,5.084668943173832,5.084668943173832
Fiji|china|total|sti,Fiji,china,total,sti,2022,3,holt,0.12328458895824584,0.1716985170937402,-0.04841392813549436,0.019090791903980837,-2.5359832310255825,2.5359832310255825
Fiji|china|total|sti,Fiji,china,total,sti,2023,3,holt,0.11911960072685723,0.12117899831253207,-0.0020593975856748326,0.021935047643481996,-0.09388616879921767,0.09388616879921767
Fiji|china|total|sti,Fiji,china,total,sti,2024,3,holt,0.12462981829229092,0.11840635082659283,0.006223467465698088,0.019268721759141055,0.32298289131429714,0.32298289131429714
Fiji|china|total|sti,Fiji,china,total,sti,2011,3,ar1,0.05787533576912784,0.044147544320838915,0.013727791448288923,0.0032255437343801526,4.255961964480067,4.255961964480067
Fiji|china|total|sti,Fiji,china,total,sti,2012,3,ar1,0.06186188071596842,0.05787533576912784,0.00398654494684058,0.013727791448288923,0.2903995855311071,0.2903995855311071
Fiji|china|total|sti,Fiji,china,total,sti,2013,3,ar1,0.07894774017306816,0.06186188071596842,0.017085859457099742,0.007221186031523656,2.366073853036391,2.366073853036391
Fiji|china|total|sti,Fiji,china,total,sti,2014,3,ar1,0.11330785780513333,0.07894774017306816,0.034360117632065174,0.00497867162986292,6.901462917531523,6.901462917531523
Fiji|china|total|sti,Fiji,china,total,sti,2015,3,ar1,0.11785005066686927,0.11330785780513333,0.004542192861735933,0.009710521846455116,0.4677599137881645,0.4677599137881645
Fiji|china|total|sti,Fiji,china,total,sti,2016,3,ar1,0.12346229683558975,0.11785005066686927,0.005612246168720483,0.013618568464423463,0.4121025042669987,0.4121025042669987
Fiji|china|total|sti,Fiji,china,total,sti,2017,3,ar1,0.12521976204227364,0.12346229683558975,0.001757465206683892,0.008014416547991303,0.21928797887656276,0.21928797887656276
Fiji|china|total|sti,Fiji,china,total,sti,2018,3,ar1,0.13522635266002372,0.12521976204227364,0.010006590617750083,0.00571509825431545,1.750904389122994,1.750904389122994
Fiji|china|total|sti,Fiji,china,total,sti,2019,3,ar1,0.10284210452602775,0.13522635266002372,-0.03238424813399597,0.007221186031523656,-4.48461623791777,4.48461623791777
Fiji|china|total|sti,Fiji,china,total,sti,2020,3,ar1,0.1276846610570337,0.10284210452602775,0.024842556531005935,0.006515055080131284,3.8131000007609046,3.8131000007609046
Fiji|china|total|sti,Fiji,china,total,sti,2021,3,ar1,0.12552123175325222,0.1276846610570337,-0.0021634293037814667,0.008873602842901809,-0.24380506340917002,0.24380506340917002
Fiji|china|total|sti,Fiji,china,total,sti,2022,3,ar1,0.12328458895824584,0.12552123175325222,-0.002236642795006377,0.011528216455531391,-0.1940146425627883,0.1940146425627883
Fiji|china|total|sti,Fiji,china,total,sti,2023,3,ar1,0.11911960072685723,0.12328458895824584,-0.004164988231388611,0.01078925910010877,-0.3860309769877176,0.3860309769877176
Fiji|china|total|sti,Fiji,china,total,sti,2024,3,ar1,0.12462981829229092,0.11911960072685723,0.005510217565433684,0.010050301744686149,0.5482638935042001,0.5482638935042001
Fiji|china|total|sti,Fiji,china,total,sti,2013,5,holt,0.07894774017306816,0.07255835024628722,0.006389389926780939,0.01951270299636755,0.3274477107538805,0.3274477107538805
Fiji|china|total|sti,Fiji,china,total,sti,2014,5,holt,0.11330785780513333,0.08470294275986748,0.028604915045265855,0.006389389926780939,4.476939954058712,4.476939954058712
Fiji|china|total|sti,Fiji,china,total,sti,2015,5,holt,0.11785005066686927,0.11322541227811853,0.00462463838875074,0.016468368770332868,0.28081945778879136,0.28081945778879136
Fiji|china|total|sti,Fiji,china,total,sti,2016,5,holt,0.12346229683558975,0.1319930482584571,-0.008530751422867341,0.0026164206302835722,-3.260466350145987,3.260466350145987
Fiji|china|total|sti,Fiji,china,total,sti,2017,5,holt,0.12521976204227364,0.14924416933130938,-0.024024407289035737,0.01106030078249427,-2.1721296519404296,2.1721296519404296
Fiji|china|total|sti,Fiji,china,total,sti,2018,5,holt,0.13522635266002372,0.14483657488398818,-0.00961022222396446,0.019504180934704966,-0.49272626500631006,0.49272626500631006
Fiji|china|total|sti,Fiji,china,total,sti,2019,5,holt,0.10284210452602775,0.13666180191037378,-0.03381969738434602,0.011860512487347563,-2.851453292631651,2.851453292631651
Fiji|china|total|sti,Fiji,china,total,sti,2020,5,holt,0.1276846610570337,0.1257271957867618,0.0019574652702718798,0.02212060156498854,0.08849059843698215,0.08849059843698215
Fiji|china|total|sti,Fiji,china,total,sti,2021,5,holt,0.12552123175325222,0.12831701717207353,-0.002795785418821306,0.01303747621522265,-0.21444222583178538,0.21444222583178538
Fiji|china|total|sti,Fiji,china,total,sti,2022,5,holt,0.12328458895824584,0.12962131211449973,-0.006336723156253887,0.011001520337106316,-0.575986133014831,0.575986133014831
Fiji|china|total|sti,Fiji,china,total,sti,2023,5,holt,0.11911960072685723,0.11195022923246359,0.007169371494393645,0.01164924204913671,0.615436735210163,0.615436735210163
Fiji|china|total|sti,Fiji,china,total,sti,2024,5,holt,0.12462981829229092,0.13038152429263156,-0.0057517060003406395,0.011001520337106316,-0.522810104794433,0.522810104794433
Fiji|china|total|sti,Fiji,china,total,sti,2013,5,ar1,0.07894774017306816,0.06551070695586916,0.013437033217198996,0.01951270299636755,0.6886300283307961,0.6886300283307961
Fiji|china|total|sti,Fiji,china,total,sti,2014,5,ar1,0.11330785780513333,0.095898477830343,0.017409379974790334,0.013437033217198996,1.295626772173701,1.295626772173701
Fiji|china|total|sti,Fiji,china,total,sti,2015,5,ar1,0.11785005066686927,0.16540270113852726,-0.04755265047165799,0.002944700651402459,-16.14855161899404,16.14855161899404
Fiji|china|total|sti,Fiji,china,total,sti,2016,5,ar1,0.12346229683558975,0.1294498524405427,-0.0059875556049529405,0.005889401302804918,-1.0166662614927047,1.0166662614927047
Fiji|china|total|sti,Fiji,china,total,sti,2017,5,ar1,0.12521976204227364,0.12800763443457708,-0.0027878723923034365,0.01734414834526369,-0.16073850020227393,0.16073850020227393
Fiji|china|total|sti,Fiji,china,total,sti,2018,5,ar1,0.13522635266002372,0.1241106657197737,0.01111568694025003,0.024055045056648305,0.46209379005831,0.46209379005831
Fiji|china|total|sti,Fiji,china,total,sti,2019,5,ar1,0.10284210452602775,0.14358768838114055,-0.0407455838551128,0.01439944769386123,-2.829662964954097,2.829662964954097
Fiji|china|total|sti,Fiji,china,total,sti,2020,5,ar1,0.1276846610570337,0.15154180004674134,-0.02385713898970765,0.024055045056648305,-0.9917727833610539,0.9917727833610539
Fiji|china|total|sti,Fiji,china,total,sti,2021,5,ar1,0.12552123175325222,0.11934386188664221,0.006177369866610008,0.027646169856979895,0.22344396705102326,0.22344396705102326
Fiji|china|total|sti,Fiji,china,total,sti,2022,5,ar1,0.12328458895824584,0.12137754935795396,0.001907039600291885,0.024055045056648305,0.0792781554056919,0.0792781554056919
Fiji|china|total|sti,Fiji,china,total,sti,2023,5,ar1,0.11911960072685723,0.11956929526256947,-0.00044969453571223894,0.018853892801435124,-0.023851548348572824,0.023851548348572824
Fiji|china|total|sti,Fiji,china,total,sti,2024,5,ar1,0.12462981829229092,0.12403194699356354,0.000597871298727376,0.01714683457626166,0.03486773585341974,0.03486773585341974
Fiji|china|total|sti,Fiji,china,total,sti,2015,7,holt,0.11785005066686927,0.10655391074230837,0.011296139924560897,0.023578367335613307,0.4790891482761382,0.4790891482761382
Fiji|china|total|sti,Fiji,china,total,sti,2016,7,holt,0.12346229683558975,0.1326962302984578,-0.009233933462868063,0.011296139924560897,-0.8174414910345583,0.8174414910345583
Fiji|china|total|sti,Fiji,china,total,sti,2017,7,holt,0.12521976204227364,0.14081909425618286,-0.015599332213909217,0.015218943402101087,-1.0249944297549338,1.0249944297549338
Fiji|china|total|sti,Fiji,china,total,sti,2018,7,holt,0.13522635266002372,0.13570643172760327,-0.00048007906757954744,0.009437340188293614,-0.05087016659366092,0.05087016659366092
Fiji|china|total|sti,Fiji,china,total,sti,2019,7,holt,0.10284210452602775,0.14574150118809204,-0.042899396662064285,0.011207902357374183,-3.8276026409026347,3.8276026409026347
Fiji|china|total|sti,Fiji,china,total,sti,2020,7,holt,0.1276846610570337,0.11341372224461335,0.014270938812420336,0.012978464526454753,1.0995860707043625,1.0995860707043625
Fiji|china|total|sti,Fiji,china,total,sti,2021,7,holt,0.12552123175325222,0.13407999355298295,-0.008558761799730724,0.019937613496247893,-0.4292771449973899,0.4292771449973899
Fiji|china|total|sti,Fiji,china,total,sti,2022,7,holt,0.12328458895824584,0.12796776293368844,-0.0046831739754426005,0.011977455018687334,-0.39099908687913,0.39099908687913
Fiji|china|total|sti,Fiji,china,total,sti,2023,7,holt,0.11911960072685723,0.12785034080940258,-0.008730740082545346,0.011207902357374183,-0.7789807409234789,0.7789807409234789
Fiji|china|total|sti,Fiji,china,total,sti,2024,7,holt,0.12462981829229092,0.12258027656716956,0.002049541725121354,0.010438349696061033,0.1963472948118187,0.1963472948118187
Fiji|china|total|sti,Fiji,china,total,sti,2015,7,ar1,0.11785005066686927,0.15635577969654907,-0.0385057290296798,0.023578367335613307,-1.633095645749817,1.633095645749817
Fiji|china|total|sti,Fiji,china,total,sti,2016,7,ar1,0.12346229683558975,0.13307934048776168,-0.009617043652171933,0.0385057290296798,-0.2497561764058335,0.2497561764058335
Fiji|china|total|sti,Fiji,china,total,sti,2017,7,ar1,0.12521976204227364,0.13205128352146953,-0.0068315214791958845,0.021415182470346582,-0.31900365493758615,0.31900365493758615
Fiji|china|total|sti,Fiji,china,total,sti,2018,7,ar1,0.13522635266002372,0.13025300807113838,0.004973344588885348,0.00412981517365429,1.204253551251461,1.204253551251461
Fiji|china|total|sti,Fiji,china,total,sti,2019,7,ar1,0.10284210452602775,0.13682605971056616,-0.03398395518453841,0.010815854803095762,-3.142049870603974,3.142049870603974
Fiji|china|total|sti,Fiji,china,total,sti,2020,7,ar1,0.1276846610570337,0.11891351390884046,0.008771147148193228,0.021631709606191523,0.4054763727820529,0.4054763727820529
Fiji|china|total|sti,Fiji,china,total,sti,2021,7,ar1,0.12552123175325222,0.11832842720434683,0.0071928045489053904,0.02238211305657931,0.32136396285385743,0.32136396285385743
Fiji|china|total|sti,Fiji,china,total,sti,2022,7,ar1,0.12328458895824584,0.12159246649910586,0.0016921224591399803,0.020792465769262948,0.08138151953297469,0.08138151953297469
Fiji|china|total|sti,Fiji,china,total,sti,2023,7,ar1,0.11911960072685723,0.12331764504120171,-0.004198044314344479,0.012828602849411716,-0.32724096019053156,0.32724096019053156
Fiji|china|total|sti,Fiji,china,total,sti,2024,7,ar1,0.12462981829229092,0.12441601908298804,0.0002137992093028812,0.01359750118792854,0.015723419056781242,0.015723419056781242
Fiji|us|export|cwti,Fiji,us,export,cwti,2009,1,naive,0.05606760757514189,0.07034475964566812,-0.014277152070526232,1.0,-0.014277152070526232,0.014277152070526232
Fiji|us|export|cwti,Fiji,us,export,cwti,2010,1,naive,0.06118829284686847,0.05606760757514189,0.0051206852717265786,0.014277152070526232,0.35866293546720196,0.35866293546720196
Fiji|us|export|cwti,Fiji,us,export,cwti,2011,1,naive,0.05085314819455939,0.06118829284686847,-0.01033514465230908,0.014379616821812007,-0.7187357479951768,0.7187357479951768
Fiji|us|export|cwti,Fiji,us,export,cwti,2012,1,naive,0.06641015606895738,0.05085314819455939,0.01555700787439799,0.00584442019824875,2.661856496741895,2.661856496741895
Fiji|us|export|cwti,Fiji,us,export,cwti,2013,1,naive,0.06654720396443947,0.06641015606895738,0.0001370478954820925,0.014379616821812007,0.00953070566346446,0.00953070566346446
Fiji|us|export|cwti,Fiji,us,export,cwti,2014,1,naive,0.06331432576757867,0.06654720396443947,-0.0032328781968608,0.01552607267135519,-0.20822253413931877,0.20822253413931877
Fiji|us|export|cwti,Fiji,us,export,cwti,2015,1,naive,0.0821772497345854,0.06331432576757867,0.01886292396700673,0.011457406722687632,1.646351955862307,1.646351955862307
Fiji|us|export|cwti,Fiji,us,export,cwti,2016,1,naive,0.09507572017741191,0.0821772497345854,0.012898470442826507,0.01552607267135519,0.8307619522239854,0.8307619522239854
Fiji|us|export|cwti,Fiji,us,export,cwti,2017,1,naive,0.08548911604406112,0.09507572017741191,-0.009586604133350787,0.01719648847970673,-0.5574745183973908,0.5574745183973908
Fiji|us|export|cwti,Fiji,us,export,cwti,2018,1,naive,0.0,0.08548911604406112,-0.08548911604406112,0.01552607267135519,-5.506164878500418,5.506164878500418
Fiji|us|export|cwti,Fiji,us,export,cwti,2019,1,naive,0.0,0.0,0.0,0.015950156558225778,0.0,0.0
Fiji|us|export|cwti,Fiji,us,export,cwti,2020,1,naive,0.0,0.0,0.0,0.01532288546151344,0.0,0.0
Fiji|us|export|cwti,Fiji,us,export,cwti,2021,1,naive,0.0,0.0,0.0,0.014767992374809658,0.0,0.0
Fiji|us|export|cwti,Fiji,us,export,cwti,2022,1,naive,0.0,0.0,0.0,0.014213099288105876,0.0,0.0
Fiji|us|export|cwti,Fiji,us,export,cwti,2023,1,naive,0.0,0.0,0.0,0.010902513635983851,0.0,0.0
Fiji|us|export|cwti,Fiji,us,export,cwti,2024,1,naive,0.0,0.0,0.0,0.0075919279838618245,0.0,0.0
Fiji|us|export|cwti,Fiji,us,export,cwti,2011,3,holt,0.05085314819455939,0.03158684927596252,0.019266298918596873,0.0075919279838618245,2.5377346781412156,2.5377346781412156
Fiji|us|export|cwti,Fiji,us,export,cwti,2012,3,holt,0.06641015606895738,0.06818393910627413,-0.001773783037316748,0.019266298918596873,-0.09206662082900606,0.09206662082900606
Fiji|us|export|cwti,Fiji,us,export,cwti,2013,3,holt,0.06654720396443947,0.03691481854688509,0.029632385417554384,0.015597012753918766,1.8998756931906218,1.8998756931906218
Fiji|us|export|cwti,Fiji,us,export,cwti,2014,3,holt,0.06331432576757867,0.09104778862660867,-0.02773346285903,0.015368759843354405,-1.8045348578351434,1.8045348578351434
Fiji|us|export|cwti,Fiji,us,export,cwti,2015,3,holt,0.0821772497345854,0.06611361527601164,0.016063634458573756,0.02328139267559597,0.6899773859066423,0.6899773859066423
Fiji|us|export|cwti,Fiji,us,export,cwti,2016,3,holt,0.09507572017741191,0.06148868782826925,0.033587032349142655,0.020117030171784678,1.6695820437874795,1.6695820437874795
Fiji|us|export|cwti,Fiji,us,export,cwti,2017,3,holt,0.08548911604406112,0.11865056242852101,-0.03316144638445989,0.020674474777955927,-1.6039801127048774,1.6039801127048774
Fiji|us|export|cwti,Fiji,us,export,cwti,2018,3,holt,0.0,0.1161507954020677,-0.1161507954020677,0.025980189712557448,-4.470744697677344,4.470744697677344
Fiji|us|export|cwti,Fiji,us,export,cwti,2019,3,holt,0.0,0.03443685277486121,-0.03443685277486121,0.036271487531874695,-0.9494193681634577,0.9494193681634577
Fiji|us|export|cwti,Fiji,us,export,cwti,2020,3,holt,0.0,-0.15302551771886938,0.15302551771886938,0.04653534967847442,3.2883715020122324,3.2883715020122324
Fiji|us|export|cwti,Fiji,us,export,cwti,2021,3,holt,0.0,0.0,0.0,0.04545688309781839,0.0,0.0
Fiji|us|export|cwti,Fiji,us,export,cwti,2022,3,holt,0.0,0.0,0.0,0.04393297462006613,0.0,0.0
Fiji|us|export|cwti,Fiji,us,export,cwti,2023,3,holt,0.0,0.0,0.0,0.042525303327432,0.0,0.0
Fiji|us|export|cwti,Fiji,us,export,cwti,2024,3,holt,0.0,0.0,0.0,0.041117632034797874,0.0,0.0
Fiji|us|export|cwti,Fiji,us,export,cwti,2011,3,ar1,0.05085314819455939,0.06118829284686847,-0.01033514465230908,0.0075919279838618245,-1.3613333364434588,1.3613333364434588
Fiji|us|export|cwti,Fiji,us,export,cwti,2012,3,ar1,0.06641015606895738,0.05085314819455939,0.01555700787439799,0.01033514465230908,1.505253036871839,1.505253036871839
Fiji|us|export|cwti,Fiji,us,export,cwti,2013,3,ar1,0.06654720396443947,0.06641015606895738,0.0001370478954820925,0.019193852668047948,0.007140197325273652,0.007140197325273652
Fiji|us|export|cwti,Fiji,us,export,cwti,2014,3,ar1,0.06331432576757867,0.06654720396443947,-0.0032328781968608,0.01552607267135519,-0.20822253413931877,0.20822253413931877
Fiji|us|export|cwti,Fiji,us,export,cwti,2015,3,ar1,0.0821772497345854,0.06331432576757867,0.01886292396700673,0.007763036335677595,2.4298384229268564,2.4298384229268564
Fiji|us|export|cwti,Fiji,us,export,cwti,2016,3,ar1,0.09507572017741191,0.0821772497345854,0.012898470442826507,0.01552607267135519,0.8307619522239854,0.8307619522239854
Fiji|us|export|cwti,Fiji,us,export,cwti,2017,3,ar1,0.08548911604406112,0.09507572017741191,-0.009586604133350787,0.013928942544624139,-0.6882506767931732,0.6882506767931732
Fiji|us|export|cwti,Fiji,us,export,cwti,2018,3,ar1,0.0,0.08548911604406112,-0.08548911604406112,0.01552607267135519,-5.506164878500418,5.506164878500418
Fiji|us|export|cwti,Fiji,us,export,cwti,2019,3,ar1,0.0,0.0,0.0,0.01722307887002401,0.0,0.0
Fiji|us|export|cwti,Fiji,us,export,cwti,2020,3,ar1,0.0,0.0,0.0,0.01532288546151344,0.0,0.0
Fiji|us|export|cwti,Fiji,us,export,cwti,2021,3,ar1,0.0,0.0,0.0,0.014767992374809658,0.0,0.0
Fiji|us|export|cwti,Fiji,us,export,cwti,2022,3,ar1,0.0,0.0,0.0,0.014213099288105876,0.0,0.0
Fiji|us|export|cwti,Fiji,us,export,cwti,2023,3,ar1,0.0,0.0,0.0,0.00950308225138585,0.0,0.0
Fiji|us|export|cwti,Fiji,us,export,cwti,2024,3,ar1,0.0,0.0,0.0,0.004793065214665822,0.0,0.0
Fiji|us|export|cwti,Fiji,us,export,cwti,2013,5,holt,0.06654720396443947,0.05855042891149042,0.007996775052949052,0.007741934413069017,1.032916920537307,1.032916920537307
Fiji|us|export|cwti,Fiji,us,export,cwti,2014,5,holt,0.06331432576757867,0.07098194510625425,-0.007667619338675574,0.007996775052949052,-0.9588389429371166,0.9588389429371166
Fiji|us|export|cwti,Fiji,us,export,cwti,2015,5,holt,0.0821772497345854,0.061478486852539566,0.020698762882045835,0.011612015562511336,1.7825297228218064,1.7825297228218064
Fiji|us|export|cwti,Fiji,us,export,cwti,2016,5,holt,0.09507572017741191,0.08998127137251637,0.0050944488048955405,0.018831967155418888,0.2705213301856049,0.2705213301856049
Fiji|us|export|cwti,Fiji,us,export,cwti,2017,5,holt,0.08548911604406112,0.09944317847378002,-0.013954062429718903,0.011567478025391513,-1.2063184731441592,1.2063184731441592
Fiji|us|export|cwti,Fiji,us,export,cwti,2018,5,holt,0.0,0.0888823329917642,-0.0888823329917642,0.018921042229658534,-4.697538957576136,4.697538957576136
Fiji|us|export|cwti,Fiji,us,export,cwti,2019,5,holt,0.0,0.006589141804274237,-0.006589141804274237,0.016272155825901753,-0.40493354874255494,0.40493354874255494
Fiji|us|export|cwti,Fiji,us,export,cwti,2020,5,holt,0.0,-0.016039212504553382,0.016039212504553382,0.017322091437155112,0.92593972054379,0.92593972054379
Fiji|us|export|cwti,Fiji,us,export,cwti,2021,5,holt,0.0,-0.014679169635265898,0.014679169635265898,0.016272155825901753,0.9021035560573869,0.9021035560573869
Fiji|us|export|cwti,Fiji,us,export,cwti,2022,5,holt,0.0,-0.04280747801143897,0.04280747801143897,0.017322091437155112,2.4712649836046268,2.4712649836046268
Fiji|us|export|cwti,Fiji,us,export,cwti,2023,5,holt,0.0,0.0,0.0,0.02022852374396907,0.0,0.0
Fiji|us|export|cwti,Fiji,us,export,cwti,2024,5,holt,0.0,0.0,0.0,0.017322091437155112,0.0,0.0
Fiji|us|export|cwti,Fiji,us,export,cwti,2013,5,ar1,0.06654720396443947,0.054788275983233034,0.011758927981206438,0.007741934413069017,1.5188617409825131,1.5188617409825131
Fiji|us|export|cwti,Fiji,us,export,cwti,2014,5,ar1,0.06331432576757867,0.05975284442784113,0.003561481339737542,0.011758927981206438,0.3028746621656018,0.3028746621656018
Fiji|us|export|cwti,Fiji,us,export,cwti,2015,5,ar1,0.0821772497345854,0.06159429011189929,0.02058295962268611,0.0060767671953208926,3.3871561903070724,3.3871561903070724
Fiji|us|export|cwti,Fiji,us,export,cwti,2016,5,ar1,0.09507572017741191,0.07084799302504324,0.024227727152368664,0.012153534390641785,1.9934717238323694,1.9934717238323694
Fiji|us|export|cwti,Fiji,us,export,cwti,2017,5,ar1,0.08548911604406112,0.10842565205036071,-0.022936536006299593,0.009243120825582558,-2.4814709705857374,2.4814709705857374
Fiji|us|export|cwti,Fiji,us,export,cwti,2018,5,ar1,0.0,0.08584625492063555,-0.08584625492063555,0.01308250931165776,-6.5619104772307235,6.5619104772307235
Fiji|us|export|cwti,Fiji,us,export,cwti,2019,5,ar1,0.0,0.10759196533321826,-0.10759196533321826,0.02186114267673233,-4.921607572129914,4.921607572129914
Fiji|us|export|cwti,Fiji,us,export,cwti,2020,5,ar1,0.0,-0.000734474491472766,0.000734474491472766,0.0306397760418069,0.02397127480535763,0.02397127480535763
Fiji|us|export|cwti,Fiji,us,export,cwti,2021,5,ar1,0.0,-0.0021368724179989043,0.0021368724179989043,0.030033570048671902,0.07114946423405291,0.07114946423405291
Fiji|us|export|cwti,Fiji,us,export,cwti,2022,5,ar1,0.0,0.0,0.0,0.027348168889669247,0.0,0.0
Fiji|us|export|cwti,Fiji,us,export,cwti,2023,5,ar1,0.0,0.0,0.0,0.021846511816774196,0.0,0.0
Fiji|us|export|cwti,Fiji,us,export,cwti,2024,5,ar1,0.0,0.0,0.0,0.01634485474387914,0.0,0.0
Fiji|us|export|cwti,Fiji,us,export,cwti,2015,7,holt,0.0821772497345854,0.06235609450451307,0.01982115523007233,0.004793065214665822,4.13538191999215,4.13538191999215
Fiji|us|export|cwti,Fiji,us,export,cwti,2016,7,holt,0.09507572017741191,0.08202054770271883,0.01305517247469308,0.01982115523007233,0.6586484149463694,0.6586484149463694
Fiji|us|export|cwti,Fiji,us,export,cwti,2017,7,holt,0.08548911604406112,0.09886189110927174,-0.013372775065210618,0.005015623016562637,-2.6662241203238195,2.6662241203238195
Fiji|us|export|cwti,Fiji,us,export,cwti,2018,7,holt,0.0,0.09529688620515898,-0.09529688620515898,0.010031246033125274,-9.50000487381814,9.50000487381814
Fiji|us|export|cwti,Fiji,us,export,cwti,2019,7,holt,0.0,0.06215041200726308,-0.06215041200726308,0.02460666052789325,-2.5257556561489336,2.5257556561489336
Fiji|us|export|cwti,Fiji,us,export,cwti,2020,7,holt,0.0,-0.0032201473810059026,0.0032201473810059026,0.0492133210557865,0.06543243398175987,0.06543243398175987
Fiji|us|export|cwti,Fiji,us,export,cwti,2021,7,holt,0.0,-0.01478936484207839,0.01478936484207839,0.03189736462984356,0.4636547568648127,0.4636547568648127
Fiji|us|export|cwti,Fiji,us,export,cwti,2022,7,holt,0.0,-0.012265580582528664,0.012265580582528664,0.024600666818760615,0.49858732175401277,0.49858732175401277
Fiji|us|export|cwti,Fiji,us,export,cwti,2023,7,holt,0.0,-0.013982934718001945,0.013982934718001945,0.014177208390117152,0.9862967611980201,0.9862967611980201
Fiji|us|export|cwti,Fiji,us,export,cwti,2024,7,holt,0.0,-0.019045598474674616,0.019045598474674616,0.011201894972448237,1.7002121981609772,1.7002121981609772
Fiji|us|export|cwti,Fiji,us,export,cwti,2015,7,ar1,0.0821772497345854,0.06041854289154505,0.02175870684304035,0.004793065214665822,4.539622531415398,4.539622531415398
Fiji|us|export|cwti,Fiji,us,export,cwti,2016,7,ar1,0.09507572017741191,0.06962521796924165,0.02545050220817026,0.02175870684304035,1.1696697966364096,1.1696697966364096
Fiji|us|export|cwti,Fiji,us,export,cwti,2017,7,ar1,0.08548911604406112,0.10081049575312802,-0.015321379709066899,0.002736727904170802,-5.598430039653176,5.598430039653176
Fiji|us|export|cwti,Fiji,us,export,cwti,2018,7,ar1,0.0,0.08489560075663141,-0.08489560075663141,0.005473455808341604,-15.51042042346439,15.51042042346439
Fiji|us|export|cwti,Fiji,us,export,cwti,2019,7,ar1,0.0,0.08915929517566551,-0.08915929517566551,0.030224196065247903,-2.94993107453342,2.94993107453342
Fiji|us|export|cwti,Fiji,us,export,cwti,2020,7,ar1,0.0,0.009341468118945984,-0.009341468118945984,0.060448392130495805,-0.1545362546414742,0.1545362546414742
Fiji|us|export|cwti,Fiji,us,export,cwti,2021,7,ar1,0.0,0.004058819825107283,-0.004058819825107283,0.05327875576456837,-0.07618082980470978,0.07618082980470978
Fiji|us|export|cwti,Fiji,us,export,cwti,2022,7,ar1,0.0,-0.00024671976603394174,0.00024671976603394174,0.04610911939864094,0.0053507802632468794,0.0053507802632468794
Fiji|us|export|cwti,Fiji,us,export,cwti,2023,7,ar1,0.0,-0.0010699357192027912,0.0010699357192027912,0.0274874681610771,0.038924491442170916,0.038924491442170916
Fiji|us|export|cwti,Fiji,us,export,cwti,2024,7,ar1,0.0,0.0,0.0,0.016697871283958526,0.0,0.0
Fiji|us|export|raw_usd,Fiji,us,export,raw_usd,2009,1,naive,69986593.0,112487937.0,-42501344.0,1.0,-42501344.0,42501344.0
Fiji|us|export|raw_usd,Fiji,us,export,raw_usd,2010,1,naive,96148971.0,69986593.0,26162378.0,42501344.0,0.6155658983395913,0.6155658983395913
Fiji|us|export|raw_usd,Fiji,us,export,raw_usd,2011,1,naive,104038756.0,96148971.0,7889785.0,50900417.118599996,0.15500432897468183,0.15500432897468183
Fiji|us|export|raw_usd,Fiji,us,export,raw_usd,2012,1,naive,150438465.0,104038756.0,46399709.0,27090946.3818,1.7127385786408644,1.7127385786408644
Fiji|us|export|raw_usd,Fiji,us,export,raw_usd,2013,1,naive,147434911.0,150438465.0,-3003554.0,28547406.661199998,-0.10521284947687591,0.10521284947687591
Fiji|us|export|raw_usd,Fiji,us,export,raw_usd,2014,1,naive,170792334.0,147434911.0,23357423.0,27090946.3818,0.8621855682270213,0.8621855682270213
Fiji|us|export|raw_usd,Fiji,us,export,raw_usd,2015,1,naive,162477568.75,170792334.0,-8314765.25,21620705.391599998,-0.384574189389326,0.384574189389326
Fiji|us|export|raw_usd,Fiji,us,export,raw_usd,2016,1,naive,168969162.31399998,162477568.75,6491593.563999981,24024866.20065,0.27020310996880176,0.27020310996880176
Fiji|us|export|raw_usd,Fiji,us,export,raw_usd,2017,1,naive,184090408.74899998,168969162.31399998,15121246.435000002,23478593.149724998,0.6440439739540832,0.6440439739540832
Fiji|us|export|raw_usd,Fiji,us,export,raw_usd,2011,3,holt,104038756.0,-596713.3799999878,104635469.38,24224150.9916,4.319469004972911,4.319469004972911
Fiji|us|export|raw_usd,Fiji,us,export,raw_usd,2012,3,holt,150438465.0,144636482.47,5801982.530000001,104635469.38,0.055449481560876826,0.055449481560876826
Fiji|us|export|raw_usd,Fiji,us,export,raw_usd,2013,3,holt,147434911.0,127905410.04,19529500.959999993,73265263.80190499,0.2665588021740284,0.2665588021740284
Fiji|us|export|raw_usd,Fiji,us,export,raw_usd,2014,3,holt,170792334.0,232863197.77000004,-62070863.77000004,20352418.824317988,-3.0498027927685416,3.0498027927685416
Fiji|us|export|raw_usd,Fiji,us,export,raw_usd,2015,3,holt,162477568.75,146963608.17000002,15513960.579999983,60490350.374349035,0.25647000693483646,0.25647000693483646
Fiji|us|export|raw_usd,Fiji,us,export,raw_usd,2016,3,holt,168969162.31399998,204204860.93499997,-35235698.62099999,14398978.656929974,-2.447097079628052,2.447097079628052
Fiji|us|export|raw_usd,Fiji,us,export,raw_usd,2017,3,holt,184090408.74899998,148957373.60094002,35133035.148059964,40597442.449395284,0.8654002081991568,0.8654002081991568
Fiji|us|export|raw_usd,Fiji,us,export,raw_usd,2011,3,ar1,104038756.0,96148971.0,7889785.0,24224150.9916,0.3256991340062185,0.3256991340062185
Fiji|us|export|raw_usd,Fiji,us,export,raw_usd,2012,3,ar1,150438465.0,104038756.0,46399709.0,7889785.0,5.880985223298227,5.880985223298227
Fiji|us|export|raw_usd,Fiji,us,export,raw_usd,2013,3,ar1,147434911.0,150438465.0,-3003554.0,28547406.661199998,-0.10521284947687591,0.10521284947687591
Fiji|us|export|raw_usd,Fiji,us,export,raw_usd,2014,3,ar1,170792334.0,147434911.0,23357423.0,16150464.4014,1.446238474602332,1.446238474602332
Fiji|us|export|raw_usd,Fiji,us,export,raw_usd,2015,3,ar1,162477568.75,170792334.0,-8314765.25,19541392.250099998,-0.4254950283779013,0.4254950283779013
Fiji|us|export|raw_usd,Fiji,us,export,raw_usd,2016,3,ar1,168969162.31399998,162477568.75,6491593.563999981,22932320.0988,0.2830761796465449,0.2830761796465449
Fiji|us|export|raw_usd,Fiji,us,export,raw_usd,2017,3,ar1,184090408.74899998,168969162.31399998,15121246.435000002,19051185.989518184,0.7937168028971843,0.7937168028971843
Fiji|us|export|raw_usd,Fiji,us,export,raw_usd,2013,5,holt,147434911.0,138671752.569408,8763158.430592,12526755.750599999,0.6995553042672097,0.6995553042672097
Fiji|us|export|raw_usd,Fiji,us,export,raw_usd,2014,5,holt,170792334.0,189997887.47183195,-19205553.471831948,8763158.430592,-2.1916245864944957,2.1916245864944957
Fiji|us|export|raw_usd,Fiji,us,export,raw_usd,2015,5,holt,162477568.75,183417393.85764796,-20939825.107647955,20733206.13326687,-1.0099656065276639,1.0099656065276639
Fiji|us|export|raw_usd,Fiji,us,export,raw_usd,2016,5,holt,168969162.31399998,190284015.518368,-21314853.204368025,2571231.127260813,-8.289746098039497,8.289746098039497
Fiji|us|export|raw_usd,Fiji,us,export,raw_usd,2017,5,holt,184090408.74899998,169729794.004724,14360614.744275987,1563623.8917289942,9.184187335738763,9.184187335738763
Fiji|us|export|raw_usd,Fiji,us,export,raw_usd,2013,5,ar1,147434911.0,106141683.88198702,41293227.11801298,12526755.750599999,3.2964023519046535,3.2964023519046535
Fiji|us|export|raw_usd,Fiji,us,export,raw_usd,2014,5,ar1,170792334.0,152006012.09295473,18786321.907045275,41293227.11801298,0.45494923061729614,0.45494923061729614
Fiji|us|export|raw_usd,Fiji,us,export,raw_usd,2015,5,ar1,162477568.75,175760235.09661114,-13282666.346611142,16684368.832890358,-0.7961144038260922,0.7961144038260922
Fiji|us|export|raw_usd,Fiji,us,export,raw_usd,2016,5,ar1,168969162.31399998,161028297.6708321,7940864.643167883,33368737.665780716,0.23797318084678867,0.23797318084678867
Fiji|us|export|raw_usd,Fiji,us,export,raw_usd,2017,5,ar1,184090408.74899998,164161680.5019934,19928728.247006595,23772740.9924355,0.8383016604331797,0.8383016604331797
Fiji|us|export|raw_usd,Fiji,us,export,raw_usd,2015,7,holt,162477568.75,176058791.44740325,-13581222.697403252,51812383.652399994,-0.2621231014677349,0.2621231014677349
Fiji|us|export|raw_usd,Fiji,us,export,raw_usd,2016,7,holt,168969162.31399998,189908183.49851933,-20939021.18451935,13581222.697403252,-1.5417625975990306,1.5417625975990306
Fiji|us|export|raw_usd,Fiji,us,export,raw_usd,2017,7,holt,184090408.74899998,180987530.25302747,3102878.495972514,5454336.018499163,0.5688829007689766,0.5688829007689766
Fiji|us|export|raw_usd,Fiji,us,export,raw_usd,2015,7,ar1,162477568.75,168738294.258436,-6260725.508435994,51812383.652399994,-0.12083453929543332,0.12083453929543332
Fiji|us|export|raw_usd,Fiji,us,export,raw_usd,2016,7,ar1,168969162.31399998,165343098.37818077,3626063.9358192086,6260725.508435994,0.579176316056866,0.579176316056866
Fiji|us|export|raw_usd,Fiji,us,export,raw_usd,2017,7,ar1,184090408.74899998,169264115.91289848,14826292.836101502,7329077.015026381,2.0229413343186344,2.0229413343186344
Fiji|us|export|sti,Fiji,us,export,sti,2009,1,naive,0.11132396619431592,0.12201604156930325,-0.010692075374987328,1.0,-0.010692075374987328,0.010692075374987328
Fiji|us|export|sti,Fiji,us,export,sti,2010,1,naive,0.11427784870026637,0.11132396619431592,0.002953882505950453,0.010692075374987328,0.27626839526970265,0.27626839526970265
Fiji|us|export|sti,Fiji,us,export,sti,2011,1,naive,0.09728060495810145,0.11427784870026637,-0.016997243742164922,0.010115748577139178,-1.680275425249042,1.680275425249042
Fiji|us|export|sti,Fiji,us,export,sti,2012,1,naive,0.1232493574885794,0.09728060495810145,0.02596875253047795,0.0093480426211775,2.777988246614014,2.777988246614014
Fiji|us|export|sti,Fiji,us,export,sti,2013,1,naive,0.13306522178431676,0.1232493574885794,0.009815864295737359,0.014789769887727927,0.6636928343207182,0.6636928343207182
Fiji|us|export|sti,Fiji,us,export,sti,2014,1,naive,0.12436959054607359,0.13306522178431676,-0.00869563123824317,0.020231497154278355,-0.4298066115390924,0.4298066115390924
Fiji|us|export|sti,Fiji,us,export,sti,2015,1,naive,0.16558382685401998,0.12436959054607359,0.04121423630794639,0.01520253567790821,2.7110106617172733,2.7110106617172733
Fiji|us|export|sti,Fiji,us,export,sti,2016,1,naive,0.18325628262975432,0.16558382685401998,0.01767245577573434,0.020231497154278355,0.8735120115417235,0.8735120115417235
Fiji|us|export|sti,Fiji,us,export,sti,2017,1,naive,0.1776678588310538,0.18325628262975432,-0.005588423798700531,0.023838320216478942,-0.23443026807054,0.23443026807054
Fiji|us|export|sti,Fiji,us,export,sti,2011,3,holt,0.09728060495810145,0.09280546659933821,0.004475138358763245,0.004379426203322142,1.0218549533654655,1.0218549533654655
Fiji|us|export|sti,Fiji,us,export,sti,2012,3,holt,0.1232493574885794,0.11599587720006306,0.007253480288516342,0.004475138358763245,1.6208393365788414,1.6208393365788414
Fiji|us|export|sti,Fiji,us,export,sti,2013,3,holt,0.13306522178431676,0.07230897669102662,0.06075624509329014,0.0020595848725259713,29.499267499850994,29.499267499850994
Fiji|us|export|sti,Fiji,us,export,sti,2014,3,holt,0.12436959054607359,0.16840264949094425,-0.044033058944870654,0.004119169745051943,-10.68978985334711,10.68978985334711
Fiji|us|export|sti,Fiji,us,export,sti,2015,3,holt,0.16558382685401998,0.1488095363136556,0.01677429054036439,0.03801871153370978,0.4412114420419337,0.4412114420419337
Fiji|us|export|sti,Fiji,us,export,sti,2016,3,holt,0.18325628262975432,0.11745940025428706,0.06579688237546727,0.014115553279389913,4.661303816658546,4.661303816658546
Fiji|us|export|sti,Fiji,us,export,sti,2017,3,holt,0.1776678588310538,0.24306852555814823,-0.06540066672709444,0.04172118442230478,-1.5675649584897748,1.5675649584897748
Fiji|us|export|sti,Fiji,us,export,sti,2011,3,ar1,0.09728060495810145,0.11427784870026637,-0.016997243742164922,0.004379426203322142,-3.8811577026394843,3.8811577026394843
Fiji|us|export|sti,Fiji,us,export,sti,2012,3,ar1,0.1232493574885794,0.09728060495810145,0.02596875253047795,0.016997243742164922,1.5278213882441116,1.5278213882441116
Fiji|us|export|sti,Fiji,us,export,sti,2013,3,ar1,0.13306522178431676,0.1232493574885794,0.009815864295737359,0.03185069303691016,0.30818369585748884,0.30818369585748884
Fiji|us|export|sti,Fiji,us,export,sti,2014,3,ar1,0.12436959054607359,0.13306522178431676,-0.00869563123824317,0.0239482720968264,-0.3631005695561437,0.3631005695561437
Fiji|us|export|sti,Fiji,us,export,sti,2015,3,ar1,0.16558382685401998,0.12436959054607359,0.04121423630794639,0.019876556988496958,2.0735098302889208,2.0735098302889208
Fiji|us|export|sti,Fiji,us,export,sti,2016,3,ar1,0.18325628262975432,0.16558382685401998,0.01767245577573434,0.027445143278679533,0.6439192390539641,0.6439192390539641
Fiji|us|export|sti,Fiji,us,export,sti,2017,3,ar1,0.1776678588310538,0.18325628262975432,-0.005588423798700531,0.025696707687752965,-0.2174762567487963,0.2174762567487963
Fiji|us|export|sti,Fiji,us,export,sti,2013,5,holt,0.13306522178431676,0.107053869940492,0.026011351843824762,0.01147264474763407,2.267249829137167,2.267249829137167
Fiji|us|export|sti,Fiji,us,export,sti,2014,5,holt,0.12436959054607359,0.1257866512713164,-0.001417060725242822,0.026011351843824762,-0.0544785497405526,0.0544785497405526
Fiji|us|export|sti,Fiji,us,export,sti,2015,5,holt,0.16558382685401998,0.12358629806106244,0.04199752879295754,0.020332682237449797,2.065518375908334,2.065518375908334
Fiji|us|export|sti,Fiji,us,export,sti,2016,5,holt,0.18325628262975432,0.18782742458524856,-0.00457114195549424,0.023701105944784254,-0.19286618802276528,0.19286618802276528
Fiji|us|export|sti,Fiji,us,export,sti,2017,5,holt,0.1776678588310538,0.17623299206539805,0.0014348667656557401,0.022670802653435174,0.06329139676218402,0.06329139676218402
Fiji|us|export|sti,Fiji,us,export,sti,2013,5,ar1,0.13306522178431676,0.10368954712744133,0.029375674656875433,0.01147264474763407,2.560497191629105,2.560497191629105
Fiji|us|export|sti,Fiji,us,export,sti,2014,5,ar1,0.12436959054607359,0.11978986695096308,0.00457972359511051,0.029375674656875433,0.15590190348321473,0.15590190348321473
Fiji|us|export|sti,Fiji,us,export,sti,2015,5,ar1,0.16558382685401998,0.1210875071486733,0.044496319705346676,0.018381238522086337,2.4207465482742774,2.4207465482742774
Fiji|us|export|sti,Fiji,us,export,sti,2016,5,ar1,0.18325628262975432,0.15322764858836493,0.03002863404138939,0.022417868348863463,1.339495511976801,1.339495511976801
Fiji|us|export|sti,Fiji,us,export,sti,2017,5,ar1,0.1776678588310538,0.194690888620027,-0.017023029788973215,0.011208934174431731,-1.5187019143893086,1.5187019143893086
Fiji|us|export|sti,Fiji,us,export,sti,2015,7,holt,0.16558382685401998,0.12725748910459092,0.03832633774942906,0.01147264474763407,3.3406715358577506,3.3406715358577506
Fiji|us|export|sti,Fiji,us,export,sti,2016,7,holt,0.18325628262975432,0.13918393117548394,0.04407235145427038,0.03832633774942906,1.1499233697309603,1.1499233697309603
Fiji|us|export|sti,Fiji,us,export,sti,2017,7,holt,0.1776678588310538,0.1926447419162475,-0.01497688308519371,0.004259519959398869,-3.5160964681351894,3.5160964681351894
Fiji|us|export|sti,Fiji,us,export,sti,2015,7,ar1,0.16558382685401998,0.1186242125198646,0.04695961433415538,0.01147264474763407,4.093181246969193,4.093181246969193
Fiji|us|export|sti,Fiji,us,export,sti,2016,7,ar1,0.18325628262975432,0.15780471861720743,0.02545156401254689,0.04695961433415538,0.5419883526180297,0.5419883526180297
Fiji|us|export|sti,Fiji,us,export,sti,2017,7,ar1,0.1776678588310538,0.19423239346848065,-0.016564534637426853,0.01594391770340837,-1.0389249960745728,1.0389249960745728
Fiji|us|import|cwti,Fiji,us,import,cwti,2009,1,naive,0.0037363679895108747,0.011182396254172989,-0.007446028264662114,1.0,-0.007446028264662114,0.007446028264662114
Fiji|us|import|cwti,Fiji,us,import,cwti,2010,1,naive,0.0027832365353647813,0.0037363679895108747,-0.0009531314541460934,0.007446028264662114,-0.12800535000243443,0.12800535000243443
Fiji|us|import|cwti,Fiji,us,import,cwti,2011,1,naive,0.007236642410307079,0.0027832365353647813,0.004453405874942298,0.004813184405635526,0.9252514550923957,0.9252514550923957
Fiji|us|import|cwti,Fiji,us,import,cwti,2012,1,naive,0.0017870354726511372,0.007236642410307079,-0.005449606937655942,0.008015732244106448,-0.6798638941143219,0.6798638941143219
Fiji|us|import|cwti,Fiji,us,import,cwti,2013,1,naive,0.0033646298256868063,0.0017870354726511372,0.0015775943530356691,0.004813184405635526,0.3277652007657425,0.3277652007657425
Fiji|us|import|cwti,Fiji,us,import,cwti,2014,1,naive,0.0023720405120407424,0.0033646298256868063,-0.0009925893136460639,0.006666474551851701,-0.14889268772058226,0.14889268772058226
Fiji|us|import|cwti,Fiji,us,import,cwti,2015,1,naive,0.0012750928714760526,0.0023720405120407424,-0.0010969476405646899,0.005209264316789691,-0.21057630672131164,0.21057630672131164
Fiji|us|import|cwti,Fiji,us,import,cwti,2016,1,naive,0.0011953014937002438,0.0012750928714760526,-7.979137777580875e-05,0.0038105543042223373,-0.020939572410080813,0.020939572410080813
Fiji|us|import|cwti,Fiji,us,import,cwti,2017,1,naive,0.0013324954804600827,0.0011953014937002438,0.00013719398675983885,0.0025526841507244606,0.053744991020883925,0.053744991020883925
Fiji|us|import|cwti,Fiji,us,import,cwti,2018,1,naive,0.0,0.0013324954804600827,-0.0013324954804600827,0.0016165164986871351,-0.8243005756775622,0.8243005756775622
Fiji|us|import|cwti,Fiji,us,import,cwti,2019,1,naive,0.0,0.0,0.0,0.0014849153592041877,0.0,0.0
Fiji|us|import|cwti,Fiji,us,import,cwti,2020,1,naive,0.0,0.0,0.0,0.001413112693916998,0.0,0.0
Fiji|us|import|cwti,Fiji,us,import,cwti,2021,1,naive,0.0,0.0,0.0,0.0009148691883356731,0.0,0.0
Fiji|us|import|cwti,Fiji,us,import,cwti,2022,1,naive,0.0,0.0,0.0,0.0013533142197212401,0.0,0.0
Fiji|us|import|cwti,Fiji,us,import,cwti,2023,1,naive,0.0,0.0,0.0,0.001383213456819119,0.0,0.0
Fiji|us|import|cwti,Fiji,us,import,cwti,2024,1,naive,0.0,0.0,0.0,0.001413112693916998,0.0,0.0
Fiji|us|import|cwti,Fiji,us,import,cwti,2011,3,holt,0.007236642410307079,-0.009467535369079185,0.016704177779386264,0.001413112693916998,11.820839096055431,11.820839096055431
Fiji|us|import|cwti,Fiji,us,import,cwti,2012,3,holt,0.0017870354726511372,0.0020123464661811574,-0.00022531099353002024,0.016704177779386264,-0.013488301938935571,0.013488301938935571
Fiji|us|import|cwti,Fiji,us,import,cwti,2013,3,holt,0.0033646298256868063,0.007824923397609151,-0.004460293571922345,0.012549830027362843,-0.3554066917398409,0.3554066917398409
Fiji|us|import|cwti,Fiji,us,import,cwti,2014,3,holt,0.0023720405120407424,-0.007636466131615507,0.01000850664365625,0.006278785170724461,1.5940196027604245,1.5940196027604245
Fiji|us|import|cwti,Fiji,us,import,cwti,2015,3,holt,0.0012750928714760526,0.0059800799617549805,-0.0047049870902789274,0.010725721599808412,-0.4386639207904641,0.4386639207904641
Fiji|us|import|cwti,Fiji,us,import,cwti,2016,3,holt,0.0011953014937002438,0.000343031387442792,0.0008522701062574519,0.00664156778103993,0.12832363296667346,0.12832363296667346
Fiji|us|import|cwti,Fiji,us,import,cwti,2017,3,holt,0.0013324954804600827,-0.0007051995944676619,0.0020376950749277445,0.007258987345154648,0.2807134078127165,0.2807134078127165
Fiji|us|import|cwti,Fiji,us,import,cwti,2018,3,holt,0.0,0.0010812856647011125,-0.0010812856647011125,0.007876406909269367,-0.1372815900900954,0.1372815900900954
Fiji|us|import|cwti,Fiji,us,import,cwti,2019,3,holt,0.0,0.0009896138777473933,-0.0009896138777473933,0.004816958983909971,-0.2054437002791571,0.2054437002791571
Fiji|us|import|cwti,Fiji,us,import,cwti,2020,3,holt,0.0,-0.0023851669100235476,0.0023851669100235476,0.003355132797095482,0.7109008955139934,0.7109008955139934
Fiji|us|import|cwti,Fiji,us,import,cwti,2021,3,holt,0.0,0.0,0.0,0.0028139027991795477,0.0,0.0
Fiji|us|import|cwti,Fiji,us,import,cwti,2022,3,holt,0.0,0.0,0.0,0.003021086718087874,0.0,0.0
Fiji|us|import|cwti,Fiji,us,import,cwti,2023,3,holt,0.0,0.0,0.0,0.0023121004222868714,0.0,0.0
Fiji|us|import|cwti,Fiji,us,import,cwti,2024,3,holt,0.0,0.0,0.0,0.0016031141264858692,0.0,0.0
Fiji|us|import|cwti,Fiji,us,import,cwti,2011,3,ar1,0.007236642410307079,0.0027832365353647813,0.004453405874942298,0.001413112693916998,3.151486710233938,3.151486710233938
Fiji|us|import|cwti,Fiji,us,import,cwti,2012,3,ar1,0.0017870354726511372,0.007236642410307079,-0.005449606937655942,0.004453405874942298,-1.2236941996054989,1.2236941996054989
Fiji|us|import|cwti,Fiji,us,import,cwti,2013,3,ar1,0.0033646298256868063,0.0017870354726511372,0.0015775943530356691,0.007341103397979075,0.21489880573947012,0.21489880573947012
Fiji|us|import|cwti,Fiji,us,import,cwti,2014,3,ar1,0.0023720405120407424,0.0033646298256868063,-0.0009925893136460639,0.0042636781623787675,-0.23280118147854856,0.23280118147854856
Fiji|us|import|cwti,Fiji,us,import,cwti,2015,3,ar1,0.0012750928714760526,0.0023720405120407424,-0.0010969476405646899,0.004037116233300552,-0.2717156448249889,0.2717156448249889
Fiji|us|import|cwti,Fiji,us,import,cwti,2016,3,ar1,0.0011953014937002438,0.0012750928714760526,-7.979137777580875e-05,0.0038105543042223373,-0.020939572410080813,0.020939572410080813
Fiji|us|import|cwti,Fiji,us,import,cwti,2017,3,ar1,0.0013324954804600827,0.0011953014937002438,0.00013719398675983885,0.001982637979855946,0.06919769930454325,0.06919769930454325
Fiji|us|import|cwti,Fiji,us,import,cwti,2018,3,ar1,0.0,0.0013324954804600827,-0.0013324954804600827,0.0015080358752107951,-0.8835966719119496,0.8835966719119496
Fiji|us|import|cwti,Fiji,us,import,cwti,2019,3,ar1,0.0,0.0,0.0,0.0010894808020501278,0.0,0.0
Fiji|us|import|cwti,Fiji,us,import,cwti,2020,3,ar1,0.0,0.0,0.0,0.0015080358752107951,0.0,0.0
Fiji|us|import|cwti,Fiji,us,import,cwti,2021,3,ar1,0.0,0.0,0.0,0.0014898243958112246,0.0,0.0
Fiji|us|import|cwti,Fiji,us,import,cwti,2022,3,ar1,0.0,0.0,0.0,0.0014716129164116542,0.0,0.0
Fiji|us|import|cwti,Fiji,us,import,cwti,2023,3,ar1,0.0,0.0,0.0,0.0008375083605908956,0.0,0.0
Fiji|us|import|cwti,Fiji,us,import,cwti,2024,3,ar1,0.0,0.0,0.0,0.00020340380477013706,0.0,0.0
Fiji|us|import|cwti,Fiji,us,import,cwti,2013,5,holt,0.0033646298256868063,-0.0013082636788912263,0.004672893504578033,0.0028900803894962466,1.616873192026516,1.616873192026516
Fiji|us|import|cwti,Fiji,us,import,cwti,2014,5,holt,0.0023720405120407424,0.00134487679191145,0.0010271637201292923,0.004672893504578033,0.2198132097645667,0.2198132097645667
Fiji|us|import|cwti,Fiji,us,import,cwti,2015,5,holt,0.0012750928714760526,0.003734794090775268,-0.0024597012192992154,0.0027025794892118512,-0.910130943092643,0.910130943092643
Fiji|us|import|cwti,Fiji,us,import,cwti,2016,5,holt,0.0011953014937002438,-0.001385798906864971,0.002581100400565215,0.005169625959196705,0.4992818476496287,0.4992818476496287
Fiji|us|import|cwti,Fiji,us,import,cwti,2017,5,holt,0.0013324954804600827,0.001501328560871134,-0.00016883308041105126,0.0027025794892118512,-0.0624710877459844,0.0624710877459844
Fiji|us|import|cwti,Fiji,us,import,cwti,2018,5,holt,0.0,0.0005796595292251687,-0.0005796595292251687,0.002303866522414299,-0.2516029134438414,0.2516029134438414
Fiji|us|import|cwti,Fiji,us,import,cwti,2019,5,holt,0.0,-0.0005874969893817343,0.0005874969893817343,0.0023430713359536112,0.25073798666169406,0.25073798666169406
Fiji|us|import|cwti,Fiji,us,import,cwti,2020,5,holt,0.0,-0.00010002888210424753,0.00010002888210424753,0.0017304262544865943,0.0578059202724738,0.0578059202724738
Fiji|us|import|cwti,Fiji,us,import,cwti,2021,5,holt,0.0,-0.00013291806108222645,0.00013291806108222645,0.0011911380747464618,0.11158912967375219,0.11158912967375219
Fiji|us|import|cwti,Fiji,us,import,cwti,2022,5,holt,0.0,-0.0006672284569036598,0.0006672284569036598,0.0010564675353897442,0.6315655091639999,0.6315655091639999
Fiji|us|import|cwti,Fiji,us,import,cwti,2023,5,holt,0.0,0.0,0.0,0.0008865924282405567,0.0,0.0
Fiji|us|import|cwti,Fiji,us,import,cwti,2024,5,holt,0.0,0.0,0.0,0.0007921685928448572,0.0,0.0
Fiji|us|import|cwti,Fiji,us,import,cwti,2013,5,ar1,0.0033646298256868063,0.005073501683662676,-0.0017088718579758699,0.0028900803894962466,-0.5912886936247934,0.5912886936247934
Fiji|us|import|cwti,Fiji,us,import,cwti,2014,5,ar1,0.0023720405120407424,0.004085396808074914,-0.0017133562960341716,0.0017088718579758699,-1.00262420967223,1.00262420967223
Fiji|us|import|cwti,Fiji,us,import,cwti,2015,5,ar1,0.0012750928714760526,0.0044316365005779915,-0.003156543629101939,3.3243139326191123e-06,-949.5323525642499,949.5323525642499
Fiji|us|import|cwti,Fiji,us,import,cwti,2016,5,ar1,0.0011953014937002438,0.0025367116461376613,-0.0013414101524374174,6.6486278652382246e-06,-201.75744223118042,201.75744223118042
Fiji|us|import|cwti,Fiji,us,import,cwti,2017,5,ar1,0.0013324954804600827,0.0018479818395123768,-0.0005154863590522941,0.0002757236762482739,-1.8695759684711557,1.8695759684711557
Fiji|us|import|cwti,Fiji,us,import,cwti,2018,5,ar1,0.0,0.0012133231296581801,-0.0012133231296581801,0.0005447987246313096,-2.2271034692294696,2.2271034692294696
Fiji|us|import|cwti,Fiji,us,import,cwti,2019,5,ar1,0.0,0.0004984669010475238,-0.0004984669010475238,0.0003706745862345225,-1.3447560732748705,1.3447560732748705
Fiji|us|import|cwti,Fiji,us,import,cwti,2020,5,ar1,0.0,7.33929209931172e-05,-7.33929209931172e-05,0.0005514473524965478,-0.13309143776073645,0.13309143776073645
Fiji|us|import|cwti,Fiji,us,import,cwti,2021,5,ar1,0.0,3.7899292925461384e-05,-3.7899292925461384e-05,0.0008879809842846658,-0.04268029788497336,0.04268029788497336
Fiji|us|import|cwti,Fiji,us,import,cwti,2022,5,ar1,0.0,0.0,0.0,0.0010346127961002867,0.0,0.0
Fiji|us|import|cwti,Fiji,us,import,cwti,2023,5,ar1,0.0,0.0,0.0,0.001199065555803232,0.0,0.0
Fiji|us|import|cwti,Fiji,us,import,cwti,2024,5,ar1,0.0,0.0,0.0,0.0007642600759309311,0.0,0.0
Fiji|us|import|cwti,Fiji,us,import,cwti,2015,7,holt,0.0012750928714760526,0.00046959473897026935,0.0008054981325057832,0.0014716129164116542,0.5473573407264531,0.5473573407264531
Fiji|us|import|cwti,Fiji,us,import,cwti,2016,7,holt,0.0011953014937002438,0.0009410801914363693,0.0002542213022638745,0.0008054981325057832,0.31560756258121964,0.31560756258121964
Fiji|us|import|cwti,Fiji,us,import,cwti,2017,7,holt,0.0013324954804600827,0.0013437042846411971,-1.120880418111446e-05,0.0004086615142583269,-0.027428088503653532,0.027428088503653532
Fiji|us|import|cwti,Fiji,us,import,cwti,2018,7,holt,0.0,-0.00012131252133160348,0.00012131252133160348,0.00039352667581534065,0.3082701346236778,0.3082701346236778
Fiji|us|import|cwti,Fiji,us,import,cwti,2019,7,holt,0.0,2.0203284028993192e-05,-2.0203284028993192e-05,0.00019676333790767032,-0.10267809157859188,0.10267809157859188
Fiji|us|import|cwti,Fiji,us,import,cwti,2020,7,holt,0.0,-0.0006462284665959672,0.0006462284665959672,0.00019705055861018504,3.2795058849559906,3.2795058849559906
Fiji|us|import|cwti,Fiji,us,import,cwti,2021,7,holt,0.0,-0.0005251993106810101,0.0005251993106810101,0.0003016690044214806,1.7409786984519673,1.7409786984519673
Fiji|us|import|cwti,Fiji,us,import,cwti,2022,7,holt,0.0,-0.00016073402110319113,0.00016073402110319113,0.00040175199527924514,0.40008269527440676,0.40008269527440676
Fiji|us|import|cwti,Fiji,us,import,cwti,2023,7,holt,0.0,-9.8436213051591e-05,9.8436213051591e-05,0.00033089216220215855,0.2974872913171373,0.2974872913171373
Fiji|us|import|cwti,Fiji,us,import,cwti,2024,7,holt,0.0,-0.0002968585366712818,0.0002968585366712818,0.00025492243276651147,1.16450534952795,1.16450534952795
Fiji|us|import|cwti,Fiji,us,import,cwti,2015,7,ar1,0.0012750928714760526,0.0038614752203652214,-0.0025863823488891688,0.0014716129164116542,-1.757515390117492,1.757515390117492
Fiji|us|import|cwti,Fiji,us,import,cwti,2016,7,ar1,0.0011953014937002438,0.003894181744364012,-0.0026988802506637682,0.0025863823488891688,-1.0434962378330939,1.0434962378330939
Fiji|us|import|cwti,Fiji,us,import,cwti,2017,7,ar1,0.0013324954804600827,0.003077929786846534,-0.0017454343063864515,8.339469458551058e-05,-20.929800331563445,20.929800331563445
Fiji|us|import|cwti,Fiji,us,import,cwti,2018,7,ar1,0.0,0.0018559130693325823,-0.0018559130693325823,0.00016678938917102115,-11.127285006299658,11.127285006299658
Fiji|us|import|cwti,Fiji,us,import,cwti,2019,7,ar1,0.0,0.00047129895564848253,-0.00047129895564848253,0.0006233947839072644,-0.7560200499184679,0.7560200499184679
Fiji|us|import|cwti,Fiji,us,import,cwti,2020,7,ar1,0.0,-6.247608573283964e-06,6.247608573283964e-06,0.001082993753870595,0.0057688315846284,0.0057688315846284
Fiji|us|import|cwti,Fiji,us,import,cwti,2021,7,ar1,0.0,7.488257267379202e-05,-7.488257267379202e-05,0.0012482863554280725,-0.059988297034707774,0.059988297034707774
Fiji|us|import|cwti,Fiji,us,import,cwti,2022,7,ar1,0.0,2.4560297373289203e-05,-2.4560297373289203e-05,0.0014135789569855498,-0.017374549367701338,0.017374549367701338
Fiji|us|import|cwti,Fiji,us,import,cwti,2023,7,ar1,0.0,1.8977433495759672e-05,-1.8977433495759672e-05,0.0015695473675805952,-0.012091023111339897,0.012091023111339897
Fiji|us|import|cwti,Fiji,us,import,cwti,2024,7,ar1,0.0,0.0,0.0,0.000708010536115191,0.0,0.0
Fiji|us|import|raw_usd,Fiji,us,import,raw_usd,2009,1,naive,63446039.0,152639893.0,-89193854.0,1.0,-89193854.0,89193854.0
Fiji|us|import|raw_usd,Fiji,us,import,raw_usd,2010,1,naive,65167960.0,63446039.0,1721921.0,89193854.0,0.019305377251665794,0.019305377251665794
Fiji|us|import|raw_usd,Fiji,us,import,raw_usd,2011,1,naive,110613089.0,65167960.0,45445129.0,67395864.0075,0.6743014526075776,0.6743014526075776
Fiji|us|import|raw_usd,Fiji,us,import,raw_usd,2012,1,naive,68325512.0,110613089.0,-42287577.0,64824028.1808,-0.6523441721649289,0.6523441721649289
Fiji|us|import|raw_usd,Fiji,us,import,raw_usd,2013,1,naive,128172201.0,68325512.0,59846689.0,65036254.95779999,0.9202050308529091,0.9202050308529091
Fiji|us|import|raw_usd,Fiji,us,import,raw_usd,2014,1,naive,119337209.0,128172201.0,-8834992.0,65248481.734799996,-0.1354053269148774,0.1354053269148774
Fiji|us|import|raw_usd,Fiji,us,import,raw_usd,2015,1,naive,66051700.456999995,119337209.0,-53285508.543000005,65036254.95779999,-0.819320063518038,0.819320063518038
Fiji|us|import|raw_usd,Fiji,us,import,raw_usd,2016,1,naive,63728410.141,66051700.456999995,-2323290.315999992,65902335.826651804,-0.03525353520262361,0.03525353520262361
Fiji|us|import|raw_usd,Fiji,us,import,raw_usd,2017,1,naive,68831770.618,63728410.141,5103360.476999998,62576693.6321751,0.0815536932487593,0.0815536932487593
Fiji|us|import|raw_usd,Fiji,us,import,raw_usd,2011,3,holt,110613089.0,-95849356.25,206462445.25,2552920.0746,80.87305486144106,80.87305486144106
Fiji|us|import|raw_usd,Fiji,us,import,raw_usd,2012,3,holt,68325512.0,77793675.68,-9468163.680000007,206462445.25,-0.04585901164027799,0.04585901164027799
Fiji|us|import|raw_usd,Fiji,us,import,raw_usd,2013,3,holt,128172201.0,183079478.74,-54907277.74000001,160069360.399809,-0.3430217850740255,0.3430217850740255
Fiji|us|import|raw_usd,Fiji,us,import,raw_usd,2014,3,holt,119337209.0,5198553.860000007,114138655.13999999,67368030.505356,1.6942554841487545,1.6942554841487545
Fiji|us|import|raw_usd,Fiji,us,import,raw_usd,2015,3,holt,66051700.456999995,233442425.99,-167390725.53300002,125313750.04394399,-1.3357730135304453,1.3357730135304453
Fiji|us|import|raw_usd,Fiji,us,import,raw_usd,2016,3,holt,63728410.141,92332616.52597001,-28604206.38497001,183259469.582532,-0.15608582983531957,0.15608582983531957
Fiji|us|import|raw_usd,Fiji,us,import,raw_usd,2017,3,holt,68831770.618,-27269139.889979996,96100910.50797999,125313750.04394399,0.766882408947782,0.766882408947782
Fiji|us|import|raw_usd,Fiji,us,import,raw_usd,2011,3,ar1,110613089.0,65167960.0,45445129.0,2552920.0746,17.80123453614994,17.80123453614994
Fiji|us|import|raw_usd,Fiji,us,import,raw_usd,2012,3,ar1,68325512.0,110613089.0,-42287577.0,45445129.0,-0.9305194622728433,0.9305194622728433
Fiji|us|import|raw_usd,Fiji,us,import,raw_usd,2013,3,ar1,128172201.0,68325512.0,59846689.0,65036254.95779999,0.9202050308529091,0.9202050308529091
Fiji|us|import|raw_usd,Fiji,us,import,raw_usd,2014,3,ar1,119337209.0,128172201.0,-8834992.0,21351752.856,-0.4137829835135668,0.4137829835135668
Fiji|us|import|raw_usd,Fiji,us,import,raw_usd,2015,3,ar1,66051700.456999995,119337209.0,-53285508.543000005,50913730.1253,-1.046584259528088,1.046584259528088
Fiji|us|import|raw_usd,Fiji,us,import,raw_usd,2016,3,ar1,63728410.141,66051700.456999995,-2323290.315999992,65902335.826651804,-0.03525353520262361,0.03525353520262361
Fiji|us|import|raw_usd,Fiji,us,import,raw_usd,2017,3,ar1,68831770.618,63728410.141,5103360.476999998,62576693.6321751,0.0815536932487593,0.0815536932487593
Fiji|us|import|raw_usd,Fiji,us,import,raw_usd,2013,5,holt,128172201.0,33185864.35680001,94986336.6432,7234306.669799999,13.12998480417281,13.12998480417281
Fiji|us|import|raw_usd,Fiji,us,import,raw_usd,2014,5,holt,119337209.0,112301143.441664,7036065.558336005,94986336.6432,0.07407450173350497,0.07407450173350497
Fiji|us|import|raw_usd,Fiji,us,import,raw_usd,2015,5,holt,66051700.456999995,146667468.686016,-80615768.229016,65197535.95520967,-1.23648489237996,1.23648489237996
Fiji|us|import|raw_usd,Fiji,us,import,raw_usd,2016,5,holt,63728410.141,47145194.75449599,16583215.38650401,129952608.77312808,0.12760971513434619,0.12760971513434619
Fiji|us|import|raw_usd,Fiji,us,import,raw_usd,2017,5,holt,68831770.618,78948273.28172478,-10116502.66372478,65197535.95520967,-0.15516694788396235,0.15516694788396235
Fiji|us|import|raw_usd,Fiji,us,import,raw_usd,2013,5,ar1,128172201.0,85341633.50162089,42830567.49837911,7234306.669799999,5.920479937238161,5.920479937238161
Fiji|us|import|raw_usd,Fiji,us,import,raw_usd,2014,5,ar1,119337209.0,60676489.177299246,58660719.822700754,42830567.49837911,1.369599406426747,1.369599406426747
Fiji|us|import|raw_usd,Fiji,us,import,raw_usd,2015,5,ar1,66051700.456999995,98813364.83474168,-32761664.377741687,11734891.918019634,-2.7918164569913233,2.7918164569913233
Fiji|us|import|raw_usd,Fiji,us,import,raw_usd,2016,5,ar1,63728410.141,118947054.11490098,-55218643.973900974,23469783.836039267,-2.35275468916375,2.35275468916375
Fiji|us|import|raw_usd,Fiji,us,import,raw_usd,2017,5,ar1,68831770.618,93103273.91419746,-24271503.29619746,67771413.40778798,-0.35813777632396687,0.35813777632396687
Fiji|us|import|raw_usd,Fiji,us,import,raw_usd,2015,7,holt,66051700.456999995,111704998.4469069,-45653297.9899069,62308939.6104,-0.7326925843284114,0.7326925843284114
Fiji|us|import|raw_usd,Fiji,us,import,raw_usd,2016,7,holt,63728410.141,95077027.30448908,-31348617.163489074,45653297.9899069,-0.6866670874559747,0.6866670874559747
Fiji|us|import|raw_usd,Fiji,us,import,raw_usd,2017,7,holt,68831770.618,64137113.07353474,4694657.544465259,10604059.896623533,0.44272265436374014,0.44272265436374014
Fiji|us|import|raw_usd,Fiji,us,import,raw_usd,2015,7,ar1,66051700.456999995,87221812.11610249,-21170111.659102492,62308939.6104,-0.3397604226853025,0.3397604226853025
Fiji|us|import|raw_usd,Fiji,us,import,raw_usd,2016,7,ar1,63728410.141,97379561.49944885,-33651151.35844885,21170111.659102492,-1.5895594647928981,1.5895594647928981
Fiji|us|import|raw_usd,Fiji,us,import,raw_usd,2017,7,ar1,68831770.618,97992039.38547717,-29160268.76747717,9252194.729125453,-3.151713687529952,3.151713687529952
Fiji|us|import|sti,Fiji,us,import,sti,2009,1,naive,0.04415113891309126,0.06742403303275314,-0.02327289411966188,1.0,-0.02327289411966188,0.02327289411966188
Fiji|us|import|sti,Fiji,us,import,sti,2010,1,naive,0.03603508218016267,0.04415113891309126,-0.00811605673292859,0.02327289411966188,-0.3487343125955193,0.3487343125955193
Fiji|us|import|sti,Fiji,us,import,sti,2011,1,naive,0.05069641530332504,0.03603508218016267,0.014661333123162368,0.011235763554785387,1.3048808878607994,1.3048808878607994
Fiji|us|import|sti,Fiji,us,import,sti,2012,1,naive,0.030331875936645027,0.05069641530332504,-0.020364539366680014,0.022471527109570774,-0.9062374473876598,0.9062374473876598
Fiji|us|import|sti,Fiji,us,import,sti,2013,1,naive,0.04535896307160907,0.030331875936645027,0.015027087134964041,0.011235763554785387,1.3374335497264807,1.3374335497264807
Fiji|us|import|sti,Fiji,us,import,sti,2014,1,naive,0.0367139042690916,0.04535896307160907,-0.008645058802517466,0.022471527109570774,-0.38471167359317904,0.38471167359317904
Fiji|us|import|sti,Fiji,us,import,sti,2015,1,naive,0.029127247082367465,0.0367139042690916,-0.007586657186724136,0.019923414496999085,-0.3807910128992627,0.3807910128992627
Fiji|us|import|sti,Fiji,us,import,sti,2016,1,naive,0.027688014387819298,0.029127247082367465,-0.0014392326945481676,0.01815960035279986,-0.07925464583950856,0.07925464583950856
Fiji|us|import|sti,Fiji,us,import,sti,2017,1,naive,0.028608319341203597,0.027688014387819298,0.0009203049533842989,0.014029329836051336,0.06559863971687231,0.06559863971687231
Fiji|us|import|sti,Fiji,us,import,sti,2011,3,holt,0.05069641530332504,0.0007882865249814949,0.049908128778343545,0.012032865712239925,4.147651105885492,4.147651105885492
Fiji|us|import|sti,Fiji,us,import,sti,2012,3,holt,0.030331875936645027,0.024586220584084596,0.005745655352560431,0.049908128778343545,0.1151246398773745,0.1151246398773745
Fiji|us|import|sti,Fiji,us,import,sti,2013,3,holt,0.04535896307160907,0.07266364832678288,-0.027304685255173808,0.03273764155053302,-0.8340455806209182,0.8340455806209182
Fiji|us|import|sti,Fiji,us,import,sti,2014,3,holt,0.0367139042690916,-0.002964961231369745,0.03967886550046135,0.04900043498502678,0.8097655768277597,0.8097655768277597
Fiji|us|import|sti,Fiji,us,import,sti,2015,3,holt,0.029127247082367465,0.07044198669466603,-0.04131473961229856,0.03273764155053303,-1.2619949897284486,1.2619949897284486
Fiji|us|import|sti,Fiji,us,import,sti,2016,3,holt,0.027688014387819298,0.01964605100337327,0.008041963384446026,0.0503093773652779,0.15985018709447119,0.15985018709447119
Fiji|us|import|sti,Fiji,us,import,sti,2017,3,holt,0.028608319341203597,0.015552263076884953,0.013056056264318643,0.049654906175152336,0.2629358762307356,0.2629358762307356
Fiji|us|import|sti,Fiji,us,import,sti,2011,3,ar1,0.05069641530332504,0.03603508218016267,0.014661333123162368,0.012032865712239925,1.2184406835230235,1.2184406835230235
Fiji|us|import|sti,Fiji,us,import,sti,2012,3,ar1,0.030331875936645027,0.05069641530332504,-0.020364539366680014,0.014661333123162368,-1.3889964299704485,1.3889964299704485
Fiji|us|import|sti,Fiji,us,import,sti,2013,3,ar1,0.04535896307160907,0.030331875936645027,0.015027087134964041,0.025964679276720155,0.5787511170391109,0.5787511170391109
Fiji|us|import|sti,Fiji,us,import,sti,2014,3,ar1,0.0367139042690916,0.04535896307160907,-0.008645058802517466,0.0005422668978971613,-15.942442432023514,15.942442432023514
Fiji|us|import|sti,Fiji,us,import,sti,2015,3,ar1,0.029127247082367465,0.0367139042690916,-0.007586657186724136,0.01754816178345504,-0.43233344212024966,0.43233344212024966
Fiji|us|import|sti,Fiji,us,import,sti,2016,3,ar1,0.027688014387819298,0.029127247082367465,-0.0014392326945481676,0.018944488120002583,-0.07597105213038458,0.07597105213038458
Fiji|us|import|sti,Fiji,us,import,sti,2017,3,ar1,0.028608319341203597,0.027688014387819298,0.0009203049533842989,0.014813922953838935,0.062124324276022214,0.062124324276022214
Fiji|us|import|sti,Fiji,us,import,sti,2013,5,holt,0.04535896307160907,0.01956643551437518,0.025792527557233887,0.012032865712239925,2.1435066404005094,2.1435066404005094
Fiji|us|import|sti,Fiji,us,import,sti,2014,5,holt,0.0367139042690916,0.03620088017665353,0.0005130240924380719,0.025792527557233887,0.019890415598070647,0.019890415598070647
Fiji|us|import|sti,Fiji,us,import,sti,2015,5,holt,0.029127247082367465,0.04279422317004374,-0.013666976087676277,0.018739695918453137,-0.7293061822960686,0.7293061822960686
Fiji|us|import|sti,Fiji,us,import,sti,2016,5,holt,0.027688014387819298,0.019884483365041155,0.007803531022778143,0.021023268267037532,0.3711854371859646,0.3711854371859646
Fiji|us|import|sti,Fiji,us,import,sti,2017,5,holt,0.028608319341203597,0.031437007242976475,-0.0028286879017728785,0.01591608692097986,-0.17772508505493462,0.17772508505493462
Fiji|us|import|sti,Fiji,us,import,sti,2013,5,ar1,0.04535896307160907,0.04247433580810481,0.002884627263504261,0.012032865712239925,0.23972903317370153,0.23972903317370153
Fiji|us|import|sti,Fiji,us,import,sti,2014,5,ar1,0.0367139042690916,0.036089261578676674,0.0006246426904149283,0.002884627263504261,0.21654190762105913,0.21654190762105913
Fiji|us|import|sti,Fiji,us,import,sti,2015,5,ar1,0.029127247082367465,0.04414363521759165,-0.015016388135224181,0.0016753265640311221,-8.963260332416734,8.963260332416734
Fiji|us|import|sti,Fiji,us,import,sti,2016,5,ar1,0.027688014387819298,0.04122076950878649,-0.013532755120967192,0.0033506531280622443,-4.038840967341039,4.038840967341039
Fiji|us|import|sti,Fiji,us,import,sti,2017,5,ar1,0.028608319341203597,0.03459685782598605,-0.005988538484782455,0.01159469615104627,-0.516489471286582,0.516489471286582
Fiji|us|import|sti,Fiji,us,import,sti,2015,7,holt,0.029127247082367465,0.03175551604226858,-0.0026282689599011165,0.011026444083193896,-0.2383605213132154,0.2383605213132154
Fiji|us|import|sti,Fiji,us,import,sti,2016,7,holt,0.027688014387819298,0.028207039415667875,-0.000519025027848577,0.0026282689599011165,-0.19747789734126156,0.19747789734126156
Fiji|us|import|sti,Fiji,us,import,sti,2017,7,holt,0.028608319341203597,0.027334940141411298,0.0012733791997922989,0.0015635825268305475,0.8143984586304479,0.8143984586304479
Fiji|us|import|sti,Fiji,us,import,sti,2015,7,ar1,0.029127247082367465,0.0420218652573105,-0.012894618174943032,0.011026444083193896,-1.1694267052599976,1.1694267052599976
Fiji|us|import|sti,Fiji,us,import,sti,2016,7,ar1,0.027688014387819298,0.04581522963386882,-0.01812721524604952,0.012894618174943032,-1.405796976701065,1.405796976701065
Fiji|us|import|sti,Fiji,us,import,sti,2017,7,ar1,0.028608319341203597,0.03910709407471523,-0.010498774733511632,0.003878924208811239,-2.7066202298211848,2.7066202298211848
Fiji|us|total|cwti,Fiji,us,total,cwti,2009,1,naive,0.059803975564652764,0.08152715589984111,-0.021723180335188344,1.0,-0.021723180335188344,0.021723180335188344
Fiji|us|total|cwti,Fiji,us,total,cwti,2010,1,naive,0.06397152938223326,0.059803975564652764,0.004167553817580494,0.021723180335188344,0.19184823553803823,0.19184823553803823
Fiji|us|total|cwti,Fiji,us,total,cwti,2011,1,naive,0.05808979060486647,0.06397152938223326,-0.0058817387773667865,0.01919280122744754,-0.30645546252807215,0.30645546252807215
Fiji|us|total|cwti,Fiji,us,total,cwti,2012,1,naive,0.06819719154160851,0.05808979060486647,0.01010740093674204,0.014899081201268836,0.6783908886865637,0.6783908886865637
Fiji|us|total|cwti,Fiji,us,total,cwti,2013,1,naive,0.06991183379012629,0.06819719154160851,0.0017146422485177781,0.011852749270068873,0.1446619859619974,0.1446619859619974
Fiji|us|total|cwti,Fiji,us,total,cwti,2014,1,naive,0.06568636627961942,0.06991183379012629,-0.0042254675105068695,0.011262394508976455,-0.375183759291956,0.375183759291956
Fiji|us|total|cwti,Fiji,us,total,cwti,2015,1,naive,0.08345234260606145,0.06568636627961942,0.01776597632644203,0.007449540600634418,2.3848418686286563,2.3848418686286563
Fiji|us|total|cwti,Fiji,us,total,cwti,2016,1,naive,0.09627102167111215,0.08345234260606145,0.0128186790650507,0.011262394508976455,1.1381841627758504,1.1381841627758504
Fiji|us|total|cwti,Fiji,us,total,cwti,2017,1,naive,0.0868216115245212,0.09627102167111215,-0.009449410146590953,0.011852943964999389,-0.7972205196020633,0.7972205196020633
Fiji|us|total|cwti,Fiji,us,total,cwti,2018,1,naive,0.0,0.0868216115245212,-0.0868216115245212,0.01244310403116129,-6.977488198048787,6.977488198048787
Fiji|us|total|cwti,Fiji,us,total,cwti,2019,1,naive,0.0,0.0,0.0,0.014497464056074747,0.0,0.0
Fiji|us|total|cwti,Fiji,us,total,cwti,2020,1,naive,0.0,0.0,0.0,0.014009695483335746,0.0,0.0
Fiji|us|total|cwti,Fiji,us,total,cwti,2021,1,naive,0.0,0.0,0.0,0.011364980697329871,0.0,0.0
Fiji|us|total|cwti,Fiji,us,total,cwti,2022,1,naive,0.0,0.0,0.0,0.008720265911323997,0.0,0.0
Fiji|us|total|cwti,Fiji,us,total,cwti,2023,1,naive,0.0,0.0,0.0,0.007492472021200741,0.0,0.0
Fiji|us|total|cwti,Fiji,us,total,cwti,2024,1,naive,0.0,0.0,0.0,0.006264678131077484,0.0,0.0
Fiji|us|total|cwti,Fiji,us,total,cwti,2011,3,holt,0.05808979060486647,0.02179466906635753,0.036295121538508945,0.00617881528994484,5.874123085953742,5.874123085953742
Fiji|us|total|cwti,Fiji,us,total,cwti,2012,3,holt,0.06819719154160851,0.07019628557245532,-0.001999094030846804,0.036295121538508945,-0.05507886311183103,0.05507886311183103
Fiji|us|total|cwti,Fiji,us,total,cwti,2013,3,holt,0.06991183379012629,0.049684032390095764,0.020227801400030526,0.028387502001563415,0.712560104757245,0.712560104757245
Fiji|us|total|cwti,Fiji,us,total,cwti,2014,3,holt,0.06568636627961942,0.08664951409056551,-0.02096314781094609,0.023821408837308104,-0.8800129309780569,0.8800129309780569
Fiji|us|total|cwti,Fiji,us,total,cwti,2015,3,holt,0.08345234260606145,0.07209369523776668,0.01135864736829477,0.028387502001563415,0.40012845680008063,0.40012845680008063
Fiji|us|total|cwti,Fiji,us,total,cwti,2016,3,holt,0.09627102167111215,0.06185363446436496,0.03441738720674719,0.019804187398367295,1.7378843430649744,1.7378843430649744
Fiji|us|total|cwti,Fiji,us,total,cwti,2017,3,holt,0.0868216115245212,0.11690643040916116,-0.030084818884639958,0.026995537541428426,-1.1144367412010447,1.1144367412010447
Fiji|us|total|cwti,Fiji,us,total,cwti,2018,3,holt,0.0,0.11723208106676881,-0.11723208106676881,0.034186887684489554,-3.429153368645386,3.429153368645386
Fiji|us|total|cwti,Fiji,us,total,cwti,2019,3,holt,0.0,0.051674628941973944,-0.051674628941973944,0.04105359060861603,-1.2587115566726788,1.2587115566726788
Fiji|us|total|cwti,Fiji,us,total,cwti,2020,3,holt,0.0,-0.15541068462889293,0.15541068462889293,0.04163989566823373,3.73225441934651,3.73225441934651
Fiji|us|total|cwti,Fiji,us,total,cwti,2021,3,holt,0.0,0.0,0.0,0.04548094584380819,0.0,0.0
Fiji|us|total|cwti,Fiji,us,total,cwti,2022,3,holt,0.0,0.0,0.0,0.0446037524783672,0.0,0.0
Fiji|us|total|cwti,Fiji,us,total,cwti,2023,3,holt,0.0,0.0,0.0,0.037841857711437936,0.0,0.0
Fiji|us|total|cwti,Fiji,us,total,cwti,2024,3,holt,0.0,0.0,0.0,0.031079962944508672,0.0,0.0
Fiji|us|total|cwti,Fiji,us,total,cwti,2011,3,ar1,0.05808979060486647,0.06397152938223326,-0.0058817387773667865,0.00617881528994484,-0.9519201499579533,0.9519201499579533
Fiji|us|total|cwti,Fiji,us,total,cwti,2012,3,ar1,0.06819719154160851,0.05808979060486647,0.01010740093674204,0.0058817387773667865,1.71843757761494,1.71843757761494
Fiji|us|total|cwti,Fiji,us,total,cwti,2013,3,ar1,0.06991183379012629,0.06819719154160851,0.0017146422485177781,0.011852749270068873,0.1446619859619974,0.1446619859619974
Fiji|us|total|cwti,Fiji,us,total,cwti,2014,3,ar1,0.06568636627961942,0.06991183379012629,-0.0042254675105068695,0.011262394508976455,-0.375183759291956,0.375183759291956
Fiji|us|total|cwti,Fiji,us,total,cwti,2015,3,ar1,0.08345234260606145,0.06568636627961942,0.01776597632644203,0.0056311972544882275,3.1549199084230324,3.1549199084230324
Fiji|us|total|cwti,Fiji,us,total,cwti,2016,3,ar1,0.09627102167111215,0.08345234260606145,0.0128186790650507,0.011262394508976455,1.1381841627758504,1.1381841627758504
Fiji|us|total|cwti,Fiji,us,total,cwti,2017,3,ar1,0.0868216115245212,0.09627102167111215,-0.009449410146590953,0.012634825856460826,-0.7478860614259271,0.7478860614259271
Fiji|us|total|cwti,Fiji,us,total,cwti,2018,3,ar1,0.0,0.0868216115245212,-0.0868216115245212,0.01244310403116129,-6.977488198048787,6.977488198048787
Fiji|us|total|cwti,Fiji,us,total,cwti,2019,3,ar1,0.0,0.0,0.0,0.014497464056074747,0.0,0.0
Fiji|us|total|cwti,Fiji,us,total,cwti,2020,3,ar1,0.0,0.0,0.0,0.014009695483335746,0.0,0.0
Fiji|us|total|cwti,Fiji,us,total,cwti,2021,3,ar1,0.0,0.0,0.0,0.011364980697329871,0.0,0.0
Fiji|us|total|cwti,Fiji,us,total,cwti,2022,3,ar1,0.0,0.0,0.0,0.008720265911323997,0.0,0.0
Fiji|us|total|cwti,Fiji,us,total,cwti,2023,3,ar1,0.0,0.0,0.0,0.007492472021200741,0.0,0.0
Fiji|us|total|cwti,Fiji,us,total,cwti,2024,3,ar1,0.0,0.0,0.0,0.006264678131077484,0.0,0.0
Fiji|us|total|cwti,Fiji,us,total,cwti,2013,5,holt,0.06991183379012629,0.05724216523259918,0.01266966855752711,0.006264966717489751,2.0223042082821467,2.0223042082821467
Fiji|us|total|cwti,Fiji,us,total,cwti,2014,5,holt,0.06568636627961942,0.07334880378723026,-0.007662437507610836,0.01266966855752711,-0.6047859478580082,0.6047859478580082
Fiji|us|total|cwti,Fiji,us,total,cwti,2015,5,holt,0.08345234260606145,0.06521328094331483,0.018239061662746622,0.015072190226086758,1.21011355278536,1.21011355278536
Fiji|us|total|cwti,Fiji,us,total,cwti,2016,5,holt,0.09627102167111215,0.09171921725565983,0.004551804415452318,0.00825718221779845,0.5512539623554452,0.5512539623554452
Fiji|us|total|cwti,Fiji,us,total,cwti,2017,5,holt,0.0868216115245212,0.10094450703465117,-0.014122895510129976,0.010146363797419268,-1.3919169263103044,1.3919169263103044
Fiji|us|total|cwti,Fiji,us,total,cwti,2018,5,holt,0.0,0.09130762910378776,-0.09130762910378776,0.01810883507513343,-5.042159185002958,5.042159185002958
Fiji|us|total|cwti,Fiji,us,total,cwti,2019,5,holt,0.0,0.006001644814892491,-0.006001644814892491,0.019861327743354196,-0.3021774219954002,0.3021774219954002
Fiji|us|total|cwti,Fiji,us,total,cwti,2020,5,holt,0.0,-0.01636653262974529,0.01636653262974529,0.01564654382890921,1.0460158363859116,1.0460158363859116
Fiji|us|total|cwti,Fiji,us,total,cwti,2021,5,holt,0.0,-0.01459357995984531,0.01459357995984531,0.019861327743354196,0.734773633889027,0.734773633889027
Fiji|us|total|cwti,Fiji,us,total,cwti,2022,5,holt,0.0,-0.043474706468342623,0.043474706468342623,0.017516516050510758,2.4819265625069864,2.4819265625069864
Fiji|us|total|cwti,Fiji,us,total,cwti,2023,5,holt,0.0,0.0,0.0,0.017969635711873874,0.0,0.0
Fiji|us|total|cwti,Fiji,us,total,cwti,2024,5,holt,0.0,0.0,0.0,0.017516516050510758,0.0,0.0
Fiji|us|total|cwti,Fiji,us,total,cwti,2013,5,ar1,0.06991183379012629,0.06192448003107505,0.007987353759051241,0.006264966717489751,1.274923574095477,1.274923574095477
Fiji|us|total|cwti,Fiji,us,total,cwti,2014,5,ar1,0.06568636627961942,0.06582450874443473,-0.00013814246481530512,0.007987353759051241,-0.01729514792790573,0.01729514792790573
Fiji|us|total|cwti,Fiji,us,total,cwti,2015,5,ar1,0.08345234260606145,0.0655023333303427,0.017950009275718756,0.006023430350752271,2.980031017288507,2.980031017288507
Fiji|us|total|cwti,Fiji,us,total,cwti,2016,5,ar1,0.09627102167111215,0.07110870159910423,0.025162320072007915,0.012046860701504541,2.0887034967429625,2.0887034967429625
Fiji|us|total|cwti,Fiji,us,total,cwti,2017,5,ar1,0.0868216115245212,0.10873303210754622,-0.021911420583025018,0.012731802527794782,-1.720999091463304,1.720999091463304
Fiji|us|total|cwti,Fiji,us,total,cwti,2018,5,ar1,0.0,0.08688105327362906,-0.08688105327362906,0.014770633069011257,-5.882012833688574,5.882012833688574
Fiji|us|total|cwti,Fiji,us,total,cwti,2019,5,ar1,0.0,0.11141198568299342,-0.11141198568299342,0.02614054941305268,-4.262036880807195,4.262036880807195
Fiji|us|total|cwti,Fiji,us,total,cwti,2020,5,ar1,0.0,-0.0007131267875100064,0.0007131267875100064,0.03228106213805772,0.02209118102930283,0.02209118102930283
Fiji|us|total|cwti,Fiji,us,total,cwti,2021,5,ar1,0.0,-0.0021135436326504614,0.0021135436326504614,0.02954927795428676,0.07152606692861158,0.07152606692861158
Fiji|us|total|cwti,Fiji,us,total,cwti,2022,5,ar1,0.0,0.0,0.0,0.02555540197701829,0.0,0.0
Fiji|us|total|cwti,Fiji,us,total,cwti,2023,5,ar1,0.0,0.0,0.0,0.018698726330093833,0.0,0.0
Fiji|us|total|cwti,Fiji,us,total,cwti,2024,5,ar1,0.0,0.0,0.0,0.01184205068316937,0.0,0.0
Fiji|us|total|cwti,Fiji,us,total,cwti,2015,7,holt,0.08345234260606145,0.06282568924348336,0.020626653362578087,0.006264678131077484,3.2925320233539974,3.2925320233539974
Fiji|us|total|cwti,Fiji,us,total,cwti,2016,7,holt,0.09627102167111215,0.0808646828804647,0.015406338790647456,0.020626653362578087,0.746914127068156,0.746914127068156
Fiji|us|total|cwti,Fiji,us,total,cwti,2017,7,holt,0.0868216115245212,0.10020559539391292,-0.013383983869391727,0.003869819192172177,-3.4585553496826638,3.4585553496826638
Fiji|us|total|cwti,Fiji,us,total,cwti,2018,7,holt,0.0,0.10089256807717806,-0.10089256807717806,0.007739638384344354,-13.035824552379903,13.035824552379903
Fiji|us|total|cwti,Fiji,us,total,cwti,2019,7,holt,0.0,0.06923571040036772,-0.06923571040036772,0.025212085380059222,-2.74613183942046,2.74613183942046
Fiji|us|total|cwti,Fiji,us,total,cwti,2020,7,holt,0.0,-0.004277953573564008,0.004277953573564008,0.050424170760118445,0.08483934408986916,0.08483934408986916
Fiji|us|total|cwti,Fiji,us,total,cwti,2021,7,holt,0.0,-0.015314564152759402,0.015314564152759402,0.03346155734148318,0.45767637161864944,0.45767637161864944
Fiji|us|total|cwti,Fiji,us,total,cwti,2022,7,holt,0.0,-0.012486766100519388,0.012486766100519388,0.02423858230719227,0.5151607442327274,0.5151607442327274
Fiji|us|total|cwti,Fiji,us,total,cwti,2023,7,holt,0.0,-0.013916894892984838,0.013916894892984838,0.014283570388788072,0.9743288627547173,0.9743288627547173
Fiji|us|total|cwti,Fiji,us,total,cwti,2024,7,holt,0.0,-0.0193424570113459,0.0193424570113459,0.012068196854728227,1.6027628024453109,1.6027628024453109
Fiji|us|total|cwti,Fiji,us,total,cwti,2015,7,ar1,0.08345234260606145,0.06450883390504517,0.018943508701016284,0.006264678131077484,3.023859854354261,3.023859854354261
Fiji|us|total|cwti,Fiji,us,total,cwti,2016,7,ar1,0.09627102167111215,0.07465165085048887,0.021619370820623277,0.018943508701016284,1.1412548309734953,1.1412548309734953
Fiji|us|total|cwti,Fiji,us,total,cwti,2017,7,ar1,0.0868216115245212,0.1067471438378404,-0.0199255323133192,0.0019836165892646632,-10.045052265219105,10.045052265219105
Fiji|us|total|cwti,Fiji,us,total,cwti,2018,7,ar1,0.0,0.08637460930975281,-0.08637460930975281,0.0039672331785293264,-21.772002154350886,21.772002154350886
Fiji|us|total|cwti,Fiji,us,total,cwti,2019,7,ar1,0.0,0.0971745399803302,-0.0971745399803302,0.030797236693191555,-3.1553006183120607,3.1553006183120607
Fiji|us|total|cwti,Fiji,us,total,cwti,2020,7,ar1,0.0,0.008619345900285005,-0.008619345900285005,0.06159447338638311,-0.13993700126658623,0.13993700126658623
Fiji|us|total|cwti,Fiji,us,total,cwti,2021,7,ar1,0.0,0.0037615461841324725,-0.0037615461841324725,0.051229580809136206,-0.07342527744169329,0.07342527744169329
Fiji|us|total|cwti,Fiji,us,total,cwti,2022,7,ar1,0.0,-0.0002394688394604619,0.0002394688394604619,0.04086468823188929,0.005860043226112007,0.005860043226112007
Fiji|us|total|cwti,Fiji,us,total,cwti,2023,7,ar1,0.0,-0.0010581736199128896,0.0010581736199128896,0.028813620103926893,0.03672477169117237,0.03672477169117237
Fiji|us|total|cwti,Fiji,us,total,cwti,2024,7,ar1,0.0,0.0,0.0,0.023964725835132244,0.0,0.0
Fiji|us|total|sti,Fiji,us,total,sti,2009,1,naive,0.06459456873757263,0.08322198758313827,-0.018627418845565638,1.0,-0.018627418845565638,0.018627418845565638
Fiji|us|total|sti,Fiji,us,total,sti,2010,1,naive,0.0608784450259151,0.06459456873757263,-0.0037161237116575332,0.018627418845565638,-0.19949751183815664,0.19949751183815664
Fiji|us|total|sti,Fiji,us,total,sti,2011,1,naive,0.06601944652840058,0.0608784450259151,0.005141001502485483,0.011053743082766078,0.4650914594261588,0.4650914594261588
Fiji|us|total|sti,Fiji,us,total,sti,2012,1,naive,0.06298628729467462,0.06601944652840058,-0.0030331592337259627,0.013131573842488435,-0.23098215568890093,0.23098215568890093
Fiji|us|total|sti,Fiji,us,total,sti,2013,1,naive,0.07006271327041011,0.06298628729467462,0.00707642597573549,0.006565786921244218,1.0777727118799807,1.0777727118799807
Fiji|us|total|sti,Fiji,us,total,sti,2014,1,naive,0.06274796923819315,0.07006271327041011,-0.007314744032216963,0.012119010707507089,-0.6035760020977509,0.6035760020977509
Fiji|us|total|sti,Fiji,us,total,sti,2015,1,naive,0.07033974466294235,0.06274796923819315,0.007591775424749203,0.009233444164874923,0.8222040756610827,0.8222040756610827
Fiji|us|total|sti,Fiji,us,total,sti,2016,1,naive,0.07218342739372259,0.07033974466294235,0.0018436827307802411,0.012119010707507089,0.1521314548916255,0.1521314548916255
Fiji|us|total|sti,Fiji,us,total,sti,2017,1,naive,0.07347786770455812,0.07218342739372259,0.0012944403108355318,0.009233444164874923,0.14019040866242855,0.14019040866242855
Fiji|us|total|sti,Fiji,us,total,sti,2011,3,holt,0.06601944652840058,0.030471103024562064,0.03554834350383852,0.005509525014903458,6.452161194963088,6.452161194963088
Fiji|us|total|sti,Fiji,us,total,sti,2012,3,holt,0.06298628729467462,0.05530619389757007,0.00768009339710455,0.03554834350383852,0.21604644942950016,0.21604644942950016
Fiji|us|total|sti,Fiji,us,total,sti,2013,3,holt,0.07006271327041011,0.07458487577876716,-0.004522162508357047,0.020658733804121893,-0.21889833865107317,0.21889833865107317
Fiji|us|total|sti,Fiji,us,total,sti,2014,3,holt,0.06274796923819315,0.0590429817212096,0.003704987516983546,0.018091064605437364,0.20479654447035653,0.20479654447035653
Fiji|us|total|sti,Fiji,us,total,sti,2015,3,holt,0.07033974466294235,0.08119341952021109,-0.010853674857268736,0.009045532302718682,-1.1998934384443696,1.1998934384443696
Fiji|us|total|sti,Fiji,us,total,sti,2016,3,holt,0.07218342739372259,0.05124885025972212,0.020934577134000473,0.012197572627569963,1.7162904270545116,1.7162904270545116
Fiji|us|total|sti,Fiji,us,total,sti,2017,3,holt,0.07347786770455812,0.08431619604670727,-0.01083832834214915,0.018871081096879627,-0.57433531690674,0.57433531690674
Fiji|us|total|sti,Fiji,us,total,sti,2011,3,ar1,0.06601944652840058,0.0608784450259151,0.005141001502485483,0.005509525014903458,0.9331115638061165,0.9331115638061165
Fiji|us|total|sti,Fiji,us,total,sti,2012,3,ar1,0.06298628729467462,0.06601944652840058,-0.0030331592337259627,0.005141001502485483,-0.5899938430789299,0.5899938430789299
Fiji|us|total|sti,Fiji,us,total,sti,2013,3,ar1,0.07006271327041011,0.06298628729467462,0.00707642597573549,0.0060595053537535444,1.1678223819625833,1.1678223819625833
Fiji|us|total|sti,Fiji,us,total,sti,2014,3,ar1,0.06274796923819315,0.07006271327041011,-0.007314744032216963,0.0028694603240404597,-2.5491706475025038,2.5491706475025038
Fiji|us|total|sti,Fiji,us,total,sti,2015,3,ar1,0.07033974466294235,0.06274796923819315,0.007591775424749203,0.0074942355157737745,1.0130153247479516,1.0130153247479516
Fiji|us|total|sti,Fiji,us,total,sti,2016,3,ar1,0.07218342739372259,0.07033974466294235,0.0018436827307802411,0.003633517417148191,0.507409905916256,0.507409905916256
Fiji|us|total|sti,Fiji,us,total,sti,2017,3,ar1,0.07347786770455812,0.07218342739372259,0.0012944403108355318,0.005695791276059421,0.22726259585324515,0.22726259585324515
Fiji|us|total|sti,Fiji,us,total,sti,2013,5,holt,0.07006271327041011,0.05394239853301344,0.016120314737396668,0.0023844380672405937,6.760634700003765,6.760634700003765
Fiji|us|total|sti,Fiji,us,total,sti,2014,5,holt,0.06274796923819315,0.06889733038108367,-0.006149361142890525,0.016120314737396668,-0.3814665683061973,0.3814665683061973
Fiji|us|total|sti,Fiji,us,total,sti,2015,5,holt,0.07033974466294235,0.06604676827687073,0.004292976386071623,0.016508510730056894,0.2600462547027601,0.2600462547027601
Fiji|us|total|sti,Fiji,us,total,sti,2016,5,holt,0.07218342739372259,0.06691840086785249,0.0052650265258701034,0.015481809620439279,0.3400782372959263,0.3400782372959263
Fiji|us|total|sti,Fiji,us,total,sti,2017,5,holt,0.07347786770455812,0.07599491157566833,-0.0025170438711102083,0.008461485578852254,-0.2974706802551366,0.2974706802551366
Fiji|us|total|sti,Fiji,us,total,sti,2013,5,ar1,0.07006271327041011,0.06345937271995328,0.006603340550456832,0.0023844380672405937,2.769348737205236,2.769348737205236
Fiji|us|total|sti,Fiji,us,total,sti,2014,5,ar1,0.06274796923819315,0.05844374268043302,0.004304226557760124,0.006603340550456832,0.6518256214216226,0.6518256214216226
Fiji|us|total|sti,Fiji,us,total,sti,2015,5,ar1,0.07033974466294235,0.06675979807973761,0.003579946583204735,0.0017043332027860696,2.1004968848536216,2.1004968848536216
Fiji|us|total|sti,Fiji,us,total,sti,2016,5,ar1,0.07218342739372259,0.061161134755485305,0.011022292638237285,0.0010738174902758199,10.26458661555802,10.26458661555802
Fiji|us|total|sti,Fiji,us,total,sti,2017,5,ar1,0.07347786770455812,0.06686260658619546,0.006615261118362664,0.0022412419479239795,2.9516050797149576,2.9516050797149576
Fiji|us|total|sti,Fiji,us,total,sti,2015,7,holt,0.07033974466294235,0.05974535394639994,0.010594390716542411,0.0027377684177800265,3.8697176312425583,3.8697176312425583
Fiji|us|total|sti,Fiji,us,total,sti,2016,7,holt,0.07218342739372259,0.0683432141810489,0.003840213212673693,0.010594390716542411,0.3624760795991283,0.3624760795991283
Fiji|us|total|sti,Fiji,us,total,sti,2017,7,holt,0.07347786770455812,0.07407510959558622,-0.0005972418910280969,0.00500687178361788,-0.11928443883508838,0.11928443883508838
Fiji|us|total|sti,Fiji,us,total,sti,2015,7,ar1,0.07033974466294235,0.06495499926528793,0.00538474539765442,0.0027377684177800265,1.966837429595578,1.966837429595578
Fiji|us|total|sti,Fiji,us,total,sti,2016,7,ar1,0.07218342739372259,0.06138147458939938,0.010801952804323209,0.00538474539765442,2.0060285132568216,2.0060285132568216
Fiji|us|total|sti,Fiji,us,total,sti,2017,7,ar1,0.07347786770455812,0.06665563482709329,0.006822232877464834,0.004015775850563574,1.6988579869335592,1.6988579869335592
Kiribati|aus|export|cwti,Kiribati,aus,export,cwti,2015,1,naive,0.0030402086215873675,0.006550876325658223,-0.0035106677040708557,1.0,-0.0035106677040708557,0.0035106677040708557
Kiribati|aus|export|cwti,Kiribati,aus,export,cwti,2016,1,naive,0.006550876229441514,0.0030402086215873675,0.0035106676078541467,0.0035106677040708557,0.9999999725930457,0.9999999725930457
Kiribati|aus|export|cwti,Kiribati,aus,export,cwti,2017,1,naive,0.03603488771361663,0.006550876229441514,0.029484011484175118,0.005204915866730004,5.664647083469284,5.664647083469284
Kiribati|aus|export|cwti,Kiribati,aus,export,cwti,2018,1,naive,0.012652985874588595,0.03603488771361663,-0.023381901839028038,0.010409831733460008,-2.2461363869957953,2.2461363869957953
Kiribati|aus|export|cwti,Kiribati,aus,export,cwti,2020,1,naive,0.09438064407443195,0.012652985874588595,0.08172765819984334,0.019935461730973762,4.099612003110163,4.099612003110163
Kiribati|aus|export|cwti,Kiribati,aus,export,cwti,2021,1,naive,4.52228428954964e-11,0.09438064407443195,-0.09438064402920911,0.03850807963103347,-2.450930945752699,2.450930945752699
Kiribati|aus|export|cwti,Kiribati,aus,export,cwti,2017,3,holt,0.03603488771361663,-0.002506646371050093,0.03854153408466673,1.4265089288093695e-10,270180812.0951285,270180812.0951285
Kiribati|aus|export|cwti,Kiribati,aus,export,cwti,2018,3,holt,0.012652985874588595,0.01902661365917721,-0.006373627784588616,0.03854153408466673,-0.16537037084686998,0.16537037084686998
Kiribati|aus|export|cwti,Kiribati,aus,export,cwti,2020,3,holt,0.09438064407443195,0.08390106888409421,0.010479575190337737,0.03329560949367898,0.314743455659739,0.314743455659739
Kiribati|aus|export|cwti,Kiribati,aus,export,cwti,2021,3,holt,4.52228428954964e-11,-0.012037810195304487,0.01203781024052733,0.02498655873062581,0.48177143440615894,0.48177143440615894
Kiribati|aus|export|cwti,Kiribati,aus,export,cwti,2017,3,ar1,0.03603488771361663,0.006550876229441514,0.029484011484175118,1.4265089288093695e-10,206686483.96602634,206686483.96602634
Kiribati|aus|export|cwti,Kiribati,aus,export,cwti,2018,3,ar1,0.012652985874588595,0.03603488771361663,-0.023381901839028038,0.029484011484175118,-0.7930366548519949,0.7930366548519949
Kiribati|aus|export|cwti,Kiribati,aus,export,cwti,2020,3,ar1,0.09438064407443195,0.012652985874588595,0.08172765819984334,0.0391895015464905,2.085447759596785,2.085447759596785
Kiribati|aus|export|cwti,Kiribati,aus,export,cwti,2021,3,ar1,4.52228428954964e-11,0.09438064407443195,-0.09438064402920911,0.0774564306206497,-1.2184997846266292,1.2184997846266292
Kiribati|aus|export|cwti,Kiribati,aus,export,cwti,2020,5,holt,0.09438064407443195,0.012978405600955948,0.081402238473476,0.00520491593805545,15.639491481179956,15.639491481179956
Kiribati|aus|export|cwti,Kiribati,aus,export,cwti,2021,5,holt,4.52228428954964e-11,0.06655258229880767,-0.06655258225358483,0.081402238473476,-0.8175768074887798,0.8175768074887798
Kiribati|aus|export|cwti,Kiribati,aus,export,cwti,2020,5,ar1,0.09438064407443195,0.014585302461506508,0.07979534161292544,0.00520491593805545,15.330764716007474,15.330764716007474
Kiribati|aus|export|cwti,Kiribati,aus,export,cwti,2021,5,ar1,4.52228428954964e-11,0.004379192220022719,-0.0043791921747998765,0.07979534161292544,-0.05488029860242524,0.05488029860242524
Kiribati|aus|export|raw_usd,Kiribati,aus,export,raw_usd,2015,1,naive,391981.22000000003,371270.133,20711.087000000058,1.0,20711.087000000058,20711.087000000058
Kiribati|aus|export|raw_usd,Kiribati,aus,export,raw_usd,2016,1,naive,411290.6,391981.22000000003,19309.379999999946,20711.087000000058,0.9323209351590234,0.9323209351590234
Kiribati|aus|export|raw_usd,Kiribati,aus,export,raw_usd,2017,1,naive,1074108.3590000002,411290.6,662817.7590000002,1039.0853991000824,637.8857402616231,637.8857402616231
Kiribati|aus|export|raw_usd,Kiribati,aus,export,raw_usd,2018,1,naive,645848.284,1074108.3590000002,-428260.0750000002,2078.170798200165,-206.07549455073766,206.07549455073766
Kiribati|aus|export|raw_usd,Kiribati,aus,export,raw_usd,2020,1,naive,2137753.549,645848.284,1491905.2650000001,332822.32239060017,4.48258774917477,4.48258774917477
Kiribati|aus|export|raw_usd,Kiribati,aus,export,raw_usd,2021,1,naive,1.501,2137753.549,-2137752.048,665644.6447812003,-3.2115514858572722,3.2115514858572722
Kiribati|aus|export|raw_usd,Kiribati,aus,export,raw_usd,2017,3,holt,1074108.3590000002,433109.03553000017,640999.32347,28628.08678799992,22.390574969847048,22.390574969847048
Kiribati|aus|export|raw_usd,Kiribati,aus,export,raw_usd,2018,3,holt,645848.284,585046.1195899999,60802.164410000085,640999.32347,0.09485527079943283,0.09485527079943283
Kiribati|aus|export|raw_usd,Kiribati,aus,export,raw_usd,2020,3,holt,2137753.549,2170617.5318600005,-32863.98286000034,430100.1540111779,-0.07641006996511383,0.07641006996511383
Kiribati|aus|export|raw_usd,Kiribati,aus,export,raw_usd,2021,3,holt,1.501,192562.8553999997,-192561.35439999972,138869.4299425026,-1.386636025507757,1.386636025507757
Kiribati|aus|export|raw_usd,Kiribati,aus,export,raw_usd,2017,3,ar1,1074108.3590000002,411290.6,662817.7590000002,28628.08678799992,23.152708873225667,23.152708873225667
Kiribati|aus|export|raw_usd,Kiribati,aus,export,raw_usd,2018,3,ar1,645848.284,1074108.3590000002,-428260.0750000002,662817.7590000002,-0.6461203991367408,0.6461203991367408
Kiribati|aus|export|raw_usd,Kiribati,aus,export,raw_usd,2020,3,ar1,2137753.549,645848.284,1491905.2650000001,808815.9983442002,1.84455459344797,1.84455459344797
Kiribati|aus|export|raw_usd,Kiribati,aus,export,raw_usd,2021,3,ar1,1.501,2137753.549,-2137752.048,1229205.1363956,-1.7391336764736711,1.7391336764736711
Kiribati|aus|export|raw_usd,Kiribati,aus,export,raw_usd,2020,5,holt,2137753.549,686066.2489285682,1451687.3000714318,59334.3443742,24.466222984047334,24.466222984047334
Kiribati|aus|export|raw_usd,Kiribati,aus,export,raw_usd,2021,5,holt,1.501,1934136.988639208,-1934135.487639208,1451687.3000714318,-1.3323361632660402,1.3323361632660402
Kiribati|aus|export|raw_usd,Kiribati,aus,export,raw_usd,2020,5,ar1,2137753.549,636485.5674434482,1501267.981556552,59334.3443742,25.30183820838407,25.30183820838407
Kiribati|aus|export|raw_usd,Kiribati,aus,export,raw_usd,2021,5,ar1,1.501,989640.539403964,-989639.0384039639,1501267.981556552,-0.6592021215145624,0.6592021215145624
Kiribati|aus|export|sti,Kiribati,aus,export,sti,2015,1,naive,0.039164012338437915,0.03654763133524258,0.002616381003195334,1.0,0.002616381003195334,0.002616381003195334
Kiribati|aus|export|sti,Kiribati,aus,export,sti,2016,1,naive,0.03654763131147388,0.039164012338437915,-0.002616381026964036,0.002616381003195334,-1.0000000090845722,1.0000000090845722
Kiribati|aus|export|sti,Kiribati,aus,export,sti,2017,1,naive,0.07044924733014263,0.03654763131147388,0.03390161601866875,0.0038790464929571405,8.739677670845419,8.739677670845419
Kiribati|aus|export|sti,Kiribati,aus,export,sti,2018,1,naive,0.03944712415673964,0.07044924733014263,-0.031002123173402986,0.007758092985914281,-3.9961010044209244,3.9961010044209244
Kiribati|aus|export|sti,Kiribati,aus,export,sti,2020,1,naive,0.11527944953223751,0.03944712415673964,0.07583232537549786,0.024921397146112332,3.04286011457939,3.04286011457939
Kiribati|aus|export|sti,Kiribati,aus,export,sti,2021,1,naive,1.6934451253397056e-07,0.11527944953223751,-0.11527928018772497,0.04638348943394088,-2.4853516109844453,2.4853516109844453
Kiribati|aus|export|sti,Kiribati,aus,export,sti,2017,3,holt,0.07044924733014263,0.04329789431849512,0.027151353011647505,3.523947800648797e-11,770481135.0113827,770481135.0113827
Kiribati|aus|export|sti,Kiribati,aus,export,sti,2018,3,holt,0.03944712415673964,0.03898364863712869,0.0004634755196109494,0.027151353011647505,0.017070070851059455,0.017070070851059455
Kiribati|aus|export|sti,Kiribati,aus,export,sti,2020,3,holt,0.11527944953223751,0.12462269413714508,-0.009343244604907569,0.0197837235848467,-0.4722692654311046,0.4722692654311046
Kiribati|aus|export|sti,Kiribati,aus,export,sti,2021,3,holt,1.6934451253397056e-07,-0.00012188799479714851,0.00012205733930968248,0.014539443256611155,0.008394911493889727,0.008394911493889727
Kiribati|aus|export|sti,Kiribati,aus,export,sti,2017,3,ar1,0.07044924733014263,0.03654763131147388,0.03390161601866875,3.523947800648797e-11,962035136.0603894,962035136.0603894
Kiribati|aus|export|sti,Kiribati,aus,export,sti,2018,3,ar1,0.03944712415673964,0.07044924733014263,-0.031002123173402986,0.03390161601866875,-0.914473314674171,0.914473314674171
Kiribati|aus|export|sti,Kiribati,aus,export,sti,2020,3,ar1,0.11527944953223751,0.03944712415673964,0.07583232537549786,0.04811314186308278,1.5761249928615453,1.5761249928615453
Kiribati|aus|export|sti,Kiribati,aus,export,sti,2021,3,ar1,1.6934451253397056e-07,0.11527944953223751,-0.11527928018772497,0.06216646969243484,-1.854364269968406,1.854364269968406
Kiribati|aus|export|sti,Kiribati,aus,export,sti,2020,5,holt,0.11527944953223751,0.051854811134655066,0.06342463839758244,0.0038790464753374015,16.350574503510103,16.350574503510103
Kiribati|aus|export|sti,Kiribati,aus,export,sti,2021,5,holt,1.6934451253397056e-07,0.08269190994092084,-0.0826917405964083,0.06342463839758244,-1.3037794567790593,1.3037794567790593
Kiribati|aus|export|sti,Kiribati,aus,export,sti,2020,5,ar1,0.11527944953223751,0.048382557658525185,0.06689689187371232,0.0038790464753374015,17.245705174979527,17.245705174979527
Kiribati|aus|export|sti,Kiribati,aus,export,sti,2021,5,ar1,1.6934451253397056e-07,-0.0066224783855017705,0.006622647730014305,0.06689689187371232,0.09899783898056896,0.09899783898056896
Kiribati|aus|import|cwti,Kiribati,aus,import,cwti,2015,1,naive,0.07097091947215059,0.10190044746607045,-0.03092952799391986,1.0,-0.03092952799391986,0.03092952799391986
Kiribati|aus|import|cwti,Kiribati,aus,import,cwti,2016,1,naive,0.10090263289437622,0.07097091947215059,0.029931713422225628,0.03092952799391986,0.9677390947611492,0.9677390947611492
Kiribati|aus|import|cwti,Kiribati,aus,import,cwti,2017,1,naive,0.047736423674490734,0.10090263289437622,-0.053166209219885484,0.04511643826178865,-1.1784221287901306,1.1784221287901306
Kiribati|aus|import|cwti,Kiribati,aus,import,cwti,2018,1,naive,0.05628309308887658,0.047736423674490734,0.008546669414385845,0.03296810358561663,0.25924055328783296,0.25924055328783296
Kiribati|aus|import|cwti,Kiribati,aus,import,cwti,2020,1,naive,0.06041189452770222,0.05628309308887658,0.004128801438825644,0.04511643826178865,0.09151434815993732,0.09151434815993732
Kiribati|aus|import|cwti,Kiribati,aus,import,cwti,2021,1,naive,0.046523256756194314,0.06041189452770222,-0.013888637771507908,0.03825539730658881,-0.36305041247384556,0.36305041247384556
Kiribati|aus|import|cwti,Kiribati,aus,import,cwti,2017,3,holt,0.047736423674490734,0.02189272418170142,0.025843699492789314,0.0014793598839938703,17.469514870863158,17.469514870863158
Kiribati|aus|import|cwti,Kiribati,aus,import,cwti,2018,3,holt,0.05628309308887658,0.14331549598398413,-0.08703240289510755,0.025843699492789314,-3.367644903911322,3.367644903911322
Kiribati|aus|import|cwti,Kiribati,aus,import,cwti,2020,3,holt,0.06041189452770222,-0.042550646320369666,0.10296254084807188,0.08367505470014794,1.2305046135558708,1.2305046135558708
Kiribati|aus|import|cwti,Kiribati,aus,import,cwti,2021,3,holt,0.046523256756194314,0.07244867964278062,-0.025925422886586308,0.11433639419334193,-0.22674689952830437,0.22674689952830437
Kiribati|aus|import|cwti,Kiribati,aus,import,cwti,2017,3,ar1,0.047736423674490734,0.10090263289437622,-0.053166209219885484,0.0014793598839938703,-35.93865819610516,35.93865819610516
Kiribati|aus|import|cwti,Kiribati,aus,import,cwti,2018,3,ar1,0.05628309308887658,0.047736423674490734,0.008546669414385845,0.053166209219885484,0.16075378590635306,0.16075378590635306
Kiribati|aus|import|cwti,Kiribati,aus,import,cwti,2020,3,ar1,0.06041189452770222,0.05628309308887658,0.004128801438825644,0.04574775693158533,0.09025145090720332,0.09025145090720332
Kiribati|aus|import|cwti,Kiribati,aus,import,cwti,2021,3,ar1,0.046523256756194314,0.06041189452770222,-0.013888637771507908,0.006549931060565554,-2.12042503090234,2.12042503090234
Kiribati|aus|import|cwti,Kiribati,aus,import,cwti,2020,5,holt,0.06041189452770222,0.028869637692258185,0.03154225683544404,0.0344474634696105,0.9156626833575299,0.9156626833575299
Kiribati|aus|import|cwti,Kiribati,aus,import,cwti,2021,5,holt,0.046523256756194314,0.06585995739269562,-0.01933670063650131,0.03154225683544404,-0.6130411256677314,0.6130411256677314
Kiribati|aus|import|cwti,Kiribati,aus,import,cwti,2020,5,ar1,0.06041189452770222,0.072271288045686,-0.011859393517983777,0.0344474634696105,-0.3442747977204799,0.3442747977204799
Kiribati|aus|import|cwti,Kiribati,aus,import,cwti,2021,5,ar1,0.046523256756194314,0.06756967731956909,-0.021046420563374774,0.011859393517983777,-1.7746624674743814,1.7746624674743814
Kiribati|aus|import|raw_usd,Kiribati,aus,import,raw_usd,2015,1,naive,22179841.335,27449572.349,-5269731.013999999,1.0,-5269731.013999999,5269731.013999999
Kiribati|aus|import|raw_usd,Kiribati,aus,import,raw_usd,2016,1,naive,27568837.94,22179841.335,5388996.605,5269731.013999999,1.022632197105156,1.022632197105156
Kiribati|aus|import|raw_usd,Kiribati,aus,import,raw_usd,2017,1,naive,20713508.079,27568837.94,-6855329.861000001,7901314.783964699,-0.8676188771661814,0.8676188771661814
Kiribati|aus|import|raw_usd,Kiribati,aus,import,raw_usd,2018,1,naive,34332268.589,20713508.079,13618760.510000002,2350808.850562204,5.793223258770285,5.793223258770285
Kiribati|aus|import|raw_usd,Kiribati,aus,import,raw_usd,2020,1,naive,34061249.279,34332268.589,-271019.3100000024,9076719.209245801,-0.029858730203302368,0.029858730203302368
Kiribati|aus|import|raw_usd,Kiribati,aus,import,raw_usd,2021,1,naive,26373703.338,34061249.279,-7687545.941,8391539.595579004,-0.9161067350561158,0.9161067350561158
Kiribati|aus|import|raw_usd,Kiribati,aus,import,raw_usd,2017,3,holt,20713508.079,13878712.106990006,6834795.972009994,176823.16521660276,38.65328371221941,38.65328371221941
Kiribati|aus|import|raw_usd,Kiribati,aus,import,raw_usd,2018,3,holt,34332268.589,35775522.592140004,-1443254.0031400025,6834795.972009994,-0.2111627046440666,0.2111627046440666
Kiribati|aus|import|raw_usd,Kiribati,aus,import,raw_usd,2020,3,holt,34061249.279,11302407.334909998,22758841.94409,6136518.446578692,3.708754751120938,3.708754751120938
Kiribati|aus|import|raw_usd,Kiribati,aus,import,raw_usd,2021,3,holt,26373703.338,58652935.8468,-32279232.5088,12273036.893157383,-2.630093333036155,2.630093333036155
Kiribati|aus|import|raw_usd,Kiribati,aus,import,raw_usd,2017,3,ar1,20713508.079,27568837.94,-6855329.861000001,176823.16521660276,-38.76941040277409,38.76941040277409
Kiribati|aus|import|raw_usd,Kiribati,aus,import,raw_usd,2018,3,ar1,34332268.589,20713508.079,13618760.510000002,6855329.861000001,1.9865944872291534,1.9865944872291534
Kiribati|aus|import|raw_usd,Kiribati,aus,import,raw_usd,2020,3,ar1,34061249.279,34332268.589,-271019.3100000024,15177443.192022301,-0.017856717140767024,0.017856717140767024
Kiribati|aus|import|raw_usd,Kiribati,aus,import,raw_usd,2021,3,ar1,26373703.338,34061249.279,-7687545.941,9761898.822912598,-0.7875051852572176,0.7875051852572176
Kiribati|aus|import|raw_usd,Kiribati,aus,import,raw_usd,2020,5,holt,34061249.279,31794199.687678024,2267049.591321975,7812903.201356397,0.2901673722168211,0.2901673722168211
Kiribati|aus|import|raw_usd,Kiribati,aus,import,raw_usd,2021,5,holt,26373703.338,39732746.55581268,-13359043.21781268,2267049.591321975,-5.892700040153368,5.892700040153368
Kiribati|aus|import|raw_usd,Kiribati,aus,import,raw_usd,2020,5,ar1,34061249.279,9878140.243057452,24183109.035942547,7812903.201356397,3.0952782099929412,3.0952782099929412
Kiribati|aus|import|raw_usd,Kiribati,aus,import,raw_usd,2021,5,ar1,26373703.338,29603521.112334587,-3229817.774334587,24183109.035942547,-0.13355676350523074,0.13355676350523074
Kiribati|aus|import|sti,Kiribati,aus,import,sti,2015,1,naive,0.20030736441385089,0.23566889109893013,-0.03536152668507925,1.0,-0.03536152668507925,0.03536152668507925
Kiribati|aus|import|sti,Kiribati,aus,import,sti,2016,1,naive,0.23169000220895516,0.20030736441385089,0.03138263779510428,0.03536152668507925,0.8874797198262977,0.8874797198262977
Kiribati|aus|import|sti,Kiribati,aus,import,sti,2017,1,naive,0.19199534456910872,0.23169000220895516,-0.03969465763984645,0.049477449129160044,-0.8022777717627321,0.8022777717627321
Kiribati|aus|import|sti,Kiribati,aus,import,sti,2018,1,naive,0.16723045605505915,0.19199534456910872,-0.024764888514049566,0.006424299953537851,-3.8548773707883277,3.8548773707883277
Kiribati|aus|import|sti,Kiribati,aus,import,sti,2020,1,naive,0.15619439349254644,0.16723045605505915,-0.011036062562512716,0.011067437852953228,-0.9971650809467035,0.9971650809467035
Kiribati|aus|import|sti,Kiribati,aus,import,sti,2021,1,naive,0.1501803333185968,0.15619439349254644,-0.006014060173949648,0.02035435735574853,-0.2954679466827353,0.2954679466827353
Kiribati|aus|import|sti,Kiribati,aus,import,sti,2017,3,holt,0.19199534456910872,0.14360058558453095,0.04839475898457776,0.005899100668276888,8.203752013391856,8.203752013391856
Kiribati|aus|import|sti,Kiribati,aus,import,sti,2018,3,holt,0.16723045605505915,0.2646028137164844,-0.09737235766142527,0.04839475898457776,-2.0120434465322057,2.0120434465322057
Kiribati|aus|import|sti,Kiribati,aus,import,sti,2020,3,holt,0.15619439349254644,0.11574128080583318,0.040453112686713255,0.10805716356968204,0.37436770826051297,0.37436770826051297
Kiribati|aus|import|sti,Kiribati,aus,import,sti,2021,3,holt,0.1501803333185968,0.12058373247678278,0.029596600841814008,0.011774284801213918,2.513664425610176,2.513664425610176
Kiribati|aus|import|sti,Kiribati,aus,import,sti,2017,3,ar1,0.19199534456910872,0.23169000220895516,-0.03969465763984645,0.005899100668276888,-6.728933759904992,6.728933759904992
Kiribati|aus|import|sti,Kiribati,aus,import,sti,2018,3,ar1,0.16723045605505915,0.19199534456910872,-0.024764888514049566,0.03969465763984645,-0.623884673316592,0.623884673316592
Kiribati|aus|import|sti,Kiribati,aus,import,sti,2020,3,ar1,0.15619439349254644,0.16723045605505915,-0.011036062562512716,0.011067437852953228,-0.9971650809467035,0.9971650809467035
Kiribati|aus|import|sti,Kiribati,aus,import,sti,2021,3,ar1,0.1501803333185968,0.15619439349254644,-0.006014060173949648,0.02035435735574853,-0.2954679466827353,0.2954679466827353
Kiribati|aus|import|sti,Kiribati,aus,import,sti,2020,5,holt,0.15619439349254644,0.14228781589555256,0.013906577596993874,0.0465278987950216,0.29888686051049124,0.29888686051049124
Kiribati|aus|import|sti,Kiribati,aus,import,sti,2021,5,holt,0.1501803333185968,0.1567962972222988,-0.006615963903702005,0.013906577596993874,-0.47574350033700236,0.47574350033700236
Kiribati|aus|import|sti,Kiribati,aus,import,sti,2020,5,ar1,0.15619439349254644,0.19253858937628748,-0.03634419588374105,0.0465278987950216,-0.7811269544720942,0.7811269544720942
Kiribati|aus|import|sti,Kiribati,aus,import,sti,2021,5,ar1,0.1501803333185968,0.16055601915610038,-0.01037568583750359,0.03634419588374105,-0.2854839840367815,0.2854839840367815
Kiribati|aus|total|cwti,Kiribati,aus,total,cwti,2015,1,naive,0.07401112809373796,0.10845132379172867,-0.034440195697990714,1.0,-0.034440195697990714,0.034440195697990714
Kiribati|aus|total|cwti,Kiribati,aus,total,cwti,2016,1,naive,0.10745350912381774,0.07401112809373796,0.03344238103007978,0.034440195697990714,0.9710276132963684,0.9710276132963684
Kiribati|aus|total|cwti,Kiribati,aus,total,cwti,2017,1,naive,0.08377131138810737,0.10745350912381774,-0.02368219773571037,0.05032135412851865,-0.470619245961208,0.470619245961208
Kiribati|aus|total|cwti,Kiribati,aus,total,cwti,2018,1,naive,0.06893607896346517,0.08377131138810737,-0.0148352324246422,0.015949807778876838,-0.9301198252865011,0.9301198252865011
Kiribati|aus|total|cwti,Kiribati,aus,total,cwti,2020,1,naive,0.15479253860213416,0.06893607896346517,0.08585645963866899,0.014533159274533252,5.907625315103853,5.907625315103853
Kiribati|aus|total|cwti,Kiribati,aus,total,cwti,2021,1,naive,0.046523256801417154,0.15479253860213416,-0.108269281800717,0.029066318549066505,-3.724905223822856,3.724905223822856
Kiribati|aus|total|cwti,Kiribati,aus,total,cwti,2017,3,holt,0.08377131138810737,0.01938607781065134,0.06438523357745603,0.0014793600266447514,43.52235589566683,43.52235589566683
Kiribati|aus|total|cwti,Kiribati,aus,total,cwti,2018,3,holt,0.06893607896346517,0.1623421096431614,-0.09340603067969623,0.06438523357745603,-1.4507368458534504,1.4507368458534504
Kiribati|aus|total|cwti,Kiribati,aus,total,cwti,2020,3,holt,0.15479253860213416,0.03826477863201095,0.11652775997012321,0.11697066419382696,0.9962135444236699,0.9962135444236699
Kiribati|aus|total|cwti,Kiribati,aus,total,cwti,2021,3,holt,0.046523256801417154,0.0654454540506417,-0.018922197249224545,0.07730650962976836,-0.2447684850841874,0.2447684850841874
Kiribati|aus|total|cwti,Kiribati,aus,total,cwti,2017,3,ar1,0.08377131138810737,0.10745350912381774,-0.02368219773571037,0.0014793600266447514,-16.008407222833075,16.008407222833075
Kiribati|aus|total|cwti,Kiribati,aus,total,cwti,2018,3,ar1,0.06893607896346517,0.08377131138810737,-0.0148352324246422,0.02368219773571037,-0.6264297169629727,0.6264297169629727
Kiribati|aus|total|cwti,Kiribati,aus,total,cwti,2020,3,ar1,0.15479253860213416,0.06893607896346517,0.08585645963866899,0.0065582553850948334,13.091356557080385,13.091356557080385
Kiribati|aus|total|cwti,Kiribati,aus,total,cwti,2021,3,ar1,0.046523256801417154,0.15479253860213416,-0.108269281800717,0.013116510770189667,-8.254427087940508,8.254427087940508
Kiribati|aus|total|cwti,Kiribati,aus,total,cwti,2020,5,holt,0.15479253860213416,0.052837605937084586,0.10195493266504957,0.021994715592774525,4.635428552599368,4.635428552599368
Kiribati|aus|total|cwti,Kiribati,aus,total,cwti,2021,5,holt,0.046523256801417154,0.17637127393688262,-0.12984801713546545,0.10195493266504957,-1.2735824912174918,1.2735824912174918
Kiribati|aus|total|cwti,Kiribati,aus,total,cwti,2020,5,ar1,0.15479253860213416,0.0962486173598609,0.058543921242273256,0.021994715592774525,2.661726676816203,2.661726676816203
Kiribati|aus|total|cwti,Kiribati,aus,total,cwti,2021,5,ar1,0.046523256801417154,0.0007235021934609842,0.04579975460795617,0.058543921242273256,0.7823144339516019,0.7823144339516019
Kiribati|aus|total|sti,Kiribati,aus,total,sti,2015,1,naive,0.18694918064745775,0.2196954256570755,-0.03274624500961776,1.0,-0.03274624500961776,0.03274624500961776
Kiribati|aus|total|sti,Kiribati,aus,total,sti,2016,1,naive,0.214828966082574,0.18694918064745775,0.027879785435116267,0.03274624500961776,0.8513887753215007,0.8513887753215007
Kiribati|aus|total|sti,Kiribati,aus,total,sti,2017,1,naive,0.17694516325303286,0.214828966082574,-0.03788380282954115,0.04494207636868133,-0.8429473199850005,0.8429473199850005
Kiribati|aus|total|sti,Kiribati,aus,total,sti,2018,1,naive,0.15779247226412985,0.17694516325303286,-0.019152690988903015,0.007616943223818423,-2.5144851978168803,2.5144851978168803
Kiribati|aus|total|sti,Kiribati,aus,total,sti,2020,1,naive,0.1529877711585345,0.15779247226412985,-0.004804701105595333,0.01388537320746505,-0.34602606885728004,0.34602606885728004
Kiribati|aus|total|sti,Kiribati,aus,total,sti,2021,1,naive,0.14296461524494913,0.1529877711585345,-0.01002315591358538,0.02127232980099197,-0.47118279978519234,0.47118279978519234
Kiribati|aus|total|sti,Kiribati,aus,total,sti,2017,3,holt,0.17694516325303286,0.1341881570216164,0.042757006231416456,0.007215012965155911,5.9261163407337705,5.9261163407337705
Kiribati|aus|total|sti,Kiribati,aus,total,sti,2018,3,holt,0.15779247226412985,0.24296782988165042,-0.08517535761752057,0.042757006231416456,-1.9920795473032087,1.9920795473032087
Kiribati|aus|total|sti,Kiribati,aus,total,sti,2020,3,holt,0.1529877711585345,0.10604764667251657,0.04694012448601795,0.09483626132121702,0.49495966871815494,0.49495966871815494
Kiribati|aus|total|sti,Kiribati,aus,total,sti,2021,3,holt,0.14296461524494913,0.12250016816181845,0.02046444708313068,0.006201891124272172,3.2997107935415912,3.2997107935415912
Kiribati|aus|total|sti,Kiribati,aus,total,sti,2017,3,ar1,0.17694516325303286,0.214828966082574,-0.03788380282954115,0.007215012965155911,-5.250690887528088,5.250690887528088
Kiribati|aus|total|sti,Kiribati,aus,total,sti,2018,3,ar1,0.15779247226412985,0.17694516325303286,-0.019152690988903015,0.03788380282954115,-0.5055641080986746,0.5055641080986746
Kiribati|aus|total|sti,Kiribati,aus,total,sti,2020,3,ar1,0.1529877711585345,0.15779247226412985,-0.004804701105595333,0.01388537320746505,-0.34602606885728004,0.34602606885728004
Kiribati|aus|total|sti,Kiribati,aus,total,sti,2021,3,ar1,0.14296461524494913,0.1529877711585345,-0.01002315591358538,0.02127232980099197,-0.47118279978519234,0.47118279978519234
Kiribati|aus|total|sti,Kiribati,aus,total,sti,2020,5,holt,0.1529877711585345,0.1341609939299092,0.018826777228625302,0.04133456988610337,0.45547291965302,0.45547291965302
Kiribati|aus|total|sti,Kiribati,aus,total,sti,2021,5,holt,0.14296461524494913,0.1538228255940508,-0.010858210349101671,0.018826777228625302,-0.5767429134176099,0.5767429134176099
Kiribati|aus|total|sti,Kiribati,aus,total,sti,2020,5,ar1,0.1529877711585345,0.17916078287893444,-0.02617301172039993,0.04133456988610337,-0.6331990823303393,0.6331990823303393
Kiribati|aus|total|sti,Kiribati,aus,total,sti,2021,5,ar1,0.14296461524494913,0.15956199973992635,-0.01659738449497722,0.02617301172039993,-0.6341411784124478,0.6341411784124478
Kiribati|china|export|cwti,Kiribati,china,export,cwti,2015,1,naive,0.013986188639319667,0.0,0.013986188639319667,1.0,0.013986188639319667,0.013986188639319667
Kiribati|china|export|cwti,Kiribati,china,export,cwti,2016,1,naive,0.0,0.013986188639319667,-0.013986188639319667,0.013986188639319667,-1.0,1.0
Kiribati|china|export|cwti,Kiribati,china,export,cwti,2017,1,naive,6.415137240980651e-05,0.0,6.415137240980651e-05,0.020735923276655337,0.0030937311810961717,0.0030937311810961717
Kiribati|china|export|cwti,Kiribati,china,export,cwti,2018,1,naive,0.0,6.415137240980651e-05,-6.415137240980651e-05,0.020640812451920558,-0.003107986788758281,0.003107986788758281
Kiribati|china|export|cwti,Kiribati,china,export,cwti,2020,1,naive,0.0006268240976044551,0.0,0.0006268240976044551,0.010415517050695058,0.060181755217099404,0.060181755217099404
Kiribati|china|export|cwti,Kiribati,china,export,cwti,2021,1,naive,0.0,0.0006268240976044551,-0.0006268240976044551,0.0008342185823735861,-0.7513907156335029,0.7513907156335029
Kiribati|china|export|cwti,Kiribati,china,export,cwti,2017,3,holt,6.415137240980651e-05,0.03608436668944474,-0.03602021531703493,0.008074929775848097,-4.46074657203465,4.46074657203465
Kiribati|china|export|cwti,Kiribati,china,export,cwti,2018,3,holt,0.0,-0.025021805876176143,0.025021805876176143,0.03602021531703493,0.6946600861750724,0.6946600861750724
Kiribati|china|export|cwti,Kiribati,china,export,cwti,2020,3,holt,0.0006268240976044551,0.0001655105408173008,0.00046131355678715434,0.045250450310527365,0.010194673282175742,0.010194673282175742
Kiribati|china|export|cwti,Kiribati,china,export,cwti,2021,3,holt,0.0,1.6802103883381917e-05,-1.6802103883381917e-05,0.03641338591272611,-0.00046142657328413265,0.00046142657328413265
Kiribati|china|export|cwti,Kiribati,china,export,cwti,2017,3,ar1,6.415137240980651e-05,0.0,6.415137240980651e-05,0.008074929775848097,0.007944511493051195,0.007944511493051195
Kiribati|china|export|cwti,Kiribati,china,export,cwti,2018,3,ar1,0.0,6.415137240980651e-05,-6.415137240980651e-05,6.415137240980651e-05,-1.0,1.0
Kiribati|china|export|cwti,Kiribati,china,export,cwti,2020,3,ar1,0.0006268240976044551,0.0,0.0006268240976044551,9.511082473477913e-05,6.590460122203574,6.590460122203574
Kiribati|china|export|cwti,Kiribati,china,export,cwti,2021,3,ar1,0.0,0.0006268240976044551,-0.0006268240976044551,0.00019022164946955826,-3.295230061101787,3.295230061101787
Kiribati|china|export|cwti,Kiribati,china,export,cwti,2020,5,holt,0.0006268240976044551,0.003927070219149779,-0.0033002461215453235,0.00624770312123134,-0.5282335055790692,0.5282335055790692
Kiribati|china|export|cwti,Kiribati,china,export,cwti,2021,5,holt,0.0,-0.006352616051456317,0.006352616051456317,0.0033002461215453235,1.9248916042909359,1.9248916042909359
Kiribati|china|export|cwti,Kiribati,china,export,cwti,2020,5,ar1,0.0006268240976044551,0.004697811542728707,-0.0040709874451242516,0.00624770312123134,-0.6515974536770104,0.6515974536770104
Kiribati|china|export|cwti,Kiribati,china,export,cwti,2021,5,ar1,0.0,0.00022063009962349232,-0.00022063009962349232,0.0040709874451242516,-0.05419572096389956,0.05419572096389956
Kiribati|china|export|raw_usd,Kiribati,china,export,raw_usd,2017,1,naive,29584.333,817283.631,-787699.2980000001,1.0,-787699.2980000001,787699.2980000001
Kiribati|china|export|raw_usd,Kiribati,china,export,raw_usd,2020,1,naive,325795.078,29584.333,296210.745,787699.2980000001,0.3760454601801613,0.3760454601801613
Kiribati|china|export|sti,Kiribati,china,export,sti,2017,1,naive,0.0019403945376188065,0.08165724421309607,-0.07971684967547726,1.0,-0.07971684967547726,0.07971684967547726
Kiribati|china|export|sti,Kiribati,china,export,sti,2020,1,naive,0.01756866560681003,0.0019403945376188065,0.015628271069191225,0.07971684967547726,0.19604727398050753,0.19604727398050753
Kiribati|china|import|cwti,Kiribati,china,import,cwti,2015,1,naive,0.021513905498191332,0.007800172398813905,0.013713733099377427,1.0,0.013713733099377427,0.013713733099377427
Kiribati|china|import|cwti,Kiribati,china,import,cwti,2016,1,naive,0.0074083208205404155,0.021513905498191332,-0.014105584677650915,0.013713733099377427,-1.0285736622868413,1.0285736622868413
Kiribati|china|import|cwti,Kiribati,china,import,cwti,2017,1,naive,0.012635706114114471,0.0074083208205404155,0.005227385293574056,0.02062246026811111,0.253480197106126,0.253480197106126
Kiribati|china|import|cwti,Kiribati,china,import,cwti,2018,1,naive,0.018736228106152508,0.012635706114114471,0.006100521992038036,0.012581859256884076,0.4848664944888951,0.4848664944888951
Kiribati|china|import|cwti,Kiribati,china,import,cwti,2020,1,naive,0.03691054223685333,0.018736228106152508,0.018174314130700826,0.0062909296284420395,2.8889711384677703,2.8889711384677703
Kiribati|china|import|cwti,Kiribati,china,import,cwti,2021,1,naive,0.04607701021013477,0.03691054223685333,0.00916646797328144,0.011287346787741381,0.8121012090491168,0.8121012090491168
Kiribati|china|import|cwti,Kiribati,china,import,cwti,2017,3,holt,0.012635706114114471,0.03725725823059428,-0.02462155211647981,0.0005809591499482753,-42.38086639770102,42.38086639770102
Kiribati|china|import|cwti,Kiribati,china,import,cwti,2018,3,holt,0.018736228106152508,-0.01674292484080417,0.03547915294695668,0.02462155211647981,1.4409795442266051,1.4409795442266051
Kiribati|china|import|cwti,Kiribati,china,import,cwti,2020,3,holt,0.03691054223685333,0.02327383540794002,0.013636706828913311,0.04455265266352547,0.30608069359868806,0.30608069359868806
Kiribati|china|import|cwti,Kiribati,china,import,cwti,2021,3,holt,0.04607701021013477,0.033472768439347766,0.012604241770787006,0.0323836106146111,0.3892166911462344,0.3892166911462344
Kiribati|china|import|cwti,Kiribati,china,import,cwti,2017,3,ar1,0.012635706114114471,0.0074083208205404155,0.005227385293574056,0.0005809591499482753,8.997853453275445,8.997853453275445
Kiribati|china|import|cwti,Kiribati,china,import,cwti,2018,3,ar1,0.018736228106152508,0.012635706114114471,0.006100521992038036,0.005227385293574056,1.1670312497411113,1.1670312497411113
Kiribati|china|import|cwti,Kiribati,china,import,cwti,2020,3,ar1,0.03691054223685333,0.018736228106152508,0.018174314130700826,0.0006472562345713486,28.079009764559366,28.079009764559366
Kiribati|china|import|cwti,Kiribati,china,import,cwti,2021,3,ar1,0.04607701021013477,0.03691054223685333,0.00916646797328144,0.0012945124691426972,7.081019450783674,7.081019450783674
Kiribati|china|import|cwti,Kiribati,china,import,cwti,2020,5,holt,0.03691054223685333,0.02397800164282725,0.012932540594026085,0.0077501214362528945,1.668688768350298,1.668688768350298
Kiribati|china|import|cwti,Kiribati,china,import,cwti,2021,5,holt,0.04607701021013477,0.03318324642131496,0.01289376378881981,0.012932540594026085,0.997001609627718,0.997001609627718
Kiribati|china|import|cwti,Kiribati,china,import,cwti,2020,5,ar1,0.03691054223685333,0.010792592636870343,0.02611794959998299,0.0077501214362528945,3.3700052076359146,3.3700052076359146
Kiribati|china|import|cwti,Kiribati,china,import,cwti,2021,5,ar1,0.04607701021013477,0.02629459525171754,0.019782414958417233,0.02611794959998299,0.7574260331075192,0.7574260331075192
Kiribati|china|import|raw_usd,Kiribati,china,import,raw_usd,2015,1,naive,12821334.307,8157118.1729999995,4664216.134000001,1.0,4664216.134000001,4664216.134000001
Kiribati|china|import|raw_usd,Kiribati,china,import,raw_usd,2016,1,naive,8171117.659999999,12821334.307,-4650216.647000001,4664216.134000001,-0.996998533816229,0.996998533816229
Kiribati|china|import|raw_usd,Kiribati,china,import,raw_usd,2017,1,naive,10064370.7,8171117.659999999,1893253.04,6904789.020555301,0.27419419106997417,0.27419419106997417
Kiribati|china|import|raw_usd,Kiribati,china,import,raw_usd,2018,1,naive,20826895.783,10064370.7,10762525.083,4108229.8831644007,2.619747528517092,2.619747528517092
Kiribati|china|import|raw_usd,Kiribati,china,import,raw_usd,2020,1,naive,30812870.772,20826895.783,9985974.989,6574791.3654759005,1.5188276606670985,1.5188276606670985
Kiribati|china|import|raw_usd,Kiribati,china,import,raw_usd,2021,1,naive,27552852.43,30812870.772,-3260018.342,7890039.678422999,-0.413181488923968,0.413181488923968
Kiribati|china|import|raw_usd,Kiribati,china,import,raw_usd,2017,3,holt,10064370.7,18237704.80698,-8173334.10698,20755.639426199603,-393.7885959159078,393.7885959159078
Kiribati|china|import|raw_usd,Kiribati,china,import,raw_usd,2018,3,holt,20826895.783,244813.00026999786,20582082.782730002,8173334.10698,2.5181991233116205,2.5181991233116205
Kiribati|china|import|raw_usd,Kiribati,china,import,raw_usd,2020,3,holt,30812870.772,15713423.90903,15099446.86297,21316390.54034202,0.7083491379271628,0.7083491379271628
Kiribati|china|import|raw_usd,Kiribati,china,import,raw_usd,2021,3,holt,27552852.43,42188870.42926,-14636017.99926,8128556.0146361785,-1.8005680188346571,1.8005680188346571
Kiribati|china|import|raw_usd,Kiribati,china,import,raw_usd,2017,3,ar1,10064370.7,8171117.659999999,1893253.04,20755.639426199603,91.21631962878332,91.21631962878332
Kiribati|china|import|raw_usd,Kiribati,china,import,raw_usd,2018,3,ar1,20826895.783,10064370.7,10762525.083,1893253.04,5.684673340337011,5.684673340337011
Kiribati|china|import|raw_usd,Kiribati,china,import,raw_usd,2020,3,ar1,30812870.772,20826895.783,9985974.989,6574791.3654759005,1.5188276606670985,1.5188276606670985
Kiribati|china|import|raw_usd,Kiribati,china,import,raw_usd,2021,3,ar1,27552852.43,30812870.772,-3260018.342,1151313.1693644007,-2.8315652324204206,2.8315652324204206
Kiribati|china|import|raw_usd,Kiribati,china,import,raw_usd,2020,5,holt,30812870.772,24021830.482440576,6791040.289559424,2827692.5965301995,2.4016190083365365,2.4016190083365365
Kiribati|china|import|raw_usd,Kiribati,china,import,raw_usd,2021,5,holt,27552852.43,31867716.30782157,-4314863.877821572,6791040.289559424,-0.6353759797972724,0.6353759797972724
Kiribati|china|import|raw_usd,Kiribati,china,import,raw_usd,2020,5,ar1,30812870.772,7330867.296239281,23482003.47576072,2827692.5965301995,8.304298531097396,8.304298531097396
Kiribati|china|import|raw_usd,Kiribati,china,import,raw_usd,2021,5,ar1,27552852.43,42731934.01895703,-15179081.588957027,23482003.47576072,-0.6464133950335891,0.6464133950335891
Kiribati|china|import|sti,Kiribati,china,import,sti,2015,1,naive,0.11579017381208229,0.07003311271856204,0.04575706109352025,1.0,0.04575706109352025,0.04575706109352025
Kiribati|china|import|sti,Kiribati,china,import,sti,2016,1,naive,0.06867051389018511,0.11579017381208229,-0.04711965992189718,0.04575706109352025,-1.0297789848345371,1.0297789848345371
Kiribati|china|import|sti,Kiribati,china,import,sti,2017,1,naive,0.09328754516366931,0.06867051389018511,0.024617031273484205,0.06884951328872893,0.3575483703167174,0.3575483703167174
Kiribati|china|import|sti,Kiribati,china,import,sti,2018,1,naive,0.10144658139829975,0.09328754516366931,0.008159036234630435,0.031342208211185434,0.26032103991060307,0.26032103991060307
Kiribati|china|import|sti,Kiribati,china,import,sti,2020,1,naive,0.141298330621244,0.10144658139829975,0.03985174922294425,0.027871415827895017,1.429843014399676,1.429843014399676
Kiribati|china|import|sti,Kiribati,china,import,sti,2021,1,naive,0.15689478678003888,0.141298330621244,0.015596456158794875,0.0244006234446046,0.6391826911391283,0.6391826911391283
Kiribati|china|import|sti,Kiribati,china,import,sti,2017,3,holt,0.09328754516366931,0.1878001845858851,-0.09451263942221579,0.002020189022951635,-46.784057505730985,46.784057505730985
Kiribati|china|import|sti,Kiribati,china,import,sti,2018,3,holt,0.10144658139829975,-0.010504100802579158,0.1119506822008789,0.09451263942221579,1.18450487559407,1.18450487559407
Kiribati|china|import|sti,Kiribati,china,import,sti,2020,3,holt,0.141298330621244,0.13906542875247843,0.002232901868765569,0.15305126031920008,0.014589241957947172,0.014589241957947172
Kiribati|china|import|sti,Kiribati,china,import,sti,2021,3,holt,0.15689478678003888,0.12442012359510653,0.03247466318493235,0.14343493951800895,0.2264069221492229,0.2264069221492229
Kiribati|china|import|sti,Kiribati,china,import,sti,2017,3,ar1,0.09328754516366931,0.06867051389018511,0.024617031273484205,0.002020189022951635,12.185508877539108,12.185508877539108
Kiribati|china|import|sti,Kiribati,china,import,sti,2018,3,ar1,0.10144658139829975,0.09328754516366931,0.008159036234630435,0.024617031273484205,0.3314386752808327,0.3314386752808327
Kiribati|china|import|sti,Kiribati,china,import,sti,2020,3,ar1,0.141298330621244,0.10144658139829975,0.03985174922294425,0.0122003117223023,3.2664533603756065,3.2664533603756065
Kiribati|china|import|sti,Kiribati,china,import,sti,2021,3,ar1,0.15689478678003888,0.141298330621244,0.015596456158794875,0.022586992831869466,0.6905060923731651,0.6905060923731651
Kiribati|china|import|sti,Kiribati,china,import,sti,2020,5,holt,0.141298330621244,0.12014681427801865,0.021151516343225346,0.03336239723413707,0.6339927012673625,0.6339927012673625
Kiribati|china|import|sti,Kiribati,china,import,sti,2021,5,holt,0.15689478678003888,0.12668002079303337,0.03021476598700551,0.021151516343225346,1.4284917211944026,1.4284917211944026
Kiribati|china|import|sti,Kiribati,china,import,sti,2020,5,ar1,0.141298330621244,0.08470294200566891,0.05659538861557509,0.03336239723413707,1.6963825536393276,1.6963825536393276
Kiribati|china|import|sti,Kiribati,china,import,sti,2021,5,ar1,0.15689478678003888,0.09283192248087303,0.06406286429916584,0.05659538861557509,1.1319449493370155,1.1319449493370155
Kiribati|china|total|cwti,Kiribati,china,total,cwti,2015,1,naive,0.035500094137511,0.007800172398813905,0.027699921738697092,1.0,0.027699921738697092,0.027699921738697092
Kiribati|china|total|cwti,Kiribati,china,total,cwti,2016,1,naive,0.0074083208205404155,0.035500094137511,-0.028091773316970582,0.027699921738697092,-1.0141463063314748,1.0141463063314748
Kiribati|china|total|cwti,Kiribati,china,total,cwti,2017,1,naive,0.012699857486524278,0.0074083208205404155,0.005291536665983862,0.041358383544766446,0.1279435077595885,0.1279435077595885
Kiribati|china|total|cwti,Kiribati,china,total,cwti,2018,1,naive,0.018736228106152508,0.012699857486524278,0.00603637061962823,0.033222671708804635,0.1816943162349125,0.1816943162349125
Kiribati|china|total|cwti,Kiribati,china,total,cwti,2020,1,naive,0.037537366334457783,0.018736228106152508,0.018801138228305276,0.01661133585440232,1.131825784096865,1.131825784096865
Kiribati|china|total|cwti,Kiribati,china,total,cwti,2021,1,naive,0.04607701021013477,0.037537366334457783,0.008539643875676989,0.018925044456624587,0.45123507610507846,0.45123507610507846
Kiribati|china|total|cwti,Kiribati,china,total,cwti,2017,3,holt,0.012699857486524278,0.07918368165321497,-0.0664838241666907,0.000580959149948274,-114.4380360867199,114.4380360867199
Kiribati|china|total|cwti,Kiribati,china,total,cwti,2018,3,holt,0.018736228106152508,-0.041764730716980315,0.06050095882313282,0.0664838241666907,0.9100102104752966,0.9100102104752966
Kiribati|china|total|cwti,Kiribati,china,total,cwti,2020,3,holt,0.037537366334457783,0.02343934594875732,0.014098020385700464,0.09413381963035616,0.14976573181732605,0.14976573181732605
Kiribati|china|total|cwti,Kiribati,china,total,cwti,2021,3,holt,0.04607701021013477,0.03348957054323115,0.012587439666903621,0.06879699652733721,0.18296495926100304,0.18296495926100304
Kiribati|china|total|cwti,Kiribati,china,total,cwti,2017,3,ar1,0.012699857486524278,0.0074083208205404155,0.005291536665983862,0.000580959149948274,9.108276660166204,9.108276660166204
Kiribati|china|total|cwti,Kiribati,china,total,cwti,2018,3,ar1,0.018736228106152508,0.012699857486524278,0.00603637061962823,0.005291536665983862,1.1407594807822956,1.1407594807822956
Kiribati|china|total|cwti,Kiribati,china,total,cwti,2020,3,ar1,0.037537366334457783,0.018736228106152508,0.018801138228305276,0.0005521454098365698,34.05106316807061,34.05106316807061
Kiribati|china|total|cwti,Kiribati,china,total,cwti,2021,3,ar1,0.04607701021013477,0.037537366334457783,0.008539643875676989,0.0011042908196731397,7.733147576292129,7.733147576292129
Kiribati|china|total|cwti,Kiribati,china,total,cwti,2020,5,holt,0.037537366334457783,0.027905071861977025,0.009632294472480759,0.007845232260987673,1.2277895863427382,1.2277895863427382
Kiribati|china|total|cwti,Kiribati,china,total,cwti,2021,5,holt,0.04607701021013477,0.026830630369858645,0.019246379840276127,0.009632294472480759,1.9981095776569733,1.9981095776569733
Kiribati|china|total|cwti,Kiribati,china,total,cwti,2020,5,ar1,0.037537366334457783,0.016924406462999718,0.020612959871458066,0.007845232260987673,2.6274505566853676,2.6274505566853676
Kiribati|china|total|cwti,Kiribati,china,total,cwti,2021,5,ar1,0.04607701021013477,0.01393751682013466,0.032139493390000114,0.020612959871458066,1.559188665306741,1.559188665306741
Kiribati|china|total|sti,Kiribati,china,total,sti,2015,1,naive,0.11296068106418888,0.06441507119389976,0.04854560987028912,1.0,0.04854560987028912,0.04854560987028912
Kiribati|china|total|sti,Kiribati,china,total,sti,2016,1,naive,0.06273712274507161,0.11296068106418888,-0.050223558319117276,0.04854560987028912,-1.0345643705643317,1.0345643705643317
Kiribati|china|total|sti,Kiribati,china,total,sti,2017,1,naive,0.08197668277599396,0.06273712274507161,0.01923956003092235,0.07321758437880696,0.26277239537680375,0.26277239537680375
Kiribati|china|total|sti,Kiribati,china,total,sti,2018,1,naive,0.0939538108103156,0.08197668277599396,0.011977128034321646,0.043449149491845175,0.27565851517000567,0.27565851517000567
Kiribati|china|total|sti,Kiribati,china,total,sti,2020,1,naive,0.13160127940201263,0.0939538108103156,0.03764746859169703,0.027108215585002687,1.3887844618044525,1.3887844618044525
Kiribati|china|total|sti,Kiribati,china,total,sti,2021,1,naive,0.14935645069974812,0.13160127940201263,0.01775517129773549,0.027291565232204534,0.6505735800299234,0.6505735800299234
Kiribati|china|total|sti,Kiribati,china,total,sti,2017,3,holt,0.08197668277599396,0.1893103754849918,-0.10733369270899784,0.0024877263702326206,-43.14529684346328,43.14529684346328
Kiribati|china|total|sti,Kiribati,china,total,sti,2018,3,holt,0.0939538108103156,-0.02312273903965462,0.11707654984997022,0.10733369270899784,1.0907716570172157,1.0907716570172157
Kiribati|china|total|sti,Kiribati,china,total,sti,2020,3,holt,0.13160127940201263,0.11893069211855253,0.0126705872834601,0.166355312808963,0.07616581081489467,0.07616581081489467
Kiribati|china|total|sti,Kiribati,china,total,sti,2021,3,holt,0.14935645069974812,0.12329883839600775,0.026057612303740374,0.1547922801011079,0.1683392239375242,0.1683392239375242
Kiribati|china|total|sti,Kiribati,china,total,sti,2017,3,ar1,0.08197668277599396,0.06273712274507161,0.01923956003092235,0.0024877263702326206,7.733792695666651,7.733792695666651
Kiribati|china|total|sti,Kiribati,china,total,sti,2018,3,ar1,0.0939538108103156,0.08197668277599396,0.011977128034321646,0.01923956003092235,0.6225260876585367,0.6225260876585367
Kiribati|china|total|sti,Kiribati,china,total,sti,2020,3,ar1,0.13160127940201263,0.0939538108103156,0.03764746859169703,0.005383640839080102,6.992938369590386,6.992938369590386
Kiribati|china|total|sti,Kiribati,china,total,sti,2021,3,ar1,0.14935645069974812,0.13160127940201263,0.01775517129773549,0.010767281678160203,1.6489929239753391,1.6489929239753391
Kiribati|china|total|sti,Kiribati,china,total,sti,2020,5,holt,0.13160127940201263,0.11223556556247594,0.019365713839536697,0.026036845331612855,0.7437811145278669,0.7437811145278669
Kiribati|china|total|sti,Kiribati,china,total,sti,2021,5,holt,0.14935645069974812,0.11506310795725093,0.03429334274249719,0.019365713839536697,1.7708277126601197,1.7708277126601197
Kiribati|china|total|sti,Kiribati,china,total,sti,2020,5,ar1,0.13160127940201263,0.07879621572168491,0.052805063680327724,0.026036845331612855,2.0280899244047057,2.0280899244047057
Kiribati|china|total|sti,Kiribati,china,total,sti,2021,5,ar1,0.14935645069974812,0.08427438719996429,0.06508206349978383,0.052805063680327724,1.2324966388409044,1.2324966388409044
Kiribati|us|export|cwti,Kiribati,us,export,cwti,2015,1,naive,0.05839920368681459,0.0017256278370504077,0.05667357584976418,1.0,0.05667357584976418,0.05667357584976418
Kiribati|us|export|cwti,Kiribati,us,export,cwti,2016,1,naive,0.0017256278435051177,0.05839920368681459,-0.05667357584330947,0.05667357584976418,-0.9999999998861072,0.9999999998861072
Kiribati|us|export|cwti,Kiribati,us,export,cwti,2017,1,naive,0.06459522574169538,0.0017256278435051177,0.06286959789819026,0.08402424355007548,0.7482316441292589,0.7482316441292589
Kiribati|us|export|cwti,Kiribati,us,export,cwti,2018,1,naive,0.0,0.06459522574169538,-0.06459522574169538,0.009186222288996503,-7.031750779541795,7.031750779541795
Kiribati|us|export|cwti,Kiribati,us,export,cwti,2020,1,naive,0.0,0.0,0.0,0.08861735469457374,0.0,0.0
Kiribati|us|export|cwti,Kiribati,us,export,cwti,2021,1,naive,0.0,0.0,0.0,0.08402424355486036,0.0,0.0
Kiribati|us|export|cwti,Kiribati,us,export,cwti,2017,3,holt,0.06459522574169538,0.14794345353079746,-0.08334822778910209,9.569750519106134e-12,-8709550747.712414,8709550747.712414
Kiribati|us|export|cwti,Kiribati,us,export,cwti,2018,3,holt,0.0,-0.08651745735739885,0.08651745735739885,0.08334822778910209,1.0380239586655153,1.0380239586655153
Kiribati|us|export|cwti,Kiribati,us,export,cwti,2020,3,holt,0.0,0.16356680857369993,-0.16356680857369993,0.12592143239910114,-1.2989592435327753,1.2989592435327753
Kiribati|us|export|cwti,Kiribati,us,export,cwti,2021,3,holt,0.0,-0.11562545407763472,0.11562545407763472,0.11893206787124476,0.9721974581557788,0.9721974581557788
Kiribati|us|export|cwti,Kiribati,us,export,cwti,2017,3,ar1,0.06459522574169538,0.0017256278435051177,0.06286959789819026,9.569750519106134e-12,6569617230.111722,6569617230.111722
Kiribati|us|export|cwti,Kiribati,us,export,cwti,2018,3,ar1,0.0,0.06459522574169538,-0.06459522574169538,0.06286959789819026,-1.0274477315140391,1.0274477315140391
Kiribati|us|export|cwti,Kiribati,us,export,cwti,2020,3,ar1,0.0,0.0,0.0,0.09448967376424723,0.0,0.0
Kiribati|us|export|cwti,Kiribati,us,export,cwti,2021,3,ar1,0.0,0.0,0.0,0.09321046584385687,0.0,0.0
Kiribati|us|export|cwti,Kiribati,us,export,cwti,2020,5,holt,0.0,0.02826565013091155,-0.02826565013091155,0.002558415840780686,-11.048106285288808,11.048106285288808
Kiribati|us|export|cwti,Kiribati,us,export,cwti,2021,5,holt,0.0,-0.02989237062010969,0.02989237062010969,0.02826565013091155,1.0575511435846703,1.0575511435846703
Kiribati|us|export|cwti,Kiribati,us,export,cwti,2020,5,ar1,0.0,0.06312342705341097,-0.06312342705341097,0.002558415840780686,-24.672856557262875,24.672856557262875
Kiribati|us|export|cwti,Kiribati,us,export,cwti,2021,5,ar1,0.0,0.03222955066332086,-0.03222955066332086,0.06312342705341097,-0.5105798618324429,0.5105798618324429
Kiribati|us|export|raw_usd,Kiribati,us,export,raw_usd,2015,1,naive,1712686.698,260578.192,1452108.506,1.0,1452108.506,1452108.506
Kiribati|us|export|raw_usd,Kiribati,us,export,raw_usd,2016,1,naive,288666.8,1712686.698,-1424019.898,1452108.506,-0.9806566741507676,0.9806566741507676
Kiribati|us|export|raw_usd,Kiribati,us,export,raw_usd,2017,1,naive,1927911.659,288666.8,1639244.859,2132073.9858852,0.7688498944465165,0.7688498944465165
Kiribati|us|export|raw_usd,Kiribati,us,export,raw_usd,2017,3,holt,1927911.659,3408929.78032,-1481018.12132,41644.170220799926,-35.56363624170086,35.56363624170086
Kiribati|us|export|raw_usd,Kiribati,us,export,raw_usd,2017,3,ar1,1927911.659,288666.8,1639244.859,41644.170220799926,39.36312934820466,39.36312934820466
Kiribati|us|export|sti,Kiribati,us,export,sti,2015,1,naive,0.17111963418132758,0.02565117645813987,0.14546845772318773,1.0,0.14546845772318773,0.14546845772318773
Kiribati|us|export|sti,Kiribati,us,export,sti,2016,1,naive,0.025651176511845803,0.17111963418132758,-0.14546845766948177,0.14546845772318773,-0.9999999996308069,0.9999999996308069
Kiribati|us|export|sti,Kiribati,us,export,sti,2017,1,naive,0.12644899758717598,0.025651176511845803,0.10079782107533018,0.21567153538058592,0.4673672902520807,0.4673672902520807
Kiribati|us|export|sti,Kiribati,us,export,sti,2017,3,holt,0.12644899758717598,0.40095979739524246,-0.2745107998080665,7.9624409732304e-11,-3447570923.6773925,3447570923.6773925
Kiribati|us|export|sti,Kiribati,us,export,sti,2017,3,ar1,0.12644899758717598,0.025651176511845803,0.10079782107533018,7.9624409732304e-11,1265916085.4593565,1265916085.4593565
Kiribati|us|import|cwti,Kiribati,us,import,cwti,2015,1,naive,0.0005689128983793031,0.002562667897165212,-0.001993754998785909,1.0,-0.001993754998785909,0.001993754998785909
Kiribati|us|import|cwti,Kiribati,us,import,cwti,2016,1,naive,0.002362924483568457,0.0005689128983793031,0.001794011585189154,0.001993754998785909,0.8998154669363145,0.8998154669363145
Kiribati|us|import|cwti,Kiribati,us,import,cwti,2017,1,naive,0.001194499791578132,0.002362924483568457,-0.0011684246919903252,0.002807871368700714,-0.41612472174285897,0.41612472174285897
Kiribati|us|import|cwti,Kiribati,us,import,cwti,2018,1,naive,0.0,0.001194499791578132,-0.001194499791578132,0.0012236347128551323,-0.9761898539074466,0.9761898539074466
Kiribati|us|import|cwti,Kiribati,us,import,cwti,2020,1,naive,0.0,0.0,0.0,0.0006118173564275661,0.0,0.0
Kiribati|us|import|cwti,Kiribati,us,import,cwti,2021,1,naive,0.0,0.0,0.0,0.0012236347128551323,0.0,0.0
Kiribati|us|import|cwti,Kiribati,us,import,cwti,2017,3,holt,0.001194499791578132,-0.002623166116557751,0.003817665908135883,0.00029613958499854896,12.891440731081557,12.891440731081557
Kiribati|us|import|cwti,Kiribati,us,import,cwti,2018,3,holt,0.0,0.005328836035739074,-0.005328836035739074,0.003817665908135883,-1.3958361375684327,1.3958361375684327
Kiribati|us|import|cwti,Kiribati,us,import,cwti,2020,3,holt,0.0,-0.0011478253633159577,0.0011478253633159577,0.0067803018909945055,0.16928823845446794,0.16928823845446794
Kiribati|us|import|cwti,Kiribati,us,import,cwti,2021,3,holt,0.0,-0.0021381546269248564,0.0021381546269248564,0.003958305591750021,0.5401691651552222,0.5401691651552222
Kiribati|us|import|cwti,Kiribati,us,import,cwti,2017,3,ar1,0.001194499791578132,0.002362924483568457,-0.0011684246919903252,0.00029613958499854896,-3.9455201235459634,3.9455201235459634
Kiribati|us|import|cwti,Kiribati,us,import,cwti,2018,3,ar1,0.0,0.001194499791578132,-0.001194499791578132,0.0011684246919903252,-1.022316457163696,1.022316457163696
Kiribati|us|import|cwti,Kiribati,us,import,cwti,2020,3,ar1,0.0,0.0,0.0,1.932947132444112e-05,0.0,0.0
Kiribati|us|import|cwti,Kiribati,us,import,cwti,2021,3,ar1,0.0,0.0,0.0,3.865894264888224e-05,0.0,0.0
Kiribati|us|import|cwti,Kiribati,us,import,cwti,2020,5,holt,0.0,-0.0009284447665544622,0.0009284447665544622,0.0017323064483448561,0.5359587314597547,0.5359587314597547
Kiribati|us|import|cwti,Kiribati,us,import,cwti,2021,5,holt,0.0,0.0003554944836372982,-0.0003554944836372982,0.0009284447665544622,-0.3828924416867237,0.3828924416867237
Kiribati|us|import|cwti,Kiribati,us,import,cwti,2020,5,ar1,0.0,0.0018170831574318073,-0.0018170831574318073,0.0017323064483448561,-1.0489386327505459,1.0489386327505459
Kiribati|us|import|cwti,Kiribati,us,import,cwti,2021,5,ar1,0.0,0.000722737139101604,-0.000722737139101604,0.0018170831574318073,-0.39774576972200426,0.39774576972200426
Kiribati|us|import|raw_usd,Kiribati,us,import,raw_usd,2015,1,naive,2291220.666,4420392.5940000005,-2129171.9280000003,1.0,-2129171.9280000003,2129171.9280000003
Kiribati|us|import|raw_usd,Kiribati,us,import,raw_usd,2016,1,naive,4311242.9399999995,2291220.666,2020022.2739999993,2129171.9280000003,0.9487361013149704,0.9487361013149704
Kiribati|us|import|raw_usd,Kiribati,us,import,raw_usd,2017,1,naive,2544251.6270000003,4311242.9399999995,-1766991.3129999992,3075797.6619425993,-0.5744822992953348,0.5744822992953348
Kiribati|us|import|raw_usd,Kiribati,us,import,raw_usd,2017,3,holt,2544251.6270000003,-1095792.4075800003,3640044.0345800007,161825.27702040153,22.49366787193014,22.49366787193014
Kiribati|us|import|raw_usd,Kiribati,us,import,raw_usd,2017,3,ar1,2544251.6270000003,4311242.9399999995,-1766991.3129999992,161825.27702040153,-10.919130469198778,10.919130469198778
Kiribati|us|import|sti,Kiribati,us,import,sti,2015,1,naive,0.020692139585903317,0.0379513752565932,-0.017259235670689883,1.0,-0.017259235670689883,0.017259235670689883
Kiribati|us|import|sti,Kiribati,us,import,sti,2016,1,naive,0.03623191838792253,0.020692139585903317,0.015539778802019212,0.017259235670689883,0.9003746804622003,0.9003746804622003
Kiribati|us|import|sti,Kiribati,us,import,sti,2017,1,naive,0.023582894115923382,0.03623191838792253,-0.012649024271999147,0.024313909428619253,-0.5202381916052676,0.5202381916052676
Kiribati|us|import|sti,Kiribati,us,import,sti,2017,3,holt,0.023582894115923382,-0.006938538716207528,0.03052143283213091,0.0025492667534911372,11.97263204814985,11.97263204814985
Kiribati|us|import|sti,Kiribati,us,import,sti,2017,3,ar1,0.023582894115923382,0.03623191838792253,-0.012649024271999147,0.0025492667534911372,-4.961828437403313,4.961828437403313
Kiribati|us|total|cwti,Kiribati,us,total,cwti,2015,1,naive,0.058968116585193894,0.00428829573421562,0.05467982085097828,1.0,0.05467982085097828,0.05467982085097828
Kiribati|us|total|cwti,Kiribati,us,total,cwti,2016,1,naive,0.0040885523270735745,0.058968116585193894,-0.05487956425812032,0.05467982085097828,-1.0036529638179763,1.0036529638179763
Kiribati|us|total|cwti,Kiribati,us,total,cwti,2017,1,naive,0.06578972553327352,0.0040885523270735745,0.061701173206199944,0.08121637218137479,0.7597134857046689,0.7597134857046689
Kiribati|us|total|cwti,Kiribati,us,total,cwti,2018,1,naive,0.0,0.06578972553327352,-0.06578972553327352,0.010409857001851642,-6.319945175190326,6.319945175190326
Kiribati|us|total|cwti,Kiribati,us,total,cwti,2020,1,naive,0.0,0.0,0.0,0.08642130068230061,0.0,0.0
Kiribati|us|total|cwti,Kiribati,us,total,cwti,2021,1,naive,0.0,0.0,0.0,0.08136444196908918,0.0,0.0
Kiribati|us|total|cwti,Kiribati,us,total,cwti,2017,3,holt,0.06578972553327352,0.12231281654132903,-0.05652309100805551,0.0002961395754287952,-190.86638766943904,190.86638766943904
Kiribati|us|total|cwti,Kiribati,us,total,cwti,2018,3,holt,0.0,-0.0811886213216598,0.0811886213216598,0.05652309100805551,1.4363797144442971,1.4363797144442971
Kiribati|us|total|cwti,Kiribati,us,total,cwti,2020,3,holt,0.0,0.16241898321038395,-0.16241898321038395,0.10208569235001794,-1.59100633469285,1.59100633469285
Kiribati|us|total|cwti,Kiribati,us,total,cwti,2021,3,holt,0.0,-0.1177636087045596,0.1177636087045596,0.15700124977917213,0.7500807087217352,0.7500807087217352
Kiribati|us|total|cwti,Kiribati,us,total,cwti,2017,3,ar1,0.06578972553327352,0.0040885523270735745,0.061701173206199944,0.0002961395754287952,208.35166362638208,208.35166362638208
Kiribati|us|total|cwti,Kiribati,us,total,cwti,2018,3,ar1,0.0,0.06578972553327352,-0.06578972553327352,0.061701173206199944,-1.0662637696273616,1.0662637696273616
Kiribati|us|total|cwti,Kiribati,us,total,cwti,2020,3,ar1,0.0,0.0,0.0,0.09450900323557165,0.0,0.0
Kiribati|us|total|cwti,Kiribati,us,total,cwti,2021,3,ar1,0.0,0.0,0.0,0.09147815939551203,0.0,0.0
Kiribati|us|total|cwti,Kiribati,us,total,cwti,2020,5,holt,0.0,0.02733720536435709,-0.02733720536435709,0.006357827255548077,-4.299771646123544,4.299771646123544
Kiribati|us|total|cwti,Kiribati,us,total,cwti,2021,5,holt,0.0,-0.02953687613647239,0.02953687613647239,0.02733720536435709,1.0804643614004263,1.0804643614004263
Kiribati|us|total|cwti,Kiribati,us,total,cwti,2020,5,ar1,0.0,0.06662875258840315,-0.06662875258840315,0.006357827255548077,-10.479799137395627,10.479799137395627
Kiribati|us|total|cwti,Kiribati,us,total,cwti,2021,5,ar1,0.0,0.03274079716473736,-0.03274079716473736,0.06662875258840315,-0.4913914172608411,0.4913914172608411
Kiribati|us|total|sti,Kiribati,us,total,sti,2015,1,naive,0.03316201867457585,0.03696465590443457,-0.00380263722985872,1.0,-0.00380263722985872,0.00380263722985872
Kiribati|us|total|sti,Kiribati,us,total,sti,2016,1,naive,0.03531770242244075,0.03316201867457585,0.0021556837478649005,0.00380263722985872,0.5668917694641598,0.5668917694641598
Kiribati|us|total|sti,Kiribati,us,total,sti,2017,1,naive,0.036320065803771326,0.03531770242244075,0.0010023633813305774,0.0044169033407865195,0.22693803871018972,0.22693803871018972
Kiribati|us|total|sti,Kiribati,us,total,sti,2017,3,holt,0.036320065803771326,0.026807991620180372,0.009512074183590954,0.0024417732324040365,3.8955600206272574,3.8955600206272574
Kiribati|us|total|sti,Kiribati,us,total,sti,2017,3,ar1,0.036320065803771326,0.03531770242244075,0.0010023633813305774,0.0024417732324040365,0.41050633532570313,0.41050633532570313
Palau|aus|export|cwti,Palau,aus,export,cwti,2015,1,naive,3.209915990403125e-05,0.001171726114272085,-0.0011396269543680537,1.0,-0.0011396269543680537,0.0011396269543680537
Palau|aus|export|cwti,Palau,aus,export,cwti,2016,1,naive,0.0,3.209915990403125e-05,-3.209915990403125e-05,0.0011396269543680537,-0.028166374778166674,0.028166374778166674
Palau|aus|export|cwti,Palau,aus,export,cwti,2017,1,naive,0.034890462158715656,0.0,0.034890462158715656,0.0008210103540361798,42.496981904296575,42.496981904296575
Palau|aus|export|cwti,Palau,aus,export,cwti,2018,1,naive,4.727503296895297e-08,0.034890462158715656,-0.034890414883682684,0.0016420207080723595,-21.248462161382896,21.248462161382896
Palau|aus|export|cwti,Palau,aus,export,cwti,2017,3,holt,0.034890462158715656,-0.0020145739119946317,0.03690503607071029,4.759021447371675e-05,775.4753047203076,775.4753047203076
Palau|aus|export|cwti,Palau,aus,export,cwti,2018,3,holt,4.727503296895297e-08,0.007269539557102072,-0.007269492282069103,0.03690503607071029,-0.19697832751445382,0.19697832751445382
Palau|aus|export|cwti,Palau,aus,export,cwti,2017,3,ar1,0.034890462158715656,0.0,0.034890462158715656,4.759021447371675e-05,733.1436209009953,733.1436209009953
Palau|aus|export|cwti,Palau,aus,export,cwti,2018,3,ar1,4.727503296895297e-08,0.034890462158715656,-0.034890414883682684,0.034890462158715656,-0.9999986450442314,0.9999986450442314
Palau|aus|export|raw_usd,Palau,aus,export,raw_usd,2015,1,naive,31350.0,168000.0,-136650.0,1.0,-136650.0,136650.0
Palau|aus|export|raw_usd,Palau,aus,export,raw_usd,2017,1,naive,534390.0,31350.0,503040.0,136650.0,3.681229418221734,3.681229418221734
Palau|aus|export|raw_usd,Palau,aus,export,raw_usd,2018,1,naive,1760.0,534390.0,-532630.0,474202.197,-1.123212847535584,1.123212847535584
Palau|aus|export|raw_usd,Palau,aus,export,raw_usd,2018,3,holt,1760.0,-107615.1,109375.1,202597.28999999998,0.5398645756811457,0.5398645756811457
Palau|aus|export|raw_usd,Palau,aus,export,raw_usd,2018,3,ar1,1760.0,534390.0,-532630.0,202597.28999999998,-2.62900851240409,2.62900851240409
Palau|aus|export|sti,Palau,aus,export,sti,2015,1,naive,0.004910199730009496,0.014736359941907164,-0.009826160211897668,1.0,-0.009826160211897668,0.009826160211897668
Palau|aus|export|sti,Palau,aus,export,sti,2017,1,naive,0.08324143140145432,0.004910199730009496,0.07833123167144482,0.009826160211897668,7.971703084649499,7.971703084649499
Palau|aus|export|sti,Palau,aus,export,sti,2018,1,naive,0.00020415482798241883,0.08324143140145432,-0.0830372765734719,0.06535107460312178,-1.2706336824261686,1.2706336824261686
Palau|aus|export|sti,Palau,aus,export,sti,2018,3,holt,0.00020415482798241883,0.003770931601716083,-0.003566776773733664,0.014568265130159484,-0.24483195094724483,0.24483195094724483
Palau|aus|export|sti,Palau,aus,export,sti,2018,3,ar1,0.00020415482798241883,0.08324143140145432,-0.0830372765734719,0.014568265130159484,-5.699874064041204,5.699874064041204
Palau|aus|import|cwti,Palau,aus,import,cwti,2015,1,naive,0.0008013728237092529,0.00014519652663261352,0.0006561762970766394,1.0,0.0006561762970766394,0.0006561762970766394
Palau|aus|import|cwti,Palau,aus,import,cwti,2016,1,naive,0.0002179074122726636,0.0008013728237092529,-0.0005834654114365893,0.0006561762970766394,-0.8891900149944646,0.8891900149944646
Palau|aus|import|cwti,Palau,aus,import,cwti,2017,1,naive,0.0,0.0002179074122726636,-0.0002179074122726636,0.0009189463985208563,-0.23712744576115558,0.23712744576115558
Palau|aus|import|cwti,Palau,aus,import,cwti,2018,1,naive,0.0006653935535048059,0.0,0.0006653935535048059,0.0005419762895604361,1.2277170908056994,1.2277170908056994
Palau|aus|import|cwti,Palau,aus,import,cwti,2017,3,holt,0.0,0.0018534006590747534,-0.0018534006590747534,0.00010780115904993827,-17.192771166923876,17.192771166923876
Palau|aus|import|cwti,Palau,aus,import,cwti,2018,3,holt,0.0006653935535048059,-0.0008722562307760906,0.0015376497842808966,0.0018534006590747534,0.8296370117017847,0.8296370117017847
Palau|aus|import|cwti,Palau,aus,import,cwti,2017,3,ar1,0.0,0.0002179074122726636,-0.0002179074122726636,0.00010780115904993827,-2.0213828329222254,2.0213828329222254
Palau|aus|import|cwti,Palau,aus,import,cwti,2018,3,ar1,0.0006653935535048059,0.0,0.0006653935535048059,0.0002179074122726636,3.0535608980212703,3.0535608980212703
Palau|aus|import|raw_usd,Palau,aus,import,raw_usd,2015,1,naive,3246202.0,1393342.0,1852860.0,1.0,1852860.0,1852860.0
Palau|aus|import|raw_usd,Palau,aus,import,raw_usd,2016,1,naive,1717605.0,3246202.0,-1528597.0,1852860.0,-0.8249932536727006,0.8249932536727006
Palau|aus|import|raw_usd,Palau,aus,import,raw_usd,2017,1,naive,0.0,1717605.0,-1717605.0,2506674.0741,-0.6852127357708806,0.6852127357708806
Palau|aus|import|raw_usd,Palau,aus,import,raw_usd,2018,1,naive,1882907.01,0.0,1882907.01,280223.2608,6.7193101836890765,6.7193101836890765
Palau|aus|import|raw_usd,Palau,aus,import,raw_usd,2017,3,holt,0.0,6241816.029999999,-6241816.029999999,480752.32379999995,-12.983433924277165,12.983433924277165
Palau|aus|import|raw_usd,Palau,aus,import,raw_usd,2018,3,holt,1882907.01,-1379280.68,3262187.69,6241816.029999999,0.522634386262102,0.522634386262102
Palau|aus|import|raw_usd,Palau,aus,import,raw_usd,2017,3,ar1,0.0,1717605.0,-1717605.0,480752.32379999995,-3.5727440408890234,3.5727440408890234
Palau|aus|import|raw_usd,Palau,aus,import,raw_usd,2018,3,ar1,1882907.01,0.0,1882907.01,1717605.0,1.0962398281327779,1.0962398281327779
Palau|aus|import|sti,Palau,aus,import,sti,2015,1,naive,0.021595871376474368,0.008445079014779127,0.013150792361695241,1.0,0.013150792361695241,0.013150792361695241
Palau|aus|import|sti,Palau,aus,import,sti,2016,1,naive,0.011188993543645108,0.021595871376474368,-0.01040687783282926,0.013150792361695241,-0.7913498705326476,0.7913498705326476
Palau|aus|import|sti,Palau,aus,import,sti,2018,1,naive,0.012131450908015854,0.011188993543645108,0.0009424573643707461,0.017463300915201013,0.05396788207150342,0.05396788207150342
Palau|aus|import|sti,Palau,aus,import,sti,2018,3,holt,0.012131450908015854,0.04295034535901471,-0.030818894450998856,0.004068127680496703,-7.575694980949071,7.575694980949071
Palau|aus|import|sti,Palau,aus,import,sti,2018,3,ar1,0.012131450908015854,0.011188993543645108,0.0009424573643707461,0.004068127680496703,0.2316685803371038,0.2316685803371038
Palau|aus|total|cwti,Palau,aus,total,cwti,2015,1,naive,0.0008334719836132842,0.0013169226409046986,-0.0004834506572914144,1.0,-0.0004834506572914144,0.0004834506572914144
Palau|aus|total|cwti,Palau,aus,total,cwti,2016,1,naive,0.0002179074122726636,0.0008334719836132842,-0.0006155645713406205,0.0004834506572914144,-1.2732727984886583,1.2732727984886583
Palau|aus|total|cwti,Palau,aus,total,cwti,2017,1,naive,0.034890462158715656,0.0002179074122726636,0.03467255474644299,9.793604448467649e-05,354.0326233194768,354.0326233194768
Palau|aus|total|cwti,Palau,aus,total,cwti,2018,1,naive,0.0006654408285377748,0.034890462158715656,-0.03422502133017788,0.00019587208896935297,-174.73148680990928,174.73148680990928
Palau|aus|total|cwti,Palau,aus,total,cwti,2017,3,holt,0.034890462158715656,-0.00019155945315119544,0.035082021611866854,0.0007167639445002509,48.94501443753156,48.94501443753156
Palau|aus|total|cwti,Palau,aus,total,cwti,2018,3,holt,0.0006654408285377748,0.006397283326325981,-0.0057318424977882065,0.035082021611866854,-0.16338404215136085,0.16338404215136085
Palau|aus|total|cwti,Palau,aus,total,cwti,2017,3,ar1,0.034890462158715656,0.0002179074122726636,0.03467255474644299,0.0007167639445002509,48.37374286539723,48.37374286539723
Palau|aus|total|cwti,Palau,aus,total,cwti,2018,3,ar1,0.0006654408285377748,0.034890462158715656,-0.03422502133017788,0.03467255474644299,-0.987092574529397,0.987092574529397
Palau|aus|total|sti,Palau,aus,total,sti,2015,1,naive,0.02091602370457841,0.008851697051110347,0.012064326653468061,1.0,0.012064326653468061,0.012064326653468061
Palau|aus|total|sti,Palau,aus,total,sti,2016,1,naive,0.010731803123620416,0.02091602370457841,-0.010184220580957993,0.012064326653468061,-0.844159883388966,0.844159883388966
Palau|aus|total|sti,Palau,aus,total,sti,2017,1,naive,0.08324143140145432,0.010731803123620416,0.0725096282778339,0.016492848064880033,4.39642856058538,4.39642856058538
Palau|aus|total|sti,Palau,aus,total,sti,2018,1,naive,0.011503822549217502,0.08324143140145432,-0.07173760885223682,0.032985696129760066,-2.174809607474506,2.174809607474506
Palau|aus|total|sti,Palau,aus,total,sti,2017,3,holt,0.08324143140145432,0.04037248209228506,0.042868949309169256,0.0027874452631034274,15.379297264277298,15.379297264277298
Palau|aus|total|sti,Palau,aus,total,sti,2018,3,holt,0.011503822549217502,0.007729070222050731,0.0037747523271667704,0.042868949309169256,0.0880532970365893,0.0880532970365893
Palau|aus|total|sti,Palau,aus,total,sti,2017,3,ar1,0.08324143140145432,0.010731803123620416,0.0725096282778339,0.0027874452631034274,26.012933504963126,26.012933504963126
Palau|aus|total|sti,Palau,aus,total,sti,2018,3,ar1,0.011503822549217502,0.08324143140145432,-0.07173760885223682,0.0725096282778339,-0.9893528701783031,0.9893528701783031
Palau|china|export|cwti,Palau,china,export,cwti,2015,1,naive,4.450318124759677e-06,6.913339682030596e-05,-6.468307869554629e-05,1.0,-6.468307869554629e-05,6.468307869554629e-05
Palau|china|export|cwti,Palau,china,export,cwti,2016,1,naive,1.0336960437914235e-05,4.450318124759677e-06,5.8866423131545574e-06,6.468307869554629e-05,0.09100745406479668,0.09100745406479668
Palau|china|export|cwti,Palau,china,export,cwti,2017,1,naive,0.0,1.0336960437914235e-05,-1.0336960437914235e-05,5.231333418374993e-05,-0.19759704861490554,0.19759704861490554
Palau|china|export|cwti,Palau,china,export,cwti,2018,1,naive,0.0009124195288116946,0.0,0.0009124195288116946,2.4053113438734594e-05,37.93353118862171,37.93353118862171
Palau|china|export|cwti,Palau,china,export,cwti,2017,3,holt,0.0,-0.00011009619785450569,0.00011009619785450569,8.727535893482945e-06,12.614808944723688,12.614808944723688
Palau|china|export|cwti,Palau,china,export,cwti,2018,3,holt,0.0009124195288116946,1.8703288486498904e-05,0.0008937162403251956,0.00011009619785450569,8.117594047219137,8.117594047219137
Palau|china|export|cwti,Palau,china,export,cwti,2017,3,ar1,0.0,1.0336960437914235e-05,-1.0336960437914235e-05,8.727535893482945e-06,-1.1844076683354674,1.1844076683354674
Palau|china|export|cwti,Palau,china,export,cwti,2018,3,ar1,0.0009124195288116946,0.0,0.0009124195288116946,1.0336960437914235e-05,88.26768122910609,88.26768122910609
Palau|china|export|raw_usd,Palau,china,export,raw_usd,2015,1,naive,3060.0,23940.0,-20880.0,1.0,-20880.0,20880.0
Palau|china|export|raw_usd,Palau,china,export,raw_usd,2016,1,naive,7660.0,3060.0,4600.0,20880.0,0.22030651340996169,0.22030651340996169
Palau|china|export|raw_usd,Palau,china,export,raw_usd,2018,1,naive,10000.0,7660.0,2340.0,18888.324,0.12388605786304809,0.12388605786304809
Palau|china|export|raw_usd,Palau,china,export,raw_usd,2018,3,holt,10000.0,-33349.2,43349.2,6819.96,6.356224963196264,6.356224963196264
Palau|china|export|raw_usd,Palau,china,export,raw_usd,2018,3,ar1,10000.0,7660.0,2340.0,6819.96,0.3431105167772245,0.3431105167772245
Palau|china|export|sti,Palau,china,export,sti,2015,1,naive,0.0004792730836947068,0.002099931291721771,-0.0016206582080270642,1.0,-0.0016206582080270642,0.0016206582080270642
Palau|china|export|sti,Palau,china,export,sti,2016,1,naive,0.0011713105971650308,0.0004792730836947068,0.0006920375134703239,0.0016206582080270642,0.42701015552982485,0.42701015552982485
Palau|china|export|sti,Palau,china,export,sti,2018,1,naive,0.0011599706135364707,0.0011713105971650308,-1.133998362856008e-05,0.0017144013383460135,-0.0066145443163853615,0.0066145443163853615
Palau|china|export|sti,Palau,china,export,sti,2018,3,holt,0.0011599706135364707,-0.00227637723084497,0.003436347844381441,0.001026014817471102,3.349218535509334,3.349218535509334
Palau|china|export|sti,Palau,china,export,sti,2018,3,ar1,0.0011599706135364707,0.0011713105971650308,-1.133998362856008e-05,0.001026014817471102,-0.01105245600303377,0.01105245600303377
Palau|china|import|cwti,Palau,china,import,cwti,2015,1,naive,0.005184799841556862,0.005457727921009727,-0.00027292807945286483,1.0,-0.00027292807945286483,0.00027292807945286483
Palau|china|import|cwti,Palau,china,import,cwti,2016,1,naive,0.004818113684552429,0.005184799841556862,-0.00036668615700443264,0.00027292807945286483,-1.3435266819724938,1.3435266819724938
Palau|china|import|cwti,Palau,china,import,cwti,2017,1,naive,0.0,0.004818113684552429,-0.004818113684552429,6.950286288897722e-05,-69.32252117799534,69.32252117799534
Palau|china|import|cwti,Palau,china,import,cwti,2018,1,naive,0.008067567145039457,0.0,0.008067567145039457,0.00013900572577795443,58.037660678283586,58.037660678283586
Palau|china|import|cwti,Palau,china,import,cwti,2017,3,holt,0.0,0.004560186897507815,-0.004560186897507815,0.0004046431705968174,-11.269649975265596,11.269649975265596
Palau|china|import|cwti,Palau,china,import,cwti,2018,3,holt,0.008067567145039457,0.003149941589758485,0.004917625555280972,0.004560186897507815,1.0783824579576993,1.0783824579576993
Palau|china|import|cwti,Palau,china,import,cwti,2017,3,ar1,0.0,0.004818113684552429,-0.004818113684552429,0.0004046431705968174,-11.907067843122334,11.907067843122334
Palau|china|import|cwti,Palau,china,import,cwti,2018,3,ar1,0.008067567145039457,0.0,0.008067567145039457,0.004818113684552429,1.6744244061540612,1.6744244061540612
Palau|china|import|raw_usd,Palau,china,import,raw_usd,2015,1,naive,8269070.0,7803297.0,465773.0,1.0,465773.0,465773.0
Palau|china|import|raw_usd,Palau,china,import,raw_usd,2016,1,naive,7994219.0,8269070.0,-274851.0,465773.0,-0.5900964632986455,0.5900964632986455
Palau|china|import|raw_usd,Palau,china,import,raw_usd,2017,1,naive,0.0,7994219.0,-7994219.0,549024.5712,-14.560767257696826,14.560767257696826
Palau|china|import|raw_usd,Palau,china,import,raw_usd,2018,1,naive,8904665.93,0.0,8904665.93,1098049.1424,8.109533158540719,8.109533158540719
Palau|china|import|raw_usd,Palau,china,import,raw_usd,2017,3,holt,0.0,9045084.96,-9045084.96,283060.9572,-31.954548057325656,31.954548057325656
Palau|china|import|raw_usd,Palau,china,import,raw_usd,2018,3,holt,8904665.93,5823449.720000001,3081216.209999999,9045084.96,0.3406508864898488,0.3406508864898488
Palau|china|import|raw_usd,Palau,china,import,raw_usd,2017,3,ar1,0.0,7994219.0,-7994219.0,283060.9572,-28.242040439196252,28.242040439196252
Palau|china|import|raw_usd,Palau,china,import,raw_usd,2018,3,ar1,8904665.93,0.0,8904665.93,7994219.0,1.1138881646850054,1.1138881646850054
Palau|china|import|sti,Palau,china,import,sti,2015,1,naive,0.05501129385141865,0.047295968786406295,0.007715325065012352,1.0,0.007715325065012352,0.007715325065012352
Palau|china|import|sti,Palau,china,import,sti,2016,1,naive,0.052076737537143314,0.05501129385141865,-0.002934556314275333,0.007715325065012352,-0.38035420277792725,0.38035420277792725
Palau|china|import|sti,Palau,china,import,sti,2018,1,naive,0.0573722000121909,0.052076737537143314,0.005295462475047585,0.00789475706646596,0.6707568618597237,0.6707568618597237
Palau|china|import|sti,Palau,china,import,sti,2018,3,holt,0.0573722000121909,0.06820546889179294,-0.010833268879602037,0.004350773191544608,-2.4899640598723143,2.4899640598723143
Palau|china|import|sti,Palau,china,import,sti,2018,3,ar1,0.0573722000121909,0.052076737537143314,0.005295462475047585,0.004350773191544608,1.2171313561780026,1.2171313561780026
Palau|china|total|cwti,Palau,china,total,cwti,2015,1,naive,0.0051892501596816215,0.005526861317830032,-0.00033761115814841085,1.0,-0.00033761115814841085,0.00033761115814841085
Palau|china|total|cwti,Palau,china,total,cwti,2016,1,naive,0.004828450644990343,0.0051892501596816215,-0.0003607995146912785,0.00033761115814841085,-1.0686836201446703,1.0686836201446703
Palau|china|total|cwti,Palau,china,total,cwti,2017,1,naive,0.0,0.004828450644990343,-0.004828450644990343,1.7189528705227792e-05,-280.8948824479337,280.8948824479337
Palau|china|total|cwti,Palau,china,total,cwti,2018,1,naive,0.008979986673851153,0.0,0.008979986673851153,3.4379057410455585e-05,261.2051449415277,261.2051449415277
Palau|china|total|cwti,Palau,china,total,cwti,2017,3,holt,0.0,0.004509158288510798,-0.004509158288510798,0.0005005423030708339,-9.008545852862085,9.008545852862085
Palau|china|total|cwti,Palau,china,total,cwti,2018,3,holt,0.008979986673851153,0.0022304381408821787,0.006749548532968974,0.004509158288510798,1.4968533152110948,1.4968533152110948
Palau|china|total|cwti,Palau,china,total,cwti,2017,3,ar1,0.0,0.004828450644990343,-0.004828450644990343,0.0005005423030708339,-9.646438703317845,9.646438703317845
Palau|china|total|cwti,Palau,china,total,cwti,2018,3,ar1,0.008979986673851153,0.0,0.008979986673851153,0.004828450644990343,1.859807075623347,1.859807075623347
Palau|china|total|sti,Palau,china,total,sti,2015,1,naive,0.05278941941038744,0.04437485872489294,0.008414560685494503,1.0,0.008414560685494503,0.008414560685494503
Palau|china|total|sti,Palau,china,total,sti,2016,1,naive,0.04999670474121384,0.05278941941038744,-0.0027927146691736,0.008414560685494503,-0.331890727698695,0.331890727698695
Palau|china|total|sti,Palau,china,total,sti,2017,1,naive,0.0,0.04999670474121384,-0.04999670474121384,0.008307953220415464,-6.017932866828734,6.017932866828734
Palau|china|total|sti,Palau,china,total,sti,2018,1,naive,0.054414246336425776,0.0,0.054414246336425776,0.016615906440830927,3.2748286426740756,3.2748286426740756
Palau|china|total|sti,Palau,china,total,sti,2017,3,holt,0.0,0.060204429483455245,-0.060204429483455245,0.004140478768516779,-14.540451201256115,14.540451201256115
Palau|china|total|sti,Palau,china,total,sti,2018,3,holt,0.054414246336425776,0.024585599572609737,0.02982864676381604,0.060204429483455245,0.49545601577394294,0.49545601577394294
Palau|china|total|sti,Palau,china,total,sti,2017,3,ar1,0.0,0.04999670474121384,-0.04999670474121384,0.004140478768516779,-12.075102309756291,12.075102309756291
Palau|china|total|sti,Palau,china,total,sti,2018,3,ar1,0.054414246336425776,0.0,0.054414246336425776,0.04999670474121384,1.088356655065117,1.088356655065117
Palau|us|export|cwti,Palau,us,export,cwti,2015,1,naive,0.26463014994007467,0.29890469439275397,-0.0342745444526793,1.0,-0.0342745444526793,0.0342745444526793
Palau|us|export|cwti,Palau,us,export,cwti,2016,1,naive,0.010818524046066265,0.26463014994007467,-0.2538116258940084,0.0342745444526793,-7.405251621781001,7.405251621781001
Palau|us|export|cwti,Palau,us,export,cwti,2017,1,naive,0.025638304989048177,0.010818524046066265,0.014819780942981912,0.16274283847245727,0.09106256890984499,0.09106256890984499
Palau|us|export|cwti,Palau,us,export,cwti,2018,1,naive,0.0,0.025638304989048177,-0.025638304989048177,0.07278724683160731,-0.35223622413363403,0.35223622413363403
Palau|us|export|cwti,Palau,us,export,cwti,2017,3,holt,0.025638304989048177,0.14997827393203694,-0.12433996894298877,0.05081543960554233,-2.4468935014276108,2.4468935014276108
Palau|us|export|cwti,Palau,us,export,cwti,2018,3,holt,0.0,-0.44039213230618257,0.44039213230618257,0.12433996894298877,3.5418388475559874,3.5418388475559874
Palau|us|export|cwti,Palau,us,export,cwti,2017,3,ar1,0.025638304989048177,0.010818524046066265,0.014819780942981912,0.05081543960554233,0.29163933359666444,0.29163933359666444
Palau|us|export|cwti,Palau,us,export,cwti,2018,3,ar1,0.0,0.025638304989048177,-0.025638304989048177,0.014819780942981912,-1.7300056652449718,1.7300056652449718
Palau|us|export|raw_usd,Palau,us,export,raw_usd,2015,1,naive,2167732.0,4367885.0,-2200153.0,1.0,-2200153.0,2200153.0
Palau|us|export|raw_usd,Palau,us,export,raw_usd,2016,1,naive,575562.0,2167732.0,-1592170.0,2200153.0,-0.7236633088698832,0.7236633088698832
Palau|us|export|raw_usd,Palau,us,export,raw_usd,2017,1,naive,540147.64,575562.0,-35414.359999999986,450697.79789999995,-0.07857673182565153,0.07857673182565153
Palau|us|export|raw_usd,Palau,us,export,raw_usd,2017,3,holt,540147.64,-2104897.57,2645045.21,2360551.242,1.1205201407782022,1.1205201407782022
Palau|us|export|raw_usd,Palau,us,export,raw_usd,2017,3,ar1,540147.64,575562.0,-35414.359999999986,2360551.242,-0.015002580486240504,0.015002580486240504
Palau|us|export|sti,Palau,us,export,sti,2015,1,naive,0.33952143799467127,0.3831352711003403,-0.04361383310566902,1.0,-0.04361383310566902,0.04361383310566902
Palau|us|export|sti,Palau,us,export,sti,2016,1,naive,0.08801068797983022,0.33952143799467127,-0.251510750014841,0.04361383310566902,-5.766765544442575,5.766765544442575
Palau|us|export|sti,Palau,us,export,sti,2017,1,naive,0.08413829360900736,0.08801068797983022,-0.0038723943708228598,0.1541139845047692,-0.02512682014722048,0.02512682014722048
Palau|us|export|sti,Palau,us,export,sti,2017,3,holt,0.08413829360900736,0.20863541923240708,-0.12449712562339972,0.06466186896246488,-1.9253561275141644,1.9253561275141644
Palau|us|export|sti,Palau,us,export,sti,2017,3,ar1,0.08413829360900736,0.08801068797983022,-0.0038723943708228598,0.06466186896246488,-0.059886830259588054,0.059886830259588054
Palau|us|import|cwti,Palau,us,import,cwti,2015,1,naive,0.19246513592911937,0.1734012488142648,0.019063887114854572,1.0,0.019063887114854572,0.019063887114854572
Palau|us|import|cwti,Palau,us,import,cwti,2016,1,naive,0.2331948481895099,0.19246513592911937,0.040729712260390516,0.019063887114854572,2.1364851782328245,2.1364851782328245
Palau|us|import|cwti,Palau,us,import,cwti,2017,1,naive,0.0,0.2331948481895099,-0.2331948481895099,0.016060876180385795,-14.519435027728877,14.519435027728877
Palau|us|import|cwti,Palau,us,import,cwti,2018,1,naive,0.0,0.0,0.0,0.03212175236077159,0.0,0.0
Palau|us|import|cwti,Palau,us,import,cwti,2017,3,holt,0.0,0.2351427334393911,-0.2351427334393911,0.028264119036483386,-8.319478598850662,8.319478598850662
Palau|us|import|cwti,Palau,us,import,cwti,2018,3,holt,0.0,0.25713011501581184,-0.25713011501581184,0.2351427334393911,-1.093506532202017,1.093506532202017
Palau|us|import|cwti,Palau,us,import,cwti,2017,3,ar1,0.0,0.2331948481895099,-0.2331948481895099,0.028264119036483386,-8.250561352664183,8.250561352664183
Palau|us|import|cwti,Palau,us,import,cwti,2018,3,ar1,0.0,0.0,0.0,0.2331948481895099,0.0,0.0
Palau|us|import|raw_usd,Palau,us,import,raw_usd,2015,1,naive,56701292.0,54835424.0,1865868.0,1.0,1865868.0,1865868.0
Palau|us|import|raw_usd,Palau,us,import,raw_usd,2016,1,naive,64445292.0,56701292.0,7744000.0,1865868.0,4.150347184259551,4.150347184259551
Palau|us|import|raw_usd,Palau,us,import,raw_usd,2017,1,naive,0.0,64445292.0,-64445292.0,4357459.2516,-14.789648801956453,14.789648801956453
Palau|us|import|raw_usd,Palau,us,import,raw_usd,2017,3,holt,0.0,61667435.72,-61667435.72,2766335.8967999998,-22.292099737900493,22.292099737900493
Palau|us|import|raw_usd,Palau,us,import,raw_usd,2017,3,ar1,0.0,64445292.0,-64445292.0,2766335.8967999998,-23.29626422971558,23.29626422971558
Palau|us|import|sti,Palau,us,import,sti,2015,1,naive,0.37721429809725804,0.33235880960232,0.044855488494938034,1.0,0.044855488494938034,0.044855488494938034
Palau|us|import|sti,Palau,us,import,sti,2016,1,naive,0.41981593911657433,0.37721429809725804,0.042601641019316294,0.044855488494938034,0.9497531394429896,0.9497531394429896
Palau|us|total|cwti,Palau,us,total,cwti,2015,1,naive,0.45709528586919407,0.4723059432070188,-0.015210657337824729,1.0,-0.015210657337824729,0.015210657337824729
Palau|us|total|cwti,Palau,us,total,cwti,2016,1,naive,0.24401337223557618,0.45709528586919407,-0.2130819136336179,0.015210657337824729,-14.008724863174827,14.008724863174827
Palau|us|total|cwti,Palau,us,total,cwti,2017,1,naive,0.025638304989048177,0.24401337223557618,-0.218375067246528,0.14668196229207148,-1.4887656521236199,1.4887656521236199
Palau|us|total|cwti,Palau,us,total,cwti,2018,1,naive,0.0,0.025638304989048177,-0.025638304989048177,0.007847629546500524,-3.2670126484858106,3.2670126484858106
Palau|us|total|cwti,Palau,us,total,cwti,2017,3,holt,0.025638304989048177,0.3435680435493115,-0.3179297385602633,0.022551320569058942,-14.09805415104923,14.09805415104923
Palau|us|total|cwti,Palau,us,total,cwti,2018,3,holt,0.0,-0.18326201729037073,0.18326201729037073,0.3179297385602633,0.5764230113240368,0.5764230113240368
Palau|us|total|cwti,Palau,us,total,cwti,2017,3,ar1,0.025638304989048177,0.24401337223557618,-0.218375067246528,0.022551320569058942,-9.683471377110608,9.683471377110608
Palau|us|total|cwti,Palau,us,total,cwti,2018,3,ar1,0.0,0.025638304989048177,-0.025638304989048177,0.218375067246528,-0.11740490941717527,0.11740490941717527
Palau|us|total|sti,Palau,us,total,sti,2015,1,naive,0.3756785251460222,0.335640593599144,0.04003793154687818,1.0,0.04003793154687818,0.04003793154687818
Palau|us|total|sti,Palau,us,total,sti,2016,1,naive,0.4062581350529761,0.3756785251460222,0.03057960990695391,0.04003793154687818,0.7637659770497871,0.7637659770497871
Palau|us|total|sti,Palau,us,total,sti,2017,1,naive,0.08413829360900736,0.4062581350529761,-0.3221198414439687,0.007011453831675863,-45.94194715919228,45.94194715919228
Palau|us|total|sti,Palau,us,total,sti,2017,3,holt,0.08413829360900736,0.4537681406953945,-0.36962984708638713,0.04533732964804986,-8.152880859013857,8.152880859013857
Palau|us|total|sti,Palau,us,total,sti,2017,3,ar1,0.08413829360900736,0.4062581350529761,-0.3221198414439687,0.04533732964804986,-7.104958407223359,7.104958407223359
Papua New Guinea|aus|export|cwti,Papua New Guinea,aus,export,cwti,2012,1,naive,0.31539379527087497,0.3807604261768511,-0.06536663090597611,1.0,-0.06536663090597611,0.06536663090597611
Papua New Guinea|aus|export|cwti,Papua New Guinea,aus,export,cwti,2019,1,naive,0.2528330470994562,0.31539379527087497,-0.06256074817141877,0.06536663090597611,-0.957074692459011,0.957074692459011
Papua New Guinea|aus|export|cwti,Papua New Guinea,aus,export,cwti,2020,1,naive,0.19532478575641168,0.2528330470994562,-0.057508261343044514,0.0020800008711273567,-27.648190989398547,27.648190989398547
Papua New Guinea|aus|export|cwti,Papua New Guinea,aus,export,cwti,2021,1,naive,0.14610721542948157,0.19532478575641168,-0.04921757032693011,0.004160001742254713,-11.83114175818933,11.83114175818933
Papua New Guinea|aus|export|cwti,Papua New Guinea,aus,export,cwti,2020,3,holt,0.19532478575641168,0.18524976883317984,0.010075016923231844,0.09275256523894546,0.10862251515391502,0.10862251515391502
Papua New Guinea|aus|export|cwti,Papua New Guinea,aus,export,cwti,2021,3,holt,0.14610721542948157,0.12877257299057726,0.017334642438904313,0.010075016923231844,1.7205571535004172,1.7205571535004172
Papua New Guinea|aus|export|cwti,Papua New Guinea,aus,export,cwti,2020,3,ar1,0.19532478575641168,0.2528330470994562,-0.057508261343044514,0.09275256523894546,-0.6200180145410968,0.6200180145410968
Papua New Guinea|aus|export|cwti,Papua New Guinea,aus,export,cwti,2021,3,ar1,0.14610721542948157,0.19532478575641168,-0.04921757032693011,0.057508261343044514,-0.8558347822992018,0.8558347822992018
Papua New Guinea|aus|export|raw_usd,Papua New Guinea,aus,export,raw_usd,2012,1,naive,1621045418.0,2353206466.0,-732161048.0,1.0,-732161048.0,732161048.0
Papua New Guinea|aus|export|raw_usd,Papua New Guinea,aus,export,raw_usd,2019,1,naive,2861521306.1429996,1621045418.0,1240475888.1429996,732161048.0,1.6942664343200617,1.6942664343200617
Papua New Guinea|aus|export|raw_usd,Papua New Guinea,aus,export,raw_usd,2020,1,naive,2256248249.5429997,2861521306.1429996,-605273056.5999999,1462315760.7628055,-0.4139140620930352,0.4139140620930352
Papua New Guinea|aus|export|raw_usd,Papua New Guinea,aus,export,raw_usd,2021,1,naive,1674852227.9669998,2256248249.5429997,-581396021.576,188124136.04964012,-3.0904913839582373,3.0904913839582373
Papua New Guinea|aus|export|raw_usd,Papua New Guinea,aus,export,raw_usd,2020,3,holt,2256248249.5429997,570977078.59003,1685271170.9529698,753627581.9960113,2.236212170591561,2.236212170591561
Papua New Guinea|aus|export|raw_usd,Papua New Guinea,aus,export,raw_usd,2021,3,holt,1674852227.9669998,4954865804.0329685,-3280013576.0659685,1685271170.9529698,-1.9462823743737456,1.9462823743737456
Papua New Guinea|aus|export|raw_usd,Papua New Guinea,aus,export,raw_usd,2020,3,ar1,2256248249.5429997,2861521306.1429996,-605273056.5999999,753627581.9960113,-0.8031461043356604,0.8031461043356604
Papua New Guinea|aus|export|raw_usd,Papua New Guinea,aus,export,raw_usd,2021,3,ar1,1674852227.9669998,2256248249.5429997,-581396021.576,605273056.5999999,-0.9605516307662456,0.9605516307662456
Papua New Guinea|aus|export|sti,Papua New Guinea,aus,export,sti,2012,1,naive,0.3588220428960225,0.42790866342897843,-0.06908662053295594,1.0,-0.06908662053295594,0.06908662053295594
Papua New Guinea|aus|export|sti,Papua New Guinea,aus,export,sti,2019,1,naive,0.28063512007835933,0.3588220428960225,-0.07818692281766315,0.06908662053295594,-1.1317230777031009,1.1317230777031009
Papua New Guinea|aus|export|sti,Papua New Guinea,aus,export,sti,2020,1,naive,0.21763470085794964,0.28063512007835933,-0.06300041922040969,0.006746054083653452,-9.338854749633231,9.338854749633231
Papua New Guinea|aus|export|sti,Papua New Guinea,aus,export,sti,2021,1,naive,0.1735493277144119,0.21763470085794964,-0.04408537314353775,0.009023402065981073,-4.885670927791529,4.885670927791529
Papua New Guinea|aus|export|sti,Papua New Guinea,aus,export,sti,2020,3,holt,0.21763470085794964,0.2168266748705336,0.0008080259874160556,0.10242782360216048,0.007888735296714947,0.007888735296714947
Papua New Guinea|aus|export|sti,Papua New Guinea,aus,export,sti,2021,3,holt,0.1735493277144119,0.12745044019845625,0.046098887515955644,0.0008080259874160556,57.051243690036365,57.051243690036365
Papua New Guinea|aus|export|sti,Papua New Guinea,aus,export,sti,2020,3,ar1,0.21763470085794964,0.28063512007835933,-0.06300041922040969,0.10242782360216048,-0.6150713449219558,0.6150713449219558
Papua New Guinea|aus|export|sti,Papua New Guinea,aus,export,sti,2021,3,ar1,0.1735493277144119,0.21763470085794964,-0.04408537314353775,0.06300041922040969,-0.6997631712465779,0.6997631712465779
Papua New Guinea|aus|import|cwti,Papua New Guinea,aus,import,cwti,2012,1,naive,0.126510693687273,0.1656259842075377,-0.03911529052026472,1.0,-0.03911529052026472,0.03911529052026472
Papua New Guinea|aus|import|cwti,Papua New Guinea,aus,import,cwti,2019,1,naive,0.1721573377798931,0.126510693687273,0.04564664409262009,0.03911529052026472,1.166976992513238,1.166976992513238
Papua New Guinea|aus|import|cwti,Papua New Guinea,aus,import,cwti,2020,1,naive,0.16475341990365863,0.1721573377798931,-0.007403917876234456,0.06283402212853151,-0.11783294504192665,0.11783294504192665
Papua New Guinea|aus|import|cwti,Papua New Guinea,aus,import,cwti,2021,1,naive,0.15997955859858443,0.16475341990365863,-0.004773861305074206,0.04701528108203926,-0.10153850397584696,0.10153850397584696
Papua New Guinea|aus|import|cwti,Papua New Guinea,aus,import,cwti,2020,3,holt,0.16475341990365863,0.06608011891544938,0.09867330098820926,0.009683384806374078,10.189959705335438,10.189959705335438
Papua New Guinea|aus|import|cwti,Papua New Guinea,aus,import,cwti,2021,3,holt,0.15997955859858443,0.2523100079516738,-0.09233044935308937,0.09867330098820926,-0.935718663796625,0.935718663796625
Papua New Guinea|aus|import|cwti,Papua New Guinea,aus,import,cwti,2020,3,ar1,0.16475341990365863,0.1721573377798931,-0.007403917876234456,0.009683384806374078,-0.7646001913877092,0.7646001913877092
Papua New Guinea|aus|import|cwti,Papua New Guinea,aus,import,cwti,2021,3,ar1,0.15997955859858443,0.16475341990365863,-0.004773861305074206,0.007403917876234456,-0.644775021127346,0.644775021127346
Papua New Guinea|aus|import|raw_usd,Papua New Guinea,aus,import,raw_usd,2012,1,naive,2865412712.0,2409180182.0,456232530.0,1.0,456232530.0,456232530.0
Papua New Guinea|aus|import|raw_usd,Papua New Guinea,aus,import,raw_usd,2019,1,naive,1869541890.478,2865412712.0,-995870821.5220001,456232530.0,-2.1828141485702477,2.1828141485702477
Papua New Guinea|aus|import|raw_usd,Papua New Guinea,aus,import,raw_usd,2020,1,naive,1491354719.328,1869541890.478,-378187171.14999986,1076444214.4832585,-0.35133002348063774,0.35133002348063774
Papua New Guinea|aus|import|raw_usd,Papua New Guinea,aus,import,raw_usd,2021,1,naive,1618812778.966,1491354719.328,127458059.63800001,915777780.0415275,0.13918011816384124,0.13918011816384124
Papua New Guinea|aus|import|raw_usd,Papua New Guinea,aus,import,raw_usd,2020,3,holt,1491354719.328,3472936068.1803803,-1981581348.8523803,676410348.9779999,-2.9295550428026207,2.9295550428026207
Papua New Guinea|aus|import|raw_usd,Papua New Guinea,aus,import,raw_usd,2021,3,holt,1618812778.966,38397996.53072047,1580414782.4352796,1981581348.8523803,0.7975523101035273,0.7975523101035273
Papua New Guinea|aus|import|raw_usd,Papua New Guinea,aus,import,raw_usd,2020,3,ar1,1491354719.328,1869541890.478,-378187171.14999986,676410348.9779999,-0.5591090847758455,0.5591090847758455
Papua New Guinea|aus|import|raw_usd,Papua New Guinea,aus,import,raw_usd,2021,3,ar1,1618812778.966,1491354719.328,127458059.63800001,378187171.14999986,0.33702375268421386,0.33702375268421386
Papua New Guinea|aus|import|sti,Papua New Guinea,aus,import,sti,2012,1,naive,0.34354634377156906,0.39459155350144676,-0.051045209729877694,1.0,-0.051045209729877694,0.051045209729877694
Papua New Guinea|aus|import|sti,Papua New Guinea,aus,import,sti,2019,1,naive,0.3722012687778729,0.34354634377156906,0.028654925006303844,0.051045209729877694,0.5613636452458651,0.5613636452458651
Papua New Guinea|aus|import|sti,Papua New Guinea,aus,import,sti,2020,1,naive,0.36098199593698155,0.3722012687778729,-0.011219272840891359,0.059081709879931374,-0.18989417983487092,0.18989417983487092
Papua New Guinea|aus|import|sti,Papua New Guinea,aus,import,sti,2021,1,naive,0.3564985260385533,0.36098199593698155,-0.004483469898428238,0.05904593403161114,-0.0759318989861003,0.0759318989861003
Papua New Guinea|aus|import|sti,Papua New Guinea,aus,import,sti,2020,3,holt,0.36098199593698155,0.25819295260641184,0.10278904333056971,0.03319583613117059,3.0964438709845217,3.0964438709845217
Papua New Guinea|aus|import|sti,Papua New Guinea,aus,import,sti,2021,3,holt,0.3564985260385533,0.4127639556946586,-0.056265429656105315,0.10278904333056971,-0.5473874241163585,0.5473874241163585
Papua New Guinea|aus|import|sti,Papua New Guinea,aus,import,sti,2020,3,ar1,0.36098199593698155,0.3722012687778729,-0.011219272840891359,0.03319583613117059,-0.33797229256583067,0.33797229256583067
Papua New Guinea|aus|import|sti,Papua New Guinea,aus,import,sti,2021,3,ar1,0.3564985260385533,0.36098199593698155,-0.004483469898428238,0.011219272840891359,-0.3996221468192792,0.3996221468192792
Papua New Guinea|aus|total|cwti,Papua New Guinea,aus,total,cwti,2012,1,naive,0.44190448895814793,0.5463864103843887,-0.1044819214262408,1.0,-0.1044819214262408,0.1044819214262408
Papua New Guinea|aus|total|cwti,Papua New Guinea,aus,total,cwti,2019,1,naive,0.4249903848793493,0.44190448895814793,-0.01691410407879862,0.1044819214262408,-0.16188546159862846,0.16188546159862846
Papua New Guinea|aus|total|cwti,Papua New Guinea,aus,total,cwti,2020,1,naive,0.3600782056600703,0.4249903848793493,-0.064912179219279,0.06491402299965889,-0.99997159657814,0.99997159657814
Papua New Guinea|aus|total|cwti,Papua New Guinea,aus,total,cwti,2021,1,naive,0.306086774028066,0.3600782056600703,-0.053991431632004316,0.05866609979604156,-0.920317386356189,0.920317386356189
Papua New Guinea|aus|total|cwti,Papua New Guinea,aus,total,cwti,2020,3,holt,0.3600782056600703,0.2557082786160014,0.10436992704406889,0.02507685070722683,4.162002966903288,4.162002966903288
Papua New Guinea|aus|total|cwti,Papua New Guinea,aus,total,cwti,2021,3,holt,0.306086774028066,0.3810825809422512,-0.07499580691418523,0.10436992704406889,-0.7185576251530691,0.7185576251530691
Papua New Guinea|aus|total|cwti,Papua New Guinea,aus,total,cwti,2020,3,ar1,0.3600782056600703,0.4249903848793493,-0.064912179219279,0.02507685070722683,-2.588529954464024,2.588529954464024
Papua New Guinea|aus|total|cwti,Papua New Guinea,aus,total,cwti,2021,3,ar1,0.306086774028066,0.3600782056600703,-0.053991431632004316,0.064912179219279,-0.8317611930669675,0.8317611930669675
Papua New Guinea|aus|total|sti,Papua New Guinea,aus,total,sti,2012,1,naive,0.34891333785731077,0.41037993991925875,-0.061466602061947984,1.0,-0.061466602061947984,0.061466602061947984
Papua New Guinea|aus|total|sti,Papua New Guinea,aus,total,sti,2019,1,naive,0.3108548977282011,0.34891333785731077,-0.038058440129109694,0.061466602061947984,-0.6191726702372973,0.6191726702372973
Papua New Guinea|aus|total|sti,Papua New Guinea,aus,total,sti,2020,1,naive,0.2584818099247249,0.3108548977282011,-0.05237308780347616,0.017352470440813023,-3.0181920195233194,3.0181920195233194
Papua New Guinea|aus|total|sti,Papua New Guinea,aus,total,sti,2021,1,naive,0.2320879618923749,0.2584818099247249,-0.02639384803235001,0.013482044239610327,-1.9577037104510253,1.9577037104510253
Papua New Guinea|aus|total|sti,Papua New Guinea,aus,total,sti,2020,3,holt,0.2584818099247249,0.2308958477393109,0.02758596218541401,0.05642544333541803,0.4888922541809859,0.4888922541809859
Papua New Guinea|aus|total|sti,Papua New Guinea,aus,total,sti,2021,3,holt,0.2320879618923749,0.23173194145836476,0.0003560204340101458,0.02758596218541401,0.012905855217853902,0.012905855217853902
Papua New Guinea|aus|total|sti,Papua New Guinea,aus,total,sti,2020,3,ar1,0.2584818099247249,0.3108548977282011,-0.05237308780347616,0.05642544333541803,-0.928182123304679,0.928182123304679
Papua New Guinea|aus|total|sti,Papua New Guinea,aus,total,sti,2021,3,ar1,0.2320879618923749,0.2584818099247249,-0.02639384803235001,0.05237308780347616,-0.5039582186062775,0.5039582186062775
Papua New Guinea|china|export|cwti,Papua New Guinea,china,export,cwti,2012,1,naive,0.014816795698234946,0.03150724641242031,-0.016690450714185363,1.0,-0.016690450714185363,0.016690450714185363
Papua New Guinea|china|export|cwti,Papua New Guinea,china,export,cwti,2019,1,naive,0.08546242990245351,0.014816795698234946,0.07064563420421856,0.016690450714185363,4.232697811100823,4.232697811100823
Papua New Guinea|china|export|cwti,Papua New Guinea,china,export,cwti,2020,1,naive,0.06374092732826718,0.08546242990245351,-0.021721502574186327,0.06474223975001282,-0.33550743159425567,0.33550743159425567
Papua New Guinea|china|export|cwti,Papua New Guinea,china,export,cwti,2021,1,naive,0.06852598430596854,0.06374092732826718,0.00478505697770136,0.0074590374876374295,0.6415113190719431,0.6415113190719431
Papua New Guinea|china|export|cwti,Papua New Guinea,china,export,cwti,2020,3,holt,0.06374092732826718,-0.00022352789727095312,0.06396445522553813,0.024745262228851216,2.584917251390455,2.584917251390455
Papua New Guinea|china|export|cwti,Papua New Guinea,china,export,cwti,2021,3,holt,0.06852598430596854,0.18795950086396057,-0.11943351655799203,0.06396445522553813,-1.8671857070754445,1.8671857070754445
Papua New Guinea|china|export|cwti,Papua New Guinea,china,export,cwti,2020,3,ar1,0.06374092732826718,0.08546242990245351,-0.021721502574186327,0.024745262228851216,-0.8778045014556605,0.8778045014556605
Papua New Guinea|china|export|cwti,Papua New Guinea,china,export,cwti,2021,3,ar1,0.06852598430596854,0.06374092732826718,0.00478505697770136,0.021721502574186327,0.22029125109364608,0.22029125109364608
Papua New Guinea|china|export|raw_usd,Papua New Guinea,china,export,raw_usd,2012,1,naive,302113043.0,353045922.0,-50932879.0,1.0,-50932879.0,50932879.0
Papua New Guinea|china|export|raw_usd,Papua New Guinea,china,export,raw_usd,2019,1,naive,2144488082.518,302113043.0,1842375039.518,50932879.0,36.172607472630794,36.172607472630794
Papua New Guinea|china|export|raw_usd,Papua New Guinea,china,export,raw_usd,2020,1,naive,1857295222.4169998,2144488082.518,-287192860.1010001,1403509159.9973931,-0.20462485624356988,0.20462485624356988
Papua New Guinea|china|export|raw_usd,Papua New Guinea,china,export,raw_usd,2021,1,naive,1754659758.853,1857295222.4169998,-102635463.56399989,350279047.9803427,-0.29301057016050724,0.29301057016050724
Papua New Guinea|china|export|raw_usd,Papua New Guinea,china,export,raw_usd,2020,3,holt,1857295222.4169998,597841947.8887801,1259453274.5282197,75513086.4054,16.678609423626412,16.678609423626412
Papua New Guinea|china|export|raw_usd,Papua New Guinea,china,export,raw_usd,2021,3,holt,1754659758.853,4934819643.714019,-3180159884.861019,1259453274.5282197,-2.5250320509526483,2.5250320509526483
Papua New Guinea|china|export|raw_usd,Papua New Guinea,china,export,raw_usd,2020,3,ar1,1857295222.4169998,2144488082.518,-287192860.1010001,75513086.4054,-3.803219730142863,3.803219730142863
Papua New Guinea|china|export|raw_usd,Papua New Guinea,china,export,raw_usd,2021,3,ar1,1754659758.853,1857295222.4169998,-102635463.56399989,287192860.1010001,-0.35737470467721594,0.35737470467721594
Papua New Guinea|china|export|sti,Papua New Guinea,china,export,sti,2012,1,naive,0.06687340038167511,0.0641981104483636,0.0026752899333115088,1.0,0.0026752899333115088,0.0026752899333115088
Papua New Guinea|china|export|sti,Papua New Guinea,china,export,sti,2019,1,naive,0.21031423713396408,0.06687340038167511,0.14344083675228897,0.0026752899333115088,53.61693137114901,53.61693137114901
Papua New Guinea|china|export|sti,Papua New Guinea,china,export,sti,2020,1,naive,0.1791522232615562,0.21031423713396408,-0.031162013872407884,0.10434949985690799,-0.2986311761449707,0.2986311761449707
Papua New Guinea|china|export|sti,Papua New Guinea,china,export,sti,2021,1,naive,0.1818190383793491,0.1791522232615562,0.0026668151177929034,0.05016718662235957,0.053158554372756094,0.053158554372756094
Papua New Guinea|china|export|sti,Papua New Guinea,china,export,sti,2020,3,holt,0.1791522232615562,0.1017847450802834,0.07736747818127279,0.003966384855127643,19.505792051735487,19.505792051735487
Papua New Guinea|china|export|sti,Papua New Guinea,china,export,sti,2021,3,holt,0.1818190383793491,0.46052931200735564,-0.27871027362800654,0.07736747818127279,-3.602421588241322,3.602421588241322
Papua New Guinea|china|export|sti,Papua New Guinea,china,export,sti,2020,3,ar1,0.1791522232615562,0.21031423713396408,-0.031162013872407884,0.003966384855127643,-7.856528050252717,7.856528050252717
Papua New Guinea|china|export|sti,Papua New Guinea,china,export,sti,2021,3,ar1,0.1818190383793491,0.1791522232615562,0.0026668151177929034,0.031162013872407884,0.08557903634572893,0.08557903634572893
Papua New Guinea|china|import|cwti,Papua New Guinea,china,import,cwti,2012,1,naive,0.007064164178080626,0.007570480669925262,-0.0005063164918446359,1.0,-0.0005063164918446359,0.0005063164918446359
Papua New Guinea|china|import|cwti,Papua New Guinea,china,import,cwti,2019,1,naive,0.03697082443891935,0.007064164178080626,0.029906660260838727,0.0005063164918446359,59.067126476329825,59.067126476329825
Papua New Guinea|china|import|cwti,Papua New Guinea,china,import,cwti,2020,1,naive,0.051891431988087315,0.03697082443891935,0.014920607549167964,0.022545139666764174,0.6618103843980074,0.6618103843980074
Papua New Guinea|china|import|cwti,Papua New Guinea,china,import,cwti,2021,1,naive,0.04986089364197781,0.051891431988087315,-0.0020305383461095075,0.022218321750323074,-0.09139026650741439,0.09139026650741439
Papua New Guinea|china|import|cwti,Papua New Guinea,china,import,cwti,2020,3,holt,0.051891431988087315,0.01243825631245486,0.03945317567563245,0.0007506648308088572,52.55764497867953,52.55764497867953
Papua New Guinea|china|import|cwti,Papua New Guinea,china,import,cwti,2021,3,holt,0.04986089364197781,0.09363707389114594,-0.04377618024916813,0.03945317567563245,-1.1095730444889307,1.1095730444889307
Papua New Guinea|china|import|cwti,Papua New Guinea,china,import,cwti,2020,3,ar1,0.051891431988087315,0.03697082443891935,0.014920607549167964,0.0007506648308088572,19.876524031491783,19.876524031491783
Papua New Guinea|china|import|cwti,Papua New Guinea,china,import,cwti,2021,3,ar1,0.04986089364197781,0.051891431988087315,-0.0020305383461095075,0.014920607549167964,-0.1360895217851058,0.1360895217851058
Papua New Guinea|china|import|raw_usd,Papua New Guinea,china,import,raw_usd,2012,1,naive,574783698.0,443420169.0,131363529.0,1.0,131363529.0,131363529.0
Papua New Guinea|china|import|raw_usd,Papua New Guinea,china,import,raw_usd,2019,1,naive,768141314.617,574783698.0,193357616.61699998,131363529.0,1.4719276962862347,1.4719276962862347
Papua New Guinea|china|import|raw_usd,Papua New Guinea,china,import,raw_usd,2020,1,naive,740330300.659,768141314.617,-27811013.957999945,45956217.15048209,-0.6051632549940679,0.6051632549940679
Papua New Guinea|china|import|raw_usd,Papua New Guinea,china,import,raw_usd,2021,1,naive,790740561.84,740330300.659,50410261.180999994,91912434.30096418,0.5484596460140887,0.5484596460140887
Papua New Guinea|china|import|raw_usd,Papua New Guinea,china,import,raw_usd,2020,3,holt,740330300.659,850529514.3995701,-110199213.74057007,194759568.09539998,-0.5658218223537581,0.5658218223537581
Papua New Guinea|china|import|raw_usd,Papua New Guinea,china,import,raw_usd,2021,3,holt,790740561.84,1061965723.0094999,-271225161.1694999,110199213.74057007,-2.4612259195243946,2.4612259195243946
Papua New Guinea|china|import|raw_usd,Papua New Guinea,china,import,raw_usd,2020,3,ar1,740330300.659,768141314.617,-27811013.957999945,194759568.09539998,-0.14279665040321485,0.14279665040321485
Papua New Guinea|china|import|raw_usd,Papua New Guinea,china,import,raw_usd,2021,3,ar1,790740561.84,740330300.659,50410261.180999994,27811013.957999945,1.8126006213627925,1.8126006213627925
Papua New Guinea|china|import|sti,Papua New Guinea,china,import,sti,2012,1,naive,0.06891322743158185,0.07262630443619682,-0.0037130770046149703,1.0,-0.0037130770046149703,0.0037130770046149703
Papua New Guinea|china|import|sti,Papua New Guinea,china,import,sti,2019,1,naive,0.1529268605091548,0.06891322743158185,0.08401363307757295,0.0037130770046149703,22.626418189860512,22.626418189860512
Papua New Guinea|china|import|sti,Papua New Guinea,china,import,sti,2020,1,naive,0.17919674382023054,0.1529268605091548,0.026269883311075742,0.0650318101839259,0.4039543607471186,0.4039543607471186
Papua New Guinea|china|import|sti,Papua New Guinea,china,import,sti,2021,1,naive,0.17413863322410691,0.17919674382023054,-0.005058110596123627,0.044452736964043046,-0.11378625798035866,0.11378625798035866
Papua New Guinea|china|import|sti,Papua New Guinea,china,import,sti,2020,3,holt,0.17919674382023054,0.07990968253961137,0.09928706128061918,0.005505007967042155,18.035770679177816,18.035770679177816
Papua New Guinea|china|import|sti,Papua New Guinea,china,import,sti,2021,3,holt,0.17413863322410691,0.3088279392133363,-0.13468930598922937,0.09928706128061918,-1.3565645337064751,1.3565645337064751
Papua New Guinea|china|import|sti,Papua New Guinea,china,import,sti,2020,3,ar1,0.17919674382023054,0.1529268605091548,0.026269883311075742,0.005505007967042155,4.771997328314598,4.771997328314598
Papua New Guinea|china|import|sti,Papua New Guinea,china,import,sti,2021,3,ar1,0.17413863322410691,0.17919674382023054,-0.005058110596123627,0.026269883311075742,-0.19254408313230148,0.19254408313230148
Papua New Guinea|china|total|cwti,Papua New Guinea,china,total,cwti,2012,1,naive,0.021880959876315574,0.03907772708234557,-0.017196767206029993,1.0,-0.017196767206029993,0.017196767206029993
Papua New Guinea|china|total|cwti,Papua New Guinea,china,total,cwti,2019,1,naive,0.12243325434137287,0.021880959876315574,0.10055229446505728,0.017196767206029993,5.84716262425178,5.84716262425178
Papua New Guinea|china|total|cwti,Papua New Guinea,china,total,cwti,2020,1,naive,0.1156323593163545,0.12243325434137287,-0.006800895025018364,0.087287379416777,-0.07791384127303978,0.07791384127303978
Papua New Guinea|china|total|cwti,Papua New Guinea,china,total,cwti,2021,1,naive,0.11838687794794635,0.1156323593163545,0.0027545186315918457,0.015412920095567842,0.1787149102514285,0.1787149102514285
Papua New Guinea|china|total|cwti,Papua New Guinea,china,total,cwti,2020,3,holt,0.1156323593163545,0.012214728415183927,0.10341763090117058,0.025495927059660067,4.056241244304432,4.056241244304432
Papua New Guinea|china|total|cwti,Papua New Guinea,china,total,cwti,2021,3,holt,0.11838687794794635,0.27844950368565563,-0.1600626257377093,0.10341763090117058,-1.547730540169409,1.547730540169409
Papua New Guinea|china|total|cwti,Papua New Guinea,china,total,cwti,2020,3,ar1,0.1156323593163545,0.12243325434137287,-0.006800895025018364,0.025495927059660067,-0.2667443709383219,0.2667443709383219
Papua New Guinea|china|total|cwti,Papua New Guinea,china,total,cwti,2021,3,ar1,0.11838687794794635,0.1156323593163545,0.0027545186315918457,0.006800895025018364,0.4050229596926337,0.4050229596926337
Papua New Guinea|china|total|sti,Papua New Guinea,china,total,sti,2012,1,naive,0.06819655059580546,0.06863233305711781,-0.000435782461312359,1.0,-0.000435782461312359,0.000435782461312359
Papua New Guinea|china|total|sti,Papua New Guinea,china,total,sti,2019,1,naive,0.19137455488085786,0.06819655059580546,0.1231780042850524,0.000435782461312359,282.659389077068,282.659389077068
Papua New Guinea|china|total|sti,Papua New Guinea,china,total,sti,2020,1,naive,0.17916490948709593,0.19137455488085786,-0.012209645393761931,0.0916349001150802,-0.13324230591650538,0.13324230591650538
Papua New Guinea|china|total|sti,Papua New Guinea,china,total,sti,2021,1,naive,0.1793615232230122,0.17916490948709593,0.00019661373591625675,0.017455929183649733,0.01126343569842257,0.01126343569842257
Papua New Guinea|china|total|sti,Papua New Guinea,china,total,sti,2020,3,holt,0.17916490948709593,0.09328388088991736,0.08588102859717857,0.0006460910771417034,132.92402826102298,132.92402826102298
Papua New Guinea|china|total|sti,Papua New Guinea,china,total,sti,2021,3,holt,0.1793615232230122,0.36732898561797916,-0.18796746239496698,0.08588102859717857,-2.1886959840294953,2.1886959840294953
Papua New Guinea|china|total|sti,Papua New Guinea,china,total,sti,2020,3,ar1,0.17916490948709593,0.19137455488085786,-0.012209645393761931,0.0006460910771417034,-18.89771554774786,18.89771554774786
Papua New Guinea|china|total|sti,Papua New Guinea,china,total,sti,2021,3,ar1,0.1793615232230122,0.17916490948709593,0.00019661373591625675,0.012209645393761931,0.016103148746376313,0.016103148746376313
Papua New Guinea|us|export|cwti,Papua New Guinea,us,export,cwti,2012,1,naive,0.0019671411620515423,0.0025185412337718933,-0.0005514000717203511,1.0,-0.0005514000717203511,0.0005514000717203511
Papua New Guinea|us|export|cwti,Papua New Guinea,us,export,cwti,2019,1,naive,0.0,0.0019671411620515423,-0.0019671411620515423,0.0005514000717203511,-3.567538821520503,3.567538821520503
Papua New Guinea|us|export|cwti,Papua New Guinea,us,export,cwti,2020,1,naive,0.0,0.0,0.0,0.001049488870262512,0.0,0.0
Papua New Guinea|us|export|cwti,Papua New Guinea,us,export,cwti,2021,1,naive,0.0,0.0,0.0,0.0008175057463325925,0.0,0.0
Papua New Guinea|us|export|cwti,Papua New Guinea,us,export,cwti,2020,3,holt,0.0,0.00056703538964129,-0.00056703538964129,0.0008175057463325925,-0.6936163961966799,0.6936163961966799
Papua New Guinea|us|export|cwti,Papua New Guinea,us,export,cwti,2021,3,holt,0.0,-0.0035211826800722605,0.0035211826800722605,0.00056703538964129,6.2098111412407295,6.2098111412407295
Papua New Guinea|us|export|cwti,Papua New Guinea,us,export,cwti,2020,3,ar1,0.0,0.0,0.0,0.0008175057463325925,0.0,0.0
Papua New Guinea|us|export|cwti,Papua New Guinea,us,export,cwti,2021,3,ar1,0.0,0.0,0.0,1.0,0.0,0.0
Papua New Guinea|us|export|raw_usd,Papua New Guinea,us,export,raw_usd,2012,1,naive,81251278.0,109118349.0,-27867071.0,1.0,-27867071.0,27867071.0
Papua New Guinea|us|export|sti,Papua New Guinea,us,export,sti,2012,1,naive,0.01798515281320307,0.019842154758114117,-0.0018570019449110457,1.0,-0.0018570019449110457,0.0018570019449110457
Papua New Guinea|us|import|cwti,Papua New Guinea,us,import,cwti,2012,1,naive,0.005650714097483856,0.005422215791598684,0.00022849830588517195,1.0,0.00022849830588517195,0.00022849830588517195
Papua New Guinea|us|import|cwti,Papua New Guinea,us,import,cwti,2019,1,naive,0.0,0.005650714097483856,-0.005650714097483856,0.00022849830588517195,-24.72978552551514,24.72978552551514
Papua New Guinea|us|import|cwti,Papua New Guinea,us,import,cwti,2020,1,naive,0.0,0.0,0.0,0.00435826015461746,0.0,0.0
Papua New Guinea|us|import|cwti,Papua New Guinea,us,import,cwti,2021,1,naive,0.0,0.0,0.0,0.0003387715883053559,0.0,0.0
Papua New Guinea|us|import|cwti,Papua New Guinea,us,import,cwti,2020,3,holt,0.0,0.0011691722904242161,-0.0011691722904242161,0.0003387715883053559,-3.4512111723205328,3.4512111723205328
Papua New Guinea|us|import|cwti,Papua New Guinea,us,import,cwti,2021,3,holt,0.0,-0.010114778234496101,0.010114778234496101,0.0011691722904242161,8.651229863501221,8.651229863501221
Papua New Guinea|us|import|cwti,Papua New Guinea,us,import,cwti,2020,3,ar1,0.0,0.0,0.0,0.0003387715883053559,0.0,0.0
Papua New Guinea|us|import|cwti,Papua New Guinea,us,import,cwti,2021,3,ar1,0.0,0.0,0.0,1.0,0.0,0.0
Papua New Guinea|us|import|raw_usd,Papua New Guinea,us,import,raw_usd,2012,1,naive,486245537.0,345703958.0,140541579.0,1.0,140541579.0,140541579.0
Papua New Guinea|us|import|sti,Papua New Guinea,us,import,sti,2012,1,naive,0.05829801609800118,0.056621693494745384,0.0016763226032557935,1.0,0.0016763226032557935,0.0016763226032557935
Papua New Guinea|us|total|cwti,Papua New Guinea,us,total,cwti,2012,1,naive,0.007617855259535399,0.007940757025370577,-0.00032290176583517783,1.0,-0.00032290176583517783,0.00032290176583517783
Papua New Guinea|us|total|cwti,Papua New Guinea,us,total,cwti,2019,1,naive,0.0,0.007617855259535399,-0.007617855259535399,0.00032290176583517783,-23.5918662130323,23.5918662130323
Papua New Guinea|us|total|cwti,Papua New Guinea,us,total,cwti,2020,1,naive,0.0,0.0,0.0,0.005407749024879974,0.0,0.0
Papua New Guinea|us|total|cwti,Papua New Guinea,us,total,cwti,2021,1,naive,0.0,0.0,0.0,0.0004787341580272346,0.0,0.0
Papua New Guinea|us|total|cwti,Papua New Guinea,us,total,cwti,2020,3,holt,0.0,0.000844290793156857,-0.000844290793156857,0.0004787341580272346,-1.7635900405268894,1.7635900405268894
Papua New Guinea|us|total|cwti,Papua New Guinea,us,total,cwti,2021,3,holt,0.0,-0.013255068151591592,0.013255068151591592,0.000844290793156857,15.69964786898842,15.69964786898842
Papua New Guinea|us|total|cwti,Papua New Guinea,us,total,cwti,2020,3,ar1,0.0,0.0,0.0,0.0004787341580272346,0.0,0.0
Papua New Guinea|us|total|cwti,Papua New Guinea,us,total,cwti,2021,3,ar1,0.0,0.0,0.0,1.0,0.0,0.0
Papua New Guinea|us|total|sti,Papua New Guinea,us,total,sti,2012,1,naive,0.04413441565875993,0.03919252358457365,0.0049418920741862785,1.0,0.0049418920741862785,0.0049418920741862785
Samoa|aus|export|cwti,Samoa,aus,export,cwti,2010,1,naive,0.6368802279741251,0.6750963787441303,-0.038216150770005175,1.0,-0.038216150770005175,0.038216150770005175
Samoa|aus|export|cwti,Samoa,aus,export,cwti,2011,1,naive,0.4611899084659991,0.6368802279741251,-0.17569031950812602,0.038216150770005175,-4.597279316943156,4.597279316943156
Samoa|aus|export|cwti,Samoa,aus,export,cwti,2012,1,naive,0.4739611036406707,0.4611899084659991,0.012771195174671568,0.10190960128556897,0.12531886116288876,0.12531886116288876
Samoa|aus|export|cwti,Samoa,aus,export,cwti,2013,1,naive,0.4375453403809376,0.4739611036406707,-0.03641576325973306,0.07559383909757773,-0.48172924797121375,0.48172924797121375
Samoa|aus|export|cwti,Samoa,aus,export,cwti,2014,1,naive,0.4442505929408135,0.4375453403809376,0.006705252559875863,0.03779691954878887,0.17740209096195303,0.17740209096195303
Samoa|aus|export|cwti,Samoa,aus,export,cwti,2015,1,naive,0.33107714357071194,0.4442505929408135,-0.11317344937010154,0.06393121805415218,-1.7702376525070946,1.7702376525070946
Samoa|aus|export|cwti,Samoa,aus,export,cwti,2016,1,naive,0.28193740513393595,0.33107714357071194,-0.04913973843677599,0.06976252857586496,-0.7043858564177156,0.7043858564177156
Samoa|aus|export|cwti,Samoa,aus,export,cwti,2017,1,naive,0.10565154626986903,0.28193740513393595,-0.17628585886406692,0.06660047257688162,-2.6469160359270383,2.6469160359270383
Samoa|aus|export|cwti,Samoa,aus,export,cwti,2018,1,naive,0.03971899249078636,0.10565154626986903,-0.06593255377908266,0.07919481137460689,-0.8325362815400725,0.8325362815400725
Samoa|aus|export|cwti,Samoa,aus,export,cwti,2019,1,naive,0.025371222001459602,0.03971899249078636,-0.014347770489326755,0.08279578365163603,-0.17329107662891532,0.17329107662891532
Samoa|aus|export|cwti,Samoa,aus,export,cwti,2021,1,naive,0.019725537627366608,0.025371222001459602,-0.005645684374092994,0.05909152212788493,-0.09554135975503718,0.09554135975503718
Samoa|aus|export|cwti,Samoa,aus,export,cwti,2022,1,naive,0.008488290104336948,0.019725537627366608,-0.01123724752302966,0.048288973478579404,-0.23270835376143192,0.23270835376143192
Samoa|aus|export|cwti,Samoa,aus,export,cwti,2023,1,naive,0.03319232118151065,0.008488290104336948,0.024704031077173703,0.04469065628991884,0.5527784357632347,0.5527784357632347
Samoa|aus|export|cwti,Samoa,aus,export,cwti,2012,3,holt,0.4739611036406707,0.502708775564104,-0.028747671923433304,0.05665926513160967,-0.5073781288313118,0.5073781288313118
Samoa|aus|export|cwti,Samoa,aus,export,cwti,2013,3,holt,0.4375453403809376,0.15880926326727457,0.27873607711366305,0.028747671923433304,9.695953044686545,9.695953044686545
Samoa|aus|export|cwti,Samoa,aus,export,cwti,2014,3,holt,0.4442505929408135,0.4788449714475638,-0.034594378506750345,0.22793770316119952,-0.15177119900293504,0.15177119900293504
Samoa|aus|export|cwti,Samoa,aus,export,cwti,2015,3,holt,0.33107714357071194,0.3737692271835894,-0.04269208361287746,0.008668327180425844,-4.925066016114559,4.925066016114559
Samoa|aus|export|cwti,Samoa,aus,export,cwti,2016,3,holt,0.28193740513393595,0.4073120432499747,-0.12537463811603877,0.010336992385384955,-12.12873468817688,12.12873468817688
Samoa|aus|export|cwti,Samoa,aus,export,cwti,2017,3,holt,0.10565154626986903,0.11817732412650728,-0.012525777856638248,0.012005657590344065,-1.0433229302418643,1.0433229302418643
Samoa|aus|export|cwti,Samoa,aus,export,cwti,2018,3,holt,0.03971899249078636,0.1569572429706529,-0.11723825047986652,0.02236228245710013,-5.242678188363676,5.242678188363676
Samoa|aus|export|cwti,Samoa,aus,export,cwti,2019,3,holt,0.025371222001459602,-0.21822831213616886,0.24359953413762847,0.03271890732385619,7.44522216852926,7.44522216852926
Samoa|aus|export|cwti,Samoa,aus,export,cwti,2021,3,holt,0.019725537627366608,-0.08131331057653021,0.10103884820389682,0.07762335595559912,1.3016552422919134,1.3016552422919134
Samoa|aus|export|cwti,Samoa,aus,export,cwti,2022,3,holt,0.008488290104336948,-0.0014968808929948195,0.009985170997331767,0.13119613176776787,0.07610873021017617,0.07610873021017617
Samoa|aus|export|cwti,Samoa,aus,export,cwti,2023,3,holt,0.03319232118151065,0.007259940617903919,0.025932380563606732,0.09431072234104708,0.27496746838424035,0.27496746838424035
Samoa|aus|export|cwti,Samoa,aus,export,cwti,2012,3,ar1,0.4739611036406707,0.4611899084659991,0.012771195174671568,0.05665926513160967,0.22540347364206528,0.22540347364206528
Samoa|aus|export|cwti,Samoa,aus,export,cwti,2013,3,ar1,0.4375453403809376,0.4739611036406707,-0.03641576325973306,0.012771195174671568,-2.85139822559086,2.85139822559086
Samoa|aus|export|cwti,Samoa,aus,export,cwti,2014,3,ar1,0.4442505929408135,0.4375453403809376,0.006705252559875863,0.03646229228742415,0.18389552985368685,0.18389552985368685
Samoa|aus|export|cwti,Samoa,aus,export,cwti,2015,3,ar1,0.33107714357071194,0.4442505929408135,-0.11317344937010154,0.008993366520696112,-12.584102861777016,12.584102861777016
Samoa|aus|export|cwti,Samoa,aus,export,cwti,2016,3,ar1,0.28193740513393595,0.33107714357071194,-0.04913973843677599,0.03646229228742415,-1.3476864825013841,1.3476864825013841
Samoa|aus|export|cwti,Samoa,aus,export,cwti,2017,3,ar1,0.10565154626986903,0.28193740513393595,-0.17628585886406692,0.06393121805415218,-2.7574300041451747,2.7574300041451747
Samoa|aus|export|cwti,Samoa,aus,export,cwti,2018,3,ar1,0.03971899249078636,0.10565154626986903,-0.06593255377908266,0.07786018411324216,-0.8468070623001405,0.8468070623001405
Samoa|aus|export|cwti,Samoa,aus,export,cwti,2019,3,ar1,0.025371222001459602,0.03971899249078636,-0.014347770489326755,0.08279578365163603,-0.17329107662891532,0.17329107662891532
Samoa|aus|export|cwti,Samoa,aus,export,cwti,2021,3,ar1,0.019725537627366608,0.025371222001459602,-0.005645684374092994,0.05775689486652021,-0.09774909795861642,0.09774909795861642
Samoa|aus|export|cwti,Samoa,aus,export,cwti,2022,3,ar1,0.008488290104336948,0.019725537627366608,-0.01123724752302966,0.04561971895584996,-0.24632434789668237,0.24632434789668237
Samoa|aus|export|cwti,Samoa,aus,export,cwti,2023,3,ar1,0.03319232118151065,0.008488290104336948,0.024704031077173703,0.04139789182581802,0.5967461140561486,0.5967461140561486
Samoa|aus|export|cwti,Samoa,aus,export,cwti,2014,5,holt,0.4442505929408135,0.39299982641160797,0.051250766529205516,0.05399001060888023,0.9492638721722317,0.9492638721722317
Samoa|aus|export|cwti,Samoa,aus,export,cwti,2015,5,holt,0.33107714357071194,0.3506835145039259,-0.019606370933213935,0.051250766529205516,-0.38255761349522727,0.38255761349522727
Samoa|aus|export|cwti,Samoa,aus,export,cwti,2016,5,holt,0.28193740513393595,0.32650080385656893,-0.044563398722632985,0.05252639600089153,-0.8484000829197688,0.8484000829197688
Samoa|aus|export|cwti,Samoa,aus,export,cwti,2017,5,holt,0.10565154626986903,0.2825626569939059,-0.1769111107240369,0.037001289400592684,-4.781214751970323,4.781214751970323
Samoa|aus|export|cwti,Samoa,aus,export,cwti,2018,5,holt,0.03971899249078636,0.06524681889612285,-0.025527826405336497,0.07102704070118787,-0.35940996771543043,0.35940996771543043
Samoa|aus|export|cwti,Samoa,aus,export,cwti,2019,5,holt,0.025371222001459602,-0.09405888903977865,0.11943011104123824,0.02822213951762377,4.231787989236542,4.231787989236542
Samoa|aus|export|cwti,Samoa,aus,export,cwti,2021,5,holt,0.019725537627366608,-0.03576957249712825,0.05549511012449486,0.07102704070118787,0.7813236983638929,0.7813236983638929
Samoa|aus|export|cwti,Samoa,aus,export,cwti,2022,5,holt,0.008488290104336948,-0.08675560161427331,0.09524389171861027,0.10505279200178307,0.9066288473036841,0.9066288473036841
Samoa|aus|export|cwti,Samoa,aus,export,cwti,2023,5,holt,0.03319232118151065,-0.029490840181845397,0.06268316136335605,0.07541661564267232,0.8311585030592196,0.8311585030592196
Samoa|aus|export|cwti,Samoa,aus,export,cwti,2014,5,ar1,0.4442505929408135,0.4315700875342361,0.012680505406577391,0.05399001060888023,0.23486762205769438,0.23486762205769438
Samoa|aus|export|cwti,Samoa,aus,export,cwti,2015,5,ar1,0.33107714357071194,0.45131865844672026,-0.12024151487600832,0.012680505406577391,-9.482391357495807,9.482391357495807
Samoa|aus|export|cwti,Samoa,aus,export,cwti,2016,5,ar1,0.28193740513393595,0.23985182953314363,0.04208557560079232,0.09853509363548078,0.42711255500992423,0.42711255500992423
Samoa|aus|export|cwti,Samoa,aus,export,cwti,2017,5,ar1,0.10565154626986903,0.23266774780993563,-0.1270162015400666,0.04359595706994305,-2.9134857926456004,2.9134857926456004
Samoa|aus|export|cwti,Samoa,aus,export,cwti,2018,5,ar1,0.03971899249078636,-0.12621673591484817,0.16593572840563453,0.10355716885954719,1.6023586800706218,1.6023586800706218
Samoa|aus|export|cwti,Samoa,aus,export,cwti,2019,5,ar1,0.025371222001459602,-0.03778049927252293,0.06315172127398253,0.19707018727096157,0.3204529419112597,0.3204529419112597
Samoa|aus|export|cwti,Samoa,aus,export,cwti,2021,5,ar1,0.019725537627366608,-0.007078873830182249,0.026804411457548857,0.12922443059673694,0.20742526265173342,0.20742526265173342
Samoa|aus|export|cwti,Samoa,aus,export,cwti,2022,5,ar1,0.008488290104336948,0.016343860078490872,-0.007855569974153924,0.05388852153384455,-0.14577445716747403,0.14577445716747403
Samoa|aus|export|cwti,Samoa,aus,export,cwti,2023,5,ar1,0.03319232118151065,0.011436129007034073,0.02175619217447658,0.05263770500224355,0.41331954296923235,0.41331954296923235
Samoa|aus|export|cwti,Samoa,aus,export,cwti,2016,7,holt,0.28193740513393595,0.31121615817149734,-0.02927875303756139,0.03505543664291216,-0.8352129039442799,0.8352129039442799
Samoa|aus|export|cwti,Samoa,aus,export,cwti,2017,7,holt,0.10565154626986903,0.21079717149237048,-0.10514562522250145,0.02927875303756139,-3.5911920527356918,3.5911920527356918
Samoa|aus|export|cwti,Samoa,aus,export,cwti,2018,7,holt,0.03971899249078636,0.06169955103196487,-0.02198055854117851,0.056240112350696064,-0.39083418617862103,0.39083418617862103
Samoa|aus|export|cwti,Samoa,aus,export,cwti,2019,7,holt,0.025371222001459602,-0.04174916176073103,0.06712038376219062,0.010820303160337257,6.203188835616557,6.203188835616557
Samoa|aus|export|cwti,Samoa,aus,export,cwti,2021,7,holt,0.019725537627366608,-0.04929528092678426,0.06902081855415086,0.0616502639308647,1.1195543076920413,1.1195543076920413
Samoa|aus|export|cwti,Samoa,aus,export,cwti,2022,7,holt,0.008488290104336948,-0.05825103524590918,0.06673932535024613,0.1233005278617294,0.5412736385450706,0.5412736385450706
Samoa|aus|export|cwti,Samoa,aus,export,cwti,2023,7,holt,0.03319232118151065,-0.05196478530712219,0.08515710648863284,0.06774179944154211,1.257083620315095,1.257083620315095
Samoa|aus|export|cwti,Samoa,aus,export,cwti,2016,7,ar1,0.28193740513393595,0.3317491798760715,-0.04981177474213555,0.03505543664291216,-1.420942926757324,1.420942926757324
Samoa|aus|export|cwti,Samoa,aus,export,cwti,2017,7,ar1,0.10565154626986903,0.30548704831859796,-0.19983550204872894,0.04981177474213555,-4.01181252993359,4.01181252993359
Samoa|aus|export|cwti,Samoa,aus,export,cwti,2018,7,ar1,0.03971899249078636,-0.1393068120846313,0.17902580457541767,0.11121258905237767,1.6097620431361603,1.6097620431361603
Samoa|aus|export|cwti,Samoa,aus,export,cwti,2019,7,ar1,0.025371222001459602,-0.0725917629749451,0.09796298497640471,0.22242517810475534,0.44043118594364883,0.44043118594364883
Samoa|aus|export|cwti,Samoa,aus,export,cwti,2021,7,ar1,0.019725537627366608,-0.02907281378097266,0.04879835140833927,0.1696372975481022,0.28766286726833795,0.28766286726833795
Samoa|aus|export|cwti,Samoa,aus,export,cwti,2022,7,ar1,0.008488290104336948,-0.004901391827696722,0.01338968193203367,0.14619937303069397,0.09158508449432652,0.09158508449432652
Samoa|aus|export|cwti,Samoa,aus,export,cwti,2023,7,ar1,0.03319232118151065,-0.004898403769339946,0.0380907249508506,0.1095454293793539,0.34771624125862055,0.34771624125862055
Samoa|aus|export|raw_usd,Samoa,aus,export,raw_usd,2010,1,naive,45885535.0,31666493.0,14219042.0,1.0,14219042.0,14219042.0
Samoa|aus|export|raw_usd,Samoa,aus,export,raw_usd,2011,1,naive,33234982.0,45885535.0,-12650553.0,14219042.0,-0.8896909510500074,0.8896909510500074
Samoa|aus|export|raw_usd,Samoa,aus,export,raw_usd,2012,1,naive,38580003.0,33234982.0,5345021.0,19918430.7735,0.2683454866892002,0.2683454866892002
Samoa|aus|export|raw_usd,Samoa,aus,export,raw_usd,2013,1,naive,28154951.0,38580003.0,-10425052.0,13156623.534599999,-0.7923805049664631,0.7923805049664631
Samoa|aus|export|raw_usd,Samoa,aus,export,raw_usd,2014,1,naive,29462461.0,28154951.0,1307510.0,13340119.006199999,0.0980133685008595,0.0980133685008595
Samoa|aus|export|raw_usd,Samoa,aus,export,raw_usd,2015,1,naive,24816555.0,29462461.0,-4645906.0,17394696.4212,-0.267087501126938,0.267087501126938
Samoa|aus|export|raw_usd,Samoa,aus,export,raw_usd,2016,1,naive,20124167.0,24816555.0,-4692388.0,11690355.114899999,-0.40138968866902036,0.40138968866902036
Samoa|aus|export|raw_usd,Samoa,aus,export,raw_usd,2017,1,naive,9516657.219,20124167.0,-10607509.781,8826534.5616,-1.2017751368864702,1.2017751368864702
Samoa|aus|export|raw_usd,Samoa,aus,export,raw_usd,2018,1,naive,4969451.404,9516657.219,-4547205.815,8832604.1636553,-0.514820513944347,0.514820513944347
Samoa|aus|export|raw_usd,Samoa,aus,export,raw_usd,2019,1,naive,4039212.13,4969451.404,-930239.2740000002,8826534.5616,-0.10539122319273786,0.10539122319273786
Samoa|aus|export|raw_usd,Samoa,aus,export,raw_usd,2021,1,naive,2479478.411,4039212.13,-1559733.719,8697348.2106,-0.1793343995471005,0.1793343995471005
Samoa|aus|export|raw_usd,Samoa,aus,export,raw_usd,2022,1,naive,2570964.585,2479478.411,91486.17400000012,8680201.667319,0.010539636923926086,0.010539636923926086
Samoa|aus|export|raw_usd,Samoa,aus,export,raw_usd,2023,1,naive,5558765.753,2570964.585,2987801.1679999996,5564150.1403404,0.5369734986729193,0.5369734986729193
Samoa|aus|export|raw_usd,Samoa,aus,export,raw_usd,2012,3,holt,38580003.0,68681004.05,-30101001.049999997,2325441.7914,-12.944207488366375,12.944207488366375
Samoa|aus|export|raw_usd,Samoa,aus,export,raw_usd,2013,3,holt,28154951.0,11712946.540000001,16442004.459999999,30101001.049999997,0.5462278291904182,0.5462278291904182
Samoa|aus|export|raw_usd,Samoa,aus,export,raw_usd,2014,3,holt,29462461.0,45958329.67000001,-16495868.67000001,34502329.98456299,-0.4781088314145908,0.4781088314145908
Samoa|aus|export|raw_usd,Samoa,aus,export,raw_usd,2015,3,holt,24816555.0,9768685.020000001,15047869.979999999,20170969.26658798,0.7460162068129224,0.7460162068129224
Samoa|aus|export|raw_usd,Samoa,aus,export,raw_usd,2016,3,holt,20124167.0,30827263.64,-10703096.64,24416845.351269003,-0.43834887292038055,0.43834887292038055
Samoa|aus|export|raw_usd,Samoa,aus,export,raw_usd,2017,3,holt,9516657.219,15514981.780000001,-5998324.561000001,28759333.078265995,-0.20856966831171253,0.20856966831171253
Samoa|aus|export|raw_usd,Samoa,aus,export,raw_usd,2018,3,holt,4969451.404,9497215.425990002,-4527764.021990002,22161495.9871347,-0.2043076886424311,0.2043076886424311
Samoa|aus|export|raw_usd,Samoa,aus,export,raw_usd,2019,3,holt,4039212.13,-10425698.510139998,14464910.640139997,15563658.896003412,0.9294029595993291,0.9294029595993291
Samoa|aus|export|raw_usd,Samoa,aus,export,raw_usd,2021,3,holt,2479478.411,-3365397.252389998,5844875.663389998,22951225.702606786,0.254665077112903,0.254665077112903
Samoa|aus|export|raw_usd,Samoa,aus,export,raw_usd,2022,3,holt,2570964.585,2046539.7485500001,524424.8364499998,17743911.951139636,0.029555198306555938,0.029555198306555938
Samoa|aus|export|raw_usd,Samoa,aus,export,raw_usd,2023,3,holt,5558765.753,-293232.84947000025,5851998.602469999,17194917.646062203,0.3403330404324537,0.3403330404324537
Samoa|aus|export|raw_usd,Samoa,aus,export,raw_usd,2012,3,ar1,38580003.0,33234982.0,5345021.0,2325441.7914,2.2984970080812492,2.2984970080812492
Samoa|aus|export|raw_usd,Samoa,aus,export,raw_usd,2013,3,ar1,28154951.0,38580003.0,-10425052.0,5345021.0,-1.95042301985343,1.95042301985343
Samoa|aus|export|raw_usd,Samoa,aus,export,raw_usd,2014,3,ar1,29462461.0,28154951.0,1307510.0,11690355.114899999,0.11184519094150586,0.11184519094150586
Samoa|aus|export|raw_usd,Samoa,aus,export,raw_usd,2015,3,ar1,24816555.0,29462461.0,-4645906.0,5986013.8086,-0.7761268430963706,0.7761268430963706
Samoa|aus|export|raw_usd,Samoa,aus,export,raw_usd,2016,3,ar1,20124167.0,24816555.0,-4692388.0,7406274.185099999,-0.6335693066076574,0.6335693066076574
Samoa|aus|export|raw_usd,Samoa,aus,export,raw_usd,2017,3,ar1,9516657.219,20124167.0,-10607509.781,8568161.8596,-1.238014635439579,1.238014635439579
Samoa|aus|export|raw_usd,Samoa,aus,export,raw_usd,2018,3,ar1,4969451.404,9516657.219,-4547205.815,8668960.706055298,-0.5245387502822295,0.5245387502822295
Samoa|aus|export|raw_usd,Samoa,aus,export,raw_usd,2019,3,ar1,4039212.13,4969451.404,-930239.2740000002,8568161.8596,-0.10856929283586479,0.10856929283586479
Samoa|aus|export|raw_usd,Samoa,aus,export,raw_usd,2021,3,ar1,2479478.411,4039212.13,-1559733.719,7038504.6737838,-0.2216001539090418,0.2216001539090418
Samoa|aus|export|raw_usd,Samoa,aus,export,raw_usd,2022,3,ar1,2570964.585,2479478.411,91486.17400000012,5362514.5936866,0.017060312359374965,0.017060312359374965
Samoa|aus|export|raw_usd,Samoa,aus,export,raw_usd,2023,3,ar1,5558765.753,2570964.585,2987801.1679999996,3905306.6035242,0.765061868715703,0.765061868715703
Samoa|aus|export|raw_usd,Samoa,aus,export,raw_usd,2014,5,holt,29462461.0,33338136.40352,-3875675.4035199992,7531653.9606,-0.5145849004474508,0.5145849004474508
Samoa|aus|export|raw_usd,Samoa,aus,export,raw_usd,2015,5,holt,24816555.0,21875364.414336003,2941190.5856639966,3875675.4035199992,0.758884653496194,0.758884653496194
Samoa|aus|export|raw_usd,Samoa,aus,export,raw_usd,2016,5,holt,20124167.0,25316354.894527998,-5192187.894527998,5053342.757782096,-1.0274758993009294,1.0274758993009294
Samoa|aus|export|raw_usd,Samoa,aus,export,raw_usd,2017,5,holt,9516657.219,13897470.539968,-4380813.320968,1951861.4191684586,-2.244428460927485,2.244428460927485
Samoa|aus|export|raw_usd,Samoa,aus,export,raw_usd,2018,5,holt,4969451.404,7602295.473136001,-2632844.069136001,975930.7095842293,-2.6977776631884636,2.6977776631884636
Samoa|aus|export|raw_usd,Samoa,aus,export,raw_usd,2019,5,holt,4039212.13,-632749.7570624007,4671961.887062401,1842621.7363577154,2.535497001298488,2.535497001298488
Samoa|aus|export|raw_usd,Samoa,aus,export,raw_usd,2021,5,holt,2479478.411,-2069841.5675917068,4549319.978591707,2271700.31596729,2.00260568993873,2.00260568993873
Samoa|aus|export|raw_usd,Samoa,aus,export,raw_usd,2022,5,holt,2570964.585,-4120556.0635045744,6691520.648504574,3794483.155526174,1.7634867185427452,1.7634867185427452
Samoa|aus|export|raw_usd,Samoa,aus,export,raw_usd,2023,5,holt,5558765.753,-279622.5046421755,5838388.257642175,6607158.974307186,0.8836457969825643,0.8836457969825643
Samoa|aus|export|raw_usd,Samoa,aus,export,raw_usd,2014,5,ar1,29462461.0,43899036.5427987,-14436575.542798698,7531653.9606,-1.916786886163398,1.916786886163398
Samoa|aus|export|raw_usd,Samoa,aus,export,raw_usd,2015,5,ar1,24816555.0,32222819.18781382,-7406264.187813818,14436575.542798698,-0.51302084527298,0.51302084527298
Samoa|aus|export|raw_usd,Samoa,aus,export,raw_usd,2016,5,ar1,20124167.0,28721449.2459058,-8597282.245905802,5211569.807450291,-1.6496530917834789,1.6496530917834789
Samoa|aus|export|raw_usd,Samoa,aus,export,raw_usd,2017,5,ar1,9516657.219,21393687.070727352,-11877029.851727352,1765803.3729271742,-6.726133857156919,6.726133857156919
Samoa|aus|export|raw_usd,Samoa,aus,export,raw_usd,2018,5,ar1,4969451.404,-9981676.207993716,14951127.611993715,3314178.586659102,4.511261907302763,4.511261907302763
Samoa|aus|export|raw_usd,Samoa,aus,export,raw_usd,2019,5,ar1,4039212.13,-1431272.2443057755,5470484.374305775,4862553.80039103,1.1250228992563245,1.1250228992563245
Samoa|aus|export|raw_usd,Samoa,aus,export,raw_usd,2021,5,ar1,2479478.411,1798120.0815985764,681358.3294014235,7642846.707645806,0.08914980968018126,0.08914980968018126
Samoa|aus|export|raw_usd,Samoa,aus,export,raw_usd,2022,5,ar1,2570964.585,2347504.9791202573,223459.60587974265,10423139.614900582,0.021438800029147845,0.021438800029147845
Samoa|aus|export|raw_usd,Samoa,aus,export,raw_usd,2023,5,ar1,5558765.753,2544526.9093629993,3014238.8436370003,9852994.521387726,0.30592109201867956,0.30592109201867956
Samoa|aus|export|raw_usd,Samoa,aus,export,raw_usd,2016,7,holt,20124167.0,25248998.76247603,-5124831.762476031,5206212.169199999,-0.9843685958084044,0.9843685958084044
Samoa|aus|export|raw_usd,Samoa,aus,export,raw_usd,2017,7,holt,9516657.219,15193187.032117661,-5676529.813117661,5124831.762476031,-1.1076519339973572,1.1076519339973572
Samoa|aus|export|raw_usd,Samoa,aus,export,raw_usd,2018,7,holt,4969451.404,7168937.630345807,-2199486.2263458073,408973.7649406402,-5.378061907381878,5.378061907381878
Samoa|aus|export|raw_usd,Samoa,aus,export,raw_usd,2019,7,holt,4039212.13,-1715195.8931430895,5754408.023143089,817947.5298812804,7.035179902038831,7.035179902038831
Samoa|aus|export|raw_usd,Samoa,aus,export,raw_usd,2021,7,holt,2479478.411,-432554.80449866224,2912033.215498662,2577532.4108739747,1.1297755959201563,1.1297755959201563
Samoa|aus|export|raw_usd,Samoa,aus,export,raw_usd,2022,7,holt,2570964.585,-2923981.813224432,5494946.398224432,5155064.821747949,1.0659315815084625,1.0659315815084625
Samoa|aus|export|raw_usd,Samoa,aus,export,raw_usd,2023,7,holt,5558765.753,-2960991.9583526915,8519757.711352691,7810935.349500732,1.0907474367839016,1.0907474367839016
Samoa|aus|export|raw_usd,Samoa,aus,export,raw_usd,2016,7,ar1,20124167.0,33224072.072259255,-13099905.072259255,5206212.169199999,-2.516206532987345,2.516206532987345
Samoa|aus|export|raw_usd,Samoa,aus,export,raw_usd,2017,7,ar1,9516657.219,23000845.144510467,-13484187.925510466,13099905.072259255,-1.0293347815218128,1.0293347815218128
Samoa|aus|export|raw_usd,Samoa,aus,export,raw_usd,2018,7,ar1,4969451.404,2279243.9463759754,2690207.4576240247,284868.87911512295,9.443669192579094,9.443669192579094
Samoa|aus|export|raw_usd,Samoa,aus,export,raw_usd,2019,7,ar1,4039212.13,696589.574775246,3342622.555224754,569737.7582302459,5.866949323505978,5.866949323505978
Samoa|aus|export|raw_usd,Samoa,aus,export,raw_usd,2021,7,ar1,2479478.411,244148.48719309364,2235329.923806906,11990079.297517598,0.18643162137132024,0.18643162137132024
Samoa|aus|export|raw_usd,Samoa,aus,export,raw_usd,2022,7,ar1,2570964.585,289555.45156309335,2281409.1334369066,1641672.055340101,1.3896862811399155,1.3896862811399155
Samoa|aus|export|raw_usd,Samoa,aus,export,raw_usd,2023,7,ar1,5558765.753,1569040.6645750427,3989725.088424957,1123878.2253899612,3.5499620851187945,3.5499620851187945
Samoa|aus|export|sti,Samoa,aus,export,sti,2010,1,naive,0.6531759168071556,0.6887591733165461,-0.03558325650939054,1.0,-0.03558325650939054,0.03558325650939054
Samoa|aus|export|sti,Samoa,aus,export,sti,2011,1,naive,0.5015552446536801,0.6531759168071556,-0.15162067215347552,0.03558325650939054,-4.261011695583914,4.261011695583914
Samoa|aus|export|sti,Samoa,aus,export,sti,2012,1,naive,0.506953801177544,0.5015552446536801,0.0053985565238638955,0.08601853621696019,0.06276038585738532,0.06276038585738532
Samoa|aus|export|sti,Samoa,aus,export,sti,2013,1,naive,0.4533178853449439,0.506953801177544,-0.05363591583260008,0.06075963600310302,-0.8827557135112013,0.8827557135112013
Samoa|aus|export|sti,Samoa,aus,export,sti,2014,1,naive,0.5785845300794541,0.4533178853449439,0.1252666447345102,0.04376225435784674,2.8624358267788694,2.8624358267788694
Samoa|aus|export|sti,Samoa,aus,export,sti,2015,1,naive,0.42113672503161464,0.5785845300794541,-0.15744780504783945,0.06075963600310302,-2.591322387773991,2.591322387773991
Samoa|aus|export|sti,Samoa,aus,export,sti,2016,1,naive,0.3591005081576202,0.42113672503161464,-0.062036216873994465,0.1163983542185117,-0.5329647252360238,0.5329647252360238
Samoa|aus|export|sti,Samoa,aus,export,sti,2017,1,naive,0.21433036894277016,0.3591005081576202,-0.14477013921485002,0.08752450871569348,-1.6540525772627637,1.6540525772627637
Samoa|aus|export|sti,Samoa,aus,export,sti,2018,1,naive,0.10779379474037132,0.21433036894277016,-0.10653657420239884,0.11132005415110861,-0.9570294859700971,0.9570294859700971
Samoa|aus|export|sti,Samoa,aus,export,sti,2019,1,naive,0.07998810727433457,0.10779379474037132,-0.027805687466036746,0.0999787950396648,-0.2781158490158372,0.2781158490158372
Samoa|aus|export|sti,Samoa,aus,export,sti,2021,1,naive,0.08596150482922521,0.07998810727433457,0.005973397554890639,0.08297751240737856,0.07198814933815091,0.07198814933815091
Samoa|aus|export|sti,Samoa,aus,export,sti,2022,1,naive,0.05889837073747859,0.08596150482922521,-0.02706313409174662,0.08752450871569348,-0.30920635247043776,0.30920635247043776
Samoa|aus|export|sti,Samoa,aus,export,sti,2023,1,naive,0.1295053441294496,0.05889837073747859,0.07060697339197103,0.07456820201569837,0.9468777774353013,0.9468777774353013
Samoa|aus|export|sti,Samoa,aus,export,sti,2012,3,holt,0.506953801177544,0.5576415465031167,-0.05068774532557274,0.05275573610082241,-0.9608006459942575,0.9608006459942575
Samoa|aus|export|sti,Samoa,aus,export,sti,2013,3,holt,0.4533178853449439,0.23128793836897032,0.22202994697597356,0.05068774532557274,4.38034766687395,4.38034766687395
Samoa|aus|export|sti,Samoa,aus,export,sti,2014,3,holt,0.5785845300794541,0.49295643583555687,0.08562809424389722,0.20216562530313625,0.4235541730474832,0.4235541730474832
Samoa|aus|export|sti,Samoa,aus,export,sti,2015,3,holt,0.42113672503161464,0.3836155913988369,0.03752113363277776,0.20210186374569616,0.1856545651651705,0.1856545651651705
Samoa|aus|export|sti,Samoa,aus,export,sti,2016,3,holt,0.3591005081576202,0.7697477850941811,-0.4106472769365609,0.10105093187284808,-4.06376536391843,4.06376536391843
Samoa|aus|export|sti,Samoa,aus,export,sti,2017,3,holt,0.21433036894277016,0.13104812786113557,0.0832822410816346,0.13077848394365044,0.6368191354590031,0.6368191354590031
Samoa|aus|export|sti,Samoa,aus,export,sti,2018,3,holt,0.10779379474037132,0.2176539507180516,-0.10986015597768028,0.10105093187284808,-1.0871760798397863,1.0871760798397863
Samoa|aus|export|sti,Samoa,aus,export,sti,2019,3,holt,0.07998810727433457,-0.06718086083431507,0.14716896810864966,0.13077848394365044,1.1253301282500072,1.1253301282500072
Samoa|aus|export|sti,Samoa,aus,export,sti,2021,3,holt,0.08596150482922521,-0.08480932311297217,0.1707708279421974,0.14667118166878906,1.164310711887696,1.164310711887696
Samoa|aus|export|sti,Samoa,aus,export,sti,2022,3,holt,0.05889837073747859,0.031470340196655844,0.027428030540822747,0.1297105788794704,0.2114556174042628,0.2114556174042628
Samoa|aus|export|sti,Samoa,aus,export,sti,2023,3,holt,0.1295053441294496,0.09097062829321267,0.03853471583623694,0.14613722913669902,0.2636885622088193,0.2636885622088193
Samoa|aus|export|sti,Samoa,aus,export,sti,2012,3,ar1,0.506953801177544,0.5015552446536801,0.0053985565238638955,0.05275573610082241,0.10233117615014639,0.10233117615014639
Samoa|aus|export|sti,Samoa,aus,export,sti,2013,3,ar1,0.4533178853449439,0.506953801177544,-0.05363591583260008,0.0053985565238638955,-9.935232797046158,9.935232797046158
Samoa|aus|export|sti,Samoa,aus,export,sti,2014,3,ar1,0.5785845300794541,0.4533178853449439,0.1252666447345102,0.04376225435784674,2.8624358267788694,2.8624358267788694
Samoa|aus|export|sti,Samoa,aus,export,sti,2015,3,ar1,0.42113672503161464,0.5785845300794541,-0.15744780504783945,0.08752450871569348,-1.798899615184112,1.798899615184112
Samoa|aus|export|sti,Samoa,aus,export,sti,2016,3,ar1,0.3591005081576202,0.42113672503161464,-0.062036216873994465,0.12071800783310369,-0.5138936434385284,0.5138936434385284
Samoa|aus|export|sti,Samoa,aus,export,sti,2017,3,ar1,0.21433036894277016,0.3591005081576202,-0.14477013921485002,0.08752450871569348,-1.6540525772627637,1.6540525772627637
Samoa|aus|export|sti,Samoa,aus,export,sti,2018,3,ar1,0.10779379474037132,0.21433036894277016,-0.10653657420239884,0.11132005415110861,-0.9570294859700971,0.9570294859700971
Samoa|aus|export|sti,Samoa,aus,export,sti,2019,3,ar1,0.07998810727433457,0.10779379474037132,-0.027805687466036746,0.0999787950396648,-0.2781158490158372,0.2781158490158372
Samoa|aus|export|sti,Samoa,aus,export,sti,2021,3,ar1,0.08596150482922521,0.07998810727433457,0.005973397554890639,0.08297751240737856,0.07198814933815091,0.07198814933815091
Samoa|aus|export|sti,Samoa,aus,export,sti,2022,3,ar1,0.05889837073747859,0.08596150482922521,-0.02706313409174662,0.08752450871569348,-0.30920635247043776,0.30920635247043776
Samoa|aus|export|sti,Samoa,aus,export,sti,2023,3,ar1,0.1295053441294496,0.05889837073747859,0.07060697339197103,0.06880269008386021,1.0262240227222463,1.0262240227222463
Samoa|aus|export|sti,Samoa,aus,export,sti,2014,5,holt,0.5785845300794541,0.4053192660078816,0.1732652640715725,0.07952060881341287,2.1788724540341744,2.1788724540341744
Samoa|aus|export|sti,Samoa,aus,export,sti,2015,5,holt,0.42113672503161464,0.49607881143098664,-0.074942086399372,0.1732652640715725,-0.43252804767847114,0.43252804767847114
Samoa|aus|export|sti,Samoa,aus,export,sti,2016,5,holt,0.3591005081576202,0.5091561220563282,-0.15005561389870803,0.18399610890411114,-0.8155368871246562,0.8155368871246562
Samoa|aus|export|sti,Samoa,aus,export,sti,2017,5,holt,0.21433036894277016,0.31600540289585966,-0.1016750339530895,0.1113633158705156,-0.9130029324136607,0.9130029324136607
Samoa|aus|export|sti,Samoa,aus,export,sti,2018,5,holt,0.10779379474037132,0.22170109587510953,-0.11390730113473821,0.0556816579352578,-2.045688030108237,2.045688030108237
Samoa|aus|export|sti,Samoa,aus,export,sti,2019,5,holt,0.07998810727433457,-0.0235222205286377,0.10351032780297227,0.03963426804314155,2.6116371744345623,2.6116371744345623
Samoa|aus|export|sti,Samoa,aus,export,sti,2021,5,holt,0.08596150482922521,0.007804727595848826,0.07815677723337638,0.06474943759701399,1.207064958923762,1.207064958923762
Samoa|aus|export|sti,Samoa,aus,export,sti,2022,5,holt,0.05889837073747859,-0.01645014951500804,0.07534852025248663,0.1113633158705156,0.6766009045572592,0.6766009045572592
Samoa|aus|export|sti,Samoa,aus,export,sti,2023,5,holt,0.1295053441294496,-0.0002480700254164567,0.12975341415486608,0.15210390866976856,0.8530577240889486,0.8530577240889486
Samoa|aus|export|sti,Samoa,aus,export,sti,2014,5,ar1,0.5785845300794541,0.44015841938658073,0.13842611069287336,0.07952060881341287,1.740757682296879,1.740757682296879
Samoa|aus|export|sti,Samoa,aus,export,sti,2015,5,ar1,0.42113672503161464,0.4991819201250351,-0.07804519509342045,0.13842611069287336,-0.5638040013027577,0.5638040013027577
Samoa|aus|export|sti,Samoa,aus,export,sti,2016,5,ar1,0.3591005081576202,0.5987471462866493,-0.2396466381290291,0.1604701789793796,-1.4934029465987175,1.4934029465987175
Samoa|aus|export|sti,Samoa,aus,export,sti,2017,5,ar1,0.21433036894277016,0.4618490889562557,-0.24751872001348554,0.23959029944459334,-1.0330915758579187,1.0330915758579187
Samoa|aus|export|sti,Samoa,aus,export,sti,2018,5,ar1,0.10779379474037132,0.19331408189356947,-0.08552028715319815,0.12563072402324424,-0.6807274877869458,0.6807274877869458
Samoa|aus|export|sti,Samoa,aus,export,sti,2019,5,ar1,0.07998810727433457,0.018882890024175314,0.06110521725015926,0.22850772795676694,0.26740984997111433,0.26740984997111433
Samoa|aus|export|sti,Samoa,aus,export,sti,2021,5,ar1,0.08596150482922521,0.02702703507214766,0.05893446975707755,0.2229473503925923,0.2643425438934291,0.2643425438934291
Samoa|aus|export|sti,Samoa,aus,export,sti,2022,5,ar1,0.05889837073747859,0.07275279674410413,-0.013854426006625543,0.20630440134059128,-0.06715526143212547,0.06715526143212547
Samoa|aus|export|sti,Samoa,aus,export,sti,2023,5,ar1,0.1295053441294496,0.06669227465794943,0.06281306947150019,0.15711060909992872,0.399801578208818,0.399801578208818
Samoa|aus|export|sti,Samoa,aus,export,sti,2016,7,holt,0.3591005081576202,0.4056428325840423,-0.046542324426422144,0.10619971866997197,-0.43825280339073075,0.43825280339073075
Samoa|aus|export|sti,Samoa,aus,export,sti,2017,7,holt,0.21433036894277016,0.30477000834606816,-0.090439639403298,0.046542324426422144,-1.9431698033533384,1.9431698033533384
Samoa|aus|export|sti,Samoa,aus,export,sti,2018,7,holt,0.10779379474037132,0.17467260879508018,-0.06687881405470886,0.032541079592358066,-2.0552119011569197,2.0552119011569197
Samoa|aus|export|sti,Samoa,aus,export,sti,2019,7,holt,0.07998810727433457,0.14802906222807788,-0.06804095495374331,0.03015087952289788,-2.2566822603655745,2.2566822603655745
Samoa|aus|export|sti,Samoa,aus,export,sti,2021,7,holt,0.08596150482922521,0.021328332466091025,0.06463317236313418,0.01593693480990318,4.055558558410571,4.055558558410571
Samoa|aus|export|sti,Samoa,aus,export,sti,2022,7,holt,0.05889837073747859,-0.009875735473035746,0.06877410621051433,0.03015087952289788,2.2809983422965923,2.2809983422965923
Samoa|aus|export|sti,Samoa,aus,export,sti,2023,7,holt,0.1295053441294496,-0.012812763596352632,0.14231810772580225,0.0334025746408123,4.260692753663173,4.260692753663173
Samoa|aus|export|sti,Samoa,aus,export,sti,2016,7,ar1,0.3591005081576202,0.48057222551828815,-0.12147171736066797,0.10619971866997197,-1.1438045117440991,1.1438045117440991
Samoa|aus|export|sti,Samoa,aus,export,sti,2017,7,ar1,0.21433036894277016,0.4496025512452628,-0.23527218230249267,0.12147171736066797,-1.9368474194197307,1.9368474194197307
Samoa|aus|export|sti,Samoa,aus,export,sti,2018,7,ar1,0.10779379474037132,0.18297930612393395,-0.07518551138356264,0.08436028466137464,-0.8912429786760453,0.8912429786760453
Samoa|aus|export|sti,Samoa,aus,export,sti,2019,7,ar1,0.07998810727433457,0.017265123703808408,0.06272298357052616,0.06862392898165637,0.9140103824030891,0.9140103824030891
Samoa|aus|export|sti,Samoa,aus,export,sti,2021,7,ar1,0.08596150482922521,0.028149019452567918,0.05781248537665729,0.11867224915220283,0.48716094781780045,0.48716094781780045
Samoa|aus|export|sti,Samoa,aus,export,sti,2022,7,ar1,0.05889837073747859,0.058971665970211355,-7.329523273276461e-05,0.19718282999670206,-0.0003717120437615714,0.0003717120437615714
Samoa|aus|export|sti,Samoa,aus,export,sti,2023,7,ar1,0.1295053441294496,0.03919828074923803,0.09030706338021158,0.1329033794891792,0.6794941086322356,0.6794941086322356
Samoa|aus|import|cwti,Samoa,aus,import,cwti,2010,1,naive,0.10563988609510327,0.11498446434814727,-0.009344578253043995,1.0,-0.009344578253043995,0.009344578253043995
Samoa|aus|import|cwti,Samoa,aus,import,cwti,2011,1,naive,0.014078454001917106,0.10563988609510327,-0.09156143209318617,0.009344578253043995,-9.798348262893517,9.798348262893517
Samoa|aus|import|cwti,Samoa,aus,import,cwti,2012,1,naive,0.011532645188228679,0.014078454001917106,-0.0025458088136884275,0.06094735375169739,-0.04177062098643662,0.04177062098643662
Samoa|aus|import|cwti,Samoa,aus,import,cwti,2013,1,naive,0.00668241369270846,0.011532645188228679,-0.004850231495520219,0.010079855570788563,-0.48118065397446735,0.48118065397446735
Samoa|aus|import|cwti,Samoa,aus,import,cwti,2014,1,naive,0.0094127138393791,0.00668241369270846,0.0027303001466706407,0.005039927785394281,0.5417339817016932,0.5417339817016932
Samoa|aus|import|cwti,Samoa,aus,import,cwti,2015,1,naive,0.01157349711040545,0.0094127138393791,0.00216078327102635,0.00666331850270475,0.32428035222228274,0.32428035222228274
Samoa|aus|import|cwti,Samoa,aus,import,cwti,2016,1,naive,0.01277735323065903,0.01157349711040545,0.0012038561202535793,0.008528924497793347,0.14114981561450662,0.14114981561450662
Samoa|aus|import|cwti,Samoa,aus,import,cwti,2017,1,naive,0.013772002702652657,0.01277735323065903,0.0009946494719936267,0.006977993424798129,0.14254090129389904,0.14254090129389904
Samoa|aus|import|cwti,Samoa,aus,import,cwti,2018,1,naive,0.019419717090275176,0.013772002702652657,0.005647714387622519,0.0047756345575371345,1.1826102520154158,1.1826102520154158
Samoa|aus|import|cwti,Samoa,aus,import,cwti,2019,1,naive,0.016673649323881445,0.019419717090275176,-0.002746067766393731,0.005249083454352213,-0.5231518588482077,0.5231518588482077
Samoa|aus|import|cwti,Samoa,aus,import,cwti,2021,1,naive,0.03245643414506513,0.016673649323881445,0.015782784821183688,0.0047756345575371345,3.304856062797884,3.304856062797884
Samoa|aus|import|cwti,Samoa,aus,import,cwti,2022,1,naive,0.018346890509078513,0.03245643414506513,-0.01410954363598662,0.005545987377633096,-2.544099485853547,2.544099485853547
Samoa|aus|import|cwti,Samoa,aus,import,cwti,2023,1,naive,0.017397011184786836,0.018346890509078513,-0.0009498793242916775,0.005619448106356084,-0.1690342728171618,0.1690342728171618
Samoa|aus|import|cwti,Samoa,aus,import,cwti,2012,3,holt,0.011532645188228679,0.06968519028258544,-0.05815254509435676,0.013854271717963025,-4.197445111384523,4.197445111384523
Samoa|aus|import|cwti,Samoa,aus,import,cwti,2013,3,holt,0.00668241369270846,-0.1459003481317858,0.15258276182449426,0.05815254509435676,2.623836352766978,2.623836352766978
Samoa|aus|import|cwti,Samoa,aus,import,cwti,2014,3,holt,0.0094127138393791,0.0059570987976671486,0.003455615041711952,0.15621808301894424,0.02212045478302852,0.02212045478302852
Samoa|aus|import|cwti,Samoa,aus,import,cwti,2015,3,holt,0.01157349711040545,-0.0014261376534718934,0.012999634763877345,0.09134025821773546,0.14232097672516997,0.14232097672516997
Samoa|aus|import|cwti,Samoa,aus,import,cwti,2016,3,holt,0.01277735323065903,0.014753715588835082,-0.001976362358176052,0.05274511092890894,-0.037470057856923235,0.037470057856923235
Samoa|aus|import|cwti,Samoa,aus,import,cwti,2017,3,holt,0.013772002702652657,0.01569410895079587,-0.0019221062481432141,0.01414996364008241,-0.13583824644598308,0.13583824644598308
Samoa|aus|import|cwti,Samoa,aus,import,cwti,2018,3,holt,0.019419717090275176,0.015097198678897009,0.004322518411378167,0.011101706666578183,0.38935620812168986,0.38935620812168986
Samoa|aus|import|cwti,Samoa,aus,import,cwti,2019,3,holt,0.016673649323881445,0.016738445278921977,-6.47959550405322e-05,0.008053449693073955,-0.008045739094422773,0.008045739094422773
Samoa|aus|import|cwti,Samoa,aus,import,cwti,2021,3,holt,0.03245643414506513,0.028952451613176805,0.0035039825318883278,0.005403548966813995,0.6484594760606607,0.6484594760606607
Samoa|aus|import|cwti,Samoa,aus,import,cwti,2022,3,holt,0.018346890509078513,0.015072572834485244,0.003274317674593269,0.00797300958433927,0.41067524627397206,0.41067524627397206
Samoa|aus|import|cwti,Samoa,aus,import,cwti,2023,3,holt,0.017397011184786836,0.057744614811426745,-0.04034760362663991,0.006461789725817171,-6.2440291836542965,6.2440291836542965
Samoa|aus|import|cwti,Samoa,aus,import,cwti,2012,3,ar1,0.011532645188228679,0.014078454001917106,-0.0025458088136884275,0.013854271717963025,-0.18375623529799906,0.18375623529799906
Samoa|aus|import|cwti,Samoa,aus,import,cwti,2013,3,ar1,0.00668241369270846,0.011532645188228679,-0.004850231495520219,0.0025458088136884275,-1.9051829302504022,1.9051829302504022
Samoa|aus|import|cwti,Samoa,aus,import,cwti,2014,3,ar1,0.0094127138393791,0.00668241369270846,0.0027303001466706407,0.0017082685340419066,1.598285101119624,1.598285101119624
Samoa|aus|import|cwti,Samoa,aus,import,cwti,2015,3,ar1,0.01157349711040545,0.0094127138393791,0.00216078327102635,0.003416537068083813,0.6324483615915337,0.6324483615915337
Samoa|aus|import|cwti,Samoa,aus,import,cwti,2016,3,ar1,0.01277735323065903,0.01157349711040545,0.0012038561202535793,0.003911179572314177,0.3077987338590232,0.3077987338590232
Samoa|aus|import|cwti,Samoa,aus,import,cwti,2017,3,ar1,0.013772002702652657,0.01277735323065903,0.0009946494719936267,0.0022631059135659348,0.4395063730916489,0.4395063730916489
Samoa|aus|import|cwti,Samoa,aus,import,cwti,2018,3,ar1,0.019419717090275176,0.013772002702652657,0.005647714387622519,0.0019960079420059253,2.829504967774198,2.829504967774198
Samoa|aus|import|cwti,Samoa,aus,import,cwti,2019,3,ar1,0.016673649323881445,0.019419717090275176,-0.002746067766393731,0.0022631059135659348,-1.2134066505384196,1.2134066505384196
Samoa|aus|import|cwti,Samoa,aus,import,cwti,2021,3,ar1,0.03245643414506513,0.016673649323881445,0.015782784821183688,0.003911179572314177,4.03530048400342,4.03530048400342
Samoa|aus|import|cwti,Samoa,aus,import,cwti,2022,3,ar1,0.018346890509078513,0.03245643414506513,-0.01410954363598662,0.005559253231062419,-2.538028589370477,2.538028589370477
Samoa|aus|import|cwti,Samoa,aus,import,cwti,2023,3,ar1,0.017397011184786836,0.018346890509078513,-0.0009498793242916775,0.005552620304347757,-0.17106866168174917,0.17106866168174917
Samoa|aus|import|cwti,Samoa,aus,import,cwti,2014,5,holt,0.0094127138393791,-0.007287647411042901,0.016700361250422,0.010965369362432746,1.5230094580887792,1.5230094580887792
Samoa|aus|import|cwti,Samoa,aus,import,cwti,2015,5,holt,0.01157349711040545,-0.03804475212172623,0.04961824923213168,0.016700361250422,2.9710883787545543,2.9710883787545543
Samoa|aus|import|cwti,Samoa,aus,import,cwti,2016,5,holt,0.01277735323065903,0.00996481234505512,0.00281254088560391,0.024402030360841383,0.11525847825012434,0.11525847825012434
Samoa|aus|import|cwti,Samoa,aus,import,cwti,2017,5,holt,0.013772002702652657,0.011514977700735307,0.0022570250019173493,0.020590082472879297,0.10961709380670243,0.10961709380670243
Samoa|aus|import|cwti,Samoa,aus,import,cwti,2018,5,holt,0.019419717090275176,0.015943186791216087,0.0034765302990590885,0.010706845161016498,0.32470165083895075,0.32470165083895075
Samoa|aus|import|cwti,Samoa,aus,import,cwti,2019,5,holt,0.016673649323881445,0.019989061230176467,-0.0033154119062950224,0.0018080385535423425,-1.8337064216907357,1.8337064216907357
Samoa|aus|import|cwti,Samoa,aus,import,cwti,2021,5,holt,0.03245643414506513,0.01836672145772147,0.014089712687343662,0.00544667068140585,2.586848647825159,2.586848647825159
Samoa|aus|import|cwti,Samoa,aus,import,cwti,2022,5,holt,0.018346890509078513,0.027345562945572176,-0.008998672436493663,0.010069733513658004,-0.8936356085579013,0.8936356085579013
Samoa|aus|import|cwti,Samoa,aus,import,cwti,2023,5,holt,0.017397011184786836,0.03582548268582884,-0.018428471501042,0.012902418861264356,-1.4282958644574748,1.4282958644574748
Samoa|aus|import|cwti,Samoa,aus,import,cwti,2014,5,ar1,0.0094127138393791,0.0035681221595366143,0.005844591679842486,0.010965369362432746,0.5330045424521679,0.5330045424521679
Samoa|aus|import|cwti,Samoa,aus,import,cwti,2015,5,ar1,0.01157349711040545,0.009127015190293067,0.002446481920112384,0.005844591679842486,0.4185890228311583,0.4185890228311583
Samoa|aus|import|cwti,Samoa,aus,import,cwti,2016,5,ar1,0.01277735323065903,0.0098983726235718,0.002878980607087229,0.0025190187648879243,1.1428976422155872,1.1428976422155872
Samoa|aus|import|cwti,Samoa,aus,import,cwti,2017,5,ar1,0.013772002702652657,0.01018562127568491,0.003586381426967747,0.0006412225533089051,5.593036939298093,5.593036939298093
Samoa|aus|import|cwti,Samoa,aus,import,cwti,2018,5,ar1,0.019419717090275176,0.014443972912806791,0.004975744177468384,0.0008450075044318805,5.8884023530817045,5.8884023530817045
Samoa|aus|import|cwti,Samoa,aus,import,cwti,2019,5,ar1,0.016673649323881445,0.026085696606068697,-0.009412047282187253,0.001690015008863761,-5.569209286795154,5.569209286795154
Samoa|aus|import|cwti,Samoa,aus,import,cwti,2021,5,ar1,0.03245643414506513,0.016541339121591704,0.01591509502347343,0.0018749421113780028,8.48831274677409,8.48831274677409
Samoa|aus|import|cwti,Samoa,aus,import,cwti,2022,5,ar1,0.018346890509078513,0.03248745583095229,-0.014140565321873778,0.002059869213892245,-6.864787932411661,6.864787932411661
Samoa|aus|import|cwti,Samoa,aus,import,cwti,2023,5,ar1,0.017397011184786836,0.022386401435544916,-0.004989390250758081,0.0032283420951795937,-1.5454961412571486,1.5454961412571486
Samoa|aus|import|cwti,Samoa,aus,import,cwti,2016,7,holt,0.01277735323065903,-0.0031672850566607253,0.015944638287319755,0.00371384908735518,4.293291922282911,4.293291922282911
Samoa|aus|import|cwti,Samoa,aus,import,cwti,2017,7,holt,0.013772002702652657,-0.007541092982037113,0.02131309568468977,0.015944638287319755,1.3366935831739357,1.3366935831739357
Samoa|aus|import|cwti,Samoa,aus,import,cwti,2018,7,holt,0.019419717090275176,0.013906586095904687,0.0055131309943704885,0.003979637468670392,1.3853349803273516,1.3853349803273516
Samoa|aus|import|cwti,Samoa,aus,import,cwti,2019,7,holt,0.016673649323881445,0.019733377987580215,-0.0030597286636987707,0.007959274937340784,-0.38442303950880163,0.38442303950880163
Samoa|aus|import|cwti,Samoa,aus,import,cwti,2021,7,holt,0.03245643414506513,0.02094293176401434,0.011513502381050793,0.011712513824933685,0.9830086481128215,0.9830086481128215
Samoa|aus|import|cwti,Samoa,aus,import,cwti,2022,7,holt,0.018346890509078513,0.02587570279777443,-0.007528812288695917,0.00889615061789222,-0.846300002335137,0.846300002335137
Samoa|aus|import|cwti,Samoa,aus,import,cwti,2023,7,holt,0.017397011184786836,0.023058519029352725,-0.005661507844565889,0.014087937220790032,-0.40186918466750515,0.40186918466750515
Samoa|aus|import|cwti,Samoa,aus,import,cwti,2016,7,ar1,0.01277735323065903,0.00942910489241781,0.0033482483382412196,0.00371384908735518,0.9015574568286179,0.9015574568286179
Samoa|aus|import|cwti,Samoa,aus,import,cwti,2017,7,ar1,0.013772002702652657,0.010470577538008544,0.0033014251646441128,0.0033482483382412196,0.9860156210450918,0.9860156210450918
Samoa|aus|import|cwti,Samoa,aus,import,cwti,2018,7,ar1,0.019419717090275176,0.01186014209169893,0.0075595749985762455,3.471001858753529e-05,217.79230626200135,217.79230626200135
Samoa|aus|import|cwti,Samoa,aus,import,cwti,2019,7,ar1,0.016673649323881445,0.020900307177284777,-0.004226657853403332,6.942003717507058e-05,-60.88527211162553,60.88527211162553
Samoa|aus|import|cwti,Samoa,aus,import,cwti,2021,7,ar1,0.03245643414506513,0.01678834731444996,0.01566808683061517,0.00315656647189389,4.9636486258483785,4.9636486258483785
Samoa|aus|import|cwti,Samoa,aus,import,cwti,2022,7,ar1,0.018346890509078513,0.040116829394965796,-0.021769938885887283,0.006243712906612709,-3.4866976127026543,3.4866976127026543
Samoa|aus|import|cwti,Samoa,aus,import,cwti,2023,7,ar1,0.017397011184786836,0.018973821914460436,-0.0015768107296736007,0.00873713441317246,-0.18047229847996119,0.18047229847996119
Samoa|aus|import|raw_usd,Samoa,aus,import,raw_usd,2010,1,naive,72191917.0,54322262.0,17869655.0,1.0,17869655.0,17869655.0
Samoa|aus|import|raw_usd,Samoa,aus,import,raw_usd,2011,1,naive,34364484.0,72191917.0,-37827433.0,17869655.0,-2.11685301143195,2.11685301143195
Samoa|aus|import|raw_usd,Samoa,aus,import,raw_usd,2012,1,naive,27870455.0,34364484.0,-6494029.0,41288251.3344,-0.15728515473818072,0.15728515473818072
Samoa|aus|import|raw_usd,Samoa,aus,import,raw_usd,2013,1,naive,26418001.0,27870455.0,-1452454.0,36121597.8984,-0.04021012592204112,0.04021012592204112
Samoa|aus|import|raw_usd,Samoa,aus,import,raw_usd,2014,1,naive,30683792.0,26418001.0,4265791.0,18060798.9492,0.2361906033060045,0.2361906033060045
Samoa|aus|import|raw_usd,Samoa,aus,import,raw_usd,2015,1,naive,36401431.0,30683792.0,5717639.0,8477870.036999999,0.6744192792584089,0.6744192792584089
Samoa|aus|import|raw_usd,Samoa,aus,import,raw_usd,2016,1,naive,36129460.0,36401431.0,-271971.0,9052509.4884,-0.030043713331480856,0.030043713331480856
Samoa|aus|import|raw_usd,Samoa,aus,import,raw_usd,2017,1,naive,37395168.313,36129460.0,1265708.313000001,8880195.786,0.14253157740006622,0.14253157740006622
Samoa|aus|import|raw_usd,Samoa,aus,import,raw_usd,2018,1,naive,34857875.402,37395168.313,-2537292.9109999985,6664059.188873099,-0.3807428534303066,0.3807428534303066
Samoa|aus|import|raw_usd,Samoa,aus,import,raw_usd,2019,1,naive,35584116.4,34857875.402,726240.997999996,6727685.941199999,0.10794811237435056,0.10794811237435056
Samoa|aus|import|raw_usd,Samoa,aus,import,raw_usd,2021,1,naive,40469813.839,35584116.4,4885697.439000003,5043126.103224299,0.9687835162155385,0.9687835162155385
Samoa|aus|import|raw_usd,Samoa,aus,import,raw_usd,2022,1,naive,39661992.926,40469813.839,-807820.9130000025,5247736.832965205,-0.1539370091742096,0.1539370091742096
Samoa|aus|import|raw_usd,Samoa,aus,import,raw_usd,2023,1,naive,40559660.25,39661992.926,897667.324000001,5043126.103224299,0.17799819112714266,0.17799819112714266
Samoa|aus|import|raw_usd,Samoa,aus,import,raw_usd,2012,3,holt,27870455.0,96234838.52000001,-68364383.52000001,26493550.503,-2.5804160719137577,2.5804160719137577
Samoa|aus|import|raw_usd,Samoa,aus,import,raw_usd,2013,3,holt,26418001.0,-34710367.160000004,61128368.160000004,68364383.52000001,0.8941551874320185,0.8941551874320185
Samoa|aus|import|raw_usd,Samoa,aus,import,raw_usd,2014,3,holt,30683792.0,15941127.75,14742664.25,95992976.820384,0.1535806549429709,0.1535806549429709
Samoa|aus|import|raw_usd,Samoa,aus,import,raw_usd,2015,3,holt,36401431.0,24713924.45,11687506.55,68771444.61696601,0.16994708508881137,0.16994708508881137
Samoa|aus|import|raw_usd,Samoa,aus,import,raw_usd,2016,3,holt,36129460.0,39520262.08,-3390802.079999998,36650510.711493,-0.09251718500437425,0.09251718500437425
Samoa|aus|import|raw_usd,Samoa,aus,import,raw_usd,2017,3,holt,37395168.313,46578890.9,-9183722.586999997,22355100.374838,-0.4108110647240406,0.4108110647240406
Samoa|aus|import|raw_usd,Samoa,aus,import,raw_usd,2018,3,holt,34857875.402,35908430.65573001,-1050555.2537300065,17736630.562268097,-0.05923082459443556,0.05923082459443556
Samoa|aus|import|raw_usd,Samoa,aus,import,raw_usd,2019,3,holt,35584116.4,39127954.68196,-3543838.281960003,18885450.430210106,-0.18764912677386308,0.18764912677386308
Samoa|aus|import|raw_usd,Samoa,aus,import,raw_usd,2021,3,holt,40469813.839,30631808.396340016,9838005.442659985,15471842.159258097,0.6358651633976943,0.6358651633976943
Samoa|aus|import|raw_usd,Samoa,aus,import,raw_usd,2022,3,holt,39661992.926,37910084.24861,1751908.6773900017,16143380.088467801,0.10852180074986259,0.10852180074986259
Samoa|aus|import|raw_usd,Samoa,aus,import,raw_usd,2023,3,holt,40559660.25,49045569.86308001,-8485909.61308001,14100806.988386944,-0.6018031180817369,0.6018031180817369
Samoa|aus|import|raw_usd,Samoa,aus,import,raw_usd,2012,3,ar1,27870455.0,34364484.0,-6494029.0,26493550.503,-0.24511735409961938,0.24511735409961938
Samoa|aus|import|raw_usd,Samoa,aus,import,raw_usd,2013,3,ar1,26418001.0,27870455.0,-1452454.0,6494029.0,-0.22365991898095927,0.22365991898095927
Samoa|aus|import|raw_usd,Samoa,aus,import,raw_usd,2014,3,ar1,30683792.0,26418001.0,4265791.0,3737319.5475,1.141403871353069,1.141403871353069
Samoa|aus|import|raw_usd,Samoa,aus,import,raw_usd,2015,3,ar1,36401431.0,30683792.0,5717639.0,7474639.095,0.7649384709189093,0.7649384709189093
Samoa|aus|import|raw_usd,Samoa,aus,import,raw_usd,2016,3,ar1,36129460.0,36401431.0,-271971.0,5315189.9409,-0.05116863235821602,0.05116863235821602
Samoa|aus|import|raw_usd,Samoa,aus,import,raw_usd,2017,3,ar1,37395168.313,36129460.0,1265708.313000001,6727685.941199999,0.18813427440910538,0.18813427440910538
Samoa|aus|import|raw_usd,Samoa,aus,import,raw_usd,2018,3,ar1,34857875.402,37395168.313,-2537292.9109999985,4238935.018499999,-0.5985684847553647,0.5985684847553647
Samoa|aus|import|raw_usd,Samoa,aus,import,raw_usd,2019,3,ar1,35584116.4,34857875.402,726240.997999996,3358566.2652485976,0.21623542328596584,0.21623542328596584
Samoa|aus|import|raw_usd,Samoa,aus,import,raw_usd,2021,3,ar1,40469813.839,35584116.4,4885697.439000003,3294349.734641696,1.483053662343287,1.483053662343287
Samoa|aus|import|raw_usd,Samoa,aus,import,raw_usd,2022,3,ar1,39661992.926,40469813.839,-807820.9130000025,4838515.3734833915,-0.16695635967741654,0.16695635967741654
Samoa|aus|import|raw_usd,Samoa,aus,import,raw_usd,2023,3,ar1,40559660.25,39661992.926,897667.324000001,3294349.734641696,0.27248695381689164,0.27248695381689164
Samoa|aus|import|raw_usd,Samoa,aus,import,raw_usd,2014,5,holt,30683792.0,25404987.730368,5278804.2696320005,11781455.695799999,0.44806044396651723,0.44806044396651723
Samoa|aus|import|raw_usd,Samoa,aus,import,raw_usd,2015,5,holt,36401431.0,10132303.894656008,26269127.10534399,5278804.2696320005,4.976340429302426,4.976340429302426
Samoa|aus|import|raw_usd,Samoa,aus,import,raw_usd,2016,5,holt,36129460.0,34074512.2288,2054947.7712000012,15560126.318113297,0.1320649800129109,0.1320649800129109
Samoa|aus|import|raw_usd,Samoa,aus,import,raw_usd,2017,5,holt,37395168.313,37696529.95488,-301361.64187999815,4779689.644575282,-0.06305046232908221,0.06305046232908221
Samoa|aus|import|raw_usd,Samoa,aus,import,raw_usd,2018,5,holt,34857875.402,40779814.501392,-5921939.099391997,4136576.9902038444,-1.4316037422768173,1.4316037422768173
Samoa|aus|import|raw_usd,Samoa,aus,import,raw_usd,2019,5,holt,35584116.4,37861087.626739204,-2276971.2267392054,4779689.644575282,-0.47638474379261386,0.47638474379261386
Samoa|aus|import|raw_usd,Samoa,aus,import,raw_usd,2021,5,holt,40469813.839,35196228.36259831,5273585.476401694,5601096.375459975,0.9415273587340506,0.9415273587340506
Samoa|aus|import|raw_usd,Samoa,aus,import,raw_usd,2022,5,holt,39661992.926,40384337.43932629,-722344.5133262873,4779689.644575282,-0.15112791144214008,0.15112791144214008
Samoa|aus|import|raw_usd,Samoa,aus,import,raw_usd,2023,5,holt,40559660.25,39684316.94763737,875343.3023626283,5597227.6840383485,0.15638872523603972,0.15638872523603972
Samoa|aus|import|raw_usd,Samoa,aus,import,raw_usd,2014,5,ar1,30683792.0,31540909.51337323,-857117.5133732297,11781455.695799999,-0.07275140997039828,0.07275140997039828
Samoa|aus|import|raw_usd,Samoa,aus,import,raw_usd,2015,5,ar1,36401431.0,28562474.775073998,7838956.224926002,857117.5133732297,9.14571934725192,9.14571934725192
Samoa|aus|import|raw_usd,Samoa,aus,import,raw_usd,2016,5,ar1,36129460.0,30430814.135776997,5698645.864223003,6446399.46220122,0.8840044582463891,0.8840044582463891
Samoa|aus|import|raw_usd,Samoa,aus,import,raw_usd,2017,5,ar1,37395168.313,36919312.15709599,475856.15590400994,3173224.140778266,0.14995983100875482,0.14995983100875482
Samoa|aus|import|raw_usd,Samoa,aus,import,raw_usd,2018,5,ar1,34857875.402,37830237.30049687,-2972361.898496866,4859787.391812087,-0.61162385488402,0.61162385488402
Samoa|aus|import|raw_usd,Samoa,aus,import,raw_usd,2019,5,ar1,35584116.4,36226290.70476834,-642174.3047683388,5112328.087454739,-0.1256128898190602,0.1256128898190602
Samoa|aus|import|raw_usd,Samoa,aus,import,raw_usd,2021,5,ar1,40469813.839,36155930.407945454,4313883.431054547,2715501.444266175,1.5886139335935106,1.5886139335935106
Samoa|aus|import|raw_usd,Samoa,aus,import,raw_usd,2022,5,ar1,39661992.926,33483125.920961197,6178867.005038802,5112328.087454739,1.2086209842833184,1.2086209842833184
Samoa|aus|import|raw_usd,Samoa,aus,import,raw_usd,2023,5,ar1,40559660.25,38513125.60016181,2046534.6498381868,4859787.391812087,0.4211160869478053,0.4211160869478053
Samoa|aus|import|raw_usd,Samoa,aus,import,raw_usd,2016,7,holt,36129460.0,35942790.593759954,186669.40624004602,9628047.395399999,0.019388085514538623,0.019388085514538623
Samoa|aus|import|raw_usd,Samoa,aus,import,raw_usd,2017,7,holt,37395168.313,29020034.015452575,8375134.297547426,186669.40624004602,44.86613241152912,44.86613241152912
Samoa|aus|import|raw_usd,Samoa,aus,import,raw_usd,2018,7,holt,34857875.402,37733092.00806208,-2875216.606062077,6070109.02392616,-0.47366803375837563,0.47366803375837563
Samoa|aus|import|raw_usd,Samoa,aus,import,raw_usd,2019,7,holt,35584116.4,36098772.563844614,-514656.1638446152,4539552.201839128,-0.11337157079857138,0.11337157079857138
Samoa|aus|import|raw_usd,Samoa,aus,import,raw_usd,2021,7,holt,40469813.839,36843015.08760287,3626798.751397133,2269776.100919564,1.5978663049310426,1.5978663049310426
Samoa|aus|import|raw_usd,Samoa,aus,import,raw_usd,2022,7,holt,39661992.926,41728900.653227165,-2066907.7272271663,4539552.201839128,-0.455310928331167,0.455310928331167
Samoa|aus|import|raw_usd,Samoa,aus,import,raw_usd,2023,7,holt,40559660.25,39760035.468025215,799624.781974785,3420460.1848550485,0.23377695946157354,0.23377695946157354
Samoa|aus|import|raw_usd,Samoa,aus,import,raw_usd,2016,7,ar1,36129460.0,36131145.43958899,-1685.4395889863372,9628047.395399999,-0.0001750551819875327,0.0001750551819875327
Samoa|aus|import|raw_usd,Samoa,aus,import,raw_usd,2017,7,ar1,37395168.313,31815577.266696014,5579591.0463039875,1685.4395889863372,3310.4663511907206,3310.4663511907206
Samoa|aus|import|raw_usd,Samoa,aus,import,raw_usd,2018,7,ar1,34857875.402,35744291.96325271,-886416.5612527058,4137400.2589924615,-0.21424481697803288,0.21424481697803288
Samoa|aus|import|raw_usd,Samoa,aus,import,raw_usd,2019,7,ar1,35584116.4,35223585.723639324,360530.6763606742,1311702.3609786304,0.2748570766402301,0.2748570766402301
Samoa|aus|import|raw_usd,Samoa,aus,import,raw_usd,2021,7,ar1,40469813.839,35953306.06647416,4516507.7725258395,924361.9872427986,4.8860812483189076,4.8860812483189076
Samoa|aus|import|raw_usd,Samoa,aus,import,raw_usd,2022,7,ar1,39661992.926,36636872.02259813,3025120.9034018666,1848723.974485597,1.6363291357454262,1.6363291357454262
Samoa|aus|import|raw_usd,Samoa,aus,import,raw_usd,2023,7,ar1,40559660.25,38379074.47625217,2180585.7737478316,3168133.5293019176,0.6882872055674726,0.6882872055674726
Samoa|aus|import|sti,Samoa,aus,import,sti,2010,1,naive,0.23299152940944706,0.23563170065741587,-0.002640171247968809,1.0,-0.002640171247968809,0.002640171247968809
Samoa|aus|import|sti,Samoa,aus,import,sti,2011,1,naive,0.09934638779985258,0.23299152940944706,-0.13364514160959448,0.002640171247968809,-50.61987615856855,50.61987615856855
Samoa|aus|import|sti,Samoa,aus,import,sti,2012,1,naive,0.08066347499019717,0.09934638779985258,-0.018682912809655408,0.0971139845290731,-0.19238128164808527,0.19238128164808527
Samoa|aus|import|sti,Samoa,aus,import,sti,2013,1,naive,0.07206450030588403,0.08066347499019717,-0.008598974684313143,0.02378496863935655,-0.36152978861130713,0.36152978861130713
Samoa|aus|import|sti,Samoa,aus,import,sti,2014,1,naive,0.07907707653457821,0.07206450030588403,0.007012576228694181,0.011892484319678275,0.5896645343555845,0.5896645343555845
Samoa|aus|import|sti,Samoa,aus,import,sti,2015,1,naive,0.09822763909325453,0.07907707653457821,0.019150562558676323,0.014950446664632442,1.2809358133747197,1.2809358133747197
Samoa|aus|import|sti,Samoa,aus,import,sti,2016,1,naive,0.10327407286230515,0.09822763909325453,0.005046433769050618,0.01904806602412855,0.26493155592059603,0.26493155592059603
Samoa|aus|import|sti,Samoa,aus,import,sti,2017,1,naive,0.10498662117115903,0.10327407286230515,0.0017125483088538812,0.014311163408900549,0.11966520540103645,0.11966520540103645
Samoa|aus|import|sti,Samoa,aus,import,sti,2018,1,naive,0.09605797646480663,0.10498662117115903,-0.008928644706352407,0.01157284269181233,-0.7715169854222017,0.7715169854222017
Samoa|aus|import|sti,Samoa,aus,import,sti,2019,1,naive,0.09089519062296875,0.09605797646480663,-0.00516278584183788,0.011396160598233002,-0.45302852634758245,0.45302852634758245
Samoa|aus|import|sti,Samoa,aus,import,sti,2021,1,naive,0.10945676957167377,0.09089519062296875,0.018561578948705026,0.010794765505024303,1.7194981160142615,1.7194981160142615
Samoa|aus|import|sti,Samoa,aus,import,sti,2022,1,naive,0.08879372347921408,0.10945676957167377,-0.020663046092459697,0.011396160598233002,-1.81315855584411,1.81315855584411
Samoa|aus|import|sti,Samoa,aus,import,sti,2023,1,naive,0.08545748107845484,0.08879372347921408,-0.0033362424007592345,0.014723676202001917,-0.22659031311117936,0.22659031311117936
Samoa|aus|import|sti,Samoa,aus,import,sti,2012,3,holt,0.08066347499019717,0.2002001431375681,-0.11953666814737092,0.003914317892238556,-30.538313810534483,30.538313810534483
Samoa|aus|import|sti,Samoa,aus,import,sti,2013,3,holt,0.07206450030588403,-0.14380182737134917,0.21586632767723318,0.11953666814737092,1.8058586626415096,1.8058586626415096
Samoa|aus|import|sti,Samoa,aus,import,sti,2014,3,holt,0.07907707653457821,0.04541527637720824,0.03366180015736997,0.248634240804779,0.13538682382769765,0.13538682382769765
Samoa|aus|import|sti,Samoa,aus,import,sti,2015,3,holt,0.09822763909325453,0.058144976628989285,0.04008266246426525,0.22713204910860882,0.17647294876073932,0.17647294876073932
Samoa|aus|import|sti,Samoa,aus,import,sti,2016,3,holt,0.10327407286230515,0.09565120612126284,0.007622866741042317,0.1183258097824059,0.06442268812747036,0.06442268812747036
Samoa|aus|import|sti,Samoa,aus,import,sti,2017,3,holt,0.10498662117115903,0.13356689716478579,-0.028580275993626753,0.03860532268304737,-0.7403195727250614,0.7403195727250614
Samoa|aus|import|sti,Samoa,aus,import,sti,2018,3,holt,0.09605797646480663,0.11266682445376508,-0.016608847988958453,0.05089983627883534,-0.3263045464031203,0.3263045464031203
Samoa|aus|import|sti,Samoa,aus,import,sti,2019,3,holt,0.09089519062296875,0.10394241672248015,-0.013047226099511408,0.048124893139250315,-0.271111793677318,0.271111793677318
Samoa|aus|import|sti,Samoa,aus,import,sti,2021,3,holt,0.10945676957167377,0.07899151741364986,0.03046525215802391,0.04614005105073387,0.6602778164359954,0.6602778164359954
Samoa|aus|import|sti,Samoa,aus,import,sti,2022,3,holt,0.08879372347921408,0.08555173554530698,0.0032419879339070923,0.03860532268304737,0.08397774474064261,0.08397774474064261
Samoa|aus|import|sti,Samoa,aus,import,sti,2023,3,holt,0.08545748107845484,0.13834275621043926,-0.05288527513198442,0.03948326711086148,-1.3394351329511982,1.3394351329511982
Samoa|aus|import|sti,Samoa,aus,import,sti,2012,3,ar1,0.08066347499019717,0.09934638779985258,-0.018682912809655408,0.003914317892238556,-4.772967685302343,4.772967685302343
Samoa|aus|import|sti,Samoa,aus,import,sti,2013,3,ar1,0.07206450030588403,0.08066347499019717,-0.008598974684313143,0.018682912809655408,-0.4602587814823584,0.4602587814823584
Samoa|aus|import|sti,Samoa,aus,import,sti,2014,3,ar1,0.07907707653457821,0.07206450030588403,0.007012576228694181,0.007475223332316221,0.9381092600107391,0.9381092600107391
Samoa|aus|import|sti,Samoa,aus,import,sti,2015,3,ar1,0.09822763909325453,0.07907707653457821,0.019150562558676323,0.014950446664632442,1.2809358133747197,1.2809358133747197
Samoa|aus|import|sti,Samoa,aus,import,sti,2016,3,ar1,0.10327407286230515,0.09822763909325453,0.005046433769050618,0.01904806602412855,0.26493155592059603,0.26493155592059603
Samoa|aus|import|sti,Samoa,aus,import,sti,2017,3,ar1,0.10498662117115903,0.10327407286230515,0.0017125483088538812,0.020230682572957112,0.08465103946334909,0.08465103946334909
Samoa|aus|import|sti,Samoa,aus,import,sti,2018,3,ar1,0.09605797646480663,0.10498662117115903,-0.008928644706352407,0.01157284269181233,-0.7715169854222017,0.7715169854222017
Samoa|aus|import|sti,Samoa,aus,import,sti,2019,3,ar1,0.09089519062296875,0.09605797646480663,-0.00516278584183788,0.01528786398966943,-0.3377048517259549,0.3377048517259549
Samoa|aus|import|sti,Samoa,aus,import,sti,2021,3,ar1,0.10945676957167377,0.09089519062296875,0.018561578948705026,0.010435563171099333,1.7786849300198966,1.7786849300198966
Samoa|aus|import|sti,Samoa,aus,import,sti,2022,3,ar1,0.08879372347921408,0.10945676957167377,-0.020663046092459697,0.01528786398966943,-1.3515979803602698,1.3515979803602698
Samoa|aus|import|sti,Samoa,aus,import,sti,2023,3,ar1,0.08545748107845484,0.08879372347921408,-0.0033362424007592345,0.011817227079150035,-0.28232024132341516,0.28232024132341516
Samoa|aus|import|sti,Samoa,aus,import,sti,2014,5,holt,0.07907707653457821,0.04449223637161205,0.03458484016296616,0.04044812639855777,0.8550418336360649,0.8550418336360649
Samoa|aus|import|sti,Samoa,aus,import,sti,2015,5,holt,0.09822763909325453,0.006260267535172101,0.09196737155808243,0.03458484016296616,2.6591816276936893,2.6591816276936893
Samoa|aus|import|sti,Samoa,aus,import,sti,2016,5,holt,0.10327407286230515,0.08941104879519052,0.013863024067114635,0.04253767052319969,0.32589993520105565,0.32589993520105565
Samoa|aus|import|sti,Samoa,aus,import,sti,2017,5,holt,0.10498662117115903,0.10528443377570569,-0.00029781260454665726,0.03072216454370947,-0.009693737696214377,0.009693737696214377
Samoa|aus|import|sti,Samoa,aus,import,sti,2018,5,holt,0.09605797646480663,0.1141891658239825,-0.018131189359175875,0.02585851049655725,-0.7011691319803522,0.7011691319803522
Samoa|aus|import|sti,Samoa,aus,import,sti,2019,5,holt,0.09089519062296875,0.10681305383473223,-0.015917863211763486,0.03072216454370947,-0.5181231025931328,0.5181231025931328
Samoa|aus|import|sti,Samoa,aus,import,sti,2021,5,holt,0.10945676957167377,0.09146526162076685,0.017991507950906926,0.03529645392803899,0.5097256508426399,0.5097256508426399
Samoa|aus|import|sti,Samoa,aus,import,sti,2022,5,holt,0.08879372347921408,0.10705270676021705,-0.018258983281002977,0.03072216454370947,-0.5943260688883201,0.5943260688883201
Samoa|aus|import|sti,Samoa,aus,import,sti,2023,5,holt,0.08545748107845484,0.0849166051106654,0.000540875967789442,0.03529645392803899,0.015323804733817127,0.015323804733817127
Samoa|aus|import|sti,Samoa,aus,import,sti,2014,5,ar1,0.07907707653457821,0.06457312817087779,0.01450394836370042,0.04044812639855777,0.3585814635957421,0.3585814635957421
Samoa|aus|import|sti,Samoa,aus,import,sti,2015,5,ar1,0.09822763909325453,0.07655931046383649,0.021668328629418046,0.01450394836370042,1.4939606847779596,1.4939606847779596
Samoa|aus|import|sti,Samoa,aus,import,sti,2016,5,ar1,0.10327407286230515,0.08137525966085206,0.021898813201453093,0.005310955090976476,4.123328634177315,4.123328634177315
Samoa|aus|import|sti,Samoa,aus,import,sti,2017,5,ar1,0.10498662117115903,0.10647993950024794,-0.0014933183290889024,0.0003417164264991612,-4.370051344583425,4.370051344583425
Samoa|aus|import|sti,Samoa,aus,import,sti,2018,5,ar1,0.09605797646480663,0.10795024935504777,-0.01189227289024114,0.005481813304226057,-2.1694049450887194,2.1694049450887194
Samoa|aus|import|sti,Samoa,aus,import,sti,2019,5,ar1,0.09089519062296875,0.10060740505903933,-0.00971221443607058,0.010963626608452114,-0.8858578263312258,0.8858578263312258
Samoa|aus|import|sti,Samoa,aus,import,sti,2021,5,ar1,0.10945676957167377,0.09328855931268439,0.016168210258989388,0.02265154219456726,0.7137796676319534,0.7137796676319534
Samoa|aus|import|sti,Samoa,aus,import,sti,2022,5,ar1,0.08879372347921408,0.09604198211116413,-0.007248258631950055,0.010963626608452114,-0.6611187055898278,0.6611187055898278
Samoa|aus|import|sti,Samoa,aus,import,sti,2023,5,ar1,0.08545748107845484,0.10559316700199155,-0.020135685923536706,0.021435866136852173,-0.9393455713422179,0.9393455713422179
Samoa|aus|import|sti,Samoa,aus,import,sti,2016,7,holt,0.10327407286230515,0.08421777400615092,0.01905629885615423,0.028392624049493515,0.6711707527608449,0.6711707527608449
Samoa|aus|import|sti,Samoa,aus,import,sti,2017,7,holt,0.10498662117115903,0.07628059910963558,0.02870602206152345,0.01905629885615423,1.506379716135321,1.506379716135321
Samoa|aus|import|sti,Samoa,aus,import,sti,2018,7,holt,0.09605797646480663,0.10650125718685337,-0.010443280722046741,0.007153339812140203,-1.4599167656376473,1.4599167656376473
Samoa|aus|import|sti,Samoa,aus,import,sti,2019,7,holt,0.09089519062296875,0.09925199620788192,-0.008356805584913168,0.014306679624280406,-0.5841191530374747,0.5841191530374747
Samoa|aus|import|sti,Samoa,aus,import,sti,2021,7,holt,0.10945676957167377,0.09350555308249706,0.015951216489176717,0.021868038341320378,0.7294306073643729,0.7294306073643729
Samoa|aus|import|sti,Samoa,aus,import,sti,2022,7,holt,0.08879372347921408,0.11211759003588105,-0.023323866556666975,0.018910274741561265,-1.2333964934631783,1.2333964934631783
Samoa|aus|import|sti,Samoa,aus,import,sti,2023,7,holt,0.08545748107845484,0.09454745975308909,-0.00908997867463425,0.021868038341320378,-0.4156741694319438,0.4156741694319438
Samoa|aus|import|sti,Samoa,aus,import,sti,2016,7,ar1,0.10327407286230515,0.09112378217443796,0.012150290687867188,0.028392624049493515,0.4279382795576421,0.4279382795576421
Samoa|aus|import|sti,Samoa,aus,import,sti,2017,7,ar1,0.10498662117115903,0.08809463042655002,0.01689199074460901,0.012150290687867188,1.3902540423560976,1.3902540423560976
Samoa|aus|import|sti,Samoa,aus,import,sti,2018,7,ar1,0.09605797646480663,0.09909983007639438,-0.00304185361158775,0.003515022252062712,-0.8653867297149275,0.8653867297149275
Samoa|aus|import|sti,Samoa,aus,import,sti,2019,7,ar1,0.09089519062296875,0.09658732009082802,-0.005692129467859269,0.007030044504125424,-0.8096861214063398,0.8096861214063398
Samoa|aus|import|sti,Samoa,aus,import,sti,2021,7,ar1,0.10945676957167377,0.09475891941534742,0.014697850156326353,0.013226586061440022,1.1112353624776665,1.1112353624776665
Samoa|aus|import|sti,Samoa,aus,import,sti,2022,7,ar1,0.08879372347921408,0.10020213601919137,-0.011408412539977292,0.007030044504125424,-1.622808011141682,1.622808011141682
Samoa|aus|import|sti,Samoa,aus,import,sti,2023,7,ar1,0.08545748107845484,0.10732819317306827,-0.02187071209461343,0.015115091895408802,-1.4469453606998341,1.4469453606998341
Samoa|aus|total|cwti,Samoa,aus,total,cwti,2010,1,naive,0.7425201140692284,0.7900808430922776,-0.0475607290230492,1.0,-0.0475607290230492,0.0475607290230492
Samoa|aus|total|cwti,Samoa,aus,total,cwti,2011,1,naive,0.4752683624679162,0.7425201140692284,-0.26725175160131215,0.0475607290230492,-5.619168526029002,5.619168526029002
Samoa|aus|total|cwti,Samoa,aus,total,cwti,2012,1,naive,0.48549374882889934,0.4752683624679162,0.010225386360983135,0.16285695503726633,0.06278753252290192,0.06278753252290192
Samoa|aus|total|cwti,Samoa,aus,total,cwti,2013,1,naive,0.4442277540736461,0.48549374882889934,-0.04126599475525322,0.08567369466836633,-0.48166470367584185,0.48166470367584185
Samoa|aus|total|cwti,Samoa,aus,total,cwti,2014,1,naive,0.45366330678019257,0.4442277540736461,0.009435552706546446,0.042836847334183165,0.22026720670960806,0.22026720670960806
Samoa|aus|total|cwti,Samoa,aus,total,cwti,2015,1,naive,0.3426506406811174,0.45366330678019257,-0.11101266609907517,0.07517011426686418,-1.4768191745055095,1.4768191745055095
Samoa|aus|total|cwti,Samoa,aus,total,cwti,2016,1,naive,0.294714758364595,0.3426506406811174,-0.047935882316522405,0.08042190446761525,-0.5960550503479496,0.5960550503479496
Samoa|aus|total|cwti,Samoa,aus,total,cwti,2017,1,naive,0.11942354897252168,0.294714758364595,-0.17529120939207332,0.0845026872922985,-2.0743862119524477,2.0743862119524477
Samoa|aus|total|cwti,Samoa,aus,total,cwti,2018,1,naive,0.05913870958106154,0.11942354897252168,-0.06028483939146014,0.0853662921167841,-0.70619020571947,0.70619020571947
Samoa|aus|total|cwti,Samoa,aus,total,cwti,2019,1,naive,0.04204487132534105,0.05913870958106154,-0.017093838255720487,0.08505888956520187,-0.20096474740147188,0.20096474740147188
Samoa|aus|total|cwti,Samoa,aus,total,cwti,2021,1,naive,0.052181971772431744,0.04204487132534105,0.010137100447090694,0.0651145509084217,0.15568103143869788,0.15568103143869788
Samoa|aus|total|cwti,Samoa,aus,total,cwti,2022,1,naive,0.02683518061341546,0.052181971772431744,-0.025346791159016283,0.0845026872922985,-0.2999524863788133,0.2999524863788133
Samoa|aus|total|cwti,Samoa,aus,total,cwti,2023,1,naive,0.050589332366297486,0.02683518061341546,0.023754151752882025,0.06017016325925286,0.39478290345554534,0.39478290345554534
Samoa|aus|total|cwti,Samoa,aus,total,cwti,2012,3,holt,0.48549374882889934,0.6012635412816948,-0.11576979245279545,0.07051353684957273,-1.6418094684396325,1.6418094684396325
Samoa|aus|total|cwti,Samoa,aus,total,cwti,2013,3,holt,0.4442277540736461,-0.0009649417626258483,0.44519269583627197,0.11576979245279545,3.8454996454951496,3.8454996454951496
Samoa|aus|total|cwti,Samoa,aus,total,cwti,2014,3,holt,0.45366330678019257,0.46269176141322704,-0.009028454633034477,0.41584149256868563,-0.021711288542336175,0.021711288542336175
Samoa|aus|total|cwti,Samoa,aus,total,cwti,2015,3,holt,0.3426506406811174,0.37234308953011763,-0.02969244884900024,0.1582547074515776,-0.1876244272738962,0.1876244272738962
Samoa|aus|total|cwti,Samoa,aus,total,cwti,2016,3,holt,0.294714758364595,0.4219461602949244,-0.1272314019303294,0.0791273537257888,-1.6079319721880545,1.6079319721880545
Samoa|aus|total|cwti,Samoa,aus,total,cwti,2017,3,holt,0.11942354897252168,0.13702527226643085,-0.017601723293909174,0.12761826962698677,-0.13792479200162286,0.13792479200162286
Samoa|aus|total|cwti,Samoa,aus,total,cwti,2018,3,holt,0.05913870958106154,0.17209837504568448,-0.11295966546462294,0.0791273537257888,-1.427567840270231,1.427567840270231
Samoa|aus|total|cwti,Samoa,aus,total,cwti,2019,3,holt,0.04204487132534105,-0.2070075321114962,0.24905240343683724,0.1234519753543222,2.0174031458146096,2.0174031458146096
Samoa|aus|total|cwti,Samoa,aus,total,cwti,2021,3,holt,0.052181971772431744,-0.0523608589633534,0.10454283073578514,0.13449797734464347,0.7772818060148224,0.7772818060148224
Samoa|aus|total|cwti,Samoa,aus,total,cwti,2022,3,holt,0.02683518061341546,0.013575691941490432,0.01325948867192503,0.1455439793349648,0.09110296923659578,0.09110296923659578
Samoa|aus|total|cwti,Samoa,aus,total,cwti,2023,3,holt,0.050589332366297486,0.042649703717483264,0.007939628648814222,0.1498161962569389,0.052995796497179386,0.052995796497179386
Samoa|aus|total|cwti,Samoa,aus,total,cwti,2012,3,ar1,0.48549374882889934,0.4752683624679162,0.010225386360983135,0.07051353684957273,0.14501309702840548,0.14501309702840548
Samoa|aus|total|cwti,Samoa,aus,total,cwti,2013,3,ar1,0.4442277540736461,0.48549374882889934,-0.04126599475525322,0.010225386360983135,-4.035641617681196,4.035641617681196
Samoa|aus|total|cwti,Samoa,aus,total,cwti,2014,3,ar1,0.45366330678019257,0.4442277540736461,0.009435552706546446,0.03817056082146601,0.2471945002505744,0.2471945002505744
Samoa|aus|total|cwti,Samoa,aus,total,cwti,2015,3,ar1,0.3426506406811174,0.45366330678019257,-0.11101266609907517,0.0011710073760678352,-94.8009964479031,94.8009964479031
Samoa|aus|total|cwti,Samoa,aus,total,cwti,2016,3,ar1,0.294714758364595,0.3426506406811174,-0.047935882316522405,0.03817056082146601,-1.2558338490422352,1.2558338490422352
Samoa|aus|total|cwti,Samoa,aus,total,cwti,2017,3,ar1,0.11942354897252168,0.294714758364595,-0.17529120939207332,0.07517011426686418,-2.331926871492646,2.331926871492646
Samoa|aus|total|cwti,Samoa,aus,total,cwti,2018,3,ar1,0.05913870958106154,0.11942354897252168,-0.06028483939146014,0.08070000560406694,-0.7470239802365273,0.7470239802365273
Samoa|aus|total|cwti,Samoa,aus,total,cwti,2019,3,ar1,0.04204487132534105,0.05913870958106154,-0.017093838255720487,0.08505888956520187,-0.20096474740147188,0.20096474740147188
Samoa|aus|total|cwti,Samoa,aus,total,cwti,2021,3,ar1,0.052181971772431744,0.04204487132534105,0.010137100447090694,0.060448264395704554,0.16769878421539983,0.16769878421539983
Samoa|aus|total|cwti,Samoa,aus,total,cwti,2022,3,ar1,0.02683518061341546,0.052181971772431744,-0.025346791159016283,0.07517011426686418,-0.3371923989503556,0.3371923989503556
Samoa|aus|total|cwti,Samoa,aus,total,cwti,2023,3,ar1,0.050589332366297486,0.02683518061341546,0.023754151752882025,0.05168372666225229,0.4596060169599013,0.4596060169599013
Samoa|aus|total|cwti,Samoa,aus,total,cwti,2014,5,holt,0.45366330678019257,0.3778037882597213,0.07585951852047129,0.06118096382413842,1.239920291849694,1.239920291849694
Samoa|aus|total|cwti,Samoa,aus,total,cwti,2015,5,holt,0.3426506406811174,0.3126387623821997,0.030011878298917716,0.07585951852047129,0.39562442372764034,0.39562442372764034
Samoa|aus|total|cwti,Samoa,aus,total,cwti,2016,5,holt,0.294714758364595,0.33646561620162413,-0.04175085783702914,0.03398685569623766,-1.2284413189082082,1.2284413189082082
Samoa|aus|total|cwti,Samoa,aus,total,cwti,2017,5,holt,0.11942354897252168,0.2778596653204818,-0.15843611634796012,0.06797371139247532,-2.3308439851571645,2.3308439851571645
Samoa|aus|total|cwti,Samoa,aus,total,cwti,2018,5,holt,0.05913870958106154,0.08119000568733889,-0.022051296106277353,0.08718457199381507,-0.2529265855413236,0.2529265855413236
Samoa|aus|total|cwti,Samoa,aus,total,cwti,2019,5,holt,0.04204487132534105,-0.07424473177664008,0.11628960310198114,0.07718886237314221,1.5065593600773677,1.5065593600773677
Samoa|aus|total|cwti,Samoa,aus,total,cwti,2021,5,holt,0.052181971772431744,-0.017206276872676382,0.06938824864510812,0.08718457199381507,0.7958776083689505,0.7958776083689505
Samoa|aus|total|cwti,Samoa,aus,total,cwti,2022,5,holt,0.02683518061341546,-0.05257708504335304,0.0794122656567685,0.07718886237314221,1.0288047163187615,1.0288047163187615
Samoa|aus|total|cwti,Samoa,aus,total,cwti,2023,5,holt,0.050589332366297486,-0.005724209116392404,0.05631354148268989,0.07138848120725474,0.78883232323154,0.78883232323154
Samoa|aus|total|cwti,Samoa,aus,total,cwti,2014,5,ar1,0.45366330678019257,0.4346655730781007,0.018997733702091846,0.06118096382413842,0.310517071236404,0.310517071236404
Samoa|aus|total|cwti,Samoa,aus,total,cwti,2015,5,ar1,0.3426506406811174,0.4603555414628115,-0.1177049007816941,0.018997733702091846,-6.195733797907357,6.195733797907357
Samoa|aus|total|cwti,Samoa,aus,total,cwti,2016,5,ar1,0.294714758364595,0.2783270784909435,0.016387679873651473,0.10133766294283052,0.16171361562676412,0.16171361562676412
Samoa|aus|total|cwti,Samoa,aus,total,cwti,2017,5,ar1,0.11942354897252168,0.2506915279436856,-0.13126797897116393,0.0038696658060456968,-33.92230377261002,33.92230377261002
Samoa|aus|total|cwti,Samoa,aus,total,cwti,2018,5,ar1,0.05913870958106154,-0.11328342414487674,0.1724221337259383,0.10133766294283052,1.7014615170591605,1.7014615170591605
Samoa|aus|total|cwti,Samoa,aus,total,cwti,2019,5,ar1,0.04204487132534105,-0.013233468105470984,0.055278339430812035,0.19880566007961534,0.2780521410138666,0.2780521410138666
Samoa|aus|total|cwti,Samoa,aus,total,cwti,2021,5,ar1,0.052181971772431744,0.01052542042651225,0.041656551345919494,0.1282324759695308,0.3248518055271542,0.3248518055271542
Samoa|aus|total|cwti,Samoa,aus,total,cwti,2022,5,ar1,0.02683518061341546,0.04559191821921921,-0.018756737605803746,0.05378962605340055,-0.3487054843471617,0.3487054843471617
Samoa|aus|total|cwti,Samoa,aus,total,cwti,2023,5,ar1,0.050589332366297486,0.035362138558635514,0.015227193807661972,0.05488220260724328,0.27745230847663366,0.27745230847663366
Samoa|aus|total|cwti,Samoa,aus,total,cwti,2016,7,holt,0.294714758364595,0.3017056634848423,-0.006990905120247304,0.046020806005344826,-0.15190748983047764,0.15190748983047764
Samoa|aus|total|cwti,Samoa,aus,total,cwti,2017,7,holt,0.11942354897252168,0.20325607851033342,-0.08383252953781174,0.006990905120247304,-11.991656029633852,11.991656029633852
Samoa|aus|total|cwti,Samoa,aus,total,cwti,2018,7,holt,0.05913870958106154,0.07560613712786958,-0.016467427546808043,0.05696269618074051,-0.2890914344109961,0.2890914344109961
Samoa|aus|total|cwti,Samoa,aus,total,cwti,2019,7,holt,0.04204487132534105,-0.022015783773150804,0.06406065509849185,0.01404989214961895,4.559512230862872,4.559512230862872
Samoa|aus|total|cwti,Samoa,aus,total,cwti,2021,7,holt,0.052181971772431744,-0.030113786222611627,0.08229575799504338,0.05696269618074051,1.444730736303668,1.444730736303668
Samoa|aus|total|cwti,Samoa,aus,total,cwti,2022,7,holt,0.02683518061341546,-0.02378895640988319,0.050624137023298654,0.10534104318030266,0.48057372031763473,0.48057372031763473
Samoa|aus|total|cwti,Samoa,aus,total,cwti,2023,7,holt,0.050589332366297486,-0.02971904431817423,0.08030837668447172,0.05969546766496081,1.3453010726911514,1.3453010726911514
Samoa|aus|total|cwti,Samoa,aus,total,cwti,2016,7,ar1,0.294714758364595,0.34819977451301665,-0.05348501614842166,0.046020806005344826,-1.1621920776922061,1.1621920776922061
Samoa|aus|total|cwti,Samoa,aus,total,cwti,2017,7,ar1,0.11942354897252168,0.34427991131649505,-0.22485636234397338,0.05348501614842166,-4.204100111328262,4.204100111328262
Samoa|aus|total|cwti,Samoa,aus,total,cwti,2018,7,ar1,0.05913870958106154,-0.11988651881921217,0.1790252284002737,0.12703757893476247,1.409230480472305,1.409230480472305
Samoa|aus|total|cwti,Samoa,aus,total,cwti,2019,7,ar1,0.04204487132534105,-0.04544066554415381,0.08748553686949487,0.25407515786952495,0.3443293614498953,0.3443293614498953
Samoa|aus|total|cwti,Samoa,aus,total,cwti,2021,7,ar1,0.052181971772431744,-0.011356837673054461,0.0635388094454862,0.17235984428394785,0.36864044354096503,0.36864044354096503
Samoa|aus|total|cwti,Samoa,aus,total,cwti,2022,7,ar1,0.02683518061341546,0.03007582235372457,-0.003240641740309108,0.17122016474236795,-0.018926752845876804,0.018926752845876804
Samoa|aus|total|cwti,Samoa,aus,total,cwti,2023,7,ar1,0.050589332366297486,0.015538653511494952,0.035050678854802536,0.10450147095218151,0.3354084735404467,0.3354084735404467
Samoa|aus|total|sti,Samoa,aus,total,sti,2010,1,naive,0.31065026211970875,0.31097320217709706,-0.0003229400573883101,1.0,-0.0003229400573883101,0.0003229400573883101
Samoa|aus|total|sti,Samoa,aus,total,sti,2011,1,naive,0.16400887020352664,0.31065026211970875,-0.1466413919161821,0.0003229400573883101,-454.0823863787741,454.0823863787741
Samoa|aus|total|sti,Samoa,aus,total,sti,2012,1,naive,0.1576086601521855,0.16400887020352664,-0.006400210051341143,0.10846586836292384,-0.0590066732322302,0.0590066732322302
Samoa|aus|total|sti,Samoa,aus,total,sti,2013,1,naive,0.12729961802406584,0.1576086601521855,-0.030309042128119662,0.009010160493034469,-3.3638737236202205,3.3638737236202205
Samoa|aus|total|sti,Samoa,aus,total,sti,2014,1,naive,0.13702442945572876,0.12729961802406584,0.009724811431662927,0.02222869746503315,0.4374890362766663,0.4374890362766663
Samoa|aus|total|sti,Samoa,aus,total,sti,2015,1,naive,0.1425298548869824,0.13702442945572876,0.005505425431253624,0.023906956850701835,0.23028549662907022,0.23028549662907022
Samoa|aus|total|sti,Samoa,aus,total,sti,2016,1,naive,0.1385963371815552,0.1425298548869824,-0.003933517705427186,0.016274045762081184,-0.24170496770952632,0.24170496770952632
Samoa|aus|total|sti,Samoa,aus,total,sti,2017,1,naive,0.11710634623764593,0.1385963371815552,-0.02148999094390927,0.013994177094442969,-1.5356380585209872,1.5356380585209872
Samoa|aus|total|sti,Samoa,aus,total,sti,2018,1,naive,0.09738085660246763,0.11710634623764593,-0.019725489635178298,0.018950566972572403,-1.0408917930385648,1.0408917930385648
Samoa|aus|total|sti,Samoa,aus,total,sti,2019,1,naive,0.0896490286162557,0.09738085660246763,-0.007731827986211928,0.019756059510996963,-0.39136488639893513,0.39136488639893513
Samoa|aus|total|sti,Samoa,aus,total,sti,2021,1,naive,0.10775647553680226,0.0896490286162557,0.018107446920546555,0.01870367733874598,0.9681222891412753,0.9681222891412753
Samoa|aus|total|sti,Samoa,aus,total,sti,2022,1,naive,0.08613231747674785,0.10775647553680226,-0.02162415806005441,0.019756059510996963,-1.09455825682331,1.09455825682331
Samoa|aus|total|sti,Samoa,aus,total,sti,2023,1,naive,0.08911065795839838,0.08613231747674785,0.002978340481650535,0.020076955956039522,0.14834621783162275,0.14834621783162275
Samoa|aus|total|sti,Samoa,aus,total,sti,2012,3,holt,0.1576086601521855,0.27927750711458543,-0.12166884696239993,0.00047879092908390854,-254.11685888701822,254.11685888701822
Samoa|aus|total|sti,Samoa,aus,total,sti,2013,3,holt,0.12729961802406584,-0.09982326543722092,0.22712288346128676,0.12166884696239993,1.8667299734621132,1.8667299734621132
Samoa|aus|total|sti,Samoa,aus,total,sti,2014,3,holt,0.13702442945572876,0.13978738531337975,-0.0027629558576509894,0.25855930976307895,-0.01068596547609413,0.01068596547609413
Samoa|aus|total|sti,Samoa,aus,total,sti,2015,3,holt,0.1425298548869824,0.07508864301538087,0.06744121187160151,0.17628987415190078,0.38255862508297306,0.38255862508297306
Samoa|aus|total|sti,Samoa,aus,total,sti,2016,3,holt,0.1385963371815552,0.15558798125896867,-0.016991644077413465,0.14018728661364527,-0.12120674055303077,0.12120674055303077
Samoa|aus|total|sti,Samoa,aus,total,sti,2017,3,holt,0.11710634623764593,0.15155852769078668,-0.034452181453140746,0.10408469907538975,-0.3310014032724121,0.3310014032724121
Samoa|aus|total|sti,Samoa,aus,total,sti,2018,3,holt,0.09738085660246763,0.12704244239061963,-0.029661585788151992,0.07553357247163144,-0.3926940672545597,0.3926940672545597
Samoa|aus|total|sti,Samoa,aus,total,sti,2019,3,holt,0.0896490286162557,0.0744969096246609,0.015152118991594798,0.025886992713253267,0.5853178528472882,0.5853178528472882
Samoa|aus|total|sti,Samoa,aus,total,sti,2021,3,holt,0.10775647553680226,0.06104822936084234,0.04670824617595992,0.036771667919682456,1.270223756996315,1.270223756996315
Samoa|aus|total|sti,Samoa,aus,total,sti,2022,3,holt,0.08613231747674785,0.07961162037425114,0.006520697102496711,0.04698244586787311,0.1387900732293634,0.1387900732293634
Samoa|aus|total|sti,Samoa,aus,total,sti,2023,3,holt,0.08911065795839838,0.13562773233196918,-0.04651707437357079,0.05031314924077444,-0.9245510383570413,0.9245510383570413
Samoa|aus|total|sti,Samoa,aus,total,sti,2012,3,ar1,0.1576086601521855,0.16400887020352664,-0.006400210051341143,0.00047879092908390854,-13.367442160165696,13.367442160165696
Samoa|aus|total|sti,Samoa,aus,total,sti,2013,3,ar1,0.12729961802406584,0.1576086601521855,-0.030309042128119662,0.006400210051341143,-4.735632406590859,4.735632406590859
Samoa|aus|total|sti,Samoa,aus,total,sti,2014,3,ar1,0.13702442945572876,0.12729961802406584,0.009724811431662927,0.017723617218515914,0.5486922512354526,0.5486922512354526
Samoa|aus|total|sti,Samoa,aus,total,sti,2015,3,ar1,0.1425298548869824,0.13702442945572876,0.005505425431253624,0.023906956850701835,0.23028549662907022,0.23028549662907022
Samoa|aus|total|sti,Samoa,aus,total,sti,2016,3,ar1,0.1385963371815552,0.1425298548869824,-0.003933517705427186,0.011953478425350918,-0.3290688756408334,0.3290688756408334
Samoa|aus|total|sti,Samoa,aus,total,sti,2017,3,ar1,0.11710634623764593,0.1385963371815552,-0.02148999094390927,0.013994177094442969,-1.5356380585209872,1.5356380585209872
Samoa|aus|total|sti,Samoa,aus,total,sti,2018,3,ar1,0.09738085660246763,0.11710634623764593,-0.019725489635178298,0.018950566972572403,-1.0408917930385648,1.0408917930385648
Samoa|aus|total|sti,Samoa,aus,total,sti,2019,3,ar1,0.0896490286162557,0.09738085660246763,-0.007731827986211928,0.019756059510996963,-0.39136488639893513,0.39136488639893513
Samoa|aus|total|sti,Samoa,aus,total,sti,2021,3,ar1,0.10775647553680226,0.0896490286162557,0.018107446920546555,0.01870367733874598,0.9681222891412753,0.9681222891412753
Samoa|aus|total|sti,Samoa,aus,total,sti,2022,3,ar1,0.08613231747674785,0.10775647553680226,-0.02162415806005441,0.019756059510996963,-1.09455825682331,1.09455825682331
Samoa|aus|total|sti,Samoa,aus,total,sti,2023,3,ar1,0.08911065795839838,0.08613231747674785,0.002978340481650535,0.020076955956039522,0.14834621783162275,0.14834621783162275
Samoa|aus|total|sti,Samoa,aus,total,sti,2014,5,holt,0.13702442945572876,0.0920119341659493,0.045012495289779464,0.05442513728126858,0.8270534083755329,0.8270534083755329
Samoa|aus|total|sti,Samoa,aus,total,sti,2015,5,holt,0.1425298548869824,0.0553455462543308,0.08718430863265159,0.045012495289779464,1.936891258113559,1.936891258113559
Samoa|aus|total|sti,Samoa,aus,total,sti,2016,5,holt,0.1385963371815552,0.12799295590240053,0.010603381279154667,0.0312619652310711,0.3391783338245166,0.3391783338245166
Samoa|aus|total|sti,Samoa,aus,total,sti,2017,5,holt,0.11710634623764593,0.12672252212912566,-0.009616175891479728,0.05101495243215232,-0.18849720391818114,0.18849720391818114
Samoa|aus|total|sti,Samoa,aus,total,sti,2018,5,holt,0.09738085660246763,0.12139450943840928,-0.024013652835941646,0.04049623394666744,-0.5929848407031392,0.5929848407031392
Samoa|aus|total|sti,Samoa,aus,total,sti,2019,5,holt,0.0896490286162557,0.09335661543028528,-0.0037075868140295787,0.05101495243215232,-0.07267647301956243,0.07267647301956243
Samoa|aus|total|sti,Samoa,aus,total,sti,2021,5,holt,0.10775647553680226,0.07792117948620035,0.02983529605060191,0.03004164447263469,0.9931312541089171,0.9931312541089171
Samoa|aus|total|sti,Samoa,aus,total,sti,2022,5,holt,0.08613231747674785,0.09152004297363782,-0.00538772549688997,0.02997751546118255,-0.17972555143425603,0.17972555143425603
Samoa|aus|total|sti,Samoa,aus,total,sti,2023,5,holt,0.08911065795839838,0.07799922126589663,0.011111436692501753,0.029245376150665116,0.37993823827938866,0.37993823827938866
Samoa|aus|total|sti,Samoa,aus,total,sti,2014,5,ar1,0.13702442945572876,0.12074109874219441,0.016283330713534355,0.05442513728126858,0.2991876828786349,0.2991876828786349
Samoa|aus|total|sti,Samoa,aus,total,sti,2015,5,ar1,0.1425298548869824,0.13853465025306066,0.003995204633921723,0.016283330713534355,0.24535549293984396,0.24535549293984396
Samoa|aus|total|sti,Samoa,aus,total,sti,2016,5,ar1,0.1385963371815552,0.14022315858928214,-0.001626821407726936,0.009109187862816844,-0.17859126765488317,0.17859126765488317
Samoa|aus|total|sti,Samoa,aus,total,sti,2017,5,ar1,0.11710634623764593,0.1373077029033612,-0.020201356665715264,0.008335215809348302,-2.423615312162473,2.423615312162473
Samoa|aus|total|sti,Samoa,aus,total,sti,2018,5,ar1,0.09738085660246763,0.13859061106206433,-0.041209754459596695,0.013276795767490995,-3.1038930764078763,3.1038930764078763
Samoa|aus|total|sti,Samoa,aus,total,sti,2019,5,ar1,0.0896490286162557,0.06774729547316621,0.02190173314308949,0.02655359153498199,0.8248124595211879,0.8248124595211879
Samoa|aus|total|sti,Samoa,aus,total,sti,2021,5,ar1,0.10775647553680226,0.07773060046402172,0.03002587507278054,0.02655090535133706,1.130879519001731,1.130879519001731
Samoa|aus|total|sti,Samoa,aus,total,sti,2022,5,ar1,0.08613231747674785,0.10208852198030388,-0.015956204503556032,0.026548219167692132,-0.6010273006550263,0.6010273006550263
Samoa|aus|total|sti,Samoa,aus,total,sti,2023,5,ar1,0.08911065795839838,0.10103851800866784,-0.011927860050269454,0.028064089177458326,-0.42502216889512184,0.42502216889512184
Samoa|aus|total|sti,Samoa,aus,total,sti,2016,7,holt,0.1385963371815552,0.12577238413278882,0.012823953048766379,0.03051818043056675,0.4202070001500488,0.4202070001500488
Samoa|aus|total|sti,Samoa,aus,total,sti,2017,7,holt,0.11710634623764593,0.10352165480517113,0.013584691432474802,0.012823953048766379,1.0593216756810884,1.0593216756810884
Samoa|aus|total|sti,Samoa,aus,total,sti,2018,7,holt,0.09738085660246763,0.11581642124117558,-0.01843556463870795,0.000563935363843054,-32.690917826246945,32.690917826246945
Samoa|aus|total|sti,Samoa,aus,total,sti,2019,7,holt,0.0896490286162557,0.08585706224027913,0.003791966375976577,0.001127870727686108,3.3620576214049063,3.3620576214049063
Samoa|aus|total|sti,Samoa,aus,total,sti,2021,7,holt,0.10775647553680226,0.08203632435663409,0.02572015118016817,0.007259347084382133,3.5430391853701115,3.5430391853701115
Samoa|aus|total|sti,Samoa,aus,total,sti,2022,7,holt,0.08613231747674785,0.09952864915327739,-0.013396331676529538,0.01339082344107816,-1.0004113440428526,1.0004113440428526
Samoa|aus|total|sti,Samoa,aus,total,sti,2023,7,holt,0.08911065795839838,0.08339407067328863,0.0057165872851097504,0.01681929875919028,0.3398826174002132,0.3398826174002132
Samoa|aus|total|sti,Samoa,aus,total,sti,2016,7,ar1,0.1385963371815552,0.13927097497540425,-0.0006746377938490478,0.03051818043056675,-0.0221060949352451,0.0221060949352451
Samoa|aus|total|sti,Samoa,aus,total,sti,2017,7,ar1,0.11710634623764593,0.13948671088821324,-0.022380364650567308,0.0006746377938490478,-33.17389694828597,33.17389694828597
Samoa|aus|total|sti,Samoa,aus,total,sti,2018,7,ar1,0.09738085660246763,0.12659564173887872,-0.029214785136411084,0.016090455318885245,-1.8156593183613587,1.8156593183613587
Samoa|aus|total|sti,Samoa,aus,total,sti,2019,7,ar1,0.0896490286162557,0.10398285894168804,-0.01433383032543234,0.01013271181231198,-1.4146094935825269,1.4146094935825269
Samoa|aus|total|sti,Samoa,aus,total,sti,2021,7,ar1,0.10775647553680226,0.07931696503347699,0.02843951050332527,0.011031251801378542,2.578085516982875,2.578085516982875
Samoa|aus|total|sti,Samoa,aus,total,sti,2022,7,ar1,0.08613231747674785,0.10630388738805534,-0.020171569911307488,0.02025111884732539,-0.996071874516286,0.996071874516286
Samoa|aus|total|sti,Samoa,aus,total,sti,2023,7,ar1,0.08911065795839838,0.0867800766863071,0.0023305812720912783,0.012668631341591846,0.18396472430607763,0.18396472430607763
Samoa|china|export|cwti,Samoa,china,export,cwti,2010,1,naive,2.104403633660912e-05,2.00029298478663e-06,1.904374335182249e-05,1.0,1.904374335182249e-05,1.904374335182249e-05
Samoa|china|export|cwti,Samoa,china,export,cwti,2011,1,naive,1.016608836891509e-05,2.104403633660912e-05,-1.087794796769403e-05,1.904374335182249e-05,-0.5712084943978731,0.5712084943978731
Samoa|china|export|cwti,Samoa,china,export,cwti,2012,1,naive,3.9396881242153253e-10,1.016608836891509e-05,-1.0165694400102669e-05,2.2180949775157594e-05,-0.4583074441423662,0.4583074441423662
Samoa|china|export|cwti,Samoa,china,export,cwti,2013,1,naive,4.340248800899129e-05,3.9396881242153253e-10,4.340209404017887e-05,1.0559871393109527e-06,41.10096839673576,41.10096839673576
Samoa|china|export|cwti,Samoa,china,export,cwti,2014,1,naive,1.4074920895890871e-07,4.340248800899129e-05,-4.326173880003239e-05,2.2180949775157598e-05,-1.9504006473376998,1.9504006473376998
Samoa|china|export|cwti,Samoa,china,export,cwti,2015,1,naive,0.0005575553730159606,1.4074920895890871e-07,0.0005574146238070017,4.330591241100424e-05,12.87155939624909,12.87155939624909
Samoa|china|export|cwti,Samoa,china,export,cwti,2016,1,naive,0.00047924295620023493,0.0005575553730159606,-7.831241681572568e-05,4.023779514043618e-05,-1.9462402585033085,1.9462402585033085
Samoa|china|export|cwti,Samoa,china,export,cwti,2017,1,naive,0.00017412022059189113,0.00047924295620023493,-0.0003051227356083438,4.90681954273358e-05,-6.218340270128632,6.218340270128632
Samoa|china|export|cwti,Samoa,china,export,cwti,2018,1,naive,0.000791610203805527,0.00017412022059189113,0.0006174899832136359,6.42438992844486e-05,9.611651691308696,9.611651691308696
Samoa|china|export|cwti,Samoa,china,export,cwti,2019,1,naive,0.0007240270552430337,0.000791610203805527,-6.758314856249333e-05,7.94196031415614e-05,-0.850963060619049,0.850963060619049
Samoa|china|export|cwti,Samoa,china,export,cwti,2021,1,naive,0.00011509472533314627,0.0007240270552430337,-0.0006089323299098875,8.227336034136089e-05,-7.401330483930189,7.401330483930189
Samoa|china|export|cwti,Samoa,china,export,cwti,2022,1,naive,0.0012036646303100489,0.00011509472533314627,0.0010885699049769026,8.407113040184944e-05,12.94820112176053,12.94820112176053
Samoa|china|export|cwti,Samoa,china,export,cwti,2023,1,naive,0.0015401846233242477,0.0012036646303100489,0.00033651999301419883,9.255273052762605e-05,3.635981251938872,3.635981251938872
Samoa|china|export|cwti,Samoa,china,export,cwti,2012,3,holt,3.9396881242153253e-10,5.284796786315563e-05,-5.284757389434321e-05,1.2106608236508853e-05,-4.365184109532457,4.365184109532457
Samoa|china|export|cwti,Samoa,china,export,cwti,2013,3,holt,4.340248800899129e-05,-1.1440234317278787e-05,5.484272232627008e-05,5.284757389434321e-05,1.037752885987079,1.037752885987079
Samoa|china|export|cwti,Samoa,china,export,cwti,2014,3,holt,1.4074920895890871e-07,-9.081759258933794e-06,9.222508467892703e-06,7.983081658834063e-05,0.11552566868318442,0.11552566868318442
Samoa|china|export|cwti,Samoa,china,export,cwti,2015,3,holt,0.0005575553730159606,0.00011200727119290468,0.00044554810182305594,6.76365290664303e-05,6.587388619328081,6.587388619328081
Samoa|china|export|cwti,Samoa,china,export,cwti,2016,3,holt,0.00047924295620023493,3.975930775637128e-05,0.00043948364844386366,7.983081658834063e-05,5.505187936509855,5.505187936509855
Samoa|china|export|cwti,Samoa,china,export,cwti,2017,3,holt,0.00017412022059189113,0.0015388819420991914,-0.0013647617215073002,0.00015966163317668127,-8.547837663648707,8.547837663648707
Samoa|china|export|cwti,Samoa,china,export,cwti,2018,3,holt,0.000791610203805527,0.0002749879556223338,0.0005166222481831932,0.00036496513511931274,1.4155386322430537,1.4155386322430537
Samoa|china|export|cwti,Samoa,china,export,cwti,2019,3,holt,0.0007240270552430337,-0.00024237657967218068,0.0009664036349152144,0.0005702686370619442,1.6946462984430983,1.6946462984430983
Samoa|china|export|cwti,Samoa,china,export,cwti,2021,3,holt,0.00011509472533314627,0.0017388594548868245,-0.0016237647295536783,0.0003761354270509522,-4.316968338464219,4.316968338464219
Samoa|china|export|cwti,Samoa,china,export,cwti,2022,3,holt,0.0012036646303100489,0.00047517743003509425,0.0007284872002749546,0.0005792597956419347,1.2576174037206336,1.2576174037206336
Samoa|china|export|cwti,Samoa,china,export,cwti,2023,3,holt,0.0015401846233242477,-0.0007462944651604028,0.0022864790884846503,0.00042214797910607773,5.4162976057030985,5.4162976057030985
Samoa|china|export|cwti,Samoa,china,export,cwti,2012,3,ar1,3.9396881242153253e-10,1.016608836891509e-05,-1.0165694400102669e-05,1.2106608236508853e-05,-0.8396814534269691,0.8396814534269691
Samoa|china|export|cwti,Samoa,china,export,cwti,2013,3,ar1,4.340248800899129e-05,3.9396881242153253e-10,4.340209404017887e-05,1.0165694400102669e-05,4.269466731140426,4.269466731140426
Samoa|china|export|cwti,Samoa,china,export,cwti,2014,3,ar1,1.4074920895890871e-07,4.340248800899129e-05,-4.326173880003239e-05,3.97098015707807e-05,-1.0894473678726533,1.0894473678726533
Samoa|china|export|cwti,Samoa,china,export,cwti,2015,3,ar1,0.0005575553730159606,1.4074920895890871e-07,0.0005574146238070017,4.90681954273358e-05,11.359998446090541,11.359998446090541
Samoa|china|export|cwti,Samoa,china,export,cwti,2016,3,ar1,0.00047924295620023493,0.0005575553730159606,-7.831241681572568e-05,6.42438992844486e-05,-1.2189860467370888,1.2189860467370888
Samoa|china|export|cwti,Samoa,china,export,cwti,2017,3,ar1,0.00017412022059189113,0.00047924295620023493,-0.0003051227356083438,7.94196031415614e-05,-3.8419070801005897,3.8419070801005897
Samoa|china|export|cwti,Samoa,china,export,cwti,2018,3,ar1,0.000791610203805527,0.00017412022059189113,0.0006174899832136359,9.022696689748206e-05,6.843740895282916,6.843740895282916
Samoa|china|export|cwti,Samoa,china,export,cwti,2019,3,ar1,0.0007240270552430337,0.000791610203805527,-6.758314856249333e-05,0.00010103433065340268,-0.6689127163551633,0.6689127163551633
Samoa|china|export|cwti,Samoa,china,export,cwti,2021,3,ar1,0.00011509472533314627,0.0007240270552430337,-0.0006089323299098875,9.022696689748206e-05,-6.748895045998502,6.748895045998502
Samoa|china|export|cwti,Samoa,china,export,cwti,2022,3,ar1,0.0012036646303100489,0.00011509472533314627,0.0010885699049769026,0.0001284877985688972,8.47216558382541,8.47216558382541
Samoa|china|export|cwti,Samoa,china,export,cwti,2023,3,ar1,0.0015401846233242477,0.0012036646303100489,0.00033651999301419883,0.0002583614562184498,1.3025162419337983,1.3025162419337983
Samoa|china|export|cwti,Samoa,china,export,cwti,2014,5,holt,1.4074920895890871e-07,5.66709732930233e-05,-5.65302240840644e-05,1.5071658517592215e-05,-3.7507633296017264,3.7507633296017264
Samoa|china|export|cwti,Samoa,china,export,cwti,2015,5,holt,0.0005575553730159606,-9.237005231229803e-06,0.0005667923782471904,5.65302240840644e-05,10.026360012377282,10.026360012377282
Samoa|china|export|cwti,Samoa,china,export,cwti,2016,5,holt,0.00047924295620023493,0.0004314809501196731,4.776200608056186e-05,0.00046206904510815913,0.10336551774287743,0.10336551774287743
Samoa|china|export|cwti,Samoa,china,export,cwti,2017,5,holt,0.00017412022059189113,0.0005125974108756213,-0.0003384771902837302,0.0001546236604420749,-2.189038788216571,2.189038788216571
Samoa|china|export|cwti,Samoa,china,export,cwti,2018,5,holt,0.000791610203805527,0.00023242321442376468,0.0005591869893817623,0.0002863191162648497,1.953020101055724,1.953020101055724
Samoa|china|export|cwti,Samoa,china,export,cwti,2019,5,holt,0.0007240270552430337,0.0010053897184040777,-0.00028136266316104404,0.0005726382325296994,-0.49134452989296595,0.49134452989296595
Samoa|china|export|cwti,Samoa,china,export,cwti,2021,5,holt,0.00011509472533314627,0.0005670126570473011,-0.00045191793171415486,0.0004529874033526147,-0.9976390698051546,0.9976390698051546
Samoa|china|export|cwti,Samoa,china,export,cwti,2022,5,holt,0.0012036646303100489,-9.306297527598452e-05,0.0012967276055860333,0.0004180145720876245,3.1021110080205827,3.1021110080205827
Samoa|china|export|cwti,Samoa,china,export,cwti,2023,5,holt,0.0015401846233242477,0.0016173962708707066,-7.721164754645893e-05,0.0005794200239310357,-0.13325678153582227,0.13325678153582227
Samoa|china|export|cwti,Samoa,china,export,cwti,2014,5,ar1,1.4074920895890871e-07,-2.7825311656541034e-05,2.7966060865499943e-05,1.5071658517592215e-05,1.855539709372853,1.855539709372853
Samoa|china|export|cwti,Samoa,china,export,cwti,2015,5,ar1,0.0005575553730159606,2.7367872299757245e-05,0.0005301875007162034,2.7966060865499943e-05,18.958247400879543,18.958247400879543
Samoa|china|export|cwti,Samoa,china,export,cwti,2016,5,ar1,0.00047924295620023493,-0.0032824811589698155,0.0037617241151700503,0.00037229675336132643,10.104101314896967,10.104101314896967
Samoa|china|export|cwti,Samoa,china,export,cwti,2017,5,ar1,0.00017412022059189113,0.00042529618160825873,-0.0002511759610163676,0.0007445935067226529,-0.3373329994803808,0.3373329994803808
Samoa|china|export|cwti,Samoa,china,export,cwti,2018,5,ar1,0.000791610203805527,0.0002937114513913908,0.0004978987524141363,0.0005792247341823548,0.8595951157316859,0.8595951157316859
Samoa|china|export|cwti,Samoa,china,export,cwti,2019,5,ar1,0.0007240270552430337,0.0002187804844386067,0.0005052465708044269,0.0006967222084900082,0.7251764973868674,0.7251764973868674
Samoa|china|export|cwti,Samoa,china,export,cwti,2021,5,ar1,0.00011509472533314627,0.0005144786975612708,-0.0003993839722281245,0.00037229675336132643,-1.0727570644176663,1.0727570644176663
Samoa|china|export|cwti,Samoa,china,export,cwti,2022,5,ar1,0.0012036646303100489,0.0006348801388903865,0.0005687844914196624,0.0006967222084900082,0.8163719836810963,0.8163719836810963
Samoa|china|export|cwti,Samoa,china,export,cwti,2023,5,ar1,0.0015401846233242477,2.3436184665279755e-05,0.001516748438658968,0.00040090870256980057,3.7832764141479145,3.7832764141479145
Samoa|china|export|cwti,Samoa,china,export,cwti,2016,7,holt,0.00047924295620023493,0.00019554411785132491,0.00028369883834891,1.5071658517592213e-05,18.82333241678518,18.82333241678518
Samoa|china|export|cwti,Samoa,china,export,cwti,2017,7,holt,0.00017412022059189113,0.0005636880004837221,-0.00038956777989183097,0.00028369883834891,-1.373173687136205,1.373173687136205
Samoa|china|export|cwti,Samoa,china,export,cwti,2018,7,holt,0.000791610203805527,0.00028302668763208855,0.0005085835161734385,0.0004990925441018612,1.0190164573358969,1.0190164573358969
Samoa|china|export|cwti,Samoa,china,export,cwti,2019,7,holt,0.0007240270552430337,0.0005731846532539646,0.00015084240198906908,0.0003334140233426459,0.452417689204542,0.452417689204542
Samoa|china|export|cwti,Samoa,china,export,cwti,2021,7,holt,0.00011509472533314627,0.0007560042350654706,-0.0006409095097323243,0.00026519348794487303,-2.416761869603499,2.416761869603499
Samoa|china|export|cwti,Samoa,china,export,cwti,2022,7,holt,0.0012036646303100489,0.000276146669865166,0.0009275179604448828,0.0005303869758897461,1.7487570445879315,1.7487570445879315
Samoa|china|export|cwti,Samoa,china,export,cwti,2023,7,holt,0.0015401846233242477,0.00045441665815951503,0.0010857679651647327,0.0006657995557731843,1.630773039347923,1.630773039347923
Samoa|china|export|cwti,Samoa,china,export,cwti,2016,7,ar1,0.00047924295620023493,-0.00280128060226415,0.003280523558464385,1.5071658517592213e-05,217.6617493446546,217.6617493446546
Samoa|china|export|cwti,Samoa,china,export,cwti,2017,7,ar1,0.00017412022059189113,0.0004130120303642238,-0.00023889180977233268,0.003280523558464385,-0.07282124499790457,0.07282124499790457
Samoa|china|export|cwti,Samoa,china,export,cwti,2018,7,ar1,0.000791610203805527,0.0002063569347494825,0.0005852532690560446,0.002608942612473879,0.22432584996612462,0.22432584996612462
Samoa|china|export|cwti,Samoa,china,export,cwti,2019,7,ar1,0.0007240270552430337,0.0004550621781367578,0.0002689648771062759,0.001221877493870952,0.2201242583282105,0.2201242583282105
Samoa|china|export|cwti,Samoa,china,export,cwti,2021,7,ar1,0.00011509472533314627,0.0005551411429569567,-0.00044004641762381046,0.000610938746935476,-0.7202791111729663,0.7202791111729663
Samoa|china|export|cwti,Samoa,china,export,cwti,2022,7,ar1,0.0012036646303100489,0.0005765193009247293,0.0006271453293853195,0.000752948323966225,0.8329194838787521,0.8329194838787521
Samoa|china|export|cwti,Samoa,china,export,cwti,2023,7,ar1,0.0015401846233242477,-0.00010972844527956833,0.001649913068603816,0.0006419933312575676,2.569984746370942,2.569984746370942
Samoa|china|export|raw_usd,Samoa,china,export,raw_usd,2010,1,naive,23482.0,19179.0,4303.0,1.0,4303.0,4303.0
Samoa|china|export|raw_usd,Samoa,china,export,raw_usd,2011,1,naive,86372.0,23482.0,62890.0,4303.0,14.615384615384615,14.615384615384615
Samoa|china|export|raw_usd,Samoa,china,export,raw_usd,2012,1,naive,170.0,86372.0,-86202.0,43430.543099999995,-1.984824362005273,1.984824362005273
Samoa|china|export|raw_usd,Samoa,china,export,raw_usd,2013,1,naive,137277.0,170.0,137107.0,86861.08619999999,1.5784628767398492,1.5784628767398492
Samoa|china|export|raw_usd,Samoa,china,export,raw_usd,2014,1,naive,7675.0,137277.0,-129602.0,98447.60519999999,-1.31645660386262,1.31645660386262
Samoa|china|export|raw_usd,Samoa,china,export,raw_usd,2015,1,naive,825073.0,7675.0,817398.0,134182.713,6.091678888621071,6.091678888621071
Samoa|china|export|raw_usd,Samoa,china,export,raw_usd,2016,1,naive,798996.0,825073.0,-26077.0,165538.96169999999,-0.1575278697667463,0.1575278697667463
Samoa|china|export|raw_usd,Samoa,china,export,raw_usd,2017,1,naive,506999.404,798996.0,-291996.596,134182.713,-2.1761118811183975,2.1761118811183975
Samoa|china|export|raw_usd,Samoa,china,export,raw_usd,2018,1,naive,559119.088,506999.404,52119.68400000001,143834.43899999998,0.36235886455537963,0.36235886455537963
Samoa|china|export|raw_usd,Samoa,china,export,raw_usd,2019,1,naive,669449.3699999999,559119.088,110330.28199999989,134182.713,0.8222391657858333,0.8222391657858333
Samoa|china|export|raw_usd,Samoa,china,export,raw_usd,2021,1,naive,143389.383,669449.3699999999,-526059.9869999998,141599.1214973999,-3.715135951670855,3.715135951670855
Samoa|china|export|raw_usd,Samoa,china,export,raw_usd,2022,1,naive,831403.9290000001,143389.383,688014.5460000001,157196.04829319983,4.37679288678253,4.37679288678253
Samoa|china|export|raw_usd,Samoa,china,export,raw_usd,2023,1,naive,1157383.446,831403.9290000001,325979.5169999999,165538.96169999999,1.9692011696361866,1.9692011696361866
Samoa|china|export|raw_usd,Samoa,china,export,raw_usd,2012,3,holt,170.0,44391.27000000001,-44221.27000000001,6379.627799999999,-6.9316379240807775,6.9316379240807775
Samoa|china|export|raw_usd,Samoa,china,export,raw_usd,2013,3,holt,137277.0,180842.68,-43565.67999999999,44221.27000000001,-0.9851747812760687,0.9851747812760687
Samoa|china|export|raw_usd,Samoa,china,export,raw_usd,2014,3,holt,7675.0,-125339.10999999999,133014.11,485.98886700001356,273.697854070382,273.697854070382
Samoa|china|export|raw_usd,Samoa,china,export,raw_usd,2015,3,holt,825073.0,355482.11,469590.89,971.9777340000271,483.12926682740954,483.12926682740954
Samoa|china|export|raw_usd,Samoa,china,export,raw_usd,2016,3,holt,798996.0,-52659.0,851655.0,131384.587194,6.482153030191147,6.482153030191147
Samoa|china|export|raw_usd,Samoa,china,export,raw_usd,2017,3,holt,506999.404,2282739.25,-1775739.846,262769.174388,-6.757793603971127,6.757793603971127
Samoa|china|export|raw_usd,Samoa,china,export,raw_usd,2018,3,holt,559119.088,690998.8848400001,-131879.79684000008,380888.954208,-0.3462421143564634,0.3462421143564634
Samoa|china|export|raw_usd,Samoa,china,export,raw_usd,2019,3,holt,669449.3699999999,-4729.369200000016,674178.7392,261797.19665399994,2.5751946461482453,2.5751946461482453
Samoa|china|export|raw_usd,Samoa,china,export,raw_usd,2021,3,holt,143389.383,675582.68158,-532193.29858,445870.22015449207,-1.193605839823968,1.193605839823968
Samoa|china|export|raw_usd,Samoa,china,export,raw_usd,2022,3,holt,831403.9290000001,756467.9775099996,74935.95149000047,724439.3073067078,0.10343993034916124,0.10343993034916124
Samoa|china|export|raw_usd,Samoa,china,export,raw_usd,2023,3,holt,1157383.446,-653774.9390699996,1811158.3850699996,445870.22015449207,4.062075247910572,4.062075247910572
Samoa|china|export|raw_usd,Samoa,china,export,raw_usd,2012,3,ar1,170.0,86372.0,-86202.0,6379.627799999999,-13.51207354134359,13.51207354134359
Samoa|china|export|raw_usd,Samoa,china,export,raw_usd,2013,3,ar1,137277.0,170.0,137107.0,86202.0,1.5905315421915964,1.5905315421915964
Samoa|china|export|raw_usd,Samoa,china,export,raw_usd,2014,3,ar1,7675.0,137277.0,-129602.0,165538.96169999999,-0.7829093445377096,0.7829093445377096
Samoa|china|export|raw_usd,Samoa,china,export,raw_usd,2015,3,ar1,825073.0,7675.0,817398.0,64344.84,12.703396263010369,12.703396263010369
Samoa|china|export|raw_usd,Samoa,china,export,raw_usd,2016,3,ar1,798996.0,825073.0,-26077.0,197711.3817,-0.13189427829485448,0.13189427829485448
Samoa|china|export|raw_usd,Samoa,china,export,raw_usd,2017,3,ar1,506999.404,798996.0,-291996.596,153486.16499999998,-1.9024294209188175,1.9024294209188175
Samoa|china|export|raw_usd,Samoa,china,export,raw_usd,2018,3,ar1,559119.088,506999.404,52119.68400000001,197711.3817,0.26361499045656617,0.26361499045656617
Samoa|china|export|raw_usd,Samoa,china,export,raw_usd,2019,3,ar1,669449.3699999999,559119.088,110330.28199999989,153486.16499999998,0.7188288403713775,0.7188288403713775
Samoa|china|export|raw_usd,Samoa,china,export,raw_usd,2021,3,ar1,143389.383,669449.3699999999,-526059.9869999998,165538.96169999999,-3.177862067018147,3.177862067018147
Samoa|china|export|raw_usd,Samoa,china,export,raw_usd,2022,3,ar1,831403.9290000001,143389.383,688014.5460000001,202237.43629319983,3.402013784443599,3.402013784443599
Samoa|china|export|raw_usd,Samoa,china,export,raw_usd,2023,3,ar1,1157383.446,831403.9290000001,325979.5169999999,197711.3817,1.648764548591488,1.648764548591488
Samoa|china|export|raw_usd,Samoa,china,export,raw_usd,2014,5,holt,7675.0,72412.16511200002,-64737.16511200002,34562.3712,-1.8730533486082117,1.8730533486082117
Samoa|china|export|raw_usd,Samoa,china,export,raw_usd,2015,5,holt,825073.0,85623.08241600002,739449.9175839999,64737.16511200002,11.422340108725763,11.422340108725763
Samoa|china|export|raw_usd,Samoa,china,export,raw_usd,2016,5,holt,798996.0,813989.3589760001,-14993.358976000105,596143.8844025447,-0.02515057080729168,0.02515057080729168
Samoa|china|export|raw_usd,Samoa,china,export,raw_usd,2017,5,holt,506999.404,771868.5033509999,-264869.0993509999,73750.16697723347,-3.5914372835625508,3.5914372835625508
Samoa|china|export|raw_usd,Samoa,china,export,raw_usd,2018,5,holt,559119.088,450993.98736,108125.10063999996,185232.88633998737,0.5837251838830647,0.5837251838830647
Samoa|china|export|raw_usd,Samoa,china,export,raw_usd,2019,5,holt,669449.3699999999,895133.0212736,-225683.65127360018,182535.4282266817,-1.236382731101027,1.236382731101027
Samoa|china|export|raw_usd,Samoa,china,export,raw_usd,2021,5,holt,143389.383,579911.0932899519,-436521.7102899519,247452.42779355176,-1.7640631542081278,1.7640631542081278
Samoa|china|export|raw_usd,Samoa,china,export,raw_usd,2022,5,holt,831403.9290000001,-88603.72409567994,920007.65309568,256285.59520391515,3.5897751192909246,3.5897751192909246
Samoa|china|export|raw_usd,Samoa,china,export,raw_usd,2023,5,holt,1157383.446,709028.5463821781,448354.8996178219,304542.5165315815,1.4722243210048698,1.4722243210048698
Samoa|china|export|raw_usd,Samoa,china,export,raw_usd,2014,5,ar1,7675.0,-74733.53241374284,82408.53241374284,34562.3712,2.3843425538390965,2.3843425538390965
Samoa|china|export|raw_usd,Samoa,china,export,raw_usd,2015,5,ar1,825073.0,110269.54010497959,714803.4598950204,82408.53241374284,8.673901099297048,8.673901099297048
Samoa|china|export|raw_usd,Samoa,china,export,raw_usd,2016,5,ar1,798996.0,-2640338.577859142,3439334.577859142,468794.35974187095,7.33655281124312,7.33655281124312
Samoa|china|export|raw_usd,Samoa,china,export,raw_usd,2017,5,ar1,506999.404,726950.9825477158,-219951.5785477158,937588.7194837419,-0.23459281663374346,0.23459281663374346
Samoa|china|export|raw_usd,Samoa,china,export,raw_usd,2018,5,ar1,559119.088,549347.3003771467,9771.787622853299,692933.9099976001,0.01410204852420506,0.01410204852420506
Samoa|china|export|raw_usd,Samoa,china,export,raw_usd,2019,5,ar1,669449.3699999999,667787.7936030293,1661.576396970544,448279.1005114586,0.0037065667238887308,0.0037065667238887308
Samoa|china|export|raw_usd,Samoa,china,export,raw_usd,2021,5,ar1,143389.383,632960.0253116477,-489570.64231164765,230151.64983747617,-2.127165469625626,2.127165469625626
Samoa|china|export|raw_usd,Samoa,china,export,raw_usd,2022,5,ar1,831403.9290000001,779483.5982767948,51920.33072320535,340587.86268448574,0.15244327943448582,0.15244327943448582
Samoa|china|export|raw_usd,Samoa,china,export,raw_usd,2023,5,ar1,1157383.446,174643.79572447867,982739.6502755213,224139.5502557293,4.3844990728065465,4.3844990728065465
Samoa|china|export|raw_usd,Samoa,china,export,raw_usd,2016,7,holt,798996.0,270300.5801138912,528695.4198861087,34562.3712,15.29685034706498,15.29685034706498
Samoa|china|export|raw_usd,Samoa,china,export,raw_usd,2017,7,holt,506999.404,569518.9494916808,-62519.54549168085,528695.4198861087,-0.11825248175054888,0.11825248175054888
Samoa|china|export|raw_usd,Samoa,china,export,raw_usd,2018,7,holt,559119.088,553013.2176141312,6105.870385868824,438267.6538345554,0.013931829858869232,0.013931829858869232
Samoa|china|export|raw_usd,Samoa,china,export,raw_usd,2019,7,holt,669449.3699999999,933420.999468939,-263971.62946893915,101744.04158005514,-2.5944676992336566,2.5944676992336566
Samoa|china|export|raw_usd,Samoa,china,export,raw_usd,2021,7,holt,143389.383,600502.7807546878,-457113.3977546878,200208.45064236913,-2.2831873294460787,2.2831873294460787
Samoa|china|export|raw_usd,Samoa,china,export,raw_usd,2022,7,holt,831403.9290000001,291312.3033043097,540091.6256956904,298672.8597046831,1.8083050004265984,1.8083050004265984
Samoa|china|export|raw_usd,Samoa,china,export,raw_usd,2023,7,holt,1157383.446,522372.696350504,635010.749649496,492720.8733249362,1.2887839424467076,1.2887839424467076
Samoa|china|export|raw_usd,Samoa,china,export,raw_usd,2016,7,ar1,798996.0,-1903464.0692062103,2702460.0692062103,34562.3712,78.19081779916218,78.19081779916218
Samoa|china|export|raw_usd,Samoa,china,export,raw_usd,2017,7,ar1,506999.404,712878.1680934723,-205878.76409347227,2702460.0692062103,-0.07618198190582137,0.07618198190582137
Samoa|china|export|raw_usd,Samoa,china,export,raw_usd,2018,7,ar1,559119.088,473617.56915293285,85501.51884706714,2155951.5771250543,0.0396583669847923,0.0396583669847923
Samoa|china|export|raw_usd,Samoa,china,export,raw_usd,2019,7,ar1,669449.3699999999,541234.6154684719,128214.75453152799,432000.4074876437,0.29679313331479956,0.29679313331479956
Samoa|china|export|raw_usd,Samoa,china,export,raw_usd,2021,7,ar1,143389.383,609181.0166710324,-465791.6336710324,247663.52535671266,-1.8807437752496952,1.8807437752496952
Samoa|china|export|raw_usd,Samoa,china,export,raw_usd,2022,7,ar1,831403.9290000001,716077.6997589138,115326.22924108629,432000.4074876437,0.26695861217303346,0.26695861217303346
Samoa|china|export|raw_usd,Samoa,china,export,raw_usd,2023,7,ar1,1157383.446,496438.42337942583,660945.0226205741,247663.52535671266,2.6687216927426327,2.6687216927426327
Samoa|china|export|sti,Samoa,china,export,sti,2010,1,naive,0.00033426387811465267,0.00041715109358772496,-8.28872154730723e-05,1.0,-8.28872154730723e-05,8.28872154730723e-05
Samoa|china|export|sti,Samoa,china,export,sti,2011,1,naive,0.001303455786172162,0.00033426387811465267,0.0009691919080575093,8.28872154730723e-05,11.692899834141157,11.692899834141157
Samoa|china|export|sti,Samoa,china,export,sti,2012,1,naive,2.2338553524783933e-06,0.001303455786172162,-0.0013012219308196835,0.0007799062542732201,-1.6684337684049828,1.6684337684049828
Samoa|china|export|sti,Samoa,china,export,sti,2013,1,naive,0.002210272692234409,2.2338553524783933e-06,0.0022080388368819303,0.0015598125085464402,1.4155796448507518,1.4155796448507518
Samoa|china|export|sti,Samoa,china,export,sti,2014,1,naive,0.0001507218378111662,0.002210272692234409,-0.0020595508544232425,0.0016830577787596628,-1.2236958709409478,1.2236958709409478
Samoa|china|export|sti,Samoa,china,export,sti,2015,1,naive,0.014001481717829466,0.0001507218378111662,0.0138507598800183,0.0018063030489728856,7.668015556910137,7.668015556910137
Samoa|china|export|sti,Samoa,china,export,sti,2016,1,naive,0.014257478066839035,0.014001481717829466,0.00025599634900956916,0.0026014150070972062,0.09840657807814493,0.09840657807814493
Samoa|china|export|sti,Samoa,china,export,sti,2017,1,naive,0.011418438934223061,0.014257478066839035,-0.0028390391326159736,0.0023087318216748498,-1.2296963666210556,1.2296963666210556
Samoa|china|export|sti,Samoa,china,export,sti,2018,1,naive,0.012128012391626078,0.011418438934223061,0.0007095734574030163,0.002601415007097206,0.2727644206968712,0.2727644206968712
Samoa|china|export|sti,Samoa,china,export,sti,2019,1,naive,0.013257037832844815,0.012128012391626078,0.0011290254412187374,0.0023087318216748498,0.4890240740042711,0.4890240740042711
Samoa|china|export|sti,Samoa,china,export,sti,2021,1,naive,0.004971193572217042,0.013257037832844815,-0.008285844260627773,0.0017579888518623754,-4.713251879754487,4.713251879754487
Samoa|china|export|sti,Samoa,china,export,sti,2022,1,naive,0.019046678872411748,0.004971193572217042,0.014075485300194706,0.0023087318216748498,6.096630699179157,6.096630699179157
Samoa|china|export|sti,Samoa,china,export,sti,2023,1,naive,0.026964140624753948,0.019046678872411748,0.0079174617523422,0.0026014150070972062,3.0435212108570537,3.0435212108570537
Samoa|china|export|sti,Samoa,china,export,sti,2012,3,holt,2.2338553524783933e-06,0.00038942606310993027,-0.0003871922077574519,0.00012288858566037697,-3.1507581088736907,3.1507581088736907
Samoa|china|export|sti,Samoa,china,export,sti,2013,3,holt,0.002210272692234409,0.00276505269612297,-0.0005547800038885613,0.0003871922077574519,-1.432828431909175,1.432828431909175
Samoa|china|export|sti,Samoa,china,export,sti,2014,3,holt,0.0001507218378111662,-0.0018632652450695495,0.002013987082880716,0.0001242328332719914,16.21139138372025,16.21139138372025
Samoa|china|export|sti,Samoa,china,export,sti,2015,3,holt,0.014001481717829466,0.005730156530824183,0.008271325187005282,0.0002484656665439828,33.289610198683576,33.289610198683576
Samoa|china|export|sti,Samoa,china,export,sti,2016,3,holt,0.014257478066839035,-0.0006272146168025947,0.014884692683641629,0.001904227041422065,7.81665860207816,7.81665860207816
Samoa|china|export|sti,Samoa,china,export,sti,2017,3,holt,0.011418438934223061,0.03884810113635423,-0.027429662202131166,0.00380845408284413,-7.202308759791286,7.202308759791286
Samoa|china|export|sti,Samoa,china,export,sti,2018,3,holt,0.012128012391626078,0.014119513313716808,-0.0019915009220907304,0.006542791778009606,-0.3043809110331444,0.3043809110331444
Samoa|china|export|sti,Samoa,china,export,sti,2019,3,holt,0.013257037832844815,0.0066629999423960555,0.0065940378904487595,0.0035599884163001476,1.8522638613812856,1.8522638613812856
Samoa|china|export|sti,Samoa,china,export,sti,2021,3,holt,0.004971193572217042,0.013635244223033412,-0.00866405065081637,0.006364459921735523,-1.36131749706325,1.36131749706325
Samoa|china|export|sti,Samoa,china,export,sti,2022,3,holt,0.019046678872411748,0.011560843440506756,0.007485835431904992,0.010350371743600527,0.7232431469462309,0.7232431469462309
Samoa|china|export|sti,Samoa,china,export,sti,2023,3,holt,0.026964140624753948,-0.0069046157412657825,0.03386875636601973,0.009231467052931961,3.668837918374289,3.668837918374289
Samoa|china|export|sti,Samoa,china,export,sti,2012,3,ar1,2.2338553524783933e-06,0.001303455786172162,-0.0013012219308196835,0.00012288858566037697,-10.588631351131557,10.588631351131557
Samoa|china|export|sti,Samoa,china,export,sti,2013,3,ar1,0.002210272692234409,2.2338553524783933e-06,0.0022080388368819303,0.0013012219308196835,1.6968964206520962,1.6968964206520962
Samoa|china|export|sti,Samoa,china,export,sti,2014,3,ar1,0.0001507218378111662,0.002210272692234409,-0.0020595508544232425,0.0026014150070972062,-0.7917040721316496,0.7917040721316496
Samoa|china|export|sti,Samoa,china,export,sti,2015,3,ar1,0.014001481717829466,0.0001507218378111662,0.0138507598800183,0.0011242984621346365,12.3194688479078,12.3194688479078
Samoa|china|export|sti,Samoa,china,export,sti,2016,3,ar1,0.014257478066839035,0.014001481717829466,0.00025599634900956916,0.0031635642381645248,0.08092023102337768,0.08092023102337768
Samoa|china|export|sti,Samoa,china,export,sti,2017,3,ar1,0.011418438934223061,0.014257478066839035,-0.0028390391326159736,0.0028940981925195627,-0.9809754001968899,0.9809754001968899
Samoa|china|export|sti,Samoa,china,export,sti,2018,3,ar1,0.012128012391626078,0.011418438934223061,0.0007095734574030163,0.002856499033596333,0.24840668561671564,0.24840668561671564
Samoa|china|export|sti,Samoa,china,export,sti,2019,3,ar1,0.013257037832844815,0.012128012391626078,0.0011290254412187374,0.0028940981925195627,0.3901130390589212,0.3901130390589212
Samoa|china|export|sti,Samoa,china,export,sti,2021,3,ar1,0.004971193572217042,0.013257037832844815,-0.008285844260627773,0.0026014150070972062,-3.1851297228709186,3.1851297228709186
Samoa|china|export|sti,Samoa,china,export,sti,2022,3,ar1,0.019046678872411748,0.004971193572217042,0.014075485300194706,0.0028940981925195627,4.863513386164959,4.863513386164959
Samoa|china|export|sti,Samoa,china,export,sti,2023,3,ar1,0.026964140624753948,0.019046678872411748,0.0079174617523422,0.0032071177631942302,2.4687156309647182,2.4687156309647182
Samoa|china|export|sti,Samoa,china,export,sti,2014,5,holt,0.0001507218378111662,0.0007563818680494365,-0.0006056600302382703,0.0006151562974075765,-0.9845628384049292,0.9845628384049292
Samoa|china|export|sti,Samoa,china,export,sti,2015,5,holt,0.014001481717829466,0.0013849535089671306,0.012616528208862336,0.0006056600302382703,20.831039822619495,20.831039822619495
Samoa|china|export|sti,Samoa,china,export,sti,2016,5,holt,0.014257478066839035,0.013900622814253864,0.0003568552525851712,0.009801608141645279,0.036407826902297505,0.036407826902297505
Samoa|china|export|sti,Samoa,china,export,sti,2017,5,holt,0.011418438934223061,0.012851819816325825,-0.0014333808821027638,0.0014270251583140344,-1.0044538274267276,1.0044538274267276
Samoa|china|export|sti,Samoa,china,export,sti,2018,5,holt,0.012128012391626078,0.01250513372297578,-0.00037712133134970224,0.001327102046644166,-0.2841690526386621,0.2841690526386621
Samoa|china|export|sti,Samoa,china,export,sti,2019,5,holt,0.013257037832844815,0.01847168287761504,-0.005214645044770224,0.0010881936833418433,-4.792019219185363,4.792019219185363
Samoa|china|export|sti,Samoa,china,export,sti,2021,5,holt,0.004971193572217042,0.013229140429364693,-0.008257946857147652,0.001327102046644166,-6.222540970401987,6.222540970401987
Samoa|china|export|sti,Samoa,china,export,sti,2022,5,holt,0.019046678872411748,0.0034967289469116456,0.015549949925500102,0.0014270251583140344,10.896759482412815,10.896759482412815
Samoa|china|export|sti,Samoa,china,export,sti,2023,5,holt,0.026964140624753948,0.014525283669185965,0.012438856955567982,0.004199645796245781,2.961882396531521,2.961882396531521
Samoa|china|export|sti,Samoa,china,export,sti,2014,5,ar1,0.0001507218378111662,-0.0015939718705024765,0.0017446937083136428,0.0006151562974075765,2.836179546021428,2.836179546021428
Samoa|china|export|sti,Samoa,china,export,sti,2015,5,ar1,0.014001481717829466,0.0016640820028700227,0.012337399714959443,0.0017446937083136428,7.0713843101344835,7.0713843101344835
Samoa|china|export|sti,Samoa,china,export,sti,2016,5,ar1,0.014257478066839035,-0.046499394890066034,0.06075687295690507,0.00785237296272653,7.737390117013602,7.737390117013602
Samoa|china|export|sti,Samoa,china,export,sti,2017,5,ar1,0.011418438934223061,0.013481899651071766,-0.002063460716848705,0.015704745925453064,-0.1313909009826389,0.1313909009826389
Samoa|china|export|sti,Samoa,china,export,sti,2018,5,ar1,0.012128012391626078,0.011286274948136835,0.0008417374434892422,0.010675357838099381,0.07884863966668713,0.07884863966668713
Samoa|china|export|sti,Samoa,china,export,sti,2019,5,ar1,0.013257037832844815,0.012742477056524901,0.0005145607763199136,0.005645969750745696,0.09113771398650383,0.09113771398650383
Samoa|china|export|sti,Samoa,china,export,sti,2021,5,ar1,0.004971193572217042,0.012785136491456852,-0.00781394291923981,0.003065520938745471,-2.548977180510656,2.548977180510656
Samoa|china|export|sti,Samoa,china,export,sti,2022,5,ar1,0.019046678872411748,0.019250793097425528,-0.0002041142250137802,0.0043072467925170405,-0.04738856045313839,0.04738856045313839
Samoa|china|export|sti,Samoa,china,export,sti,2023,5,ar1,0.026964140624753948,0.0007640296164920235,0.026200111008261924,0.002822984875372848,9.280995883763465,9.280995883763465
Samoa|china|export|sti,Samoa,china,export,sti,2016,7,holt,0.014257478066839035,0.0077403859031841635,0.006517092163654871,0.0006151562974075765,10.594205393197694,10.594205393197694
Samoa|china|export|sti,Samoa,china,export,sti,2017,7,holt,0.011418438934223061,0.014026235017293803,-0.002607796083070742,0.006517092163654871,-0.40014718490773277,0.40014718490773277
Samoa|china|export|sti,Samoa,china,export,sti,2018,7,holt,0.012128012391626078,0.01334926347674784,-0.0012212510851217617,0.006764279657297697,-0.1805441446827535,0.1805441446827535
Samoa|china|export|sti,Samoa,china,export,sti,2019,7,holt,0.013257037832844815,0.01655453209085996,-0.0032974942580151437,0.0020556916139591584,-1.6040802207994302,1.6040802207994302
Samoa|china|export|sti,Samoa,china,export,sti,2021,7,holt,0.004971193572217042,0.01361523497765178,-0.008644041405434738,0.001539119064065864,-5.616226585225918,5.616226585225918
Samoa|china|export|sti,Samoa,china,export,sti,2022,7,holt,0.019046678872411748,0.007713852345095167,0.01133282652731658,0.0020556916139591584,5.512902057079528,5.512902057079528
Samoa|china|export|sti,Samoa,china,export,sti,2023,7,holt,0.026964140624753948,0.013821263844308932,0.013142876780445015,0.006013787721534294,2.1854573837687576,2.1854573837687576
Samoa|china|export|sti,Samoa,china,export,sti,2016,7,ar1,0.014257478066839035,-0.03428418627476438,0.04854166434160341,0.0006151562974075765,78.90948129145423,78.90948129145423
Samoa|china|export|sti,Samoa,china,export,sti,2017,7,ar1,0.011418438934223061,0.013397735796676073,-0.001979296862453012,0.04854166434160341,-0.04077521628685945,0.04077521628685945
Samoa|china|export|sti,Samoa,china,export,sti,2018,7,ar1,0.012128012391626078,0.010653639568402123,0.0014743728232239541,0.037451188540567025,0.039367851346744774,0.039367851346744774
Samoa|china|export|sti,Samoa,china,export,sti,2019,7,ar1,0.013257037832844815,0.011669541316989438,0.0015874965158553765,0.00512041067598467,0.3100330454549129,0.3100330454549129
Samoa|china|export|sti,Samoa,china,export,sti,2021,7,ar1,0.004971193572217042,0.012523860663549697,-0.007552667091332656,0.002644063931340008,-2.85646160132935,2.85646160132935
Samoa|china|export|sti,Samoa,china,export,sti,2022,7,ar1,0.019046678872411748,0.012963833251635894,0.006082845620775854,0.00512041067598467,1.1879604988141124,1.1879604988141124
Samoa|china|export|sti,Samoa,china,export,sti,2023,7,ar1,0.026964140624753948,0.005845667804096937,0.02111847282065701,0.005976466222817558,3.533605316805567,3.533605316805567
Samoa|china|import|cwti,Samoa,china,import,cwti,2010,1,naive,0.006430874261965592,0.009909892575545504,-0.0034790183135799116,1.0,-0.0034790183135799116,0.0034790183135799116
Samoa|china|import|cwti,Samoa,china,import,cwti,2011,1,naive,0.007446043523008366,0.006430874261965592,0.001015169261042774,0.0034790183135799116,0.2917976191962509,0.2917976191962509
Samoa|china|import|cwti,Samoa,china,import,cwti,2012,1,naive,0.017616568964828244,0.007446043523008366,0.010170525441819879,0.0033315412490677967,3.052798894405317,3.052798894405317
Samoa|china|import|cwti,Samoa,china,import,cwti,2013,1,naive,0.011927530360557666,0.017616568964828244,-0.0056890386042705784,0.006663082498135593,-0.8538148230736204,0.8538148230736204
Samoa|china|import|cwti,Samoa,china,import,cwti,2014,1,naive,0.027931002816944734,0.011927530360557666,0.016003472456387068,0.004969829290556788,3.2201251835340488,3.2201251835340488
Samoa|china|import|cwti,Samoa,china,import,cwti,2015,1,naive,0.03352084864873881,0.027931002816944734,0.005589845831794078,0.009939658581113576,0.5623780521410854,0.5623780521410854
Samoa|china|import|cwti,Samoa,china,import,cwti,2016,1,naive,0.030000602258004716,0.03352084864873881,-0.0035202463907340956,0.010118406785877864,-0.3479052053577506,0.3479052053577506
Samoa|china|import|cwti,Samoa,china,import,cwti,2017,1,naive,0.01488930262485132,0.030000602258004716,-0.015111299633153396,0.006782415483795883,-2.228011490781766,2.228011490781766
Samoa|china|import|cwti,Samoa,china,import,cwti,2018,1,naive,0.033844039401518755,0.01488930262485132,0.018954736776667435,0.00836103703245473,2.2670317931964097,2.2670317931964097
Samoa|china|import|cwti,Samoa,china,import,cwti,2019,1,naive,0.030501330271294293,0.033844039401518755,-0.0033427091302244624,0.009939658581113576,-0.33630019612303086,0.33630019612303086
Samoa|china|import|cwti,Samoa,china,import,cwti,2021,1,naive,0.04255333775021818,0.030501330271294293,0.01205200747892389,0.00836103703245473,1.4414488815373088,1.4414488815373088
Samoa|china|import|cwti,Samoa,china,import,cwti,2022,1,naive,0.042833663928904274,0.04255333775021818,0.0002803261786860911,0.009939658581113576,0.02820279755068661,0.02820279755068661
Samoa|china|import|cwti,Samoa,china,import,cwti,2023,1,naive,0.03931885201013025,0.042833663928904274,-0.0035148119187740218,0.00836103703245473,-0.4203799008580761,0.4203799008580761
Samoa|china|import|cwti,Samoa,china,import,cwti,2012,3,holt,0.017616568964828244,0.0006413264042076706,0.016975242560620572,0.0015050899464220167,11.278556873610816,11.278556873610816
Samoa|china|import|cwti,Samoa,china,import,cwti,2013,3,holt,0.011927530360557666,0.011399006843057106,0.0005285235175005593,0.016975242560620572,0.03113496114197721,0.03113496114197721
Samoa|china|import|cwti,Samoa,china,import,cwti,2014,3,holt,0.027931002816944734,0.03462711139878901,-0.006696108581844277,0.012191952826664866,-0.5492236294746238,0.5492236294746238
Samoa|china|import|cwti,Samoa,china,import,cwti,2015,3,holt,0.03352084864873881,0.005104880474754614,0.0284159681739842,0.010711239550488654,2.6529112751182793,2.6529112751182793
Samoa|china|import|cwti,Samoa,china,import,cwti,2016,3,holt,0.030000602258004716,0.05452286188493051,-0.024522259626925794,0.01754757260190919,-1.397473039903978,1.397473039903978
Samoa|china|import|cwti,Samoa,china,import,cwti,2017,3,holt,0.01488930262485132,0.04278742094559605,-0.027898118320744732,0.02438390565332973,-1.1441201716155394,1.1441201716155394
Samoa|china|import|cwti,Samoa,china,import,cwti,2018,3,holt,0.033844039401518755,0.020525988295628475,0.01331805110589028,0.03076209837162812,0.4329370170070556,0.4329370170070556
Samoa|china|import|cwti,Samoa,china,import,cwti,2019,3,holt,0.030501330271294293,-0.008179428995393095,0.03868075926668739,0.02438390565332973,1.5863233649530366,1.5863233649530366
Samoa|china|import|cwti,Samoa,china,import,cwti,2021,3,holt,0.04255333775021818,0.06707104931440633,-0.024517711564188145,0.026028582499095648,-0.9419533916239965,0.9419533916239965
Samoa|china|import|cwti,Samoa,china,import,cwti,2022,3,holt,0.042833663928904274,0.027048802498766525,0.01578486143013775,0.03713354813211167,0.4250835760153931,0.4250835760153931
Samoa|china|import|cwti,Samoa,china,import,cwti,2023,3,holt,0.03931885201013025,0.06418529963501604,-0.02486644762488579,0.026028582499095648,-0.9553515880378719,0.9553515880378719
Samoa|china|import|cwti,Samoa,china,import,cwti,2012,3,ar1,0.017616568964828244,0.007446043523008366,0.010170525441819879,0.0015050899464220167,6.757420356170617,6.757420356170617
Samoa|china|import|cwti,Samoa,china,import,cwti,2013,3,ar1,0.011927530360557666,0.017616568964828244,-0.0056890386042705784,0.010170525441819879,-0.5593652596234596,0.5593652596234596
Samoa|china|import|cwti,Samoa,china,import,cwti,2014,3,ar1,0.027931002816944734,0.011927530360557666,0.016003472456387068,0.011756694827366855,1.3612220689044936,1.3612220689044936
Samoa|china|import|cwti,Samoa,china,import,cwti,2015,3,ar1,0.03352084864873881,0.027931002816944734,0.005589845831794078,0.008647927243797314,0.6463798404182192,0.6463798404182192
Samoa|china|import|cwti,Samoa,china,import,cwti,2016,3,ar1,0.030000602258004716,0.03352084864873881,-0.0035202463907340956,0.007719621416810783,-0.45601282765864176,0.45601282765864176
Samoa|china|import|cwti,Samoa,china,import,cwti,2017,3,ar1,0.01488930262485132,0.030000602258004716,-0.015111299633153396,0.013506622729120269,-1.1188066725646704,1.1188066725646704
Samoa|china|import|cwti,Samoa,china,import,cwti,2018,3,ar1,0.033844039401518755,0.01488930262485132,0.018954736776667435,0.011756694827366855,1.6122504713267891,1.6122504713267891
Samoa|china|import|cwti,Samoa,china,import,cwti,2019,3,ar1,0.030501330271294293,0.033844039401518755,-0.0033427091302244624,0.015439242833621566,-0.21650732268716877,0.21650732268716877
Samoa|china|import|cwti,Samoa,china,import,cwti,2021,3,ar1,0.04255333775021818,0.030501330271294293,0.01205200747892389,0.011756694827366855,1.0251186796879013,1.0251186796879013
Samoa|china|import|cwti,Samoa,china,import,cwti,2022,3,ar1,0.042833663928904274,0.04255333775021818,0.0002803261786860911,0.013506622729120269,0.020754720429238618,0.020754720429238618
Samoa|china|import|cwti,Samoa,china,import,cwti,2023,3,ar1,0.03931885201013025,0.042833663928904274,-0.0035148119187740218,0.011756694827366855,-0.29896258858334535,0.29896258858334535
Samoa|china|import|cwti,Samoa,china,import,cwti,2014,5,holt,0.027931002816944734,0.012606766711118902,0.015324236105825832,0.00365290260529156,4.195084775495325,4.195084775495325
Samoa|china|import|cwti,Samoa,china,import,cwti,2015,5,holt,0.03352084864873881,0.02363276171552712,0.009888086933211693,0.015324236105825832,0.645258064736586,0.645258064736586
Samoa|china|import|cwti,Samoa,china,import,cwti,2016,5,holt,0.030000602258004716,0.041524813069097534,-0.011524210811092818,0.004029817381658861,-2.8597352484367202,2.8597352484367202
Samoa|china|import|cwti,Samoa,china,import,cwti,2017,5,holt,0.01488930262485132,0.0318782961547345,-0.016988993529883183,0.008059634763317723,-2.107911093838416,2.107911093838416
Samoa|china|import|cwti,Samoa,china,import,cwti,2018,5,holt,0.033844039401518755,0.022693734393688977,0.011150305007829778,0.019902753699511794,0.5602393104077498,0.5602393104077498
Samoa|china|import|cwti,Samoa,china,import,cwti,2019,5,holt,0.030501330271294293,0.03655370825583184,-0.006052377984537546,0.008059634763317723,-0.7509494117629351,0.7509494117629351
Samoa|china|import|cwti,Samoa,china,import,cwti,2021,5,holt,0.04255333775021818,0.018454734407591065,0.024098603342627117,0.016782166283900758,1.4359649961128715,1.4359649961128715
Samoa|china|import|cwti,Samoa,china,import,cwti,2022,5,holt,0.042833663928904274,0.03885816344306481,0.003975500485839466,0.021068511628599306,0.18869394079280616,0.18869394079280616
Samoa|china|import|cwti,Samoa,china,import,cwti,2023,5,holt,0.03931885201013025,0.05447111052429063,-0.015152258514160376,0.01584648402518637,-0.9561905650538887,0.9561905650538887
Samoa|china|import|cwti,Samoa,china,import,cwti,2014,5,ar1,0.027931002816944734,0.01092641081143198,0.017004592005512756,0.00365290260529156,4.655090442564788,4.655090442564788
Samoa|china|import|cwti,Samoa,china,import,cwti,2015,5,ar1,0.03352084864873881,0.020078593108839714,0.013442255539899098,0.017004592005512756,0.790507383860855,0.790507383860855
Samoa|china|import|cwti,Samoa,china,import,cwti,2016,5,ar1,0.030000602258004716,0.03261614045464932,-0.002615538196644604,0.0026407600219594046,-0.9904490278915664,0.9904490278915664
Samoa|china|import|cwti,Samoa,china,import,cwti,2017,5,ar1,0.01488930262485132,0.02922338594436509,-0.01433408331951377,0.005281520043918809,-2.7140071798114573,2.7140071798114573
Samoa|china|import|cwti,Samoa,china,import,cwti,2018,5,ar1,0.033844039401518755,0.02765009785682071,0.006193941544698045,0.01454440251885925,0.425864282610892,0.425864282610892
Samoa|china|import|cwti,Samoa,china,import,cwti,2019,5,ar1,0.030501330271294293,0.024703796108942248,0.005797534162352045,0.013060934664514611,0.44388355896943776,0.44388355896943776
Samoa|china|import|cwti,Samoa,china,import,cwti,2021,5,ar1,0.04255333775021818,0.026528302078407028,0.016025035671811155,0.011903642496899845,1.3462295827503787,1.3462295827503787
Samoa|china|import|cwti,Samoa,china,import,cwti,2022,5,ar1,0.042833663928904274,0.027242760975742127,0.015590902953162147,0.013060934664514611,1.1937049953646297,1.1937049953646297
Samoa|china|import|cwti,Samoa,china,import,cwti,2023,5,ar1,0.03931885201013025,0.040465130302128914,-0.001146278291998662,0.008880582403880847,-0.12907692760079947,0.12907692760079947
Samoa|china|import|cwti,Samoa,china,import,cwti,2016,7,holt,0.030000602258004716,0.037314943325308464,-0.007314341067303748,0.00814934233177261,-0.8975375888661146,0.8975375888661146
Samoa|china|import|cwti,Samoa,china,import,cwti,2017,7,holt,0.01488930262485132,0.03654971187145151,-0.021660409246600187,0.007314341067303748,-2.9613616657043265,2.9613616657043265
Samoa|china|import|cwti,Samoa,china,import,cwti,2018,7,holt,0.033844039401518755,0.018929920712657256,0.0149141186888615,0.010634740341312449,1.40239612912081,1.40239612912081
Samoa|china|import|cwti,Samoa,china,import,cwti,2019,7,holt,0.030501330271294293,0.02933410713292869,0.0011672231383656022,0.021269480682624898,0.05487783908702154,0.05487783908702154
Samoa|china|import|cwti,Samoa,china,import,cwti,2021,7,holt,0.04255333775021818,0.03517067588635237,0.007382661863865811,0.016477957217245296,0.44803259084441344,0.44803259084441344
Samoa|china|import|cwti,Samoa,china,import,cwti,2022,7,holt,0.042833663928904274,0.04524420005555152,-0.002410536126647246,0.012574767091325378,-0.19169628424451207,0.19169628424451207
Samoa|china|import|cwti,Samoa,china,import,cwti,2023,7,holt,0.03931885201013025,0.04559405374219154,-0.006275201732061288,0.010894888272875993,-0.5759766942892002,0.5759766942892002
Samoa|china|import|cwti,Samoa,china,import,cwti,2016,7,ar1,0.030000602258004716,0.035916922014617124,-0.005916319756612408,0.00814934233177261,-0.7259873883989256,0.7259873883989256
Samoa|china|import|cwti,Samoa,china,import,cwti,2017,7,ar1,0.01488930262485132,0.02987189952717667,-0.01498259690232535,0.005916319756612408,-2.53241838147439,2.53241838147439
Samoa|china|import|cwti,Samoa,china,import,cwti,2018,7,ar1,0.033844039401518755,0.020861095979136535,0.01298294342238222,0.006720831248117004,1.9317466758326494,1.9317466758326494
Samoa|china|import|cwti,Samoa,china,import,cwti,2019,7,ar1,0.030501330271294293,0.025094565981545264,0.005406764289749028,0.013441662496234009,0.4022392536089831,0.4022392536089831
Samoa|china|import|cwti,Samoa,china,import,cwti,2021,7,ar1,0.04255333775021818,0.027666195228903578,0.014887142521314605,0.014010023794588716,1.0626065122790633,1.0626065122790633
Samoa|china|import|cwti,Samoa,china,import,cwti,2022,7,ar1,0.042833663928904274,0.028075329698688388,0.014758334230215886,0.014055608766119124,1.0499960888062474,1.0499960888062474
Samoa|china|import|cwti,Samoa,china,import,cwti,2023,7,ar1,0.03931885201013025,0.03531113361150551,0.004007718398624745,0.008343901588906659,0.48031707420339975,0.48031707420339975
Samoa|china|import|raw_usd,Samoa,china,import,raw_usd,2010,1,naive,18939858.0,17294377.0,1645481.0,1.0,1645481.0,1645481.0
Samoa|china|import|raw_usd,Samoa,china,import,raw_usd,2011,1,naive,22255213.0,18939858.0,3315355.0,1645481.0,2.014824236803707,2.014824236803707
Samoa|china|import|raw_usd,Samoa,china,import,raw_usd,2012,1,naive,34151068.0,22255213.0,11895855.0,1237877.5962,9.609879875455816,9.609879875455816
Samoa|china|import|raw_usd,Samoa,china,import,raw_usd,2013,1,naive,29863115.0,34151068.0,-4287953.0,2475755.1924,-1.7319777872881095,1.7319777872881095
Samoa|china|import|raw_usd,Samoa,china,import,raw_usd,2014,1,naive,49001529.0,29863115.0,19138414.0,5636332.2204,3.395543990599224,3.395543990599224
Samoa|china|import|raw_usd,Samoa,china,import,raw_usd,2015,1,naive,54977068.0,49001529.0,5975539.0,11272664.4408,0.5300910917185012,0.5300910917185012
Samoa|china|import|raw_usd,Samoa,china,import,raw_usd,2016,1,naive,49231831.0,54977068.0,-5745237.0,7598602.2462,-0.7560912933524251,0.7560912933524251
Samoa|china|import|raw_usd,Samoa,china,import,raw_usd,2017,1,naive,32261765.507999998,49231831.0,-16970065.492000002,11272664.4408,-1.5054174264762972,1.5054174264762972
Samoa|china|import|raw_usd,Samoa,china,import,raw_usd,2018,1,naive,43148324.846,32261765.507999998,10886559.338000003,11115071.4738,0.9794412355927142,0.9794412355927142
Samoa|china|import|raw_usd,Samoa,china,import,raw_usd,2019,1,naive,48418997.35,43148324.846,5270672.504000001,11272664.4408,0.46756226371144877,0.46756226371144877
Samoa|china|import|raw_usd,Samoa,china,import,raw_usd,2021,1,naive,50633872.241,48418997.35,2214874.890999995,10523781.560044201,0.2104637841789917,0.2104637841789917
Samoa|china|import|raw_usd,Samoa,china,import,raw_usd,2022,1,naive,57547090.516,50633872.241,6913218.275000006,11225067.551518803,0.615873200163024,0.615873200163024
Samoa|china|import|raw_usd,Samoa,china,import,raw_usd,2023,1,naive,60300514.698,57547090.516,2753424.1819999963,6850411.371959402,0.40193559663738015,0.40193559663738015
Samoa|china|import|raw_usd,Samoa,china,import,raw_usd,2012,3,holt,34151068.0,22581493.54,11569574.46,2439590.1306,4.7424255061872,4.7424255061872
Samoa|china|import|raw_usd,Samoa,china,import,raw_usd,2013,3,holt,29863115.0,30687828.000000007,-824713.0000000075,11569574.46,-0.07128291562073644,0.07128291562073644
Samoa|china|import|raw_usd,Samoa,china,import,raw_usd,2014,3,holt,49001529.0,54544178.32,-5542649.32,9187885.294098007,-0.6032562600188767,0.6032562600188767
Samoa|china|import|raw_usd,Samoa,china,import,raw_usd,2015,3,holt,54977068.0,26206746.070000004,28770321.929999996,6994812.388031989,4.11309415235004,4.11309415235004
Samoa|china|import|raw_usd,Samoa,china,import,raw_usd,2016,3,holt,49231831.0,84514153.25,-35282322.25,12685291.488114,-2.7813568401687268,2.7813568401687268
Samoa|china|import|raw_usd,Samoa,china,import,raw_usd,2017,3,holt,32261765.507999998,62005420.07999999,-29743654.571999993,18375770.588196013,-1.6186344093295513,1.6186344093295513
Samoa|china|import|raw_usd,Samoa,china,import,raw_usd,2018,3,holt,43148324.846,33026929.033359997,10121395.812640004,30625496.681421593,0.33048919721781905,0.33048919721781905
Samoa|china|import|raw_usd,Samoa,china,import,raw_usd,2019,3,holt,48418997.35,4171525.7382999957,44247471.611700006,18375770.588196013,2.407924685352957,2.407924685352957
Samoa|china|import|raw_usd,Samoa,china,import,raw_usd,2021,3,holt,50633872.241,63742107.286860004,-13108235.045860007,25436205.587624997,-0.5153376749021604,0.5153376749021604
Samoa|china|import|raw_usd,Samoa,china,import,raw_usd,2022,3,holt,57547090.516,58318624.85927001,-771534.3432700038,18375770.588196013,-0.041986502800900875,0.041986502800900875
Samoa|china|import|raw_usd,Samoa,china,import,raw_usd,2023,3,holt,60300514.698,56050274.13364,4250240.56436,18293660.186694022,0.23233407207658927,0.23233407207658927
Samoa|china|import|raw_usd,Samoa,china,import,raw_usd,2012,3,ar1,34151068.0,22255213.0,11895855.0,2439590.1306,4.876169505192374,4.876169505192374
Samoa|china|import|raw_usd,Samoa,china,import,raw_usd,2013,3,ar1,29863115.0,34151068.0,-4287953.0,11895855.0,-0.36045773927136804,0.36045773927136804
Samoa|china|import|raw_usd,Samoa,china,import,raw_usd,2014,3,ar1,49001529.0,29863115.0,19138414.0,11997056.870399999,1.5952590878534276,1.5952590878534276
Samoa|china|import|raw_usd,Samoa,china,import,raw_usd,2015,3,ar1,54977068.0,49001529.0,5975539.0,10737817.973399999,0.5564947193929679,0.5564947193929679
Samoa|china|import|raw_usd,Samoa,china,import,raw_usd,2016,3,ar1,49231831.0,54977068.0,-5745237.0,9757639.237499999,-0.5887937502260009,0.5887937502260009
Samoa|china|import|raw_usd,Samoa,china,import,raw_usd,2017,3,ar1,32261765.507999998,49231831.0,-16970065.492000002,15216653.2392,-1.1152298225659105,1.1152298225659105
Samoa|china|import|raw_usd,Samoa,china,import,raw_usd,2018,3,ar1,43148324.846,32261765.507999998,10886559.338000003,13077341.499599999,0.8324749597105034,0.8324749597105034
Samoa|china|import|raw_usd,Samoa,china,import,raw_usd,2019,3,ar1,48418997.35,43148324.846,5270672.504000001,15216653.2392,0.3463752785285328,0.3463752785285328
Samoa|china|import|raw_usd,Samoa,china,import,raw_usd,2021,3,ar1,50633872.241,48418997.35,2214874.890999995,11997056.870399999,0.18461818718761713,0.18461818718761713
Samoa|china|import|raw_usd,Samoa,china,import,raw_usd,2022,3,ar1,57547090.516,50633872.241,6913218.275000006,9822495.568569599,0.7038148530319718,0.7038148530319718
Samoa|china|import|raw_usd,Samoa,china,import,raw_usd,2023,3,ar1,60300514.698,57547090.516,2753424.1819999963,8551787.160844201,0.32197061622475975,0.32197061622475975
Samoa|china|import|raw_usd,Samoa,china,import,raw_usd,2014,5,holt,49001529.0,32610784.894477997,16390744.105522003,7354935.4536,2.228536770842669,2.228536770842669
Samoa|china|import|raw_usd,Samoa,china,import,raw_usd,2015,5,holt,54977068.0,46630419.827199996,8346648.1728000045,16390744.105522003,0.509229362563719,0.509229362563719
Samoa|china|import|raw_usd,Samoa,china,import,raw_usd,2016,5,holt,49231831.0,66157560.030016,-16925729.030015998,5963088.314926817,-2.838416628451984,2.838416628451984
Samoa|china|import|raw_usd,Samoa,china,import,raw_usd,2017,5,holt,32261765.507999998,52506444.253888,-20244678.745888006,11926176.629853634,-1.6974994899213112,1.6974994899213112
Samoa|china|import|raw_usd,Samoa,china,import,raw_usd,2018,5,holt,43148324.846,41116372.705919996,2031952.140080005,21194750.64482342,0.09587053766901883,0.09587053766901883
Samoa|china|import|raw_usd,Samoa,china,import,raw_usd,2019,5,holt,48418997.35,41261375.07816319,7157622.27183681,21288344.967964306,0.3362225801304861,0.3362225801304861
Samoa|china|import|raw_usd,Samoa,china,import,raw_usd,2021,5,holt,50633872.241,29002283.3504478,21631588.890552197,11525597.38436617,1.876830169331981,1.876830169331981
Samoa|china|import|raw_usd,Samoa,china,import,raw_usd,2022,5,holt,57547090.516,45885921.88901952,11661168.626980484,13689026.430621667,0.8518625255113127,0.8518625255113127
Samoa|china|import|raw_usd,Samoa,china,import,raw_usd,2023,5,holt,60300514.698,64967039.40961063,-4666524.71161063,10644172.483982153,-0.43841122629617607,0.43841122629617607
Samoa|china|import|raw_usd,Samoa,china,import,raw_usd,2014,5,ar1,49001529.0,29861315.90026424,19140213.09973576,7354935.4536,2.602363164229708,2.602363164229708
Samoa|china|import|raw_usd,Samoa,china,import,raw_usd,2015,5,ar1,54977068.0,50553345.25179919,4423722.748200811,19140213.09973576,0.23112191725085252,0.23112191725085252
Samoa|china|import|raw_usd,Samoa,china,import,raw_usd,2016,5,ar1,49231831.0,56256667.02099631,-7024836.02099631,10909334.297592856,-0.6439289354755898,0.6439289354755898
Samoa|china|import|raw_usd,Samoa,china,import,raw_usd,2017,5,ar1,32261765.507999998,49077280.06421168,-16815514.556211684,16973633.23121165,-0.9906844531841766,0.9906844531841766
Samoa|china|import|raw_usd,Samoa,china,import,raw_usd,2018,5,ar1,43148324.846,47737986.09806013,-4589661.25206013,15744646.613760982,-0.291506145844437,0.291506145844437
Samoa|china|import|raw_usd,Samoa,china,import,raw_usd,2019,5,ar1,48418997.35,44320013.54342933,4098983.8065706715,13363243.118786871,0.30673570555698915,0.30673570555698915
Samoa|china|import|raw_usd,Samoa,china,import,raw_usd,2021,5,ar1,50633872.241,43326184.12419574,7307688.116804257,8486816.615605826,0.8610635115370173,0.8610635115370173
Samoa|china|import|raw_usd,Samoa,china,import,raw_usd,2022,5,ar1,57547090.516,42530330.81559857,15016759.700401433,12881785.163926026,1.165735921637178,1.165735921637178
Samoa|china|import|raw_usd,Samoa,china,import,raw_usd,2023,5,ar1,60300514.698,59241194.217972554,1059320.4800274447,14534239.852059755,0.07288447767547475,0.07288447767547475
Samoa|china|import|raw_usd,Samoa,china,import,raw_usd,2016,7,holt,49231831.0,59410416.161631756,-10178585.161631756,16194820.8282,-0.6285086614794658,0.6285086614794658
Samoa|china|import|raw_usd,Samoa,china,import,raw_usd,2017,7,holt,32261765.507999998,59210066.64965889,-26948301.14165889,10178585.161631756,-2.6475488207575935,2.6475488207575935
Samoa|china|import|raw_usd,Samoa,china,import,raw_usd,2018,7,holt,43148324.846,36841549.52174253,6306775.324257471,12431390.455994114,0.5073266217952712,0.5073266217952712
Samoa|china|import|raw_usd,Samoa,china,import,raw_usd,2019,7,holt,48418997.35,37957964.271830864,10461033.078169137,24441195.456379365,0.42800824112057567,0.42800824112057567
Samoa|china|import|raw_usd,Samoa,china,import,raw_usd,2021,7,holt,50633872.241,51475444.57237427,-841572.3313742727,15300149.001164401,-0.0550041918748782,0.0550041918748782
Samoa|china|import|raw_usd,Samoa,china,import,raw_usd,2022,7,holt,57547090.516,54256877.71065785,3290212.8053421527,13843055.222139744,0.23767967060334957,0.23767967060334957
Samoa|china|import|raw_usd,Samoa,china,import,raw_usd,2023,7,holt,60300514.698,58097156.251175635,2203358.4468243644,10614799.185366454,0.2075741997890936,0.2075741997890936
Samoa|china|import|raw_usd,Samoa,china,import,raw_usd,2016,7,ar1,49231831.0,61137466.7334198,-11905635.733419798,16194820.8282,-0.7351508151722522,0.7351508151722522
Samoa|china|import|raw_usd,Samoa,china,import,raw_usd,2017,7,ar1,32261765.507999998,49780310.64631806,-17518545.138318066,11905635.733419798,-1.4714497848395034,1.4714497848395034
Samoa|china|import|raw_usd,Samoa,china,import,raw_usd,2018,7,ar1,43148324.846,39089513.54895289,4058811.2970471084,4160849.7418510853,0.975476536973291,0.975476536973291
Samoa|china|import|raw_usd,Samoa,china,import,raw_usd,2019,7,ar1,48418997.35,43398486.48789343,5020510.862106569,8321699.483702171,0.6033035525903221,0.6033035525903221
Samoa|china|import|raw_usd,Samoa,china,import,raw_usd,2021,7,ar1,50633872.241,46156756.34961369,4477115.891386308,12547352.471263696,0.3568175757905842,0.3568175757905842
Samoa|china|import|raw_usd,Samoa,china,import,raw_usd,2022,7,ar1,57547090.516,47249956.24965547,10297134.266344532,1425815.7751571564,7.221924771599305,7.221924771599305
Samoa|china|import|raw_usd,Samoa,china,import,raw_usd,2023,7,ar1,60300514.698,49676128.131989166,10624386.566010833,5027287.50893511,2.113343735986429,2.113343735986429
Samoa|china|import|sti,Samoa,china,import,sti,2010,1,naive,0.06112632363284869,0.07501719026944235,-0.013890866636593661,1.0,-0.013890866636593661,0.013890866636593661
Samoa|china|import|sti,Samoa,china,import,sti,2011,1,naive,0.06433895591932416,0.06112632363284869,0.0032126322864754683,0.013890866636593661,0.23127659134039996,0.23127659134039996
Samoa|china|import|sti,Samoa,china,import,sti,2012,1,naive,0.09884100634548389,0.06433895591932416,0.034502050426159725,0.012678823751671146,2.721234327562298,2.721234327562298
Samoa|china|import|sti,Samoa,china,import,sti,2013,1,naive,0.08146227491066224,0.09884100634548389,-0.017378731434821645,0.025357647503342292,-0.685344783364901,0.685344783364901
Samoa|china|import|sti,Samoa,china,import,sti,2014,1,naive,0.12628483660182396,0.08146227491066224,0.04482256169116172,0.01526437792659755,2.936415876670628,2.936415876670628
Samoa|china|import|sti,Samoa,china,import,sti,2015,1,naive,0.14835316759688136,0.12628483660182396,0.022068330995057395,0.0305287558531951,0.7228703030407888,0.7228703030407888
Samoa|china|import|sti,Samoa,china,import,sti,2016,1,naive,0.14072647921775452,0.14835316759688136,-0.007626688379126834,0.03587366941861908,-0.2125985019856498,0.2125985019856498
Samoa|china|import|sti,Samoa,china,import,sti,2017,1,naive,0.09057463588213588,0.14072647921775452,-0.050151843335618645,0.027955458905343563,-1.7939910593287502,1.7939910593287502
Samoa|china|import|sti,Samoa,china,import,sti,2018,1,naive,0.1189039987306596,0.09057463588213588,0.02832936284852372,0.02924210737926933,0.9687866363765327,0.9687866363765327
Samoa|china|import|sti,Samoa,china,import,sti,2019,1,naive,0.1236802944445536,0.1189039987306596,0.004776295713893999,0.0305287558531951,0.15645235386800468,0.15645235386800468
Samoa|china|import|sti,Samoa,china,import,sti,2021,1,naive,0.13694701212249638,0.1236802944445536,0.013266717677942783,0.02924210737926933,0.4536854169186173,0.4536854169186173
Samoa|china|import|sti,Samoa,china,import,sti,2022,1,naive,0.12883418268579536,0.13694701212249638,-0.008112829436701025,0.027675934900833005,-0.2931365992068741,0.2931365992068741
Samoa|china|import|sti,Samoa,china,import,sti,2023,1,naive,0.1270506227631782,0.12883418268579536,-0.0017835599226171672,0.026656553204342927,-0.06690887261172937,0.06690887261172937
Samoa|china|import|sti,Samoa,china,import,sti,2012,3,holt,0.09884100634548389,0.03779150007965937,0.06104950626582452,0.004763048627928529,12.81731744409572,12.81731744409572
Samoa|china|import|sti,Samoa,china,import,sti,2013,3,holt,0.08146227491066224,0.07827368084579932,0.0031885940648629235,0.06104950626582452,0.05222964541234786,0.05222964541234786
Samoa|china|import|sti,Samoa,china,import,sti,2014,3,holt,0.12628483660182396,0.14605517881619115,-0.019770342214367187,0.04289229421457283,-0.4609299310375926,0.4609299310375926
Samoa|china|import|sti,Samoa,china,import,sti,2015,3,holt,0.14835316759688136,0.05976708359747547,0.08858608399940589,0.03403891892758656,2.6024940506442475,2.6024940506442475
Samoa|china|import|sti,Samoa,china,import,sti,2016,3,holt,0.14072647921775452,0.2063731830917836,-0.06564670387402907,0.05991175367836611,-1.0957232903989227,1.0957232903989227
Samoa|china|import|sti,Samoa,china,import,sti,2017,3,holt,0.09057463588213588,0.18625387551841746,-0.09567923963628158,0.08578458842914566,-1.115342993284959,1.115342993284959
Samoa|china|import|sti,Samoa,china,import,sti,2018,3,holt,0.1189039987306596,0.1165428199186376,0.0023611788120219968,0.09391990057667347,0.02514034616225343,0.02514034616225343
Samoa|china|import|sti,Samoa,china,import,sti,2019,3,holt,0.1236802944445536,0.010676062818775624,0.11300423162577797,0.08701131428300761,1.2987303152119667,1.2987303152119667
Samoa|china|import|sti,Samoa,china,import,sti,2021,3,holt,0.13694701212249638,0.1706165803294348,-0.03366956820693842,0.09391990057667345,-0.3584923748875945,0.3584923748875945
Samoa|china|import|sti,Samoa,china,import,sti,2022,3,holt,0.12883418268579536,0.13501587448479188,-0.006181691798996525,0.08701131428300761,-0.07104468941694568,0.07104468941694568
Samoa|china|import|sti,Samoa,china,import,sti,2023,3,holt,0.1270506227631782,0.15899074258430676,-0.03194011982112857,0.07021524990665916,-0.4548886440422595,0.4548886440422595
Samoa|china|import|sti,Samoa,china,import,sti,2012,3,ar1,0.09884100634548389,0.06433895591932416,0.034502050426159725,0.004763048627928529,7.243690569072527,7.243690569072527
Samoa|china|import|sti,Samoa,china,import,sti,2013,3,ar1,0.08146227491066224,0.09884100634548389,-0.017378731434821645,0.034502050426159725,-0.5037014096311492,0.5037014096311492
Samoa|china|import|sti,Samoa,china,import,sti,2014,3,ar1,0.12628483660182396,0.08146227491066224,0.04482256169116172,0.038459223593545484,1.1654567488118555,1.1654567488118555
Samoa|china|import|sti,Samoa,china,import,sti,2015,3,ar1,0.14835316759688136,0.12628483660182396,0.022068330995057395,0.01530119000149196,1.4422623987353662,1.4422623987353662
Samoa|china|import|sti,Samoa,china,import,sti,2016,3,ar1,0.14072647921775452,0.14835316759688136,-0.007626688379126834,0.016867711215022136,-0.452147198983026,0.452147198983026
Samoa|china|import|sti,Samoa,china,import,sti,2017,3,ar1,0.09057463588213588,0.14072647921775452,-0.050151843335618645,0.03373542243004427,-1.48662265722673,1.48662265722673
Samoa|china|import|sti,Samoa,china,import,sti,2018,3,ar1,0.1189039987306596,0.09057463588213588,0.02832936284852372,0.038459223593545484,0.7366077679549976,0.7366077679549976
Samoa|china|import|sti,Samoa,china,import,sti,2019,3,ar1,0.1236802944445536,0.1189039987306596,0.004776295713893999,0.03373542243004427,0.14158102581339846,0.14158102581339846
Samoa|china|import|sti,Samoa,china,import,sti,2021,3,ar1,0.13694701212249638,0.1236802944445536,0.013266717677942783,0.031230034076358923,0.42480637854909237,0.42480637854909237
Samoa|china|import|sti,Samoa,china,import,sti,2022,3,ar1,0.12883418268579536,0.13694701212249638,-0.008112829436701025,0.03097656382021141,-0.2619021749406437,0.2619021749406437
Samoa|china|import|sti,Samoa,china,import,sti,2023,3,ar1,0.1270506227631782,0.12883418268579536,-0.0017835599226171672,0.027014597141037103,-0.06602208107363601,0.06602208107363601
Samoa|china|import|sti,Samoa,china,import,sti,2014,5,holt,0.12628483660182396,0.08274631229604461,0.043538524305779355,0.015831550247485233,2.7501112414872475,2.7501112414872475
Samoa|china|import|sti,Samoa,china,import,sti,2015,5,holt,0.14835316759688136,0.115696901144431,0.03265626645245036,0.043538524305779355,0.7500545085795552,0.7500545085795552
Samoa|china|import|sti,Samoa,china,import,sti,2016,5,holt,0.14072647921775452,0.17405374348724723,-0.0333272642694927,0.008067017746672785,-4.1312992379666476,4.1312992379666476
Samoa|china|import|sti,Samoa,china,import,sti,2017,5,holt,0.09057463588213588,0.14688003559342105,-0.056305399711285176,0.01613403549334557,-3.489852227888562,3.489852227888562
Samoa|china|import|sti,Samoa,china,import,sti,2018,5,holt,0.1189039987306596,0.1140687297470052,0.004835268983654398,0.056980609070849175,0.08485814845612247,0.08485814845612247
Samoa|china|import|sti,Samoa,china,import,sti,2019,5,holt,0.1236802944445536,0.11744692068036265,0.006233373764190947,0.05657977180111588,0.1101696519049589,0.1101696519049589
Samoa|china|import|sti,Samoa,china,import,sti,2021,5,holt,0.13694701212249638,0.10404404844975643,0.032902963672739954,0.04827801352009793,0.6815310174069733,0.6815310174069733
Samoa|china|import|sti,Samoa,china,import,sti,2022,5,holt,0.12883418268579536,0.11976045269947844,0.00907372998631692,0.03954033399841476,0.22948035761864585,0.22948035761864585
Samoa|china|import|sti,Samoa,china,import,sti,2023,5,holt,0.1270506227631782,0.1469128986146207,-0.019862275851442512,0.0372519012815521,-0.5331882445763572,0.5331882445763572
Samoa|china|import|sti,Samoa,china,import,sti,2014,5,ar1,0.12628483660182396,0.07681027455922287,0.04947456204260109,0.015831550247485233,3.125061113358743,3.125061113358743
Samoa|china|import|sti,Samoa,china,import,sti,2015,5,ar1,0.14835316759688136,0.10793397643005169,0.04041919116682967,0.04947456204260109,0.816969155422253,0.816969155422253
Samoa|china|import|sti,Samoa,china,import,sti,2016,5,ar1,0.14072647921775452,0.14679149552796883,-0.006065016310214305,0.006712746430209354,-0.9035074351862793,0.9035074351862793
Samoa|china|import|sti,Samoa,china,import,sti,2017,5,ar1,0.09057463588213588,0.13909186171395732,-0.04851722583182144,0.013425492860418707,-3.6138133874295852,3.6138133874295852
Samoa|china|import|sti,Samoa,china,import,sti,2018,5,ar1,0.1189039987306596,0.12892955384501437,-0.010025555114354767,0.04117148943294205,-0.24350722435446168,0.24350722435446168
Samoa|china|import|sti,Samoa,china,import,sti,2019,5,ar1,0.1236802944445536,0.124378459368791,-0.0006981649242373961,0.06293964583673474,-0.011092609673216685,0.011092609673216685
Samoa|china|import|sti,Samoa,china,import,sti,2021,5,ar1,0.13694701212249638,0.11845498848631483,0.018492023636181548,0.03739469041824202,0.494509338875572,0.494509338875572
Samoa|china|import|sti,Samoa,china,import,sti,2022,5,ar1,0.12883418268579536,0.10993614485371636,0.018898037832078995,0.028451373559677126,0.6642223368386807,0.6642223368386807
Samoa|china|import|sti,Samoa,china,import,sti,2023,5,ar1,0.1270506227631782,0.13016189723117405,-0.0031112744679958615,0.02511852806019725,-0.12386372563470302,0.12386372563470302
Samoa|china|import|sti,Samoa,china,import,sti,2016,7,holt,0.14072647921775452,0.15902395824134094,-0.018297479023586416,0.02576570722526657,-0.7101485266293563,0.7101485266293563
Samoa|china|import|sti,Samoa,china,import,sti,2017,7,holt,0.09057463588213588,0.1604424494931232,-0.06986781361098732,0.018297479023586416,-3.818439333687664,3.818439333687664
Samoa|china|import|sti,Samoa,china,import,sti,2018,7,holt,0.1189039987306596,0.10470325351832882,0.014200745212330779,0.038229089029640284,0.3714643893638289,0.3714643893638289
Samoa|china|import|sti,Samoa,china,import,sti,2019,7,holt,0.1236802944445536,0.10410846235584982,0.019571832088703778,0.04818186725217083,0.4062074221048785,0.4062074221048785
Samoa|china|import|sti,Samoa,china,import,sti,2021,7,holt,0.13694701212249638,0.13078765383529176,0.006159358287204625,0.02807252032754072,0.21940881030058237,0.21940881030058237
Samoa|china|import|sti,Samoa,china,import,sti,2022,7,holt,0.12883418268579536,0.14068091544424793,-0.011846732758452577,0.019885333658102643,-0.5957522746230315,0.5957522746230315
Samoa|china|import|sti,Samoa,china,import,sti,2023,7,holt,0.1270506227631782,0.12188742367213752,0.005163199091040668,0.024090933626085415,0.21432125342996294,0.21432125342996294
Samoa|china|import|sti,Samoa,china,import,sti,2016,7,ar1,0.14072647921775452,0.15838459760740203,-0.01765811838964751,0.02576570722526657,-0.6853341239681349,0.6853341239681349
Samoa|china|import|sti,Samoa,china,import,sti,2017,7,ar1,0.09057463588213588,0.14175611940488403,-0.05118148352274815,0.01765811838964751,-2.898467571310118,2.898467571310118
Samoa|china|import|sti,Samoa,china,import,sti,2018,7,ar1,0.1189039987306596,0.10902891281401209,0.009875085916647514,0.024850870573167504,0.39737384199771436,0.39737384199771436
Samoa|china|import|sti,Samoa,china,import,sti,2019,7,ar1,0.1236802944445536,0.11851628973654413,0.00516400470800947,0.040820728704513,0.1265044714265122,0.1265044714265122
Samoa|china|import|sti,Samoa,china,import,sti,2021,7,ar1,0.13694701212249638,0.12476566233966115,0.012181349782835235,0.0204103643522565,0.5968217701850338,0.5968217701850338
Samoa|china|import|sti,Samoa,china,import,sti,2022,7,ar1,0.12883418268579536,0.12689512154683472,0.0019390611389606405,0.010403915807936679,0.18637801139080903,0.18637801139080903
Samoa|china|import|sti,Samoa,china,import,sti,2023,7,ar1,0.1270506227631782,0.12337399915236531,0.0036766236108128764,0.011084933071667618,0.33167756512757773,0.33167756512757773
Samoa|china|total|cwti,Samoa,china,total,cwti,2010,1,naive,0.006451918298302201,0.00991189286853029,-0.003459974570228089,1.0,-0.003459974570228089,0.003459974570228089
Samoa|china|total|cwti,Samoa,china,total,cwti,2011,1,naive,0.0074562096113772805,0.006451918298302201,0.0010042913130750798,0.003459974570228089,0.29025973824104573,0.29025973824104573
Samoa|china|total|cwti,Samoa,china,total,cwti,2012,1,naive,0.017616569358797057,0.0074562096113772805,0.010160359747419776,0.0033093602992926388,3.070188443848652,3.070188443848652
Samoa|china|total|cwti,Samoa,china,total,cwti,2013,1,naive,0.011970932848566656,0.017616569358797057,-0.0056456365102304,0.0066187205985852775,-0.8529800323399556,0.8529800323399556
Samoa|china|total|cwti,Samoa,china,total,cwti,2014,1,naive,0.027931143566153692,0.011970932848566656,0.015960210717587034,0.004929591495416353,3.2376335305729094,3.2376335305729094
Samoa|china|total|cwti,Samoa,china,total,cwti,2015,1,naive,0.03407840402175477,0.027931143566153692,0.006147260455601079,0.009859182990832705,0.6235060715798605,0.6235060715798605
Samoa|china|total|cwti,Samoa,china,total,cwti,2016,1,naive,0.03047984521420495,0.03407840402175477,-0.0035985588075498204,0.01009675382967236,-0.3564075016837955,0.3564075016837955
Samoa|china|total|cwti,Samoa,china,total,cwti,2017,1,naive,0.015063422845443212,0.03047984521420495,-0.015416422368761739,0.007624966050709047,-2.0218348863767286,2.0218348863767286
Samoa|china|total|cwti,Samoa,china,total,cwti,2018,1,naive,0.03463564960532428,0.015063422845443212,0.01957222675988107,0.008742074520770875,2.238853799905059,2.238853799905059
Samoa|china|total|cwti,Samoa,china,total,cwti,2019,1,naive,0.031225357326537327,0.03463564960532428,-0.003410292278786954,0.009859182990832705,-0.3459000894859059,0.3459000894859059
Samoa|china|total|cwti,Samoa,china,total,cwti,2021,1,naive,0.042668432475551334,0.031225357326537327,0.011443075149014006,0.008742074520770875,1.3089656375984493,1.3089656375984493
Samoa|china|total|cwti,Samoa,china,total,cwti,2022,1,naive,0.04403732855921432,0.042668432475551334,0.0013688960836629877,0.009859182990832705,0.13884477901828363,0.13884477901828363
Samoa|china|total|cwti,Samoa,china,total,cwti,2023,1,naive,0.0408590366334545,0.04403732855921432,-0.0031782919257598227,0.008742074520770875,-0.3635626667569932,0.3635626667569932
Samoa|china|total|cwti,Samoa,china,total,cwti,2012,3,holt,0.017616569358797057,0.00046946499333968845,0.01714710436545737,0.0014889623007651133,11.516144066673961,11.516144066673961
Samoa|china|total|cwti,Samoa,china,total,cwti,2013,3,holt,0.011970932848566656,0.011387566608739826,0.0005833662398268304,0.01714710436545737,0.03402126839573068,0.03402126839573068
Samoa|china|total|cwti,Samoa,china,total,cwti,2014,3,holt,0.027931143566153692,0.03461802963953007,-0.006686886073376377,0.012278699072529918,-0.5445923899492231,0.5445923899492231
Samoa|china|total|cwti,Samoa,china,total,cwti,2015,3,holt,0.03407840402175477,0.006297180107338394,0.027781223914416377,0.010778876079555076,2.577376686527703,2.577376686527703
Samoa|china|total|cwti,Samoa,china,total,cwti,2016,3,holt,0.03047984521420495,0.057790845446310704,-0.027311000232105753,0.017668137112307455,-1.5457770142094478,1.5457770142094478
Samoa|china|total|cwti,Samoa,china,total,cwti,2017,3,holt,0.015063422845443212,0.04432630288769525,-0.029262880042252037,0.024557398145059837,-1.191611581544472,1.191611581544472
Samoa|china|total|cwti,Samoa,china,total,cwti,2018,3,holt,0.03463564960532428,0.018319224903396304,0.016316424701927977,0.03295679293817354,0.4950853298297972,0.4950853298297972
Samoa|china|total|cwti,Samoa,china,total,cwti,2019,3,holt,0.031225357326537327,-0.008421805575065274,0.0396471629016026,0.024557398145059837,1.6144691985448931,1.6144691985448931
Samoa|china|total|cwti,Samoa,china,total,cwti,2021,3,holt,0.042668432475551334,0.06895377412696614,-0.026285341651414808,0.025551209933950766,-1.0287317790179704,1.0287317790179704
Samoa|china|total|cwti,Samoa,china,total,cwti,2022,3,holt,0.04403732855921432,0.027523979928801623,0.0165133486304127,0.03983554631955485,0.41453802335093043,0.41453802335093043
Samoa|china|total|cwti,Samoa,china,total,cwti,2023,3,holt,0.0408590366334545,0.06132342756613192,-0.02046439093267742,0.025551209933950766,-0.8009167074896788,0.8009167074896788
Samoa|china|total|cwti,Samoa,china,total,cwti,2012,3,ar1,0.017616569358797057,0.0074562096113772805,0.010160359747419776,0.0014889623007651133,6.823785761532584,6.823785761532584
Samoa|china|total|cwti,Samoa,china,total,cwti,2013,3,ar1,0.011970932848566656,0.017616569358797057,-0.0056456365102304,0.010160359747419776,-0.5556532101793059,0.5556532101793059
Samoa|china|total|cwti,Samoa,china,total,cwti,2014,3,ar1,0.027931143566153692,0.011970932848566656,0.015960210717587034,0.011716985025796075,1.362143135153718,1.362143135153718
Samoa|china|total|cwti,Samoa,china,total,cwti,2015,3,ar1,0.03407840402175477,0.027931143566153692,0.006147260455601079,0.008598859048369975,0.7148925713308875,0.7148925713308875
Samoa|china|total|cwti,Samoa,china,total,cwti,2016,3,ar1,0.03047984521420495,0.03407840402175477,-0.0035985588075498204,0.007274340029210188,-0.49469213607004486,0.49469213607004486
Samoa|china|total|cwti,Samoa,china,total,cwti,2017,3,ar1,0.015063422845443212,0.03047984521420495,-0.015416422368761739,0.014449151639547523,-1.066943081043373,1.066943081043373
Samoa|china|total|cwti,Samoa,china,total,cwti,2018,3,ar1,0.03463564960532428,0.015063422845443212,0.01957222675988107,0.011716985025796075,1.6704149332606402,1.6704149332606402
Samoa|china|total|cwti,Samoa,china,total,cwti,2019,3,ar1,0.031225357326537327,0.03463564960532428,-0.003410292278786954,0.014548680058420376,-0.2344056137802804,0.2344056137802804
Samoa|china|total|cwti,Samoa,china,total,cwti,2021,3,ar1,0.042668432475551334,0.031225357326537327,0.011443075149014006,0.011716985025796075,0.9766228363201772,0.9766228363201772
Samoa|china|total|cwti,Samoa,china,total,cwti,2022,3,ar1,0.04403732855921432,0.042668432475551334,0.0013688960836629877,0.014449151639547523,0.09473885511148632,0.09473885511148632
Samoa|china|total|cwti,Samoa,china,total,cwti,2023,3,ar1,0.0408590366334545,0.04403732855921432,-0.0031782919257598227,0.011150363252000764,-0.28503931700965224,0.28503931700965224
Samoa|china|total|cwti,Samoa,china,total,cwti,2014,5,holt,0.027931143566153692,0.012656615122115598,0.015274528444038094,0.003640795997055051,4.195381574906498,4.195381574906498
Samoa|china|total|cwti,Samoa,china,total,cwti,2015,5,holt,0.03407840402175477,0.02363166497222278,0.01044673904953199,0.015274528444038094,0.6839320171359875,0.6839320171359875
Samoa|china|total|cwti,Samoa,china,total,cwti,2016,5,holt,0.03047984521420495,0.04299179610165857,-0.012511950887453618,0.0035788402781473747,-3.4960908883954342,3.4960908883954342
Samoa|china|total|cwti,Samoa,china,total,cwti,2017,5,holt,0.015063422845443212,0.03249947229086067,-0.01743604944541746,0.0071576805562947494,-2.4359915629489084,2.4359915629489084
Samoa|china|total|cwti,Samoa,china,total,cwti,2018,5,holt,0.03463564960532428,0.022938430138120396,0.011697219467203885,0.020598117128434804,0.5678780926561673,0.5678780926561673
Samoa|china|total|cwti,Samoa,china,total,cwti,2019,5,holt,0.031225357326537327,0.03784973803817723,-0.006624380711639906,0.0071576805562947494,-0.9254926452137014,0.9254926452137014
Samoa|china|total|cwti,Samoa,china,total,cwti,2021,5,holt,0.042668432475551334,0.018770655296782627,0.023897777178768707,0.017160642490724277,1.3925922174350993,1.3925922174350993
Samoa|china|total|cwti,Samoa,china,total,cwti,2022,5,holt,0.04403732855921432,0.03891638442209919,0.005120944137115134,0.019942509130406356,0.25678534750209675,0.25678534750209675
Samoa|china|total|cwti,Samoa,china,total,cwti,2023,5,holt,0.0408590366334545,0.05586742126305959,-0.01500838462960509,0.0162336613571041,-0.92452246597082,0.92452246597082
Samoa|china|total|cwti,Samoa,china,total,cwti,2014,5,ar1,0.027931143566153692,0.01095220946817812,0.016978934097975573,0.003640795997055051,4.663522513128835,4.663522513128835
Samoa|china|total|cwti,Samoa,china,total,cwti,2015,5,ar1,0.03407840402175477,0.020223887202758348,0.013854516818996424,0.016978934097975573,0.8159827194716729,0.8159827194716729
Samoa|china|total|cwti,Samoa,china,total,cwti,2016,5,ar1,0.03047984521420495,0.033615276557991625,-0.0031354313437866738,0.0023161305289072435,-1.3537368920507165,1.3537368920507165
Samoa|china|total|cwti,Samoa,china,total,cwti,2017,5,ar1,0.015063422845443212,0.029776070453592846,-0.014712647608149634,0.004632261057814487,-3.1761266095592418,3.1761266095592418
Samoa|china|total|cwti,Samoa,china,total,cwti,2018,5,ar1,0.03463564960532428,0.027843442796035234,0.0067922068092890475,0.014910779101978354,0.4555232669490665,0.4555232669490665
Samoa|china|total|cwti,Samoa,china,total,cwti,2019,5,ar1,0.031225357326537327,0.024765904601659554,0.006459452724877773,0.014718716325750064,0.4388597878999207,0.4388597878999207
Samoa|china|total|cwti,Samoa,china,total,cwti,2021,5,ar1,0.042668432475551334,0.026998655332346265,0.01566977714320507,0.01259464857307111,1.2441615224349298,1.2441615224349298
Samoa|china|total|cwti,Samoa,china,total,cwti,2022,5,ar1,0.04403732855921432,0.027810316210701555,0.016227012348512766,0.013161885777063892,1.232878982796691,1.232878982796691
Samoa|china|total|cwti,Samoa,china,total,cwti,2023,5,ar1,0.0408590366334545,0.0414168083281018,-0.0005577716946473035,0.00833967382456241,-0.06688171580578216,0.06688171580578216
Samoa|china|total|cwti,Samoa,china,total,cwti,2016,7,holt,0.03047984521420495,0.03789540379418124,-0.007415558579976292,0.008182490972222083,-0.9062715260121431,0.9062715260121431
Samoa|china|total|cwti,Samoa,china,total,cwti,2017,7,holt,0.015063422845443212,0.03711339987193523,-0.02204997702649202,0.007415558579976292,-2.9734748621677687,2.9734748621677687
Samoa|china|total|cwti,Samoa,china,total,cwti,2018,7,holt,0.03463564960532428,0.019191834964999675,0.015443814640324606,0.010848494394402108,1.4235905996590377,1.4235905996590377
Samoa|china|total|cwti,Samoa,china,total,cwti,2019,7,holt,0.031225357326537327,0.030077630984747722,0.0011477263417896053,0.021696988788804217,0.052897955239845966,0.052897955239845966
Samoa|china|total|cwti,Samoa,china,total,cwti,2021,7,holt,0.042668432475551334,0.03601263376446327,0.006655798711088061,0.016945653368209055,0.39277321248496044,0.39277321248496044
Samoa|china|total|cwti,Samoa,china,total,cwti,2022,7,holt,0.04403732855921432,0.04681719906071785,-0.00277987050150353,0.012695926225010118,-0.21895767604787847,0.21895767604787847
Samoa|china|total|cwti,Samoa,china,total,cwti,2023,7,holt,0.0408590366334545,0.04673053964910024,-0.005871503015645742,0.010431097159866004,-0.5628845101967361,0.5628845101967361
Samoa|china|total|cwti,Samoa,china,total,cwti,2016,7,ar1,0.03047984521420495,0.03707769594310905,-0.006597850728904099,0.008182490972222083,-0.8063376728801144,0.8063376728801144
Samoa|china|total|cwti,Samoa,china,total,cwti,2017,7,ar1,0.015063422845443212,0.030444448650204767,-0.015381025804761556,0.006597850728904099,-2.3312176096042627,2.3312176096042627
Samoa|china|total|cwti,Samoa,china,total,cwti,2018,7,ar1,0.03463564960532428,0.02100425191338441,0.01363139769193987,0.006510967683733132,2.093605490624116,2.093605490624116
Samoa|china|total|cwti,Samoa,china,total,cwti,2019,7,ar1,0.031225357326537327,0.02549769134309812,0.005727665983439208,0.013021935367466264,0.4398475204960003,0.4398475204960003
Samoa|china|total|cwti,Samoa,china,total,cwti,2021,7,ar1,0.042668432475551334,0.028114596442481835,0.014553836033069499,0.014995941854371633,0.9705183025117392,0.9705183025117392
Samoa|china|total|cwti,Samoa,china,total,cwti,2022,7,ar1,0.04403732855921432,0.028566312731797175,0.015471015827417146,0.013085679715581867,1.1822859922969782,1.1822859922969782
Samoa|china|total|cwti,Samoa,china,total,cwti,2023,7,ar1,0.0408590366334545,0.03609235897716842,0.004766677656286078,0.007906548781620238,0.6028771576502274,0.6028771576502274
Samoa|china|total|sti,Samoa,china,total,sti,2010,1,naive,0.04989069836690885,0.06261344230873551,-0.012722743941826667,1.0,-0.012722743941826667,0.012722743941826667
Samoa|china|total|sti,Samoa,china,total,sti,2011,1,naive,0.05420483816256859,0.04989069836690885,0.004314139795659741,0.012722743941826667,0.3390887858299802,0.3390887858299802
Samoa|china|total|sti,Samoa,china,total,sti,2012,1,naive,0.08100065862177207,0.05420483816256859,0.02679582045920348,0.012629441914598673,2.121694738405626,2.121694738405626
Samoa|china|total|sti,Samoa,china,total,sti,2013,1,naive,0.06998042624068129,0.08100065862177207,-0.011020232381090775,0.025258883829197346,-0.4362913442894189,0.4362913442894189
Samoa|china|total|sti,Samoa,china,total,sti,2014,1,naive,0.11165214591471592,0.06998042624068129,0.04167171967403463,0.012629441914598673,3.2995693678170603,3.2995693678170603
Samoa|china|total|sti,Samoa,china,total,sti,2015,1,naive,0.1299204952464939,0.11165214591471592,0.018268349331777983,0.025258883829197346,0.7232445208311684,0.7232445208311684
Samoa|china|total|sti,Samoa,china,total,sti,2016,1,naive,0.12326475177083347,0.1299204952464939,-0.006655743475660433,0.02803303997051013,-0.23742496292453708,0.23742496292453708
Samoa|china|total|sti,Samoa,china,total,sti,2017,1,naive,0.08180091663555206,0.12326475177083347,-0.041463835135281416,0.022734740189250313,-1.823809499916203,1.823809499916203
Samoa|china|total|sti,Samoa,china,total,sti,2018,1,naive,0.1068680393974129,0.08180091663555206,0.02506712276186085,0.022973697443723125,1.0911226990459775,1.0911226990459775
Samoa|china|total|sti,Samoa,china,total,sti,2019,1,naive,0.11106415659645803,0.1068680393974129,0.004196117199045127,0.025258883829197346,0.1661244110159268,0.1661244110159268
Samoa|china|total|sti,Samoa,china,total,sti,2021,1,naive,0.12739624946933473,0.11106415659645803,0.016332092872876694,0.023909321858353417,0.6830847386485202,0.6830847386485202
Samoa|china|total|sti,Samoa,china,total,sti,2022,1,naive,0.11906045216088965,0.12739624946933473,-0.008335797308445081,0.022734740189250313,-0.3666546104796264,0.3666546104796264
Samoa|china|total|sti,Samoa,china,total,sti,2023,1,naive,0.11874979731519505,0.11906045216088965,-0.00031065484569459123,0.02171162562374961,-0.014308225974326697,0.014308225974326697
Samoa|china|total|sti,Samoa,china,total,sti,2012,3,holt,0.08100065862177207,0.02887480025500199,0.05212585836677008,0.006396143661045132,8.149575920915556,8.149575920915556
Samoa|china|total|sti,Samoa,china,total,sti,2013,3,holt,0.06998042624068129,0.06755427069323226,0.00242615554744903,0.05212585836677008,0.04654418408571837,0.04654418408571837
Samoa|china|total|sti,Samoa,china,total,sti,2014,3,holt,0.11165214591471592,0.10282681515433184,0.008825330760384081,0.03684238969996269,0.2395428426944037,0.2395428426944037
Samoa|china|total|sti,Samoa,china,total,sti,2015,3,holt,0.1299204952464939,0.05900527141007608,0.07091522383641782,0.009487417170697506,7.474660654265739,7.474660654265739
Samoa|china|total|sti,Samoa,china,total,sti,2016,3,holt,0.12326475177083347,0.1900808774909113,-0.06681612572007782,0.03684238969996269,-1.813566553750054,1.813566553750054
Samoa|china|total|sti,Samoa,china,total,sti,2017,3,holt,0.08180091663555206,0.16122313442048783,-0.07942221778493577,0.06419736222922787,-1.2371570268159136,1.2371570268159136
Samoa|china|total|sti,Samoa,china,total,sti,2018,3,holt,0.1068680393974129,0.09533386632247179,0.011534173074941118,0.08286962743722649,0.13918456534244975,0.13918456534244975
Samoa|china|total|sti,Samoa,china,total,sti,2019,3,holt,0.11106415659645803,0.012844747523389106,0.09821940907306892,0.06419736222922787,1.5299601987128288,1.5299601987128288
Samoa|china|total|sti,Samoa,china,total,sti,2021,3,holt,0.12739624946933473,0.1526193737529433,-0.025223124283608567,0.07611785404409663,-0.33136935611711144,0.33136935611711144
Samoa|china|total|sti,Samoa,china,total,sti,2022,3,holt,0.11906045216088965,0.12200494588605293,-0.002944493725163283,0.06419736222922787,-0.04586627273951623,0.04586627273951623
Samoa|china|total|sti,Samoa,china,total,sti,2023,3,holt,0.11874979731519505,0.15488017827701056,-0.036130380961815506,0.05733880083872569,-0.6301209727674255,0.6301209727674255
Samoa|china|total|sti,Samoa,china,total,sti,2012,3,ar1,0.08100065862177207,0.05420483816256859,0.02679582045920348,0.006396143661045132,4.18937126481381,4.18937126481381
Samoa|china|total|sti,Samoa,china,total,sti,2013,3,ar1,0.06998042624068129,0.08100065862177207,-0.011020232381090775,0.02679582045920348,-0.4112668390904108,0.4112668390904108
Samoa|china|total|sti,Samoa,china,total,sti,2014,3,ar1,0.11165214591471592,0.06998042624068129,0.04167171967403463,0.02803303997051013,1.4865216087114332,1.4865216087114332
Samoa|china|total|sti,Samoa,china,total,sti,2015,3,ar1,0.1299204952464939,0.11165214591471592,0.018268349331777983,0.022055008175908664,0.8283084361643103,0.8283084361643103
Samoa|china|total|sti,Samoa,china,total,sti,2016,3,ar1,0.12326475177083347,0.1299204952464939,-0.006655743475660433,0.017348918434714852,-0.38364025404271995,0.38364025404271995
Samoa|china|total|sti,Samoa,china,total,sti,2017,3,ar1,0.08180091663555206,0.12326475177083347,-0.041463835135281416,0.034697836869429705,-1.1949976965801246,1.1949976965801246
Samoa|china|total|sti,Samoa,china,total,sti,2018,3,ar1,0.1068680393974129,0.08180091663555206,0.02506712276186085,0.02803303997051013,0.8941992302023137,0.8941992302023137
Samoa|china|total|sti,Samoa,china,total,sti,2019,3,ar1,0.11106415659645803,0.1068680393974129,0.004196117199045127,0.034697836869429705,0.12093310643068034,0.12093310643068034
Samoa|china|total|sti,Samoa,china,total,sti,2021,3,ar1,0.12739624946933473,0.11106415659645803,0.016332092872876694,0.02479764434491462,0.6586146912065863,0.6586146912065863
Samoa|china|total|sti,Samoa,china,total,sti,2022,3,ar1,0.11906045216088965,0.12739624946933473,-0.008335797308445081,0.01799279753402268,-0.4632852280298756,0.4632852280298756
Samoa|china|total|sti,Samoa,china,total,sti,2023,3,ar1,0.11874979731519505,0.11906045216088965,-0.00031065484569459123,0.02479764434491462,-0.012527595015624894,0.012527595015624894
Samoa|china|total|sti,Samoa,china,total,sti,2014,5,holt,0.11165214591471592,0.07050984280428586,0.04114230311043006,0.012466596507107084,3.300203314270678,3.300203314270678
Samoa|china|total|sti,Samoa,china,total,sti,2015,5,holt,0.1299204952464939,0.11131748145095793,0.018603013795535972,0.04114230311043006,0.45216267416055006,0.45216267416055006
Samoa|china|total|sti,Samoa,china,total,sti,2016,5,holt,0.12326475177083347,0.15347381792896056,-0.030209066158127088,0.016708375169130985,-1.8080193826350552,1.8080193826350552
Samoa|china|total|sti,Samoa,china,total,sti,2017,5,holt,0.08180091663555206,0.13103925212501105,-0.049238335489458995,0.03341675033826197,-1.4734627093012516,1.4734627093012516
Samoa|china|total|sti,Samoa,china,total,sti,2018,5,holt,0.1068680393974129,0.10345698491505456,0.0034110544823583444,0.05029079222496677,0.06782662056902203,0.06782662056902203
Samoa|china|total|sti,Samoa,china,total,sti,2019,5,holt,0.11106415659645803,0.10566335205562516,0.005400804540832874,0.0498451908615837,0.10835156707154552,0.10835156707154552
Samoa|china|total|sti,Samoa,china,total,sti,2021,5,holt,0.12739624946933473,0.09261812897026808,0.034778120499066645,0.03618439486965042,0.9611358881183533,0.9611358881183533
Samoa|china|total|sti,Samoa,china,total,sti,2022,5,holt,0.11906045216088965,0.11382387757587753,0.005236574585012116,0.04355480863967739,0.12022953948285107,0.12022953948285107
Samoa|china|total|sti,Samoa,china,total,sti,2023,5,holt,0.11874979731519505,0.1360993732217787,-0.017349575906583647,0.03168594570660003,-0.5475479907475135,0.5475479907475135
Samoa|china|total|sti,Samoa,china,total,sti,2014,5,ar1,0.11165214591471592,0.06505756231156823,0.04659458360314769,0.012466596507107084,3.7375544782077914,3.7375544782077914
Samoa|china|total|sti,Samoa,china,total,sti,2015,5,ar1,0.1299204952464939,0.10798713089609843,0.021933364350395473,0.04659458360314769,0.47072776821453916,0.47072776821453916
Samoa|china|total|sti,Samoa,china,total,sti,2016,5,ar1,0.12326475177083347,0.13501904822203445,-0.011754296451200977,0.018281361832065218,-0.6429661290650748,0.6429661290650748
Samoa|china|total|sti,Samoa,china,total,sti,2017,5,ar1,0.08180091663555206,0.12336717018762892,-0.04156625355207687,0.036562723664130437,-1.1368478435553504,1.1368478435553504
Samoa|china|total|sti,Samoa,china,total,sti,2018,5,ar1,0.1068680393974129,0.1133258286033408,-0.006457789205927891,0.043254024784288664,-0.14929915165428906,0.14929915165428906
Samoa|china|total|sti,Samoa,china,total,sti,2019,5,ar1,0.11106415659645803,0.1104341626730911,0.0006299939233669338,0.04209272426260502,0.014966812778298066,0.014966812778298066
Samoa|china|total|sti,Samoa,china,total,sti,2021,5,ar1,0.12739624946933473,0.10574207408841689,0.021654175380917837,0.024972662952223446,0.8671151900117986,0.8671151900117986
Samoa|china|total|sti,Samoa,china,total,sti,2022,5,ar1,0.11906045216088965,0.0990435187579154,0.020016933402974252,0.031170451428964966,0.6421765641922539,0.6421765641922539
Samoa|china|total|sti,Samoa,china,total,sti,2023,5,ar1,0.11874979731519505,0.12000367535794926,-0.001253878042754203,0.02104636213130251,-0.05957694897253977,0.05957694897253977
Samoa|china|total|sti,Samoa,china,total,sti,2016,7,holt,0.12326475177083347,0.1402113479554741,-0.01694659618464063,0.023388886884609893,-0.7245576186779393,0.7245576186779393
Samoa|china|total|sti,Samoa,china,total,sti,2017,7,holt,0.08180091663555206,0.14190929057138027,-0.06010837393582821,0.01694659618464063,-3.5469290281612307,3.5469290281612307
Samoa|china|total|sti,Samoa,china,total,sti,2018,7,holt,0.1068680393974129,0.0941569280671543,0.01271111133025861,0.03199582584695535,0.39727405040455205,0.39727405040455205
Samoa|china|total|sti,Samoa,china,total,sti,2019,7,holt,0.11106415659645803,0.09739987914589042,0.013664277450567613,0.04397051716158961,0.31075998948004246,0.31075998948004246
Samoa|china|total|sti,Samoa,china,total,sti,2021,7,holt,0.12739624946933473,0.11831538840493952,0.009080861064395207,0.02269184062577987,0.40018177520948095,0.40018177520948095
Samoa|china|total|sti,Samoa,china,total,sti,2022,7,holt,0.11906045216088965,0.13287473854586263,-0.013814286384972979,0.00679537313413921,-2.0328959296688978,2.0328959296688978
Samoa|china|total|sti,Samoa,china,total,sti,2023,7,holt,0.11874979731519505,0.11340810353552087,0.005341693779674181,0.021985258580794805,0.24296706632053947,0.24296706632053947
Samoa|china|total|sti,Samoa,china,total,sti,2016,7,ar1,0.12326475177083347,0.14384042383346657,-0.020575672062633096,0.023388886884609893,-0.8797200210571834,0.8797200210571834
Samoa|china|total|sti,Samoa,china,total,sti,2017,7,ar1,0.08180091663555206,0.12594830163266102,-0.04414738499710896,0.020575672062633096,-2.1456108389909554,2.1456108389909554
Samoa|china|total|sti,Samoa,china,total,sti,2018,7,ar1,0.1068680393974129,0.09490920542366985,0.01195883397374306,0.01747371079832696,0.6843900595452268,0.6843900595452268
Samoa|china|total|sti,Samoa,china,total,sti,2019,7,ar1,0.11106415659645803,0.10558157184537881,0.005482584751079225,0.03494742159665392,0.1568809514577797,0.1568809514577797
Samoa|china|total|sti,Samoa,china,total,sti,2021,7,ar1,0.12739624946933473,0.11068346193183425,0.01671278753750048,0.024117829324765645,0.6929640023755695,0.6929640023755695
Samoa|china|total|sti,Samoa,china,total,sti,2022,7,ar1,0.11906045216088965,0.11352000374756413,0.005540448413325516,0.016649898651148153,0.33276168999043454,0.33276168999043454
Samoa|china|total|sti,Samoa,china,total,sti,2023,7,ar1,0.11874979731519505,0.11199550190056555,0.006754295414629505,0.013082898541511602,0.5162690357338131,0.5162690357338131
Samoa|us|export|cwti,Samoa,us,export,cwti,2010,1,naive,0.0053391147888629574,0.006197167669448434,-0.0008580528805854767,1.0,-0.0008580528805854767,0.0008580528805854767
Samoa|us|export|cwti,Samoa,us,export,cwti,2011,1,naive,0.004009327877165852,0.0053391147888629574,-0.0013297869116971053,0.0008580528805854767,-1.549772679266282,1.549772679266282
Samoa|us|export|cwti,Samoa,us,export,cwti,2012,1,naive,0.0033707208695398843,0.004009327877165852,-0.0006386070076259678,0.00034969643726305024,-1.8261753325945151,1.8261753325945151
Samoa|us|export|cwti,Samoa,us,export,cwti,2013,1,naive,0.0026158731377500105,0.0033707208695398843,-0.0007548477317898738,0.0003253504512497679,-2.3201066077833277,2.3201066077833277
Samoa|us|export|cwti,Samoa,us,export,cwti,2014,1,naive,0.005224440259062954,0.0026158731377500105,0.002608567121312943,0.00016267522562488394,16.03542955783624,16.03542955783624
Samoa|us|export|cwti,Samoa,us,export,cwti,2015,1,naive,0.007148077014010984,0.005224440259062954,0.0019236367549480306,0.00017233849764540705,11.161967762455408,11.161967762455408
Samoa|us|export|cwti,Samoa,us,export,cwti,2016,1,naive,0.009283555324150048,0.007148077014010984,0.0021354783101390634,0.0005888776396901146,3.626353194974116,3.626353194974116
Samoa|us|export|cwti,Samoa,us,export,cwti,2017,1,naive,0.004626108603149744,0.009283555324150048,-0.004657446721000304,0.0010247433257758684,-4.544988587726581,4.544988587726581
Samoa|us|export|cwti,Samoa,us,export,cwti,2018,1,naive,0.0,0.004626108603149744,-0.004626108603149744,0.002411762964084039,-1.9181439768508464,1.9181439768508464
Samoa|us|export|cwti,Samoa,us,export,cwti,2019,1,naive,0.0,0.0,0.0,0.003971121100037616,0.0,0.0
Samoa|us|export|cwti,Samoa,us,export,cwti,2021,1,naive,0.0,0.0,0.0,0.0024589599247719384,0.0,0.0
Samoa|us|export|cwti,Samoa,us,export,cwti,2022,1,naive,0.0,0.0,0.0,0.0010247433257758684,0.0,0.0
Samoa|us|export|cwti,Samoa,us,export,cwti,2023,1,naive,0.0,0.0,0.0,0.0011484462632659481,0.0,0.0
Samoa|us|export|cwti,Samoa,us,export,cwti,2012,3,holt,0.0033707208695398843,0.0032267524415582356,0.00014396842798164878,0.0012721492007560277,0.11316945205490798,0.11316945205490798
Samoa|us|export|cwti,Samoa,us,export,cwti,2013,3,holt,0.0026158731377500105,0.0014949018336265806,0.00112097130412343,0.00014396842798164878,7.786230077238301,7.786230077238301
Samoa|us|export|cwti,Samoa,us,export,cwti,2014,3,holt,0.005224440259062954,0.0020690963022135284,0.0031553439568494253,0.0007242522320839023,4.356692070897047,4.356692070897047
Samoa|us|export|cwti,Samoa,us,export,cwti,2015,3,holt,0.007148077014010984,0.0018124947933218546,0.0053355822206891295,0.0014485044641678047,3.6835110644650517,3.6835110644650517
Samoa|us|export|cwti,Samoa,us,export,cwti,2016,3,holt,0.009283555324150048,0.010297739124752209,-0.001014183800602161,0.002232332679549683,-0.454315707462898,0.454315707462898
Samoa|us|export|cwti,Samoa,us,export,cwti,2017,3,holt,0.004626108603149744,0.011039837250497161,-0.0064137286473474175,0.00301616089493156,-2.1264544136638146,2.1264544136638146
Samoa|us|export|cwti,Samoa,us,export,cwti,2018,3,holt,0.0,0.012127997687888907,-0.012127997687888907,0.0030908709265988613,-3.9238124062444553,3.9238124062444553
Samoa|us|export|cwti,Samoa,us,export,cwti,2019,3,holt,0.0,-0.004682203834102246,0.004682203834102246,0.004464665359099365,1.04872447484995,1.04872447484995
Samoa|us|export|cwti,Samoa,us,export,cwti,2021,3,holt,0.0,-0.008280734399638043,0.008280734399638043,0.004872274354022979,1.6995624215620657,1.6995624215620657
Samoa|us|export|cwti,Samoa,us,export,cwti,2022,3,holt,0.0,0.0,0.0,0.005279883348946593,0.0,0.0
Samoa|us|export|cwti,Samoa,us,export,cwti,2023,3,holt,0.0,0.0,0.0,0.004872274354022979,0.0,0.0
Samoa|us|export|cwti,Samoa,us,export,cwti,2012,3,ar1,0.0033707208695398843,0.004009327877165852,-0.0006386070076259678,0.0012721492007560277,-0.50199065270524,0.50199065270524
Samoa|us|export|cwti,Samoa,us,export,cwti,2013,3,ar1,0.0026158731377500105,0.0033707208695398843,-0.0007548477317898738,0.0006386070076259678,-1.1820223122762665,1.1820223122762665
Samoa|us|export|cwti,Samoa,us,export,cwti,2014,3,ar1,0.005224440259062954,0.0026158731377500105,0.002608567121312943,8.616924882270352e-05,30.27259906466364,30.27259906466364
Samoa|us|export|cwti,Samoa,us,export,cwti,2015,3,ar1,0.007148077014010984,0.005224440259062954,0.0019236367549480306,0.00017233849764540705,11.161967762455408,11.161967762455408
Samoa|us|export|cwti,Samoa,us,export,cwti,2016,3,ar1,0.009283555324150048,0.007148077014010984,0.0021354783101390634,0.001985560550018808,1.0755039981625516,1.0755039981625516
Samoa|us|export|cwti,Samoa,us,export,cwti,2017,3,ar1,0.004626108603149744,0.009283555324150048,-0.004657446721000304,0.0010154777611726194,-4.5864586100065186,4.5864586100065186
Samoa|us|export|cwti,Samoa,us,export,cwti,2018,3,ar1,0.0,0.004626108603149744,-0.004626108603149744,0.002142598694881921,-2.1591110898182873,2.1591110898182873
Samoa|us|export|cwti,Samoa,us,export,cwti,2019,3,ar1,0.0,0.0,0.0,0.004112858892118435,0.0,0.0
Samoa|us|export|cwti,Samoa,us,export,cwti,2021,3,ar1,0.0,0.0,0.0,0.0034824213725021926,0.0,0.0
Samoa|us|export|cwti,Samoa,us,export,cwti,2022,3,ar1,0.0,0.0,0.0,0.00285198385288595,0.0,0.0
Samoa|us|export|cwti,Samoa,us,export,cwti,2023,3,ar1,0.0,0.0,0.0,0.001985560550018808,0.0,0.0
Samoa|us|export|cwti,Samoa,us,export,cwti,2014,5,holt,0.005224440259062954,0.001700190656792925,0.0035242496022700287,0.0019715420752821284,1.7875599240080673,1.7875599240080673
Samoa|us|export|cwti,Samoa,us,export,cwti,2015,5,holt,0.007148077014010984,0.004341909767508902,0.0028061672465020827,0.0035242496022700287,0.7962453183493539,0.7962453183493539
Samoa|us|export|cwti,Samoa,us,export,cwti,2016,5,holt,0.009283555324150048,0.007360412677925276,0.0019231426462247717,0.0005323144503307784,3.612794364364404,3.612794364364404
Samoa|us|export|cwti,Samoa,us,export,cwti,2017,5,holt,0.004626108603149744,0.010025728593791347,-0.005399619990641603,0.0010646289006615568,-5.071832999542186,5.071832999542186
Samoa|us|export|cwti,Samoa,us,export,cwti,2018,5,holt,0.0,0.006679974337749483,-0.006679974337749483,0.001186900586516349,-5.628082430522474,5.628082430522474
Samoa|us|export|cwti,Samoa,us,export,cwti,2019,5,holt,0.0,0.00013950481320374863,-0.00013950481320374863,0.002373801173032698,-0.058768533265792185,0.058768533265792185
Samoa|us|export|cwti,Samoa,us,export,cwti,2021,5,holt,0.0,-0.001062215736472116,0.001062215736472116,0.003370527284376282,0.31514823849547313,0.31514823849547313
Samoa|us|export|cwti,Samoa,us,export,cwti,2022,5,holt,0.0,-0.0033538920918128722,0.0033538920918128722,0.0025855825087704285,1.29715144669965,1.29715144669965
Samoa|us|export|cwti,Samoa,us,export,cwti,2023,5,holt,0.0,-0.0023164591175067893,0.0023164591175067893,0.002589655125688821,0.8945048684390496,0.8945048684390496
Samoa|us|export|cwti,Samoa,us,export,cwti,2014,5,ar1,0.005224440259062954,0.001973718669658877,0.0032507215894040766,0.0019715420752821284,1.6488218182910943,1.6488218182910943
Samoa|us|export|cwti,Samoa,us,export,cwti,2015,5,ar1,0.007148077014010984,0.0034754811462805674,0.003672595867730417,0.0032507215894040766,1.1297786558225917,1.1297786558225917
Samoa|us|export|cwti,Samoa,us,export,cwti,2016,5,ar1,0.009283555324150048,0.0077734485657013404,0.0015101067584487073,0.0003127354025233161,4.828704221729808,4.828704221729808
Samoa|us|export|cwti,Samoa,us,export,cwti,2017,5,ar1,0.004626108603149744,0.011696398160601957,-0.007070289557452213,0.0006254708050466322,-11.303948162576646,11.303948162576646
Samoa|us|export|cwti,Samoa,us,export,cwti,2018,5,ar1,0.0,0.00652050797740551,-0.00652050797740551,0.0016030531767105313,-4.067555632050589,4.067555632050589
Samoa|us|export|cwti,Samoa,us,export,cwti,2019,5,ar1,0.0,0.0011648098513450259,-0.0011648098513450259,0.0032061063534210626,-0.36330979791176304,0.36330979791176304
Samoa|us|export|cwti,Samoa,us,export,cwti,2021,5,ar1,0.0,-0.0004942916807118043,0.0004942916807118043,0.0048762866337378405,0.10136641215713622,0.10136641215713622
Samoa|us|export|cwti,Samoa,us,export,cwti,2022,5,ar1,0.0,-0.00042080750074769254,0.00042080750074769254,0.004086682982627163,0.10297042920544143,0.10297042920544143
Samoa|us|export|cwti,Samoa,us,export,cwti,2023,5,ar1,0.0,0.0,0.0,0.0032732334570273096,0.0,0.0
Samoa|us|export|cwti,Samoa,us,export,cwti,2016,7,holt,0.009283555324150048,0.007233003793735264,0.0020505515304147836,0.0018015256174006428,1.138230570028447,1.138230570028447
Samoa|us|export|cwti,Samoa,us,export,cwti,2017,7,holt,0.004626108603149744,0.009910846658152991,-0.005284738055003247,0.0020505515304147836,-2.5772276271127192,2.5772276271127192
Samoa|us|export|cwti,Samoa,us,export,cwti,2018,7,holt,0.0,0.0049632595153958885,-0.0049632595153958885,0.005437650169670386,-0.9127581511365868,0.9127581511365868
Samoa|us|export|cwti,Samoa,us,export,cwti,2019,7,holt,0.0,0.00026916461268447066,-0.00026916461268447066,0.00047662408282187017,-0.5647314568975865,0.5647314568975865
Samoa|us|export|cwti,Samoa,us,export,cwti,2021,7,holt,0.0,-0.0009808849318845069,0.0009808849318845069,0.003718044592790909,0.26381741999178565,0.26381741999178565
Samoa|us|export|cwti,Samoa,us,export,cwti,2022,7,holt,0.0,-0.0011160382955891122,0.0011160382955891122,0.003439211153758954,0.3245041510083834,0.3245041510083834
Samoa|us|export|cwti,Samoa,us,export,cwti,2023,7,holt,0.0,-0.0008136465246255848,0.0008136465246255848,0.001819794765393701,0.4471089488212467,0.4471089488212467
Samoa|us|export|cwti,Samoa,us,export,cwti,2016,7,ar1,0.009283555324150048,0.005872372286182316,0.0034111830379677313,0.0018015256174006428,1.893496825701322,1.893496825701322
Samoa|us|export|cwti,Samoa,us,export,cwti,2017,7,ar1,0.004626108603149744,0.010547245531256296,-0.005921136928106552,0.0034111830379677313,-1.735801586195201,1.735801586195201
Samoa|us|export|cwti,Samoa,us,export,cwti,2018,7,ar1,0.0,0.005125176462784705,-0.005125176462784705,0.006918048790850866,-0.7408413293590472,0.7408413293590472
Samoa|us|export|cwti,Samoa,us,export,cwti,2019,7,ar1,0.0,0.002408104945354437,-0.002408104945354437,0.0011800909858861704,-2.040609558208013,2.040609558208013
Samoa|us|export|cwti,Samoa,us,export,cwti,2021,7,ar1,0.0,0.001351142449969663,-0.001351142449969663,0.0026042106088141432,-0.5188299461635789,0.5188299461635789
Samoa|us|export|cwti,Samoa,us,export,cwti,2022,7,ar1,0.0,0.00014562871902990348,-0.00014562871902990348,0.004028330231742115,-0.03615113723358376,0.03615113723358376
Samoa|us|export|cwti,Samoa,us,export,cwti,2023,7,ar1,0.0,-0.0001858916315199375,0.0001858916315199375,0.0036913387424454343,0.050358865574278946,0.050358865574278946
Samoa|us|export|raw_usd,Samoa,us,export,raw_usd,2010,1,naive,1840903.0,1651740.0,189163.0,1.0,189163.0,189163.0
Samoa|us|export|raw_usd,Samoa,us,export,raw_usd,2011,1,naive,1735276.0,1840903.0,-105627.0,189163.0,-0.5583914401865058,0.5583914401865058
Samoa|us|export|raw_usd,Samoa,us,export,raw_usd,2012,1,naive,1723759.0,1735276.0,-11517.0,218527.827,-0.05270267021874519,0.05270267021874519
Samoa|us|export|raw_usd,Samoa,us,export,raw_usd,2013,1,naive,1439042.0,1723759.0,-284717.0,139527.486,-2.0405800187641883,2.0405800187641883
Samoa|us|export|raw_usd,Samoa,us,export,raw_usd,2014,1,naive,1926307.0,1439042.0,487265.0,202523.15999999997,2.405971741701048,2.405971741701048
Samoa|us|export|raw_usd,Samoa,us,export,raw_usd,2015,1,naive,3146603.0,1926307.0,1220296.0,297528.168,4.101446959469061,4.101446959469061
Samoa|us|export|raw_usd,Samoa,us,export,raw_usd,2016,1,naive,3740930.0,3146603.0,594327.0,421050.98699999996,1.4115321382680908,1.4115321382680908
Samoa|us|export|raw_usd,Samoa,us,export,raw_usd,2017,1,naive,2513397.43,3740930.0,-1227532.5699999998,441966.0252,-2.7774364996597027,2.7774364996597027
Samoa|us|export|raw_usd,Samoa,us,export,raw_usd,2012,3,holt,1723759.0,2095417.2,-371658.19999999995,123850.4736,-3.0008621622259177,3.0008621622259177
Samoa|us|export|raw_usd,Samoa,us,export,raw_usd,2013,3,holt,1439042.0,1543785.1000000003,-104743.10000000033,371658.19999999995,-0.28182642008167813,0.28182642008167813
Samoa|us|export|raw_usd,Samoa,us,export,raw_usd,2014,3,holt,1926307.0,1585981.0,340326.0,197864.1636299997,1.7199981732740641,1.7199981732740641
Samoa|us|export|raw_usd,Samoa,us,export,raw_usd,2015,3,holt,3146603.0,1031724.22,2114878.7800000003,395728.3272599994,5.344269374505741,5.344269374505741
Samoa|us|export|raw_usd,Samoa,us,export,raw_usd,2016,3,holt,3740930.0,3054773.5100000002,686156.4899999998,527793.8874599999,1.3000462989484731,1.3000462989484731
Samoa|us|export|raw_usd,Samoa,us,export,raw_usd,2017,3,holt,2513397.43,5455741.51,-2942344.0799999996,659859.4476600004,-4.459046680977543,4.459046680977543
Samoa|us|export|raw_usd,Samoa,us,export,raw_usd,2012,3,ar1,1723759.0,1735276.0,-11517.0,123850.4736,-0.09299116640600395,0.09299116640600395
Samoa|us|export|raw_usd,Samoa,us,export,raw_usd,2013,3,ar1,1439042.0,1723759.0,-284717.0,11517.0,-24.72145524007988,24.72145524007988
Samoa|us|export|raw_usd,Samoa,us,export,raw_usd,2014,3,ar1,1926307.0,1439042.0,487265.0,202523.15999999997,2.405971741701048,2.405971741701048
Samoa|us|export|raw_usd,Samoa,us,export,raw_usd,2015,3,ar1,3146603.0,1926307.0,1220296.0,405046.31999999995,3.012731975937962,3.012731975937962
Samoa|us|export|raw_usd,Samoa,us,export,raw_usd,2016,3,ar1,3740930.0,3146603.0,594327.0,572270.2566,1.0385425297673947,1.0385425297673947
Samoa|us|export|raw_usd,Samoa,us,export,raw_usd,2017,3,ar1,2513397.43,3740930.0,-1227532.5699999998,739494.1932,-1.6599624192965197,1.6599624192965197
Samoa|us|export|raw_usd,Samoa,us,export,raw_usd,2014,5,holt,1926307.0,1496299.18944,430007.8105599999,106775.3694,4.0272191328049844,4.0272191328049844
Samoa|us|export|raw_usd,Samoa,us,export,raw_usd,2015,5,holt,3146603.0,1445132.1413600002,1701470.8586399998,430007.8105599999,3.9568371012242114,3.9568371012242114
Samoa|us|export|raw_usd,Samoa,us,export,raw_usd,2016,5,holt,3740930.0,3242928.1040000007,498001.89599999925,942535.5575417038,0.5283640410329713,0.5283640410329713
Samoa|us|export|raw_usd,Samoa,us,export,raw_usd,2017,5,holt,2513397.43,4020672.891648,-1507275.461648,100808.03107334304,-14.95193830887719,14.95193830887719
Samoa|us|export|raw_usd,Samoa,us,export,raw_usd,2014,5,ar1,1926307.0,1764668.6973901654,161638.3026098346,106775.3694,1.513816374676336,1.513816374676336
Samoa|us|export|raw_usd,Samoa,us,export,raw_usd,2015,5,ar1,3146603.0,1545447.2800797648,1601155.7199202352,161638.3026098346,9.905793949006835,9.905793949006835
Samoa|us|export|raw_usd,Samoa,us,export,raw_usd,2016,5,ar1,3740930.0,5085896.677676045,-1344966.6776760453,1067114.2614522,-1.2603773806243816,1.2603773806243816
Samoa|us|export|raw_usd,Samoa,us,export,raw_usd,2017,5,ar1,2513397.43,4520707.783214362,-2007310.3532143622,2134228.5229044,-0.9405320619006071,0.9405320619006071
Samoa|us|export|raw_usd,Samoa,us,export,raw_usd,2016,7,holt,3740930.0,2700670.6390045215,1040259.3609954785,156602.59019999998,6.642670211692824,6.642670211692824
Samoa|us|export|raw_usd,Samoa,us,export,raw_usd,2017,7,holt,2513397.43,4091607.5072368635,-1578210.0772368633,1040259.3609954785,-1.5171313389831858,1.5171313389831858
Samoa|us|export|raw_usd,Samoa,us,export,raw_usd,2016,7,ar1,3740930.0,4293015.362842808,-552085.3628428075,156602.59019999998,-3.525391004949084,3.525391004949084
Samoa|us|export|raw_usd,Samoa,us,export,raw_usd,2017,7,ar1,2513397.43,4526377.415377701,-2012979.9853777005,552085.3628428075,-3.6461390227997152,3.6461390227997152
Samoa|us|export|sti,Samoa,us,export,sti,2010,1,naive,0.026205066689928388,0.035926020507982104,-0.009720953818053716,1.0,-0.009720953818053716,0.009720953818053716
Samoa|us|export|sti,Samoa,us,export,sti,2011,1,naive,0.026187370245052615,0.026205066689928388,-1.769644487577271e-05,0.009720953818053716,-0.0018204432617411415,0.0018204432617411415
Samoa|us|export|sti,Samoa,us,export,sti,2012,1,naive,0.022650754520781195,0.026187370245052615,-0.0035366157242714205,0.007193024690736809,-0.4916729576677084,0.4916729576677084
Samoa|us|export|sti,Samoa,us,export,sti,2013,1,naive,0.023169760670603147,0.022650754520781195,0.0005190061498219524,0.005217149723631987,0.09948078497172964,0.09948078497172964
Samoa|us|export|sti,Samoa,us,export,sti,2014,1,naive,0.0378288640037152,0.023169760670603147,0.014659103333112052,0.003006432495265417,4.875913015242307,4.875913015242307
Samoa|us|export|sti,Samoa,us,export,sti,2015,1,naive,0.053397825862399266,0.0378288640037152,0.015568961858684068,0.005217149723631987,2.9841891997390353,2.9841891997390353
Samoa|us|export|sti,Samoa,us,export,sti,2016,1,naive,0.06675406062681184,0.053397825862399266,0.013356234764412576,0.010199457186002226,1.3095044688008224,1.3095044688008224
Samoa|us|export|sti,Samoa,us,export,sti,2017,1,naive,0.056605737295675765,0.06675406062681184,-0.010148323331136078,0.015181764648372465,-0.66845479206029,0.66845479206029
Samoa|us|export|sti,Samoa,us,export,sti,2012,3,holt,0.022650754520781195,0.008800843102188325,0.01384991141859287,2.623674917282062e-05,527.8821445204187,527.8821445204187
Samoa|us|export|sti,Samoa,us,export,sti,2013,3,holt,0.023169760670603147,0.0246740312579549,-0.0015042705873517526,0.01384991141859287,-0.10861228941380364,0.10861228941380364
Samoa|us|export|sti,Samoa,us,export,sti,2014,3,holt,0.0378288640037152,0.016429203665797962,0.021399660337917237,0.011382055121006748,1.8801227116201513,1.8801227116201513
Samoa|us|export|sti,Samoa,us,export,sti,2015,3,holt,0.053397825862399266,0.027177193378737974,0.026220632483661292,0.011193257747790305,2.34253807733835,2.34253807733835
Samoa|us|export|sti,Samoa,us,export,sti,2016,3,holt,0.06675406062681184,0.06733814096030943,-0.0005840803334975914,0.009170415525535222,-0.06369180675305354,0.06369180675305354
Samoa|us|export|sti,Samoa,us,export,sti,2017,3,holt,0.056605737295675765,0.08360640420017337,-0.02700066690449761,0.01834083105107044,-1.4721615846803051,1.4721615846803051
Samoa|us|export|sti,Samoa,us,export,sti,2012,3,ar1,0.022650754520781195,0.026187370245052615,-0.0035366157242714205,2.623674917282062e-05,-134.79626233325808,134.79626233325808
Samoa|us|export|sti,Samoa,us,export,sti,2013,3,ar1,0.023169760670603147,0.022650754520781195,0.0005190061498219524,0.0035366157242714205,0.14675220331687946,0.14675220331687946
Samoa|us|export|sti,Samoa,us,export,sti,2014,3,ar1,0.0378288640037152,0.023169760670603147,0.014659103333112052,0.003006432495265417,4.875913015242307,4.875913015242307
Samoa|us|export|sti,Samoa,us,export,sti,2015,3,ar1,0.053397825862399266,0.0378288640037152,0.015568961858684068,0.006012864990530834,2.589275143081101,2.589275143081101
Samoa|us|export|sti,Samoa,us,export,sti,2016,3,ar1,0.06675406062681184,0.053397825862399266,0.013356234764412576,0.011156532166979486,1.1971672348100832,1.1971672348100832
Samoa|us|export|sti,Samoa,us,export,sti,2017,3,ar1,0.056605737295675765,0.06675406062681184,-0.010148323331136078,0.0032805891899669124,-3.0934453366404076,3.0934453366404076
Samoa|us|export|sti,Samoa,us,export,sti,2014,5,holt,0.0378288640037152,0.017475851689291732,0.020353012314423467,0.004473907955078781,4.5492693454541735,4.5492693454541735
Samoa|us|export|sti,Samoa,us,export,sti,2015,5,holt,0.053397825862399266,0.027531082996010724,0.025866742866388542,0.020353012314423467,1.2709048894967596,1.2709048894967596
Samoa|us|export|sti,Samoa,us,export,sti,2016,5,holt,0.06675406062681184,0.055859033534326044,0.010895027092485798,0.00408732845817171,2.66556191996354,2.66556191996354
Samoa|us|export|sti,Samoa,us,export,sti,2017,5,holt,0.056605737295675765,0.07449750378650033,-0.017891766490824565,0.00817465691634342,-2.188687142949563,2.188687142949563
Samoa|us|export|sti,Samoa,us,export,sti,2014,5,ar1,0.0378288640037152,0.023569787733540057,0.014259076270175142,0.004473907955078781,3.1871635298147423,3.1871635298147423
Samoa|us|export|sti,Samoa,us,export,sti,2015,5,ar1,0.053397825862399266,0.007854774147047272,0.045543051715351994,0.014259076270175142,3.1939692903257466,3.1939692903257466
Samoa|us|export|sti,Samoa,us,export,sti,2016,5,ar1,0.06675406062681184,0.07751403965060377,-0.01075997902379193,0.0231908109975096,-0.46397596983337136,0.46397596983337136
Samoa|us|export|sti,Samoa,us,export,sti,2017,5,ar1,0.056605737295675765,0.08505104158029073,-0.02844530428461496,0.037093251378835575,-0.7668592864535217,0.7668592864535217
Samoa|us|export|sti,Samoa,us,export,sti,2016,7,holt,0.06675406062681184,0.0548810211886271,0.01187303943818474,0.005269623221977628,2.253109745810048,2.253109745810048
Samoa|us|export|sti,Samoa,us,export,sti,2017,7,holt,0.056605737295675765,0.07391720564801686,-0.017311468352341097,0.01187303943818474,-1.4580485849870835,1.4580485849870835
Samoa|us|export|sti,Samoa,us,export,sti,2016,7,ar1,0.06675406062681184,0.055997404475749,0.01075665615106284,0.005269623221977628,2.041257163548401,2.041257163548401
Samoa|us|export|sti,Samoa,us,export,sti,2017,7,ar1,0.056605737295675765,0.08713772595807638,-0.030531988662400616,0.01075665615106284,-2.838427503270505,2.838427503270505
Samoa|us|import|cwti,Samoa,us,import,cwti,2010,1,naive,0.026004854860032973,0.033715963704280705,-0.007711108844247732,1.0,-0.007711108844247732,0.007711108844247732
Samoa|us|import|cwti,Samoa,us,import,cwti,2011,1,naive,0.029102825271260603,0.026004854860032973,0.0030979704112276303,0.007711108844247732,0.4017542060165093,0.4017542060165093
Samoa|us|import|cwti,Samoa,us,import,cwti,2012,1,naive,0.03130516453270478,0.029102825271260603,0.0022023392614441764,0.008012770452083885,0.2748536569984247,0.2748536569984247
Samoa|us|import|cwti,Samoa,us,import,cwti,2013,1,naive,0.03109814242955154,0.03130516453270478,-0.00020702210315324057,0.0013278627426689487,-0.1559062518292627,0.1559062518292627
Samoa|us|import|cwti,Samoa,us,import,cwti,2014,1,naive,0.023662759154728322,0.03109814242955154,-0.0074353832748232165,0.0024499909509105395,-3.0348615255333313,3.0348615255333313
Samoa|us|import|cwti,Samoa,us,import,cwti,2015,1,naive,0.01871114848778838,0.023662759154728322,-0.004951610666939943,0.004899981901821079,-1.0105365215940239,1.0105365215940239
Samoa|us|import|cwti,Samoa,us,import,cwti,2016,1,naive,0.02107371299504257,0.01871114848778838,0.002362564507254191,0.007144443716135018,0.330685579049153,0.330685579049153
Samoa|us|import|cwti,Samoa,us,import,cwti,2017,1,naive,0.023158000925456754,0.02107371299504257,0.002084287930414184,0.004899981901821079,0.4253664548515083,0.4253664548515083
Samoa|us|import|cwti,Samoa,us,import,cwti,2018,1,naive,0.0,0.023158000925456754,-0.023158000925456754,0.0026562773773220368,-8.718216374226632,8.718216374226632
Samoa|us|import|cwti,Samoa,us,import,cwti,2019,1,naive,0.0,0.0,0.0,0.004899981901821079,0.0,0.0
Samoa|us|import|cwti,Samoa,us,import,cwti,2021,1,naive,0.0,0.0,0.0,0.004201360020138071,0.0,0.0
Samoa|us|import|cwti,Samoa,us,import,cwti,2022,1,naive,0.0,0.0,0.0,0.0035027381384550634,0.0,0.0
Samoa|us|import|cwti,Samoa,us,import,cwti,2023,1,naive,0.0,0.0,0.0,0.0033839631637360996,0.0,0.0
Samoa|us|import|cwti,Samoa,us,import,cwti,2012,3,holt,0.03130516453270478,0.013392997777961109,0.01791216675474367,0.004593050931686085,3.8998406551891227,3.8998406551891227
Samoa|us|import|cwti,Samoa,us,import,cwti,2013,3,holt,0.03109814242955154,0.03511068355226134,-0.004012541122709799,0.01791216675474367,-0.2240120459824973,0.2240120459824973
Samoa|us|import|cwti,Samoa,us,import,cwti,2014,3,holt,0.023662759154728322,0.035203877169027675,-0.011541118014299353,0.016252785949556255,-0.7101009051690893,0.7101009051690893
Samoa|us|import|cwti,Samoa,us,import,cwti,2015,3,holt,0.01871114848778838,0.02764818653114367,-0.00893703804335529,0.011161868099470673,-0.800675833445757,0.800675833445757
Samoa|us|import|cwti,Samoa,us,import,cwti,2016,3,holt,0.02107371299504257,0.009313584852737379,0.011760128142305192,0.005580934049735337,2.1071971174543607,2.1071971174543607
Samoa|us|import|cwti,Samoa,us,import,cwti,2017,3,holt,0.023158000925456754,0.010709612699198977,0.012448388226257778,0.011161868099470673,1.1152602875542057,1.1152602875542057
Samoa|us|import|cwti,Samoa,us,import,cwti,2018,3,holt,0.0,0.025740403928414552,-0.025740403928414552,0.015853016493664166,-1.6236912349584693,1.6236912349584693
Samoa|us|import|cwti,Samoa,us,import,cwti,2019,3,holt,0.0,0.006123054147353533,-0.006123054147353533,0.023384559452311226,-0.26184175758540357,0.26184175758540357
Samoa|us|import|cwti,Samoa,us,import,cwti,2021,3,holt,0.0,-0.041452821656567586,0.041452821656567586,0.017273213775890948,2.3998326075501524,2.3998326075501524
Samoa|us|import|cwti,Samoa,us,import,cwti,2022,3,holt,0.0,0.0,0.0,0.023384559452311226,0.0,0.0
Samoa|us|import|cwti,Samoa,us,import,cwti,2023,3,holt,0.0,0.0,0.0,0.017273213775890948,0.0,0.0
Samoa|us|import|cwti,Samoa,us,import,cwti,2012,3,ar1,0.03130516453270478,0.029102825271260603,0.0022023392614441764,0.004593050931686085,0.47949376007370104,0.47949376007370104
Samoa|us|import|cwti,Samoa,us,import,cwti,2013,3,ar1,0.03109814242955154,0.03130516453270478,-0.00020702210315324057,0.0022023392614441764,-0.09400100464879627,0.09400100464879627
Samoa|us|import|cwti,Samoa,us,import,cwti,2014,3,ar1,0.023662759154728322,0.03109814242955154,-0.0074353832748232165,0.001786059579576065,-4.163009655359907,4.163009655359907
Samoa|us|import|cwti,Samoa,us,import,cwti,2015,3,ar1,0.01871114848778838,0.023662759154728322,-0.004951610666939943,0.00357211915915213,-1.386182948083749,1.386182948083749
Samoa|us|import|cwti,Samoa,us,import,cwti,2016,3,ar1,0.02107371299504257,0.01871114848778838,0.002362564507254191,0.005303223081911147,0.44549596929322133,0.44549596929322133
Samoa|us|import|cwti,Samoa,us,import,cwti,2017,3,ar1,0.023158000925456754,0.02107371299504257,0.002084287930414184,0.003809669108590058,0.5471047146101279,0.5471047146101279
Samoa|us|import|cwti,Samoa,us,import,cwti,2018,3,ar1,0.0,0.023158000925456754,-0.023158000925456754,0.0019923460059875623,-11.623483499281964,11.623483499281964
Samoa|us|import|cwti,Samoa,us,import,cwti,2019,3,ar1,0.0,0.0,0.0,0.003809669108590058,0.0,0.0
Samoa|us|import|cwti,Samoa,us,import,cwti,2021,3,ar1,0.0,0.0,0.0,0.003537428648803597,0.0,0.0
Samoa|us|import|cwti,Samoa,us,import,cwti,2022,3,ar1,0.0,0.0,0.0,0.0032651881890171357,0.0,0.0
Samoa|us|import|cwti,Samoa,us,import,cwti,2023,3,ar1,0.0,0.0,0.0,0.0031776767373246024,0.0,0.0
Samoa|us|import|cwti,Samoa,us,import,cwti,2014,5,holt,0.023662759154728322,0.02843789956402585,-0.004775140409297527,0.0029582572188821413,-1.6141735001332795,1.6141735001332795
Samoa|us|import|cwti,Samoa,us,import,cwti,2015,5,holt,0.01871114848778838,0.025353672524819744,-0.006642524037031364,0.004775140409297527,-1.391063606024634,1.391063606024634
Samoa|us|import|cwti,Samoa,us,import,cwti,2016,5,holt,0.02107371299504257,0.0177975555110206,0.00327615748402197,0.0013842914832390937,2.3666673700513656,2.3666673700513656
Samoa|us|import|cwti,Samoa,us,import,cwti,2017,5,holt,0.023158000925456754,0.019542532668731013,0.0036154682567257415,0.0027685829664781873,1.3058912449081654,1.3058912449081654
Samoa|us|import|cwti,Samoa,us,import,cwti,2018,5,holt,0.0,0.01898781120335782,-0.01898781120335782,0.006219958204123049,-3.0527232788752974,3.0527232788752974
Samoa|us|import|cwti,Samoa,us,import,cwti,2019,5,holt,0.0,0.00169322441443788,-0.00169322441443788,0.011936854256635486,-0.14184846175001647,0.14184846175001647
Samoa|us|import|cwti,Samoa,us,import,cwti,2021,5,holt,0.0,-0.0038775021500614577,0.0038775021500614577,0.007352718611556837,0.527356254864274,0.527356254864274
Samoa|us|import|cwti,Samoa,us,import,cwti,2022,5,holt,0.0,-0.0025227437683545775,0.0025227437683545775,0.007367605602656573,0.3424102624935487,0.3424102624935487
Samoa|us|import|cwti,Samoa,us,import,cwti,2023,5,holt,0.0,-0.01159604475140951,0.01159604475140951,0.004939616265492903,2.347559836260356,2.347559836260356
Samoa|us|import|cwti,Samoa,us,import,cwti,2014,5,ar1,0.023662759154728322,0.029017112827251473,-0.005354353672523151,0.0029582572188821413,-1.809968936557329,1.809968936557329
Samoa|us|import|cwti,Samoa,us,import,cwti,2015,5,ar1,0.01871114848778838,0.030721337491897607,-0.012010189004109228,0.005354353672523151,-2.2430697967789683,2.2430697967789683
Samoa|us|import|cwti,Samoa,us,import,cwti,2016,5,ar1,0.02107371299504257,0.01388247996860321,0.007191233026439361,0.004933970731304758,1.457494058651962,1.457494058651962
Samoa|us|import|cwti,Samoa,us,import,cwti,2017,5,ar1,0.023158000925456754,0.020456477697924965,0.0027015232275317894,0.009867941462609517,0.27376765840860473,0.27376765840860473
Samoa|us|import|cwti,Samoa,us,import,cwti,2018,5,ar1,0.0,0.021574443262408684,-0.021574443262408684,0.00930004341994091,-2.3198217780520602,2.3198217780520602
Samoa|us|import|cwti,Samoa,us,import,cwti,2019,5,ar1,0.0,0.06911401300279234,-0.06911401300279234,0.011943643092021453,-5.786677688733149,5.786677688733149
Samoa|us|import|cwti,Samoa,us,import,cwti,2021,5,ar1,0.0,0.0024360009735839077,-0.0024360009735839077,0.01799577395899287,-0.13536516846315388,0.13536516846315388
Samoa|us|import|cwti,Samoa,us,import,cwti,2022,5,ar1,0.0,0.0005688108769467181,-0.0005688108769467181,0.011943643092021453,-0.04762457087542184,0.04762457087542184
Samoa|us|import|cwti,Samoa,us,import,cwti,2023,5,ar1,0.0,0.0,0.0,0.010905792277315486,0.0,0.0
Samoa|us|import|cwti,Samoa,us,import,cwti,2016,7,holt,0.02107371299504257,0.015690744986522995,0.005382968008519576,0.004593050931686085,1.1719809095483984,1.1719809095483984
Samoa|us|import|cwti,Samoa,us,import,cwti,2017,7,holt,0.023158000925456754,0.01925188866047372,0.0039061122649830353,0.005382968008519576,0.7256428533108252,0.7256428533108252
Samoa|us|import|cwti,Samoa,us,import,cwti,2018,7,holt,0.0,0.021956101667865314,-0.021956101667865314,0.0010947931626836373,-20.05502264377036,20.05502264377036
Samoa|us|import|cwti,Samoa,us,import,cwti,2019,7,holt,0.0,0.007546274734224868,-0.007546274734224868,0.0021895863253672747,-3.4464385563602193,3.4464385563602193
Samoa|us|import|cwti,Samoa,us,import,cwti,2021,7,holt,0.0,-0.007900097193708346,0.007900097193708346,0.009584447645196455,0.8242621261192581,0.8242621261192581
Samoa|us|import|cwti,Samoa,us,import,cwti,2022,7,holt,0.0,-0.007609277386786406,0.007609277386786406,0.005921482055328145,1.2850292064871807,1.2850292064871807
Samoa|us|import|cwti,Samoa,us,import,cwti,2023,7,holt,0.0,-0.0021346334186534022,0.0021346334186534022,0.004611104169773274,0.4629332455003638,0.4629332455003638
Samoa|us|import|cwti,Samoa,us,import,cwti,2016,7,ar1,0.02107371299504257,0.021157264494822497,-8.355149977992693e-05,0.004593050931686085,-0.018190849834372642,0.018190849834372642
Samoa|us|import|cwti,Samoa,us,import,cwti,2017,7,ar1,0.023158000925456754,0.021861636953790176,0.0012963639716665788,8.355149977992693e-05,15.515747474086965,15.515747474086965
Samoa|us|import|cwti,Samoa,us,import,cwti,2018,7,ar1,0.0,0.023062053431049567,-0.023062053431049567,0.0010229313389832947,-22.545064905305622,22.545064905305622
Samoa|us|import|cwti,Samoa,us,import,cwti,2019,7,ar1,0.0,-0.0005777570266933068,0.0005777570266933068,0.0020458626779665894,0.28240264261897935,0.28240264261897935
Samoa|us|import|cwti,Samoa,us,import,cwti,2021,7,ar1,0.0,0.001487194755816819,-0.001487194755816819,0.0010229313389832947,-1.4538558934903314,1.4538558934903314
Samoa|us|import|cwti,Samoa,us,import,cwti,2022,7,ar1,0.0,0.0011005055847881434,-0.0011005055847881434,0.0020458626779665894,-0.5379176210799987,0.5379176210799987
Samoa|us|import|cwti,Samoa,us,import,cwti,2023,7,ar1,0.0,0.0008239951306288905,-0.0008239951306288905,0.001530748756374756,-0.5382954761174152,0.5382954761174152
Samoa|us|import|raw_usd,Samoa,us,import,raw_usd,2010,1,naive,35551680.0,30532873.0,5018807.0,1.0,5018807.0,5018807.0
Samoa|us|import|raw_usd,Samoa,us,import,raw_usd,2011,1,naive,39114515.0,35551680.0,3562835.0,5018807.0,0.7098967941983025,0.7098967941983025
Samoa|us|import|raw_usd,Samoa,us,import,raw_usd,2012,1,naive,43317364.0,39114515.0,4202849.0,1079312.0436,3.894007321535646,3.894007321535646
Samoa|us|import|raw_usd,Samoa,us,import,raw_usd,2013,1,naive,45351372.0,43317364.0,2034008.0,948884.7564,2.1435774853385556,2.1435774853385556
Samoa|us|import|raw_usd,Samoa,us,import,raw_usd,2014,1,naive,40651541.0,45351372.0,-4699831.0,1079312.0436,-4.354469152705747,4.354469152705747
Samoa|us|import|raw_usd,Samoa,us,import,raw_usd,2015,1,naive,37301985.0,40651541.0,-3349556.0,2158624.0872,-1.5517088037059685,1.5517088037059685
Samoa|us|import|raw_usd,Samoa,us,import,raw_usd,2016,1,naive,37173161.0,37301985.0,-128824.0,2687073.8769,-0.04794211320628838,0.04794211320628838
Samoa|us|import|raw_usd,Samoa,us,import,raw_usd,2017,1,naive,39693663.305,37173161.0,2520502.3049999997,3215523.6665999996,0.7838543784269841,0.7838543784269841
Samoa|us|import|raw_usd,Samoa,us,import,raw_usd,2012,3,holt,43317364.0,45283539.88,-1966175.8800000027,5282259.171,-0.3722225313734048,0.3722225313734048
Samoa|us|import|raw_usd,Samoa,us,import,raw_usd,2013,3,holt,45351372.0,46374587.94,-1023215.9399999976,1966175.8800000027,-0.5204091609546122,0.5204091609546122
Samoa|us|import|raw_usd,Samoa,us,import,raw_usd,2014,3,holt,40651541.0,51267605.39,-10616064.39,699016.2035220037,-15.187150650458172,15.187150650458172
Samoa|us|import|raw_usd,Samoa,us,import,raw_usd,2015,3,holt,37301985.0,48005281.81,-10703296.810000002,1398032.4070440074,-7.655971890258966,7.655971890258966
Samoa|us|import|raw_usd,Samoa,us,import,raw_usd,2016,3,holt,37173161.0,31535436.75,5637724.25,6476827.745409,0.8704452969273754,0.8704452969273754
Samoa|us|import|raw_usd,Samoa,us,import,raw_usd,2017,3,holt,39693663.305,31279226.720000006,8414436.584999993,11273542.332738003,0.7463879884998295,0.7463879884998295
Samoa|us|import|raw_usd,Samoa,us,import,raw_usd,2012,3,ar1,43317364.0,39114515.0,4202849.0,5282259.171,0.7956536898215743,0.7956536898215743
Samoa|us|import|raw_usd,Samoa,us,import,raw_usd,2013,3,ar1,45351372.0,43317364.0,2034008.0,4202849.0,0.48395933329986396,0.48395933329986396
Samoa|us|import|raw_usd,Samoa,us,import,raw_usd,2014,3,ar1,40651541.0,45351372.0,-4699831.0,1607761.8332999998,-2.9232134403597554,2.9232134403597554
Samoa|us|import|raw_usd,Samoa,us,import,raw_usd,2015,3,ar1,37301985.0,40651541.0,-3349556.0,3215523.6665999996,-1.0416828943889325,1.0416828943889325
Samoa|us|import|raw_usd,Samoa,us,import,raw_usd,2016,3,ar1,37173161.0,37301985.0,-128824.0,4991794.850699999,-0.025807150304250785,0.025807150304250785
Samoa|us|import|raw_usd,Samoa,us,import,raw_usd,2017,3,ar1,39693663.305,37173161.0,2520502.3049999997,4775057.2632,0.527847555761224,0.527847555761224
Samoa|us|import|raw_usd,Samoa,us,import,raw_usd,2014,5,holt,40651541.0,49734690.852992,-9083149.852991998,6231143.927399999,-1.4577018214987731,1.4577018214987731
Samoa|us|import|raw_usd,Samoa,us,import,raw_usd,2015,5,holt,37301985.0,43660753.055296,-6358768.055295996,9083149.852991998,-0.7000620003204518,0.7000620003204518
Samoa|us|import|raw_usd,Samoa,us,import,raw_usd,2016,5,holt,37173161.0,38601319.989376,-1428158.989376001,2019584.226632046,-0.7071549532537528,0.7071549532537528
Samoa|us|import|raw_usd,Samoa,us,import,raw_usd,2017,5,holt,39693663.305,36349951.445504,3343711.8594959974,4039168.453264092,0.8278218396150105,0.8278218396150105
Samoa|us|import|raw_usd,Samoa,us,import,raw_usd,2014,5,ar1,40651541.0,47397842.96401571,-6746301.964015707,6231143.927399999,-1.0826747131213614,1.0826747131213614
Samoa|us|import|raw_usd,Samoa,us,import,raw_usd,2015,5,ar1,37301985.0,42060454.1419322,-4758469.141932197,6746301.964015707,-0.7053448196231848,0.7053448196231848
Samoa|us|import|raw_usd,Samoa,us,import,raw_usd,2016,5,ar1,37173161.0,41118006.128627576,-3944845.128627576,1473580.4710105062,-2.677047644315212,2.677047644315212
Samoa|us|import|raw_usd,Samoa,us,import,raw_usd,2017,5,ar1,39693663.305,36877230.59800727,2816432.7069927305,1206278.962125431,2.334810433923387,2.334810433923387
Samoa|us|import|raw_usd,Samoa,us,import,raw_usd,2016,7,holt,37173161.0,38710394.99852062,-1537233.9985206202,5282259.171,-0.2910182837979913,0.2910182837979913
Samoa|us|import|raw_usd,Samoa,us,import,raw_usd,2017,7,holt,39693663.305,36936935.59524239,2756727.709757611,1537233.9985206202,1.793303890240906,1.793303890240906
Samoa|us|import|raw_usd,Samoa,us,import,raw_usd,2016,7,ar1,37173161.0,39431267.05804784,-2258106.0580478385,5282259.171,-0.4274886909080513,0.4274886909080513
Samoa|us|import|raw_usd,Samoa,us,import,raw_usd,2017,7,ar1,39693663.305,39249097.704566926,444565.60043307394,2258106.0580478385,0.19687542967641058,0.19687542967641058
Samoa|us|import|sti,Samoa,us,import,sti,2010,1,naive,0.11473916527629056,0.13244133300168714,-0.01770216772539658,1.0,-0.01770216772539658,0.01770216772539658
Samoa|us|import|sti,Samoa,us,import,sti,2011,1,naive,0.11307854282907757,0.11473916527629056,-0.0016606224472129893,0.01770216772539658,-0.09380898842295804,0.09380898842295804
Samoa|us|import|sti,Samoa,us,import,sti,2012,1,naive,0.1253703646982178,0.11307854282907757,0.012291821869140226,0.011891597514717496,1.033656062940862,1.033656062940862
Samoa|us|import|sti,Samoa,us,import,sti,2013,1,naive,0.12371200839027376,0.1253703646982178,-0.001658356307944045,0.020685893943425276,-0.08016846226126624,0.08016846226126624
Samoa|us|import|sti,Samoa,us,import,sti,2014,1,naive,0.10476557196403703,0.12371200839027376,-0.018946436426236724,0.010342946971712638,-1.8318218664423334,1.8318218664423334
Samoa|us|import|sti,Samoa,us,import,sti,2015,1,naive,0.10065774392336374,0.10476557196403703,-0.004107828040673292,0.020685893943425276,-0.19858112257115715,0.19858112257115715
Samoa|us|import|sti,Samoa,us,import,sti,2016,1,naive,0.10625743472601583,0.10065774392336374,0.005599690802652088,0.011893277403757565,0.47082823451868033,0.47082823451868033
Samoa|us|import|sti,Samoa,us,import,sti,2017,1,naive,0.11143962656931955,0.10625743472601583,0.005182191843303721,0.010764140424249963,0.48143108869418266,0.48143108869418266
Samoa|us|import|sti,Samoa,us,import,sti,2012,3,holt,0.1253703646982178,0.08270355433391598,0.042666810364301824,0.002462038840237978,17.329868914731538,17.329868914731538
Samoa|us|import|sti,Samoa,us,import,sti,2013,3,holt,0.12371200839027376,0.11268731124108579,0.011024697149187968,0.042666810364301824,0.258390469197389,0.258390469197389
Samoa|us|import|sti,Samoa,us,import,sti,2014,3,holt,0.10476557196403703,0.14702447101931054,-0.04225889905527351,0.0234562985263639,-1.801601348472619,1.801601348472619
Samoa|us|import|sti,Samoa,us,import,sti,2015,3,holt,0.10065774392336374,0.11313430212470273,-0.012476558201338986,0.0469125970527278,-0.26595326170742273,0.26595326170742273
Samoa|us|import|sti,Samoa,us,import,sti,2016,3,holt,0.10625743472601583,0.06998880687253191,0.03626862785348392,0.03949912986636729,0.9182133372605233,0.9182133372605233
Samoa|us|import|sti,Samoa,us,import,sti,2017,3,holt,0.11143962656931955,0.0944806667991155,0.01695895977020405,0.03742665166218918,0.45312522005106554,0.45312522005106554
Samoa|us|import|sti,Samoa,us,import,sti,2012,3,ar1,0.1253703646982178,0.11307854282907757,0.012291821869140226,0.002462038840237978,4.992537757020971,4.992537757020971
Samoa|us|import|sti,Samoa,us,import,sti,2013,3,ar1,0.12371200839027376,0.1253703646982178,-0.001658356307944045,0.012291821869140226,-0.13491541982946437,0.13491541982946437
Samoa|us|import|sti,Samoa,us,import,sti,2014,3,ar1,0.10476557196403703,0.12371200839027376,-0.018946436426236724,0.01034126708267257,-1.832119437083551,1.832119437083551
Samoa|us|import|sti,Samoa,us,import,sti,2015,3,ar1,0.10065774392336374,0.10476557196403703,-0.004107828040673292,0.02068253416534514,-0.19861338111826796,0.19861338111826796
Samoa|us|import|sti,Samoa,us,import,sti,2016,3,ar1,0.10625743472601583,0.10065774392336374,0.005599690802652088,0.01215706047814476,0.46061223539348833,0.46061223539348833
Samoa|us|import|sti,Samoa,us,import,sti,2017,3,ar1,0.11143962656931955,0.10625743472601583,0.005182191843303721,0.010760780646169827,0.4815814032180148,0.4815814032180148
Samoa|us|import|sti,Samoa,us,import,sti,2014,5,holt,0.10476557196403703,0.11734516009723359,-0.012579588133196554,0.01294209666888149,-0.9719899684757751,0.9719899684757751
Samoa|us|import|sti,Samoa,us,import,sti,2015,5,holt,0.10065774392336374,0.1102402247941992,-0.009582480870835464,0.012579588133196554,-0.7617483791498739,0.7617483791498739
Samoa|us|import|sti,Samoa,us,import,sti,2016,5,holt,0.10625743472601583,0.10176528686559003,0.004492147860425802,0.002221755613588276,2.0218910815176017,2.0218910815176017
Samoa|us|import|sti,Samoa,us,import,sti,2017,5,holt,0.11143962656931955,0.10256051983334377,0.008879106735975778,0.004443511227176552,1.998218589315379,1.998218589315379
Samoa|us|import|sti,Samoa,us,import,sti,2014,5,ar1,0.10476557196403703,0.11884062595318227,-0.014075053989145242,0.01294209666888149,-1.0875404773469108,1.0875404773469108
Samoa|us|import|sti,Samoa,us,import,sti,2015,5,ar1,0.10065774392336374,0.12266338403389387,-0.022005640110530134,0.014075053989145242,-1.56344978338989,1.56344978338989
Samoa|us|import|sti,Samoa,us,import,sti,2016,5,ar1,0.10625743472601583,0.10572648767044021,0.0005309470555756174,0.00587894349178262,0.09031334564071869,0.09031334564071869
Samoa|us|import|sti,Samoa,us,import,sti,2017,5,ar1,0.11143962656931955,0.10521844042572565,0.006221186143593904,0.01175788698356524,0.5291074962950111,0.5291074962950111
Samoa|us|import|sti,Samoa,us,import,sti,2016,7,holt,0.10625743472601583,0.0934980741378198,0.012759360588196031,0.014786849444747084,0.862885676619146,0.862885676619146
Samoa|us|import|sti,Samoa,us,import,sti,2017,7,holt,0.11143962656931955,0.1050368438310522,0.006402782738267346,0.012759360588196031,0.5018106271085954,0.5018106271085954
Samoa|us|import|sti,Samoa,us,import,sti,2016,7,ar1,0.10625743472601583,0.1080267948626875,-0.0017693601366716716,0.014786849444747084,-0.1196576825430669,0.1196576825430669
Samoa|us|import|sti,Samoa,us,import,sti,2017,7,ar1,0.11143962656931955,0.108738375147866,0.0027012514214535543,0.0017693601366716716,1.5266826495451942,1.5266826495451942
Samoa|us|total|cwti,Samoa,us,total,cwti,2010,1,naive,0.03134396964889593,0.039913131373729135,-0.008569161724833206,1.0,-0.008569161724833206,0.008569161724833206
Samoa|us|total|cwti,Samoa,us,total,cwti,2011,1,naive,0.03311215314842646,0.03134396964889593,0.0017681834995305276,0.008569161724833206,0.20634264544294667,0.20634264544294667
Samoa|us|total|cwti,Samoa,us,total,cwti,2012,1,naive,0.034675885402244665,0.03311215314842646,0.0015637322538182077,0.007663074014820835,0.20406070080934333,0.20406070080934333
Samoa|us|total|cwti,Samoa,us,total,cwti,2013,1,naive,0.03371401556730155,0.034675885402244665,-0.0009618698349431118,0.00030311941689308545,-3.17323728318723,3.17323728318723
Samoa|us|total|cwti,Samoa,us,total,cwti,2014,1,naive,0.028887199413791274,0.03371401556730155,-0.0048268161535102785,0.002023788536845309,-2.385039773490536,2.385039773490536
Samoa|us|total|cwti,Samoa,us,total,cwti,2015,1,naive,0.025859225501799362,0.028887199413791274,-0.0030279739119919123,0.004047577073690618,-0.7480954301460597,0.7480954301460597
Samoa|us|total|cwti,Samoa,us,total,cwti,2016,1,naive,0.03035726831919262,0.025859225501799362,0.004498042817393258,0.004737313534352606,0.9494923198086261,0.9494923198086261
Samoa|us|total|cwti,Samoa,us,total,cwti,2017,1,naive,0.0277841095286065,0.03035726831919262,-0.00257315879058612,0.004047577073690618,-0.6357281760764323,0.6357281760764323
Samoa|us|total|cwti,Samoa,us,total,cwti,2018,1,naive,0.0,0.0277841095286065,-0.0277841095286065,0.004737313534352606,-5.864950530956029,5.864950530956029
Samoa|us|total|cwti,Samoa,us,total,cwti,2019,1,naive,0.0,0.0,0.0,0.006133354662433856,0.0,0.0
Samoa|us|total|cwti,Samoa,us,total,cwti,2021,1,naive,0.0,0.0,0.0,0.004737313534352606,0.0,0.0
Samoa|us|total|cwti,Samoa,us,total,cwti,2022,1,naive,0.0,0.0,0.0,0.0037444576567975322,0.0,0.0
Samoa|us|total|cwti,Samoa,us,total,cwti,2023,1,naive,0.0,0.0,0.0,0.0032182370396634705,0.0,0.0
Samoa|us|total|cwti,Samoa,us,total,cwti,2012,3,holt,0.034675885402244665,0.016376488696345903,0.018299396705898762,0.00262150885640396,6.9804825038816976,6.9804825038816976
Samoa|us|total|cwti,Samoa,us,total,cwti,2013,3,holt,0.03371401556730155,0.03660558538588792,-0.002891569818586369,0.018299396705898762,-0.15801448895057174,0.15801448895057174
Samoa|us|total|cwti,Samoa,us,total,cwti,2014,3,holt,0.028887199413791274,0.03727297347124121,-0.008385774057449932,0.015708863484600828,-0.533824363912156,0.533824363912156
Samoa|us|total|cwti,Samoa,us,total,cwti,2015,3,holt,0.025859225501799362,0.03097863717051623,-0.005119411668716867,0.008145707204539119,-0.6284797059565465,0.6284797059565465
Samoa|us|total|cwti,Samoa,us,total,cwti,2016,3,holt,0.03035726831919262,0.019611323977489575,0.010745944341703045,0.004072853602269559,2.6384312796597866,2.6384312796597866
Samoa|us|total|cwti,Samoa,us,total,cwti,2017,3,holt,0.0277841095286065,0.021383741190986426,0.006400368337620074,0.008145707204539119,0.7857351334766279,0.7857351334766279
Samoa|us|total|cwti,Samoa,us,total,cwti,2018,3,holt,0.0,0.03638344927862779,-0.03638344927862779,0.01176098841052428,-3.0935707109506367,3.0935707109506367
Samoa|us|total|cwti,Samoa,us,total,cwti,2019,3,holt,0.0,0.017343492292449983,-0.017343492292449983,0.013776227510391672,-1.2589435155137685,1.2589435155137685
Samoa|us|total|cwti,Samoa,us,total,cwti,2021,3,holt,0.0,-0.049733556056205636,0.049733556056205636,0.017601323885070932,2.8255576899183463,2.8255576899183463
Samoa|us|total|cwti,Samoa,us,total,cwti,2022,3,holt,0.0,0.0,0.0,0.020218978494045085,0.0,0.0
Samoa|us|total|cwti,Samoa,us,total,cwti,2023,3,holt,0.0,0.0,0.0,0.014854082295700302,0.0,0.0
Samoa|us|total|cwti,Samoa,us,total,cwti,2012,3,ar1,0.034675885402244665,0.03311215314842646,0.0015637322538182077,0.00262150885640396,0.5965008472118033,0.5965008472118033
Samoa|us|total|cwti,Samoa,us,total,cwti,2013,3,ar1,0.03371401556730155,0.034675885402244665,-0.0009618698349431118,0.0015637322538182077,-0.6151115912551448,0.6151115912551448
Samoa|us|total|cwti,Samoa,us,total,cwti,2014,3,ar1,0.028887199413791274,0.03371401556730155,-0.0048268161535102785,0.0018722288283987661,-2.5781122907067076,2.5781122907067076
Samoa|us|total|cwti,Samoa,us,total,cwti,2015,3,ar1,0.025859225501799362,0.028887199413791274,-0.0030279739119919123,0.0037444576567975322,-0.8086548679473127,0.8086548679473127
Samoa|us|total|cwti,Samoa,us,total,cwti,2016,3,ar1,0.03035726831919262,0.025859225501799362,0.004498042817393258,0.0028650847059538405,1.5699510761570223,1.5699510761570223
Samoa|us|total|cwti,Samoa,us,total,cwti,2017,3,ar1,0.0277841095286065,0.03035726831919262,-0.00257315879058612,0.0037444576567975322,-0.6871913175236245,0.6871913175236245
Samoa|us|total|cwti,Samoa,us,total,cwti,2018,3,ar1,0.0,0.0277841095286065,-0.0277841095286065,0.0032022391554519546,-8.676462993497164,8.676462993497164
Samoa|us|total|cwti,Samoa,us,total,cwti,2019,3,ar1,0.0,0.0,0.0,0.0033412724062713574,0.0,0.0
Samoa|us|total|cwti,Samoa,us,total,cwti,2021,3,ar1,0.0,0.0,0.0,0.003578118814597169,0.0,0.0
Samoa|us|total|cwti,Samoa,us,total,cwti,2022,3,ar1,0.0,0.0,0.0,0.0030632059046325514,0.0,0.0
Samoa|us|total|cwti,Samoa,us,total,cwti,2023,3,ar1,0.0,0.0,0.0,0.003066677331216928,0.0,0.0
Samoa|us|total|cwti,Samoa,us,total,cwti,2014,5,holt,0.028887199413791274,0.030147974858208318,-0.0012607754444170435,0.0014260682172866574,-0.8840919593705607,0.8840919593705607
Samoa|us|total|cwti,Samoa,us,total,cwti,2015,5,holt,0.025859225501799362,0.029695582292328646,-0.0038363567905292835,0.0012607754444170435,-3.0428549409947743,3.0428549409947743
Samoa|us|total|cwti,Samoa,us,total,cwti,2016,5,holt,0.03035726831919262,0.025157968188945872,0.005199300130246748,0.0019092784518730034,2.7231754096141563,2.7231754096141563
Samoa|us|total|cwti,Samoa,us,total,cwti,2017,5,holt,0.0277841095286065,0.02746949620101883,0.0003146133275876706,0.0038185569037460067,0.08239063487021359,0.08239063487021359
Samoa|us|total|cwti,Samoa,us,total,cwti,2018,5,holt,0.0,0.0256677855411073,-0.0256677855411073,0.003077114148560098,-8.341512307276043,8.341512307276043
Samoa|us|total|cwti,Samoa,us,total,cwti,2019,5,holt,0.0,0.01273362272845712,-0.01273362272845712,0.0038185569037460067,-3.3346688420343895,3.3346688420343895
Samoa|us|total|cwti,Samoa,us,total,cwti,2021,5,holt,0.0,-0.004939717886533571,0.004939717886533571,0.007865968172058367,0.6279859997502311,0.6279859997502311
Samoa|us|total|cwti,Samoa,us,total,cwti,2022,5,holt,0.0,-0.004175684855240002,0.004175684855240002,0.009192851412467382,0.45423173593091276,0.45423173593091276
Samoa|us|total|cwti,Samoa,us,total,cwti,2023,5,holt,0.0,-0.013912503868916303,0.013912503868916303,0.007458638029682363,1.8652874443765957,1.8652874443765957
Samoa|us|total|cwti,Samoa,us,total,cwti,2014,5,ar1,0.028887199413791274,0.03351176443345434,-0.004624565019663067,0.0014260682172866574,-3.242877839646483,3.242877839646483
Samoa|us|total|cwti,Samoa,us,total,cwti,2015,5,ar1,0.025859225501799362,0.033622242228424234,-0.0077630167266248724,0.004624565019663067,-1.6786479795651061,1.6786479795651061
Samoa|us|total|cwti,Samoa,us,total,cwti,2016,5,ar1,0.03035726831919262,0.022447291733622775,0.007909976585569845,0.0023265342503707865,3.3998968999958668,3.3998968999958668
Samoa|us|total|cwti,Samoa,us,total,cwti,2017,5,ar1,0.0277841095286065,0.029561374113003587,-0.001777264584397087,0.004653068500741573,-0.38195538795825573,0.38195538795825573
Samoa|us|total|cwti,Samoa,us,total,cwti,2018,5,ar1,0.0,0.028456206856071357,-0.028456206856071357,0.004437238063033457,-6.413044883288876,6.413044883288876
Samoa|us|total|cwti,Samoa,us,total,cwti,2019,5,ar1,0.0,0.008416833218901984,-0.008416833218901984,0.004653068500741573,-1.8088779947169418,1.8088779947169418
Samoa|us|total|cwti,Samoa,us,total,cwti,2021,5,ar1,0.0,0.00023014032336099015,-0.00023014032336099015,0.00492191222875848,-0.04675831519633611,0.04675831519633611
Samoa|us|total|cwti,Samoa,us,total,cwti,2022,5,ar1,0.0,-0.0005853167501058082,0.0005853167501058082,0.005622416832191618,0.10410411884699267,0.10410411884699267
Samoa|us|total|cwti,Samoa,us,total,cwti,2023,5,ar1,0.0,0.0,0.0,0.006188619606300453,0.0,0.0
Samoa|us|total|cwti,Samoa,us,total,cwti,2016,7,holt,0.03035726831919262,0.022923748780258258,0.007433519538934362,0.00262150885640396,2.835588184558434,2.835588184558434
Samoa|us|total|cwti,Samoa,us,total,cwti,2017,7,holt,0.0277841095286065,0.029689000139901254,-0.0019048906112947538,0.007433519538934362,-0.25625689168065746,0.25625689168065746
Samoa|us|total|cwti,Samoa,us,total,cwti,2018,7,holt,0.0,0.027530565014915725,-0.027530565014915725,0.006922563444364843,-3.976932134486447,3.976932134486447
Samoa|us|total|cwti,Samoa,us,total,cwti,2019,7,holt,0.0,0.0111083084334281,-0.0111083084334281,0.013845126888729686,-0.8023262280442203,0.8023262280442203
Samoa|us|total|cwti,Samoa,us,total,cwti,2021,7,holt,0.0,0.0007485402532802889,-0.0007485402532802889,0.013745057075912292,-0.054458868315074384,0.054458868315074384
Samoa|us|total|cwti,Samoa,us,total,cwti,2022,7,holt,0.0,-0.004031822321636329,0.004031822321636329,0.013644987263094897,0.2954801088412191,0.2954801088412191
Samoa|us|total|cwti,Samoa,us,total,cwti,2023,7,holt,0.0,-0.0038565290208831325,0.0038565290208831325,0.010466246221150532,0.3684729882514834,0.3684729882514834
Samoa|us|total|cwti,Samoa,us,total,cwti,2016,7,ar1,0.03035726831919262,0.02872181867359138,0.0016354496456012398,0.00262150885640396,0.6238581424610018,0.6238581424610018
Samoa|us|total|cwti,Samoa,us,total,cwti,2017,7,ar1,0.0277841095286065,0.030666789359546455,-0.002882679830939955,0.0016354496456012398,-1.7626221869278014,1.7626221869278014
Samoa|us|total|cwti,Samoa,us,total,cwti,2018,7,ar1,0.0,0.028529658516120254,-0.028529658516120254,0.003349289380959987,-8.518122882515145,8.518122882515145
Samoa|us|total|cwti,Samoa,us,total,cwti,2019,7,ar1,0.0,-0.021372437786571996,0.021372437786571996,0.006698578761919974,3.19059289234156,3.19059289234156
Samoa|us|total|cwti,Samoa,us,total,cwti,2021,7,ar1,0.0,-0.00040907684562732356,0.00040907684562732356,0.017980318689861607,0.022751367908622547,0.022751367908622547
Samoa|us|total|cwti,Samoa,us,total,cwti,2022,7,ar1,0.0,5.6367667821098766e-05,-5.6367667821098766e-05,0.004880358448678647,-0.01154990323228415,0.01154990323228415
Samoa|us|total|cwti,Samoa,us,total,cwti,2023,7,ar1,0.0,7.737219959486659e-05,-7.737219959486659e-05,0.003349289380959987,-0.023101079301989083,0.023101079301989083
Samoa|us|total|sti,Samoa,us,total,sti,2010,1,naive,0.0983762396082443,0.11639373270889464,-0.01801749310065033,1.0,-0.01801749310065033,0.01801749310065033
Samoa|us|total|sti,Samoa,us,total,sti,2011,1,naive,0.0991091863057053,0.0983762396082443,0.00073294669746099,0.01801749310065033,0.040679726828064366,0.040679726828064366
Samoa|us|total|sti,Samoa,us,total,sti,2012,1,naive,0.10682952776307103,0.0991091863057053,0.007720341457365734,0.013899701022339922,0.555432195624742,0.555432195624742
Samoa|us|total|sti,Samoa,us,total,sti,2013,1,naive,0.10914567768640959,0.10682952776307103,0.002316149923338562,0.010359511471034774,0.22357713776508903,0.22357713776508903
Samoa|us|total|sti,Samoa,us,total,sti,2014,1,naive,0.09700031238276377,0.10914567768640959,-0.012145365303645822,0.005179755735517387,-2.34477568514776,2.34477568514776
Samoa|us|total|sti,Samoa,us,total,sti,2015,1,naive,0.09417381646667268,0.09700031238276377,-0.00282649591609109,0.010359511471034774,-0.27284065701302435,0.27284065701302435
Samoa|us|total|sti,Samoa,us,total,sti,2016,1,naive,0.10080315624293582,0.09417381646667268,0.006629339776263135,0.008991999096286587,0.7372487146935818,0.7372487146935818
Samoa|us|total|sti,Samoa,us,total,sti,2017,1,naive,0.1053618061555648,0.10080315624293582,0.004558649912628984,0.00874199237863206,0.5214657843641723,0.5214657843641723
Samoa|us|total|sti,Samoa,us,total,sti,2012,3,holt,0.10682952776307103,0.06627884576454703,0.040550681998524005,0.0010866667736556636,37.31657485220346,37.31657485220346
Samoa|us|total|sti,Samoa,us,total,sti,2013,3,holt,0.10914567768640959,0.1020424326002073,0.0071032450862022894,0.040550681998524005,0.17516955908314535,0.17516955908314535
Samoa|us|total|sti,Samoa,us,total,sti,2014,3,holt,0.09700031238276377,0.12000045023351108,-0.02300013785074731,0.024794584983104086,-0.9276274584317674,0.9276274584317674
Samoa|us|total|sti,Samoa,us,total,sti,2015,3,holt,0.09417381646667268,0.11074105933541999,-0.016567242868747306,0.04463127554232147,-0.3712025405376879,0.3712025405376879
Samoa|us|total|sti,Samoa,us,total,sti,2016,3,holt,0.10080315624293582,0.07466654434685863,0.02613661189607719,0.022315637771160735,1.1712240610866353,1.1712240610866353
Samoa|us|total|sti,Samoa,us,total,sti,2017,3,holt,0.1053618061555648,0.0905065501298849,0.0148552560256799,0.035093865442008265,0.42330064923249444,0.42330064923249444
Samoa|us|total|sti,Samoa,us,total,sti,2012,3,ar1,0.10682952776307103,0.0991091863057053,0.007720341457365734,0.0010866667736556636,7.104608003605077,7.104608003605077
Samoa|us|total|sti,Samoa,us,total,sti,2013,3,ar1,0.10914567768640959,0.10682952776307103,0.002316149923338562,0.007720341457365734,0.3000061507809083,0.3000061507809083
Samoa|us|total|sti,Samoa,us,total,sti,2014,3,ar1,0.09700031238276377,0.10914567768640959,-0.012145365303645822,0.004006127184174342,-3.03169738385352,3.03169738385352
Samoa|us|total|sti,Samoa,us,total,sti,2015,3,ar1,0.09417381646667268,0.09700031238276377,-0.00282649591609109,0.008012254368348685,-0.35277161534670887,0.35277161534670887
Samoa|us|total|sti,Samoa,us,total,sti,2016,3,ar1,0.10080315624293582,0.09417381646667268,0.006629339776263135,0.007818370544943543,0.8479183402928628,0.8479183402928628
Samoa|us|total|sti,Samoa,us,total,sti,2017,3,ar1,0.1053618061555648,0.10080315624293582,0.004558649912628984,0.007624486721538402,0.5978959737383056,0.5978959737383056
Samoa|us|total|sti,Samoa,us,total,sti,2014,5,holt,0.09700031238276377,0.10221872720091991,-0.005218414818156145,0.011446178244690438,-0.4559089249354317,0.4559089249354317
Samoa|us|total|sti,Samoa,us,total,sti,2015,5,holt,0.09417381646667268,0.10367009711986462,-0.00949628065319194,0.005218414818156145,-1.8197634691960578,1.8197634691960578
Samoa|us|total|sti,Samoa,us,total,sti,2016,5,holt,0.10080315624293582,0.0955427085783036,0.005260447664632212,0.0031711819435120353,1.65882871381588,1.65882871381588
Samoa|us|total|sti,Samoa,us,total,sti,2017,5,holt,0.1053618061555648,0.10085477300465223,0.004507033150912568,0.006342363887024071,0.7106235515962067,0.7106235515962067
Samoa|us|total|sti,Samoa,us,total,sti,2014,5,ar1,0.09700031238276377,0.10264344603644196,-0.0056431336536781895,0.011446178244690438,-0.49301465808431577,0.49301465808431577
Samoa|us|total|sti,Samoa,us,total,sti,2015,5,ar1,0.09417381646667268,0.10376102660832301,-0.00958721014165033,0.0056431336536781895,-1.6989160154662284,1.6989160154662284
Samoa|us|total|sti,Samoa,us,total,sti,2016,5,ar1,0.10080315624293582,0.09966706195561975,0.001136094287316064,0.002923743900533747,0.3885751714124699,0.3885751714124699
Samoa|us|total|sti,Samoa,us,total,sti,2017,5,ar1,0.1053618061555648,0.09999970747865283,0.005362098676911967,0.005847487801067494,0.9169918534816068,0.9169918534816068
Samoa|us|total|sti,Samoa,us,total,sti,2016,7,holt,0.10080315624293582,0.08901494683171983,0.011788209411215986,0.007317179323349757,1.6110319141146072,1.6110319141146072
Samoa|us|total|sti,Samoa,us,total,sti,2017,7,holt,0.1053618061555648,0.10283051527079576,0.0025312908847690413,0.011788209411215986,0.21473073615070193,0.21473073615070193
Samoa|us|total|sti,Samoa,us,total,sti,2016,7,ar1,0.10080315624293582,0.10075469830312589,4.8457939809926076e-05,0.007317179323349757,0.006622489031434909,0.006622489031434909
Samoa|us|total|sti,Samoa,us,total,sti,2017,7,ar1,0.1053618061555648,0.10118363801335342,0.0041781681422113776,4.8457939809926076e-05,86.22257072009334,86.22257072009334
Solomon Islands|aus|export|cwti,Solomon Islands,aus,export,cwti,2016,1,naive,0.001112835207044111,0.0007964494152463263,0.00031638579179778465,1.0,0.00031638579179778465,0.00031638579179778465
Solomon Islands|aus|export|cwti,Solomon Islands,aus,export,cwti,2017,1,naive,0.0006711163280783886,0.001112835207044111,-0.0004417188789657224,0.00031638579179778465,-1.3961400619660043,1.3961400619660043
Solomon Islands|aus|export|cwti,Solomon Islands,aus,export,cwti,2018,1,naive,0.0012692233287278274,0.0006711163280783886,0.0005981070006494388,0.0005619829924369878,1.0642795399480018,1.0642795399480018
Solomon Islands|aus|export|cwti,Solomon Islands,aus,export,cwti,2018,3,holt,0.0012692233287278274,0.0015864048097793439,-0.0003171814810515165,0.00018581883503518447,-1.7069393476256522,1.7069393476256522
Solomon Islands|aus|export|cwti,Solomon Islands,aus,export,cwti,2018,3,ar1,0.0012692233287278274,0.0006711163280783886,0.0005981070006494388,0.00018581883503518447,3.2187641287073414,3.2187641287073414
Solomon Islands|aus|export|raw_usd,Solomon Islands,aus,export,raw_usd,2016,1,naive,5063539.0,5658647.0,-595108.0,1.0,-595108.0,595108.0
Solomon Islands|aus|export|raw_usd,Solomon Islands,aus,export,raw_usd,2017,1,naive,4119616.7600000002,5063539.0,-943922.2399999998,595108.0,-1.5861360290905175,1.5861360290905175
Solomon Islands|aus|export|raw_usd,Solomon Islands,aus,export,raw_usd,2018,1,naive,5017158.688999999,4119616.7600000002,897541.9289999991,258575.99611199982,3.471095316253706,3.471095316253706
Solomon Islands|aus|export|raw_usd,Solomon Islands,aus,export,raw_usd,2018,3,holt,5017158.688999999,3800072.009600001,1217086.6793999984,882307.1207999999,1.3794365371283066,1.3794365371283066
Solomon Islands|aus|export|raw_usd,Solomon Islands,aus,export,raw_usd,2018,3,ar1,5017158.688999999,4119616.7600000002,897541.9289999991,882307.1207999999,1.0172670126318208,1.0172670126318208
Solomon Islands|aus|export|sti,Solomon Islands,aus,export,sti,2016,1,naive,0.011579015335254652,0.014132464155129082,-0.0025534488198744303,1.0,-0.0025534488198744303,0.0025534488198744303
Solomon Islands|aus|export|sti,Solomon Islands,aus,export,sti,2017,1,naive,0.008243937783394325,0.011579015335254652,-0.003335077551860327,0.0025534488198744303,-1.306107068174695,1.306107068174695
Solomon Islands|aus|export|sti,Solomon Islands,aus,export,sti,2018,1,naive,0.008684283439230424,0.008243937783394325,0.00044034565583609894,0.0005794213790211452,0.7599748158758034,0.7599748158758034
Solomon Islands|aus|export|sti,Solomon Islands,aus,export,sti,2018,3,holt,0.008684283439230424,0.0063079756617887535,0.0023763077774416703,0.0037857432203458304,0.6276991436372679,0.6276991436372679
Solomon Islands|aus|export|sti,Solomon Islands,aus,export,sti,2018,3,ar1,0.008684283439230424,0.008243937783394325,0.00044034565583609894,0.0037857432203458304,0.11631683138717291,0.11631683138717291
Solomon Islands|aus|import|cwti,Solomon Islands,aus,import,cwti,2016,1,naive,0.05199907328428369,0.13203801406317872,-0.08003894077889503,1.0,-0.08003894077889503,0.08003894077889503
Solomon Islands|aus|import|cwti,Solomon Islands,aus,import,cwti,2017,1,naive,0.05391415627490042,0.05199907328428369,0.001915082990616733,0.08003894077889503,0.02392689073568686,0.02392689073568686
Solomon Islands|aus|import|cwti,Solomon Islands,aus,import,cwti,2018,1,naive,0.07026116029405621,0.05391415627490042,0.016347004019155793,0.06075251782033907,0.2690753339227539,0.2690753339227539
Solomon Islands|aus|import|cwti,Solomon Islands,aus,import,cwti,2018,3,holt,0.07026116029405621,-0.09086846328190891,0.1611296235759651,0.0028393020418883684,56.74972975710633,56.74972975710633
Solomon Islands|aus|import|cwti,Solomon Islands,aus,import,cwti,2018,3,ar1,0.07026116029405621,0.05391415627490042,0.016347004019155793,0.0028393020418883684,5.757402269285763,5.757402269285763
Solomon Islands|aus|import|raw_usd,Solomon Islands,aus,import,raw_usd,2016,1,naive,92484188.0,134501409.0,-42017221.0,1.0,-42017221.0,42017221.0
Solomon Islands|aus|import|raw_usd,Solomon Islands,aus,import,raw_usd,2017,1,naive,113907061.567,92484188.0,21422873.567,42017221.0,0.509859363783245,0.509859363783245
Solomon Islands|aus|import|raw_usd,Solomon Islands,aus,import,raw_usd,2018,1,naive,109593247.88,113907061.567,-4313813.687000006,47028142.1025171,-0.0917283459252182,0.0917283459252182
Solomon Islands|aus|import|raw_usd,Solomon Islands,aus,import,raw_usd,2018,3,holt,109593247.88,21772165.859070018,87821082.02092998,30533179.504165795,2.8762508014911488,2.8762508014911488
Solomon Islands|aus|import|raw_usd,Solomon Islands,aus,import,raw_usd,2018,3,ar1,109593247.88,113907061.567,-4313813.687000006,30533179.504165795,-0.14128281944602106,0.14128281944602106
Solomon Islands|aus|import|sti,Solomon Islands,aus,import,sti,2016,1,naive,0.20377536075870661,0.28873482298475994,-0.08495946222605333,1.0,-0.08495946222605333,0.08495946222605333
Solomon Islands|aus|import|sti,Solomon Islands,aus,import,sti,2017,1,naive,0.19921831617074057,0.20377536075870661,-0.004557044587966047,0.08495946222605333,-0.05363786997428289,0.05363786997428289
Solomon Islands|aus|import|sti,Solomon Islands,aus,import,sti,2018,1,naive,0.18211247401685488,0.19921831617074057,-0.017105842153885692,0.059602312195114096,-0.28699964017986446,0.28699964017986446
Solomon Islands|aus|import|sti,Solomon Islands,aus,import,sti,2018,3,holt,0.18211247401685488,0.05074094401059831,0.13137153000625656,0.006756274306118461,19.44437482168048,19.44437482168048
Solomon Islands|aus|import|sti,Solomon Islands,aus,import,sti,2018,3,ar1,0.18211247401685488,0.19921831617074057,-0.017105842153885692,0.006756274306118461,-2.5318454193600006,2.5318454193600006
Solomon Islands|aus|total|cwti,Solomon Islands,aus,total,cwti,2016,1,naive,0.0531119084913278,0.13283446347842504,-0.07972255498709724,1.0,-0.07972255498709724,0.07972255498709724
Solomon Islands|aus|total|cwti,Solomon Islands,aus,total,cwti,2017,1,naive,0.0545852726029788,0.0531119084913278,0.0014733641116510057,0.07972255498709724,0.01848114516512251,0.01848114516512251
Solomon Islands|aus|total|cwti,Solomon Islands,aus,total,cwti,2018,1,naive,0.07153038362278404,0.0545852726029788,0.016945111019805233,0.06019053482790206,0.28152451325204236,0.28152451325204236
Solomon Islands|aus|total|cwti,Solomon Islands,aus,total,cwti,2018,3,holt,0.07153038362278404,-0.08928205847212956,0.16081244209491358,0.002184409631933781,73.61826268480239,73.61826268480239
Solomon Islands|aus|total|cwti,Solomon Islands,aus,total,cwti,2018,3,ar1,0.07153038362278404,0.0545852726029788,0.016945111019805233,0.002184409631933781,7.757295505424192,7.757295505424192
Solomon Islands|aus|total|sti,Solomon Islands,aus,total,sti,2016,1,naive,0.1094619230538295,0.1618045128412719,-0.0523425897874424,1.0,-0.0523425897874424,0.0523425897874424
Solomon Islands|aus|total|sti,Solomon Islands,aus,total,sti,2017,1,naive,0.11015246173981465,0.1094619230538295,0.0006905386859851481,0.0523425897874424,0.013192673285547222,0.013192673285547222
Solomon Islands|aus|total|sti,Solomon Islands,aus,total,sti,2018,1,naive,0.09716720475538432,0.11015246173981465,-0.01298525698443033,0.03931345813735184,-0.3303005535423249,0.3303005535423249
Solomon Islands|aus|total|sti,Solomon Islands,aus,total,sti,2018,3,holt,0.09716720475538432,0.018565356882035894,0.07860184787334842,0.0010237926558415806,76.77516284655894,76.77516284655894
Solomon Islands|aus|total|sti,Solomon Islands,aus,total,sti,2018,3,ar1,0.09716720475538432,0.11015246173981465,-0.01298525698443033,0.0010237926558415806,-12.683483232995217,12.683483232995217
Solomon Islands|china|export|cwti,Solomon Islands,china,export,cwti,2016,1,naive,0.5101077292685776,0.3906505927803071,0.1194571364882705,1.0,0.1194571364882705,0.1194571364882705
Solomon Islands|china|export|cwti,Solomon Islands,china,export,cwti,2017,1,naive,0.5440294528915652,0.5101077292685776,0.03392172362298762,0.1194571364882705,0.28396565178270783,0.28396565178270783
Solomon Islands|china|export|cwti,Solomon Islands,china,export,cwti,2018,1,naive,0.5568724124024222,0.5440294528915652,0.01284295951085701,0.0634074015570342,0.20254669321695704,0.20254669321695704
Solomon Islands|china|export|cwti,Solomon Islands,china,export,cwti,2018,3,holt,0.5568724124024222,0.7310595655434091,-0.17418715314098687,0.050292347443441444,-3.4634922010128277,3.4634922010128277
Solomon Islands|china|export|cwti,Solomon Islands,china,export,cwti,2018,3,ar1,0.5568724124024222,0.5440294528915652,0.01284295951085701,0.050292347443441444,0.255366077817309,0.255366077817309
Solomon Islands|china|export|raw_usd,Solomon Islands,china,export,raw_usd,2016,1,naive,273317891.0,232210662.0,41107229.0,1.0,41107229.0,41107229.0
Solomon Islands|china|export|raw_usd,Solomon Islands,china,export,raw_usd,2017,1,naive,325830017.939,273317891.0,52512126.93900001,41107229.0,1.2774426351871104,1.2774426351871104
Solomon Islands|china|export|raw_usd,Solomon Islands,china,export,raw_usd,2018,1,naive,380352736.55300003,325830017.939,54522718.61400002,8454450.842180707,6.448995875873666,6.448995875873666
Solomon Islands|china|export|raw_usd,Solomon Islands,china,export,raw_usd,2018,3,holt,380352736.55300003,357927377.56719005,22425358.98580998,60945577.715399995,0.3679571156176512,0.3679571156176512
Solomon Islands|china|export|raw_usd,Solomon Islands,china,export,raw_usd,2018,3,ar1,380352736.55300003,325830017.939,54522718.61400002,60945577.715399995,0.8946132050565989,0.8946132050565989
Solomon Islands|china|export|sti,Solomon Islands,china,export,sti,2016,1,naive,0.6250079344285606,0.5799458522777255,0.04506208215083507,1.0,0.04506208215083507,0.04506208215083507
Solomon Islands|china|export|sti,Solomon Islands,china,export,sti,2017,1,naive,0.6520321069504953,0.6250079344285606,0.027024172521934675,0.04506208215083507,0.5997098054962796,0.5997098054962796
Solomon Islands|china|export|sti,Solomon Islands,china,export,sti,2018,1,naive,0.6583588791710213,0.6520321069504953,0.006326772220526022,0.013371502407903862,0.4731534293996973,0.4731534293996973
Solomon Islands|china|export|sti,Solomon Islands,china,export,sti,2018,3,holt,0.6583588791710213,0.7075561766860926,-0.04919729751507129,0.04006603818102035,-1.2279052221933064,1.2279052221933064
Solomon Islands|china|export|sti,Solomon Islands,china,export,sti,2018,3,ar1,0.6583588791710213,0.6520321069504953,0.006326772220526022,0.04006603818102035,0.15790860558614134,0.15790860558614134
Solomon Islands|china|import|cwti,Solomon Islands,china,import,cwti,2016,1,naive,0.03729965133343083,0.017788987577640917,0.01951066375578991,1.0,0.01951066375578991,0.01951066375578991
Solomon Islands|china|import|cwti,Solomon Islands,china,import,cwti,2017,1,naive,0.02571407783516286,0.03729965133343083,-0.011585573498267967,0.01951066375578991,-0.593807245272723,0.593807245272723
Solomon Islands|china|import|cwti,Solomon Islands,china,import,cwti,2018,1,naive,0.04216379961792626,0.02571407783516286,0.0164497217827634,0.023051640676433102,0.7136030798701808,0.7136030798701808
Solomon Islands|china|import|cwti,Solomon Islands,china,import,cwti,2018,3,holt,0.04216379961792626,0.0697907690216585,-0.027626969403732236,0.011749738815802033,-2.3512837039898433,2.3512837039898433
Solomon Islands|china|import|cwti,Solomon Islands,china,import,cwti,2018,3,ar1,0.04216379961792626,0.02571407783516286,0.0164497217827634,0.011749738815802033,1.4000074419220652,1.4000074419220652
Solomon Islands|china|import|raw_usd,Solomon Islands,china,import,raw_usd,2016,1,naive,67393082.0,49136355.0,18256727.0,1.0,18256727.0,18256727.0
Solomon Islands|china|import|raw_usd,Solomon Islands,china,import,raw_usd,2017,1,naive,71849557.36,67393082.0,4456475.359999999,18256727.0,0.24410045458860175,0.24410045458860175
Solomon Islands|china|import|raw_usd,Solomon Islands,china,import,raw_usd,2018,1,naive,89413797.743,71849557.36,17564240.383,10230126.540732,1.7169133063082542,1.7169133063082542
Solomon Islands|china|import|raw_usd,Solomon Islands,china,import,raw_usd,2018,3,holt,89413797.743,101008483.15560001,-11594685.41260001,6607170.368735999,-1.7548639985831274,1.7548639985831274
Solomon Islands|china|import|raw_usd,Solomon Islands,china,import,raw_usd,2018,3,ar1,89413797.743,71849557.36,17564240.383,6607170.368735999,2.658360448235297,2.658360448235297
Solomon Islands|china|import|sti,Solomon Islands,china,import,sti,2016,1,naive,0.14849078414562172,0.10548125011122614,0.043009534034395586,1.0,0.043009534034395586,0.043009534034395586
Solomon Islands|china|import|sti,Solomon Islands,china,import,sti,2017,1,naive,0.125661637109767,0.14849078414562172,-0.02282914703585473,0.043009534034395586,-0.5307927079051311,0.5307927079051311
Solomon Islands|china|import|sti,Solomon Islands,china,import,sti,2018,1,naive,0.14858002872631357,0.125661637109767,0.022918391616546574,0.04880621427737655,0.4695793754110136,0.4695793754110136
Solomon Islands|china|import|sti,Solomon Islands,china,import,sti,2018,3,holt,0.14858002872631357,0.22068372918966034,-0.07210370046334677,0.029919441764036672,-2.4099280003952415,2.4099280003952415
Solomon Islands|china|import|sti,Solomon Islands,china,import,sti,2018,3,ar1,0.14858002872631357,0.125661637109767,0.022918391616546574,0.029919441764036672,0.7660033164153016,0.7660033164153016
Solomon Islands|china|total|cwti,Solomon Islands,china,total,cwti,2016,1,naive,0.5474073806020084,0.40843958035794803,0.1389678002440604,1.0,0.1389678002440604,0.1389678002440604
Solomon Islands|china|total|cwti,Solomon Islands,china,total,cwti,2017,1,naive,0.5697435307267281,0.5474073806020084,0.022336150124719678,0.1389678002440604,0.1607289608491471,0.1607289608491471
Solomon Islands|china|total|cwti,Solomon Islands,china,total,cwti,2018,1,naive,0.5990362120203485,0.5697435307267281,0.029292681293620393,0.08645904223346729,0.3388041382013082,0.3388041382013082
Solomon Islands|china|total|cwti,Solomon Islands,china,total,cwti,2018,3,holt,0.5990362120203485,0.8008503345650678,-0.2018141225447193,0.03311557617490939,-6.094235579015152,6.094235579015152
Solomon Islands|china|total|cwti,Solomon Islands,china,total,cwti,2018,3,ar1,0.5990362120203485,0.5697435307267281,0.029292681293620393,0.03311557617490939,0.8845590105061955,0.8845590105061955
Solomon Islands|china|total|sti,Solomon Islands,china,total,sti,2016,1,naive,0.38232442166613867,0.3247945122469846,0.05752990941915409,1.0,0.05752990941915409,0.05752990941915409
Solomon Islands|china|total|sti,Solomon Islands,china,total,sti,2017,1,naive,0.3711481575501378,0.38232442166613867,-0.011176264116000867,0.05752990941915409,-0.19426875913487576,0.19426875913487576
Solomon Islands|china|total|sti,Solomon Islands,china,total,sti,2018,1,naive,0.39827012565116476,0.3711481575501378,0.02712196810102696,0.05093188644161037,0.5325145011489076,0.5325145011489076
Solomon Islands|china|total|sti,Solomon Islands,china,total,sti,2018,3,holt,0.39827012565116476,0.4829559440620643,-0.08468581841089956,0.016569929178382885,-5.11081354055397,5.11081354055397
Solomon Islands|china|total|sti,Solomon Islands,china,total,sti,2018,3,ar1,0.39827012565116476,0.3711481575501378,0.02712196810102696,0.016569929178382885,1.6368185892073852,1.6368185892073852
Solomon Islands|us|export|cwti,Solomon Islands,us,export,cwti,2016,1,naive,0.0008184354607272035,5.0070449129467504e-05,0.000768365011597736,1.0,0.000768365011597736,0.000768365011597736
Solomon Islands|us|export|cwti,Solomon Islands,us,export,cwti,2017,1,naive,0.000625372725658778,0.0008184354607272035,-0.00019306273506842554,0.000768365011597736,-0.25126434982635587,0.25126434982635587
Solomon Islands|us|export|cwti,Solomon Islands,us,export,cwti,2018,1,naive,0.0,0.000625372725658778,-0.000625372725658778,0.0007127063886036255,-0.8774619333552537,0.8774619333552537
Solomon Islands|us|export|cwti,Solomon Islands,us,export,cwti,2018,3,holt,0.0,0.0018552230556562713,-0.0018552230556562713,0.0002862348110124477,-6.481472498380331,6.481472498380331
Solomon Islands|us|export|cwti,Solomon Islands,us,export,cwti,2018,3,ar1,0.0,0.000625372725658778,-0.000625372725658778,0.0002862348110124477,-2.1848241429711424,2.1848241429711424
Solomon Islands|us|export|raw_usd,Solomon Islands,us,export,raw_usd,2016,1,naive,1897548.0,961810.0,935738.0,1.0,935738.0,935738.0
Solomon Islands|us|export|raw_usd,Solomon Islands,us,export,raw_usd,2017,1,naive,3556718.975,1897548.0,1659170.975,935738.0,1.7731148836533304,1.7731148836533304
Solomon Islands|us|export|sti,Solomon Islands,us,export,sti,2016,1,naive,0.0043392057198299045,0.0024021193315371505,0.001937086388292754,1.0,0.001937086388292754,0.001937086388292754
Solomon Islands|us|export|sti,Solomon Islands,us,export,sti,2017,1,naive,0.007117499430436834,0.0043392057198299045,0.0027782937106069295,0.001937086388292754,1.4342642266231458,1.4342642266231458
Solomon Islands|us|import|cwti,Solomon Islands,us,import,cwti,2016,1,naive,0.00029213338709720946,0.00023262627949715648,5.9507107600052984e-05,1.0,5.9507107600052984e-05,5.9507107600052984e-05
Solomon Islands|us|import|cwti,Solomon Islands,us,import,cwti,2017,1,naive,0.00031726609254997503,0.00029213338709720946,2.513270545276557e-05,5.9507107600052984e-05,0.4223479591998048,0.4223479591998048
Solomon Islands|us|import|cwti,Solomon Islands,us,import,cwti,2018,1,naive,0.0,0.00031726609254997503,-0.00031726609254997503,2.548174431178416e-05,-12.450721138554622,12.450721138554622
Solomon Islands|us|import|cwti,Solomon Islands,us,import,cwti,2018,3,holt,0.0,0.0003967103533954547,-0.0003967103533954547,3.7261749104270234e-05,-10.64658431050386,10.64658431050386
Solomon Islands|us|import|cwti,Solomon Islands,us,import,cwti,2018,3,ar1,0.0,0.00031726609254997503,-0.00031726609254997503,3.7261749104270234e-05,-8.514524953247996,8.514524953247996
Solomon Islands|us|import|raw_usd,Solomon Islands,us,import,raw_usd,2016,1,naive,6439029.0,5560216.0,878813.0,1.0,878813.0,878813.0
Solomon Islands|us|import|raw_usd,Solomon Islands,us,import,raw_usd,2017,1,naive,8564590.098,6439029.0,2125561.0979999993,878813.0,2.4186727984224166,2.4186727984224166
Solomon Islands|us|import|sti,Solomon Islands,us,import,sti,2016,1,naive,0.01418745718360823,0.011936142486931344,0.0022513146966768854,1.0,0.0022513146966768854,0.0022513146966768854
Solomon Islands|us|import|sti,Solomon Islands,us,import,sti,2017,1,naive,0.01497908202128943,0.01418745718360823,0.0007916248376811999,0.0022513146966768854,0.3516278016794806,0.3516278016794806
Solomon Islands|us|total|cwti,Solomon Islands,us,total,cwti,2016,1,naive,0.001110568847824413,0.000282696728626624,0.000827872119197789,1.0,0.000827872119197789,0.000827872119197789
Solomon Islands|us|total|cwti,Solomon Islands,us,total,cwti,2017,1,naive,0.000942638818208753,0.001110568847824413,-0.00016793002961566002,0.000827872119197789,-0.2028453739671591,0.2028453739671591
Solomon Islands|us|total|cwti,Solomon Islands,us,total,cwti,2018,1,naive,0.0,0.000942638818208753,-0.000942638818208753,0.0007381881329154098,-1.276962844804729,1.276962844804729
Solomon Islands|us|total|cwti,Solomon Islands,us,total,cwti,2018,3,holt,0.0,0.0025571946349691667,-0.0025571946349691667,0.0002489730619081775,-10.270969137666278,10.270969137666278
Solomon Islands|us|total|cwti,Solomon Islands,us,total,cwti,2018,3,ar1,0.0,0.000942638818208753,-0.000942638818208753,0.0002489730619081775,-3.786107665561035,3.786107665561035
Solomon Islands|us|total|sti,Solomon Islands,us,total,sti,2016,1,naive,0.009354782301655524,0.007529201041901048,0.0018255812597544763,1.0,0.0018255812597544763,0.0018255812597544763
Solomon Islands|us|total|sti,Solomon Islands,us,total,sti,2017,1,naive,0.011312629083747241,0.009354782301655524,0.001957846782091717,0.0018255812597544763,1.0724511832220656,1.0724511832220656
Tonga|aus|export|cwti,Tonga,aus,export,cwti,2009,1,naive,0.03146887573366812,0.005507042332929171,0.02596183340073895,1.0,0.02596183340073895,0.02596183340073895
Tonga|aus|export|cwti,Tonga,aus,export,cwti,2010,1,naive,0.00200207939366603,0.03146887573366812,-0.02946679634000209,0.02596183340073895,-1.1350044461483748,1.1350044461483748
Tonga|aus|export|cwti,Tonga,aus,export,cwti,2011,1,naive,0.0446065887246359,0.00200207939366603,0.042604509330969875,0.04108924322681133,1.0368774400588086,1.0368774400588086
Tonga|aus|export|cwti,Tonga,aus,export,cwti,2012,1,naive,0.04924687560765857,0.0446065887246359,0.004640286883022669,0.02467443133416037,0.1880605400862249,0.1880605400862249
Tonga|aus|export|cwti,Tonga,aus,export,cwti,2013,1,naive,0.027353258896996954,0.04924687560765857,-0.021893616710661618,0.028142878100663262,-0.777945192114009,0.777945192114009
Tonga|aus|export|cwti,Tonga,aus,export,cwti,2014,1,naive,0.01042487612032162,0.027353258896996954,-0.016928382776675334,0.039339165467996325,-0.43031880761291486,0.43031880761291486
Tonga|aus|export|cwti,Tonga,aus,export,cwti,2017,1,naive,0.17208017959955177,0.01042487612032162,0.16165530347923016,0.02896430870849228,5.581189770699866,5.581189770699866
Tonga|aus|export|cwti,Tonga,aus,export,cwti,2011,3,holt,0.0446065887246359,0.0717525302895904,-0.0271459415649545,0.005196458053751535,-5.223931624995363,5.223931624995363
Tonga|aus|export|cwti,Tonga,aus,export,cwti,2012,3,holt,0.04924687560765857,-0.04179653909543403,0.0910434147030926,0.0271459415649545,3.3538499478916566,3.3538499478916566
Tonga|aus|export|cwti,Tonga,aus,export,cwti,2013,3,holt,0.027353258896996954,0.12184312067250674,-0.09448986177550979,0.08761376980150332,-1.078481864090369,1.078481864090369
Tonga|aus|export|cwti,Tonga,aus,export,cwti,2014,3,holt,0.01042487612032162,0.04738320986435651,-0.03695833374403489,0.09984409610416928,-0.3701604319746212,0.3701604319746212
Tonga|aus|export|cwti,Tonga,aus,export,cwti,2017,3,holt,0.17208017959955177,-0.015143013701489837,0.18722319330104162,0.04992204805208464,3.7503107465805097,3.7503107465805097
Tonga|aus|export|cwti,Tonga,aus,export,cwti,2011,3,ar1,0.0446065887246359,0.00200207939366603,0.042604509330969875,0.005196458053751535,8.198759403092255,8.198759403092255
Tonga|aus|export|cwti,Tonga,aus,export,cwti,2012,3,ar1,0.04924687560765857,0.0446065887246359,0.004640286883022669,0.042604509330969875,0.10891539313303564,0.10891539313303564
Tonga|aus|export|cwti,Tonga,aus,export,cwti,2013,3,ar1,0.027353258896996954,0.04924687560765857,-0.021893616710661618,0.028142878100663262,-0.777945192114009,0.777945192114009
Tonga|aus|export|cwti,Tonga,aus,export,cwti,2014,3,ar1,0.01042487612032162,0.027353258896996954,-0.016928382776675334,0.039339165467996325,-0.43031880761291486,0.43031880761291486
Tonga|aus|export|cwti,Tonga,aus,export,cwti,2017,3,ar1,0.17208017959955177,0.01042487612032162,0.16165530347923016,0.019669582733998162,8.21854259266084,8.21854259266084
Tonga|aus|export|cwti,Tonga,aus,export,cwti,2013,5,holt,0.027353258896996954,0.06831272861539282,-0.04095946971839587,0.02635766261317824,-1.5539871770692235,1.5539871770692235
Tonga|aus|export|cwti,Tonga,aus,export,cwti,2014,5,holt,0.01042487612032162,0.02223847523825114,-0.011813599117929521,0.04095946971839587,-0.2884216812168287,0.2884216812168287
Tonga|aus|export|cwti,Tonga,aus,export,cwti,2017,5,holt,0.17208017959955177,0.026886786491917322,0.14519339310763446,0.0216058338761257,6.720101336522455,6.720101336522455
Tonga|aus|export|cwti,Tonga,aus,export,cwti,2013,5,ar1,0.027353258896996954,0.028739595094921747,-0.001386336197924793,0.02635766261317824,-0.0525970841295941,0.0525970841295941
Tonga|aus|export|cwti,Tonga,aus,export,cwti,2014,5,ar1,0.01042487612032162,0.031547500987132236,-0.021122624866810616,0.001386336197924793,-15.23629325875576,15.23629325875576
Tonga|aus|export|cwti,Tonga,aus,export,cwti,2017,5,ar1,0.17208017959955177,0.034931881200471096,0.13714829839908066,0.01463051079024506,9.374129199270659,9.374129199270659
Tonga|aus|export|cwti,Tonga,aus,export,cwti,2017,7,holt,0.17208017959955177,0.014991574074820138,0.15708860552473164,0.025579786802457503,6.141122548747741,6.141122548747741
Tonga|aus|export|cwti,Tonga,aus,export,cwti,2017,7,ar1,0.17208017959955177,0.029673279408482446,0.14240690019106933,0.025579786802457503,5.567165250078942,5.567165250078942
Tonga|aus|export|raw_usd,Tonga,aus,export,raw_usd,2009,1,naive,747834.0,577016.0,170818.0,1.0,170818.0,170818.0
Tonga|aus|export|raw_usd,Tonga,aus,export,raw_usd,2010,1,naive,324304.0,747834.0,-423530.0,170818.0,-2.4794225432916908,2.4794225432916908
Tonga|aus|export|raw_usd,Tonga,aus,export,raw_usd,2011,1,naive,1334867.0,324304.0,1010563.0,440590.1724,2.2936576058771845,2.2936576058771845
Tonga|aus|export|raw_usd,Tonga,aus,export,raw_usd,2012,1,naive,1873064.0,1334867.0,538197.0,881180.3448,0.6107682759562161,0.6107682759562161
Tonga|aus|export|raw_usd,Tonga,aus,export,raw_usd,2013,1,naive,1848001.0,1873064.0,-25063.0,622502.9685,-0.04026165539482082,0.04026165539482082
Tonga|aus|export|raw_usd,Tonga,aus,export,raw_usd,2014,1,naive,1657377.0,1848001.0,-190624.0,544676.1054,-0.34997679925762354,0.34997679925762354
Tonga|aus|export|raw_usd,Tonga,aus,export,raw_usd,2017,1,naive,12311424.781,1657377.0,10654047.781,540275.0072999999,19.719675419085412,19.719675419085412
Tonga|aus|export|raw_usd,Tonga,aus,export,raw_usd,2011,3,holt,1334867.0,839843.84,495023.16000000003,253254.76679999998,1.9546449855805836,1.9546449855805836
Tonga|aus|export|raw_usd,Tonga,aus,export,raw_usd,2012,3,holt,1873064.0,-221596.46999999997,2094660.47,495023.16000000003,4.231439333060699,4.231439333060699
Tonga|aus|export|raw_usd,Tonga,aus,export,raw_usd,2013,3,holt,1848001.0,3256796.1399999997,-1408795.1399999997,1185811.137903,-1.1880434370782913,1.1880434370782913
Tonga|aus|export|raw_usd,Tonga,aus,export,raw_usd,2014,3,holt,1657377.0,2831173.4,-1173796.4,2371622.275806,-0.49493395806508994,0.49493395806508994
Tonga|aus|export|raw_usd,Tonga,aus,export,raw_usd,2017,3,holt,12311424.781,1763107.1900000004,10548317.590999998,1411300.5057899999,7.474182534282729,7.474182534282729
Tonga|aus|export|raw_usd,Tonga,aus,export,raw_usd,2011,3,ar1,1334867.0,324304.0,1010563.0,253254.76679999998,3.990301990240762,3.990301990240762
Tonga|aus|export|raw_usd,Tonga,aus,export,raw_usd,2012,3,ar1,1873064.0,1334867.0,538197.0,1010563.0,0.5325714477969211,0.5325714477969211
Tonga|aus|export|raw_usd,Tonga,aus,export,raw_usd,2013,3,ar1,1848001.0,1873064.0,-25063.0,350164.91579999996,-0.07157484621993077,0.07157484621993077
Tonga|aus|export|raw_usd,Tonga,aus,export,raw_usd,2014,3,ar1,1657377.0,1848001.0,-190624.0,700329.8315999999,-0.27219174651534295,0.27219174651534295
Tonga|aus|export|raw_usd,Tonga,aus,export,raw_usd,2017,3,ar1,12311424.781,1657377.0,10654047.781,540275.0072999999,19.719675419085412,19.719675419085412
Tonga|aus|export|raw_usd,Tonga,aus,export,raw_usd,2013,5,holt,1848001.0,1515667.7506720005,332333.24932799954,627925.578,0.529255792360794,0.529255792360794
Tonga|aus|export|raw_usd,Tonga,aus,export,raw_usd,2014,5,holt,1657377.0,1986424.9131520002,-329047.91315200017,332333.24932799954,-0.9901143319765852,0.9901143319765852
Tonga|aus|export|raw_usd,Tonga,aus,export,raw_usd,2017,5,holt,12311424.781,2268670.6373759997,10042754.143624,490281.85574642377,20.4836341094747,20.4836341094747
Tonga|aus|export|raw_usd,Tonga,aus,export,raw_usd,2013,5,ar1,1848001.0,1914118.7789653847,-66117.7789653847,627925.578,-0.1052955657197081,0.1052955657197081
Tonga|aus|export|raw_usd,Tonga,aus,export,raw_usd,2014,5,ar1,1657377.0,1843109.918624003,-185732.91862400295,66117.7789653847,-2.8091221685054117,2.8091221685054117
Tonga|aus|export|raw_usd,Tonga,aus,export,raw_usd,2017,5,ar1,12311424.781,1763195.6732896916,10548229.107710307,88670.70302893371,118.95957455382265,118.95957455382265
Tonga|aus|export|raw_usd,Tonga,aus,export,raw_usd,2017,7,holt,12311424.781,1917553.8759529558,10393870.905047044,797930.8722,13.026029280443531,13.026029280443531
Tonga|aus|export|raw_usd,Tonga,aus,export,raw_usd,2017,7,ar1,12311424.781,1647224.8777604552,10664199.903239544,797930.8722,13.364816771454084,13.364816771454084
Tonga|aus|export|sti,Tonga,aus,export,sti,2009,1,naive,0.09589512386873454,0.062098162311270404,0.03379696155746414,1.0,0.03379696155746414,0.03379696155746414
Tonga|aus|export|sti,Tonga,aus,export,sti,2010,1,naive,0.0392761267797873,0.09589512386873454,-0.05661899708894724,0.03379696155746414,-1.6752688549436423,1.6752688549436423
Tonga|aus|export|sti,Tonga,aus,export,sti,2011,1,naive,0.09275036111973277,0.0392761267797873,0.05347423433994547,0.06702535014458476,0.7978210367359918,0.7978210367359918
Tonga|aus|export|sti,Tonga,aus,export,sti,2012,1,naive,0.12019835066288762,0.09275036111973277,0.027447989543154847,0.02917352462730682,0.9408527044230764,0.9408527044230764
Tonga|aus|export|sti,Tonga,aus,export,sti,2013,1,naive,0.10817316289669544,0.12019835066288762,-0.012025187766192172,0.01929325526786089,-0.6232845416306694,0.6232845416306694
Tonga|aus|export|sti,Tonga,aus,export,sti,2014,1,naive,0.08778715149886962,0.10817316289669544,-0.020386011397825823,0.03858651053572178,-0.5283196411075655,0.5283196411075655
Tonga|aus|export|sti,Tonga,aus,export,sti,2017,1,naive,0.3699855478407498,0.08778715149886962,0.28219839634188015,0.040165837851756446,7.025831189764156,7.025831189764156
Tonga|aus|export|sti,Tonga,aus,export,sti,2011,3,holt,0.09275036111973277,0.12551434435217002,-0.032763983232437247,0.03383594987897685,-0.9683187068672885,0.9683187068672885
Tonga|aus|export|sti,Tonga,aus,export,sti,2012,3,holt,0.12019835066288762,-0.0508422887980397,0.17104063946092732,0.032763983232437247,5.220386002749274,5.220386002749274
Tonga|aus|export|sti,Tonga,aus,export,sti,2013,3,holt,0.10817316289669544,0.17783678417031956,-0.06966362127362412,0.15108036680259115,-0.4611030721460317,0.4611030721460317
Tonga|aus|export|sti,Tonga,aus,export,sti,2014,3,holt,0.08778715149886962,0.16680496251423443,-0.07901781101536481,0.054707403359863654,-1.4443714408375048,1.4443714408375048
Tonga|aus|export|sti,Tonga,aus,export,sti,2017,3,holt,0.3699855478407498,0.08061124143902497,0.2893743064017248,0.034287962535484204,8.439530523350717,8.439530523350717
Tonga|aus|export|sti,Tonga,aus,export,sti,2011,3,ar1,0.09275036111973277,0.0392761267797873,0.05347423433994547,0.03383594987897685,1.5803970194781025,1.5803970194781025
Tonga|aus|export|sti,Tonga,aus,export,sti,2012,3,ar1,0.12019835066288762,0.09275036111973277,0.027447989543154847,0.05347423433994547,0.513293736356522,0.513293736356522
Tonga|aus|export|sti,Tonga,aus,export,sti,2013,3,ar1,0.10817316289669544,0.12019835066288762,-0.012025187766192172,0.01929325526786089,-0.6232845416306694,0.6232845416306694
Tonga|aus|export|sti,Tonga,aus,export,sti,2014,3,ar1,0.08778715149886962,0.10817316289669544,-0.020386011397825823,0.03858651053572178,-0.5283196411075655,0.5283196411075655
Tonga|aus|export|sti,Tonga,aus,export,sti,2017,3,ar1,0.3699855478407498,0.08778715149886962,0.28219839634188015,0.03545934489754897,7.958364632996544,7.958364632996544
Tonga|aus|export|sti,Tonga,aus,export,sti,2013,5,holt,0.10817316289669544,0.15089088162079414,-0.0427177187240987,0.04069438929668137,-1.0497201079162608,1.0497201079162608
Tonga|aus|export|sti,Tonga,aus,export,sti,2014,5,holt,0.08778715149886962,0.0976951192600625,-0.009907967761192876,0.0427177187240987,-0.23194047007017285,0.23194047007017285
Tonga|aus|export|sti,Tonga,aus,export,sti,2017,5,holt,0.3699855478407498,0.11694365324840265,0.2530418945923471,0.024321868388802084,10.403883885369963,10.403883885369963
Tonga|aus|export|sti,Tonga,aus,export,sti,2013,5,ar1,0.10817316289669544,0.0710297732376227,0.03714338965907274,0.04069438929668137,0.9127398223936926,0.9127398223936926
Tonga|aus|export|sti,Tonga,aus,export,sti,2014,5,ar1,0.08778715149886962,0.09127722055226158,-0.003490069053391956,0.03714338965907274,-0.09396205045975019,0.09396205045975019
Tonga|aus|export|sti,Tonga,aus,export,sti,2017,5,ar1,0.3699855478407498,0.1019567013870142,0.2680288464537356,0.030121582943550076,8.898232438714796,8.898232438714796
Tonga|aus|export|sti,Tonga,aus,export,sti,2017,7,holt,0.3699855478407498,0.11217401672929288,0.2578115311114569,0.02286584591452486,11.274961445781878,11.274961445781878
Tonga|aus|export|sti,Tonga,aus,export,sti,2017,7,ar1,0.3699855478407498,0.09068105728293602,0.27930449055781376,0.02286584591452486,12.21492052390652,12.21492052390652
Tonga|aus|import|cwti,Tonga,aus,import,cwti,2009,1,naive,0.025022452601275027,0.026040141748871155,-0.0010176891475961285,1.0,-0.0010176891475961285,0.0010176891475961285
Tonga|aus|import|cwti,Tonga,aus,import,cwti,2010,1,naive,0.01815635617869815,0.025022452601275027,-0.006866096422576878,0.0010176891475961285,-6.74675212838341,6.74675212838341
Tonga|aus|import|cwti,Tonga,aus,import,cwti,2011,1,naive,0.006759327339397682,0.01815635617869815,-0.011397028839300466,0.0043354243129432295,-2.6288150862823527,2.6288150862823527
Tonga|aus|import|cwti,Tonga,aus,import,cwti,2012,1,naive,0.0032561725260597503,0.006759327339397682,-0.0035031548133379314,0.006717560401034391,-0.5214921197877885,0.5214921197877885
Tonga|aus|import|cwti,Tonga,aus,import,cwti,2013,1,naive,0.003557863018118912,0.0032561725260597503,0.0003016904920591615,0.0043354243129432295,0.0695873045594354,0.0695873045594354
Tonga|aus|import|cwti,Tonga,aus,import,cwti,2014,1,naive,0.0036671431763203267,0.003557863018118912,0.00010928015820141487,0.004985897229857663,0.021917852126393425,0.021917852126393425
Tonga|aus|import|cwti,Tonga,aus,import,cwti,2017,1,naive,0.007425779315967126,0.0036671431763203267,0.0037586361396467994,0.0036559541712785837,1.02808622962916,1.02808622962916
Tonga|aus|import|cwti,Tonga,aus,import,cwti,2011,3,holt,0.006759327339397682,0.020530743250590854,-0.013771415911193172,0.00150882593022602,-9.127239687039467,9.127239687039467
Tonga|aus|import|cwti,Tonga,aus,import,cwti,2012,3,holt,0.0032561725260597503,0.0034726675260324394,-0.0002164949999726891,0.013771415911193172,-0.01572060573646067,0.01572060573646067
Tonga|aus|import|cwti,Tonga,aus,import,cwti,2013,3,holt,0.003557863018118912,-0.014377016793751118,0.01793487981187003,0.010048262871487744,1.7848736683393112,1.7848736683393112
Tonga|aus|import|cwti,Tonga,aus,import,cwti,2014,3,holt,0.0036671431763203267,-0.0029511195864827225,0.00661826276280305,0.020096525742975487,0.32932372726745507,0.32932372726745507
Tonga|aus|import|cwti,Tonga,aus,import,cwti,2017,3,holt,0.007425779315967126,0.004080431662016981,0.003345347653950145,0.013455614148019008,0.2486209560670749,0.2486209560670749
Tonga|aus|import|cwti,Tonga,aus,import,cwti,2011,3,ar1,0.006759327339397682,0.01815635617869815,-0.011397028839300466,0.00150882593022602,-7.553574346109764,7.553574346109764
Tonga|aus|import|cwti,Tonga,aus,import,cwti,2012,3,ar1,0.0032561725260597503,0.006759327339397682,-0.0035031548133379314,0.011397028839300466,-0.30737439228529234,0.30737439228529234
Tonga|aus|import|cwti,Tonga,aus,import,cwti,2013,3,ar1,0.003557863018118912,0.0032561725260597503,0.0003016904920591615,0.005851728815446026,0.05155578831042707,0.05155578831042707
Tonga|aus|import|cwti,Tonga,aus,import,cwti,2014,3,ar1,0.0036671431763203267,0.003557863018118912,0.00010928015820141487,0.005641063649781729,0.0193722611524944,0.0193722611524944
Tonga|aus|import|cwti,Tonga,aus,import,cwti,2017,3,ar1,0.007425779315967126,0.0036671431763203267,0.0037586361396467994,0.002820531824890865,1.3325983796663001,1.3325983796663001
Tonga|aus|import|cwti,Tonga,aus,import,cwti,2013,5,holt,0.003557863018118912,-0.001627072455049713,0.005184935473168625,0.0116885004863385,0.44359286969519907,0.44359286969519907
Tonga|aus|import|cwti,Tonga,aus,import,cwti,2014,5,holt,0.0036671431763203267,-0.008918939177796556,0.012586082354116884,0.005184935473168625,2.4274327846987185,2.4274327846987185
Tonga|aus|import|cwti,Tonga,aus,import,cwti,2017,5,holt,0.007425779315967126,-0.0027371860216137372,0.010162965337580864,0.0054864701828469436,1.8523686448446668,1.8523686448446668
Tonga|aus|import|cwti,Tonga,aus,import,cwti,2013,5,ar1,0.003557863018118912,-0.002696613844116297,0.006254476862235209,0.0116885004863385,0.5350965993923199,0.5350965993923199
Tonga|aus|import|cwti,Tonga,aus,import,cwti,2014,5,ar1,0.0036671431763203267,0.0018999907086956675,0.0017671524676246592,0.006254476862235209,0.2825420105548394,0.2825420105548394
Tonga|aus|import|cwti,Tonga,aus,import,cwti,2017,5,ar1,0.007425779315967126,0.0033634191255803203,0.004062360190386806,0.0033264535737248004,1.2212285848432791,1.2212285848432791
Tonga|aus|import|cwti,Tonga,aus,import,cwti,2017,7,holt,0.007425779315967126,0.0008464560835944905,0.006579323232372636,0.005193777326254816,1.2667703713660985,1.2667703713660985
Tonga|aus|import|cwti,Tonga,aus,import,cwti,2017,7,ar1,0.007425779315967126,0.002086617930624327,0.0053391613853428,0.005193777326254816,1.0279919699970694,1.0279919699970694
Tonga|aus|import|raw_usd,Tonga,aus,import,raw_usd,2009,1,naive,17441861.0,17907871.0,-466010.0,1.0,-466010.0,466010.0
Tonga|aus|import|raw_usd,Tonga,aus,import,raw_usd,2010,1,naive,14602748.0,17441861.0,-2839113.0,466010.0,-6.092386429475762,6.092386429475762
Tonga|aus|import|raw_usd,Tonga,aus,import,raw_usd,2011,1,naive,12624511.0,14602748.0,-1978237.0,1759181.2539,-1.1245214190489847,1.1245214190489847
Tonga|aus|import|raw_usd,Tonga,aus,import,raw_usd,2012,1,naive,10295701.0,12624511.0,-2328810.0,1276334.7576,-1.8246075225429559,1.8246075225429559
Tonga|aus|import|raw_usd,Tonga,aus,import,raw_usd,2013,1,naive,11201789.0,10295701.0,906088.0,638167.3788,1.4198281361604441,1.4198281361604441
Tonga|aus|import|raw_usd,Tonga,aus,import,raw_usd,2014,1,naive,11761978.0,11201789.0,560189.0,1276334.7576,0.4389044462389873,0.4389044462389873
Tonga|aus|import|raw_usd,Tonga,aus,import,raw_usd,2017,1,naive,14479579.472,11761978.0,2717601.471999999,2019061.0188,1.3459729283541746,1.3459729283541746
Tonga|aus|import|raw_usd,Tonga,aus,import,raw_usd,2011,3,holt,12624511.0,16011489.370000001,-3386978.370000001,690906.426,-4.902224443922021,4.902224443922021
Tonga|aus|import|raw_usd,Tonga,aus,import,raw_usd,2012,3,holt,10295701.0,9105305.959999999,1190395.040000001,3386978.370000001,0.35146225040699053,0.35146225040699053
Tonga|aus|import|raw_usd,Tonga,aus,import,raw_usd,2013,3,holt,11201789.0,8594416.670000002,2607372.329999998,3393206.9088330013,0.7684094722348456,0.7684094722348456
Tonga|aus|import|raw_usd,Tonga,aus,import,raw_usd,2014,3,holt,11761978.0,6317409.580000002,5444568.419999998,2100810.530153996,2.5916513373535377,2.5916513373535377
Tonga|aus|import|raw_usd,Tonga,aus,import,raw_usd,2017,3,holt,14479579.472,12868687.42,1610892.0519999992,3153618.726593998,0.510807485513574,0.510807485513574
Tonga|aus|import|raw_usd,Tonga,aus,import,raw_usd,2011,3,ar1,12624511.0,14602748.0,-1978237.0,690906.426,-2.863248807009938,2.863248807009938
Tonga|aus|import|raw_usd,Tonga,aus,import,raw_usd,2012,3,ar1,10295701.0,12624511.0,-2328810.0,1978237.0,-1.1772148635375843,1.1772148635375843
Tonga|aus|import|raw_usd,Tonga,aus,import,raw_usd,2013,3,ar1,11201789.0,10295701.0,906088.0,259879.76489999998,3.4865661832065173,3.4865661832065173
Tonga|aus|import|raw_usd,Tonga,aus,import,raw_usd,2014,3,ar1,11761978.0,11201789.0,560189.0,519759.52979999996,1.0777849522365794,1.0777849522365794
Tonga|aus|import|raw_usd,Tonga,aus,import,raw_usd,2017,3,ar1,14479579.472,11761978.0,2717601.471999999,2138150.1225,1.2710059239537794,1.2710059239537794
Tonga|aus|import|raw_usd,Tonga,aus,import,raw_usd,2013,5,holt,11201789.0,8870531.062207999,2331257.9377920013,4209268.9338,0.5538391522271808,0.5538391522271808
Tonga|aus|import|raw_usd,Tonga,aus,import,raw_usd,2014,5,holt,11761978.0,8824276.792064002,2937701.207935998,2331257.9377920013,1.2601356376370674,1.2601356376370674
Tonga|aus|import|raw_usd,Tonga,aus,import,raw_usd,2017,5,holt,14479579.472,10495472.164928,3984107.3070719987,449556.3961577449,8.862308135582648,8.862308135582648
Tonga|aus|import|raw_usd,Tonga,aus,import,raw_usd,2013,5,ar1,11201789.0,7547035.800159579,3654753.199840421,4209268.9338,0.8682631728500704,0.8682631728500704
Tonga|aus|import|raw_usd,Tonga,aus,import,raw_usd,2014,5,ar1,11761978.0,10815127.192778464,946850.8072215356,3654753.199840421,0.25907380210047515,0.25907380210047515
Tonga|aus|import|raw_usd,Tonga,aus,import,raw_usd,2017,5,ar1,14479579.472,11372092.16258006,3107487.3094199393,2007368.0436483796,1.5480406392103858,1.5480406392103858
Tonga|aus|import|raw_usd,Tonga,aus,import,raw_usd,2017,7,holt,14479579.472,10855248.092333771,3624331.379666228,2932934.1761999996,1.235735670127457,1.235735670127457
Tonga|aus|import|raw_usd,Tonga,aus,import,raw_usd,2017,7,ar1,14479579.472,11375340.954940952,3104238.517059047,2932934.1761999996,1.0584071549403111,1.0584071549403111
Tonga|aus|import|sti,Tonga,aus,import,sti,2009,1,naive,0.12060402450719307,0.10792856690195501,0.012675457605238055,1.0,0.012675457605238055,0.012675457605238055
Tonga|aus|import|sti,Tonga,aus,import,sti,2010,1,naive,0.09196994783646364,0.12060402450719307,-0.028634076670729425,0.012675457605238055,-2.2590171938957506,2.2590171938957506
Tonga|aus|import|sti,Tonga,aus,import,sti,2011,1,naive,0.06543615427798341,0.09196994783646364,-0.026533793558480234,0.030622757758774693,-0.8664730253067165,0.8664730253067165
Tonga|aus|import|sti,Tonga,aus,import,sti,2012,1,naive,0.05169317330852524,0.06543615427798341,-0.013742980969458168,0.0031138797422206495,-4.413459127248576,4.413459127248576
Tonga|aus|import|sti,Tonga,aus,import,sti,2013,1,naive,0.056567047082763194,0.05169317330852524,0.004873873774237952,0.011038769243352382,0.4415232954682,0.4415232954682
Tonga|aus|import|sti,Tonga,aus,import,sti,2014,1,naive,0.05390809288210363,0.056567047082763194,-0.0026589542006595634,0.022077538486704764,-0.12043707690786284,0.12043707690786284
Tonga|aus|import|sti,Tonga,aus,import,sti,2017,1,naive,0.0764212348444555,0.05390809288210363,0.022513141962351865,0.02328250379374399,0.9669553653589932,0.9669553653589932
Tonga|aus|import|sti,Tonga,aus,import,sti,2011,3,holt,0.06543615427798341,0.137279937519716,-0.0718437832417326,0.01879263344552594,-3.8229758192211656,3.8229758192211656
Tonga|aus|import|sti,Tonga,aus,import,sti,2012,3,holt,0.05169317330852524,0.035142853948577135,0.016550319359948107,0.0718437832417326,0.23036536514594852,0.23036536514594852
Tonga|aus|import|sti,Tonga,aus,import,sti,2013,3,holt,0.056567047082763194,0.01505463780471758,0.041512409278045614,0.0655265482586259,0.6335204643192986,0.6335204643192986
Tonga|aus|import|sti,Tonga,aus,import,sti,2014,3,holt,0.05390809288210363,0.029047593602969914,0.024860499279133717,0.037008794512571365,0.6717457189990059,0.6717457189990059
Tonga|aus|import|sti,Tonga,aus,import,sti,2017,3,holt,0.0764212348444555,0.06473290075651063,0.011688334087944868,0.018504397256285682,0.6316517055952474,0.6316517055952474
Tonga|aus|import|sti,Tonga,aus,import,sti,2011,3,ar1,0.06543615427798341,0.09196994783646364,-0.026533793558480234,0.01879263344552594,-1.4119252437607288,1.4119252437607288
Tonga|aus|import|sti,Tonga,aus,import,sti,2012,3,ar1,0.05169317330852524,0.06543615427798341,-0.013742980969458168,0.026533793558480234,-0.5179425602738925,0.5179425602738925
Tonga|aus|import|sti,Tonga,aus,import,sti,2013,3,ar1,0.056567047082763194,0.05169317330852524,0.004873873774237952,0.009481829372242057,0.5140225143162943,0.5140225143162943
Tonga|aus|import|sti,Tonga,aus,import,sti,2014,3,ar1,0.05390809288210363,0.056567047082763194,-0.0026589542006595634,0.018963658744484115,-0.14021314328032627,0.14021314328032627
Tonga|aus|import|sti,Tonga,aus,import,sti,2017,3,ar1,0.0764212348444555,0.05390809288210363,0.022513141962351865,0.013800674421501933,1.6313073748972444,1.6313073748972444
Tonga|aus|import|sti,Tonga,aus,import,sti,2013,5,holt,0.056567047082763194,0.04484061891501773,0.011726428167745467,0.039339002329802794,0.2980865673571405,0.2980865673571405
Tonga|aus|import|sti,Tonga,aus,import,sti,2014,5,holt,0.05390809288210363,0.03328720257431935,0.02062089030778428,0.011726428167745467,1.7584971325287084,1.7584971325287084
Tonga|aus|import|sti,Tonga,aus,import,sti,2017,5,holt,0.0764212348444555,0.038641910821718015,0.03777932402273748,0.006593464784410772,5.729813574201663,5.729813574201663
Tonga|aus|import|sti,Tonga,aus,import,sti,2013,5,ar1,0.056567047082763194,0.03761022177311717,0.018956825309646028,0.039339002329802794,0.48188373336770024,0.48188373336770024
Tonga|aus|import|sti,Tonga,aus,import,sti,2014,5,ar1,0.05390809288210363,0.05229579052137259,0.0016123023607310383,0.018956825309646028,0.08505128545498762,0.08505128545498762
Tonga|aus|import|sti,Tonga,aus,import,sti,2017,5,ar1,0.0764212348444555,0.05357143069563022,0.022849804148825273,0.01285749486203068,1.77715833403152,1.77715833403152
Tonga|aus|import|sti,Tonga,aus,import,sti,2017,7,holt,0.0764212348444555,0.04713850286460324,0.029282731979852254,0.02037534358531868,1.4371650645907015,1.4371650645907015
Tonga|aus|import|sti,Tonga,aus,import,sti,2017,7,ar1,0.0764212348444555,0.05096940490485689,0.02545182993959861,0.02037534358531868,1.2491485030926182,1.2491485030926182
Tonga|aus|total|cwti,Tonga,aus,total,cwti,2009,1,naive,0.05649132833494314,0.03154718408180033,0.024944144253142814,1.0,0.024944144253142814,0.024944144253142814
Tonga|aus|total|cwti,Tonga,aus,total,cwti,2010,1,naive,0.02015843557236418,0.05649132833494314,-0.036332892762578964,0.024944144253142814,-1.456570022762005,1.456570022762005
Tonga|aus|total|cwti,Tonga,aus,total,cwti,2011,1,naive,0.05136591606403359,0.02015843557236418,0.03120748049166941,0.04542466753975455,0.687016156240602,0.687016156240602
Tonga|aus|total|cwti,Tonga,aus,total,cwti,2012,1,naive,0.05250304813371832,0.05136591606403359,0.0011371320696847292,0.00928602230723953,0.12245631466965172,0.12245631466965172
Tonga|aus|total|cwti,Tonga,aus,total,cwti,2013,1,naive,0.030911121915115868,0.05250304813371832,-0.02159192621860245,0.022291149285217242,-0.9686322558936656,0.9686322558936656
Tonga|aus|total|cwti,Tonga,aus,total,cwti,2014,1,naive,0.014092019296641948,0.030911121915115868,-0.01681910261847392,0.03529627626319495,-0.47651209700021446,0.47651209700021446
Tonga|aus|total|cwti,Tonga,aus,total,cwti,2017,1,naive,0.1795059589155189,0.014092019296641948,0.16541393961887696,0.03131462354293235,5.282322471228001,5.282322471228001
Tonga|aus|total|cwti,Tonga,aus,total,cwti,2011,3,holt,0.05136591606403359,0.08064326129462562,-0.029277345230592035,0.016884958540090034,-1.7339305371155458,1.7339305371155458
Tonga|aus|total|cwti,Tonga,aus,total,cwti,2012,3,holt,0.05250304813371832,-0.038323871569401584,0.0908269197031199,0.029277345230592035,3.1022935647940657,3.1022935647940657
Tonga|aus|total|cwti,Tonga,aus,total,cwti,2013,3,holt,0.030911121915115868,0.10746610387875563,-0.07655498196363976,0.08903329159536065,-0.8598466999464377,0.8598466999464377
Tonga|aus|total|cwti,Tonga,aus,total,cwti,2014,3,holt,0.014092019296641948,0.04523110779200716,-0.031139088495365213,0.07009382422041656,-0.4442486744259444,0.4442486744259444
Tonga|aus|total|cwti,Tonga,aus,total,cwti,2017,3,holt,0.1795059589155189,-0.011270437566062027,0.19077639648158093,0.03504691211020828,5.443458067908145,5.443458067908145
Tonga|aus|total|cwti,Tonga,aus,total,cwti,2011,3,ar1,0.05136591606403359,0.02015843557236418,0.03120748049166941,0.016884958540090034,1.8482414639972817,1.8482414639972817
Tonga|aus|total|cwti,Tonga,aus,total,cwti,2012,3,ar1,0.05250304813371832,0.05136591606403359,0.0011371320696847292,0.03120748049166941,0.036437804390786296,0.036437804390786296
Tonga|aus|total|cwti,Tonga,aus,total,cwti,2013,3,ar1,0.030911121915115868,0.05250304813371832,-0.02159192621860245,0.022291149285217242,-0.9686322558936656,0.9686322558936656
Tonga|aus|total|cwti,Tonga,aus,total,cwti,2014,3,ar1,0.014092019296641948,0.030911121915115868,-0.01681910261847392,0.03369810181821457,-0.49911127662932114,0.49911127662932114
Tonga|aus|total|cwti,Tonga,aus,total,cwti,2017,3,ar1,0.1795059589155189,0.014092019296641948,0.16541393961887696,0.016849050909107283,9.817403989768176,9.817403989768176
Tonga|aus|total|cwti,Tonga,aus,total,cwti,2013,5,holt,0.030911121915115868,0.06445419975534718,-0.033543077840231306,0.007598936232850505,-4.414180723773314,4.414180723773314
Tonga|aus|total|cwti,Tonga,aus,total,cwti,2014,5,holt,0.014092019296641948,0.019017958732733944,-0.0049259394360919966,0.033543077840231306,-0.1468541276848442,0.1468541276848442
Tonga|aus|total|cwti,Tonga,aus,total,cwti,2017,5,holt,0.1795059589155189,0.024149600470303585,0.1553563584452153,0.02121388469898847,7.323333781135479,7.323333781135479
Tonga|aus|total|cwti,Tonga,aus,total,cwti,2013,5,ar1,0.030911121915115868,0.03715408551011314,-0.006242963594997274,0.007598936232850505,-0.8215575711780148,0.8215575711780148
Tonga|aus|total|cwti,Tonga,aus,total,cwti,2014,5,ar1,0.014092019296641948,0.04711034093640336,-0.033018321639761414,0.006242963594997274,-5.288885821185993,5.288885821185993
Tonga|aus|total|cwti,Tonga,aus,total,cwti,2017,5,ar1,0.1795059589155189,0.03642381574363871,0.1430821431718802,0.019848572918583655,7.208686677817348,7.208686677817348
Tonga|aus|total|cwti,Tonga,aus,total,cwti,2017,7,holt,0.1795059589155189,0.015081463789932945,0.16442449512558596,0.025879027310475814,6.3535809577752955,6.3535809577752955
Tonga|aus|total|cwti,Tonga,aus,total,cwti,2017,7,ar1,0.1795059589155189,0.04765833626753817,0.13184762264798072,0.025879027310475814,5.09476732128216,5.09476732128216
Tonga|aus|total|sti,Tonga,aus,total,sti,2009,1,naive,0.11933980636998412,0.10549809493588756,0.013841711434096557,1.0,0.013841711434096557,0.013841711434096557
Tonga|aus|total|sti,Tonga,aus,total,sti,2010,1,naive,0.08936512980711346,0.11933980636998412,-0.02997467656287066,0.013841711434096557,-2.165532543109767,2.165532543109767
Tonga|aus|total|sti,Tonga,aus,total,sti,2011,1,naive,0.06733228496410366,0.08936512980711346,-0.022032844843009797,0.0324810884221518,-0.6783284031819452,0.6783284031819452
Tonga|aus|total|sti,Tonga,aus,total,sti,2012,1,naive,0.05666412052706556,0.06733228496410366,-0.010668164437038101,0.011774559707865713,-0.906035104642723,0.906035104642723
Tonga|aus|total|sti,Tonga,aus,total,sti,2013,1,naive,0.06066552180384622,0.05666412052706556,0.004001401276780656,0.014311917438879674,0.2795852682821151,0.2795852682821151
Tonga|aus|total|sti,Tonga,aus,total,sti,2014,1,naive,0.056606166445735934,0.06066552180384622,-0.004059355358110285,0.021749098127307687,-0.18664476726110535,0.18664476726110535
Tonga|aus|total|sti,Tonga,aus,total,sti,2017,1,naive,0.12027600140631572,0.056606166445735934,0.06366983496057979,0.019299186648600662,3.299094211578929,3.299094211578929
Tonga|aus|total|sti,Tonga,aus,total,sti,2011,3,holt,0.06733228496410366,0.1378217877588141,-0.07048950279471043,0.020521721372191555,-3.4348728118991474,3.4348728118991474
Tonga|aus|total|sti,Tonga,aus,total,sti,2012,3,holt,0.05666412052706556,0.031083561342542938,0.025580559184522626,0.07048950279471043,0.36289884550642915,0.36289884550642915
Tonga|aus|total|sti,Tonga,aus,total,sti,2013,3,holt,0.06066552180384622,0.025653178163338126,0.03501234364050809,0.07121673694520547,0.4916308320535209,0.4916308320535209
Tonga|aus|total|sti,Tonga,aus,total,sti,2014,3,holt,0.056606166445735934,0.03914187873858226,0.01746428770715367,0.013983563634444052,1.248915381207689,1.248915381207689
Tonga|aus|total|sti,Tonga,aus,total,sti,2017,3,holt,0.12027600140631572,0.06697556546408044,0.05330043594223528,0.013008373863395631,4.097394224824504,4.097394224824504
Tonga|aus|total|sti,Tonga,aus,total,sti,2011,3,ar1,0.06733228496410366,0.08936512980711346,-0.022032844843009797,0.020521721372191555,-1.0736353175940652,1.0736353175940652
Tonga|aus|total|sti,Tonga,aus,total,sti,2012,3,ar1,0.05666412052706556,0.06733228496410366,-0.010668164437038101,0.022032844843009797,-0.4841936896053037,0.4841936896053037
Tonga|aus|total|sti,Tonga,aus,total,sti,2013,3,ar1,0.06066552180384622,0.05666412052706556,0.004001401276780656,0.008424637584946817,0.47496420308101783,0.47496420308101783
Tonga|aus|total|sti,Tonga,aus,total,sti,2014,3,ar1,0.056606166445735934,0.06066552180384622,-0.004059355358110285,0.016849275169893634,-0.24092166085361114,0.24092166085361114
Tonga|aus|total|sti,Tonga,aus,total,sti,2017,3,ar1,0.12027600140631572,0.056606166445735934,0.06366983496057979,0.010874549063653843,5.854940245143991,5.854940245143991
Tonga|aus|total|sti,Tonga,aus,total,sti,2013,5,holt,0.06066552180384622,0.051295479991292414,0.009370041812553805,0.032665895764246326,0.28684478393546947,0.28684478393546947
Tonga|aus|total|sti,Tonga,aus,total,sti,2014,5,holt,0.056606166445735934,0.03840662556633546,0.018199540879400476,0.009370041812553805,1.9423115972670555,1.9423115972670555
Tonga|aus|total|sti,Tonga,aus,total,sti,2017,5,holt,0.12027600140631572,0.0440088742302647,0.07626712717605102,0.006545307658253437,11.652183695273736,11.652183695273736
Tonga|aus|total|sti,Tonga,aus,total,sti,2013,5,ar1,0.06066552180384622,0.0482314316272985,0.012434090176547716,0.032665895764246326,0.3806443964153327,0.3806443964153327
Tonga|aus|total|sti,Tonga,aus,total,sti,2014,5,ar1,0.056606166445735934,0.05732475117379415,-0.0007185847280582192,0.012434090176547716,-0.05779150045200427,0.05779150045200427
Tonga|aus|total|sti,Tonga,aus,total,sti,2017,5,ar1,0.12027600140631572,0.05704273472106482,0.06323326668525091,0.00975007790678438,6.485411428482168,6.485411428482168
Tonga|aus|total|sti,Tonga,aus,total,sti,2017,7,holt,0.12027600140631572,0.05109893447464003,0.06917706693167569,0.015902543315331995,4.350063103741434,4.350063103741434
Tonga|aus|total|sti,Tonga,aus,total,sti,2017,7,ar1,0.12027600140631572,0.054548979162102294,0.06572702224421342,0.015902543315331995,4.13311386367013,4.13311386367013
Tonga|china|export|cwti,Tonga,china,export,cwti,2009,1,naive,0.00017411909968481005,0.0001391075419448427,3.501155773996735e-05,1.0,3.501155773996735e-05,3.501155773996735e-05
Tonga|china|export|cwti,Tonga,china,export,cwti,2010,1,naive,3.0563810522383915e-05,0.00017411909968481005,-0.00014355528916242614,3.501155773996735e-05,-4.100225709139213,4.100225709139213
Tonga|china|export|cwti,Tonga,china,export,cwti,2011,1,naive,9.300013704046779e-07,3.0563810522383915e-05,-2.9633809151979238e-05,0.00013237160360874428,-0.22386832480755464,0.22386832480755464
Tonga|china|export|cwti,Tonga,china,export,cwti,2012,1,naive,6.336386891002126e-07,9.300013704046779e-07,-2.9636268130446533e-07,9.584322095400002e-05,-0.003092161118486457,0.003092161118486457
Tonga|china|export|cwti,Tonga,china,export,cwti,2013,1,naive,4.206945576332363e-06,6.336386891002126e-07,3.57330688723215e-06,4.792161047700001e-05,0.0745656677992314,0.0745656677992314
Tonga|china|export|cwti,Tonga,china,export,cwti,2014,1,naive,7.878933633871763e-07,4.206945576332363e-06,-3.419052212945186e-06,4.3495698137422414e-05,-0.07860667512779924,0.07860667512779924
Tonga|china|export|cwti,Tonga,china,export,cwti,2017,1,naive,5.172824724495356e-05,7.878933633871763e-07,5.094035388156638e-05,2.46164351198674e-05,2.0693635627383555,2.0693635627383555
Tonga|china|export|cwti,Tonga,china,export,cwti,2011,3,holt,9.300013704046779e-07,0.00020664317731524214,-0.00020571317594483745,5.190813550527559e-05,-3.963023790826202,3.963023790826202
Tonga|china|export|cwti,Tonga,china,export,cwti,2012,3,holt,6.336386891002126e-07,-0.00023262325700027452,0.00023325689568937474,0.00020571317594483745,1.133893804410094,1.133893804410094
Tonga|china|export|cwti,Tonga,china,export,cwti,2013,3,holt,4.206945576332363e-06,-5.217675317471209e-05,5.638369875104445e-05,0.00032540851410244146,0.17327050862994436,0.17327050862994436
Tonga|china|export|cwti,Tonga,china,export,cwti,2014,3,holt,7.878933633871763e-07,8.535439358839712e-07,-6.56505724967949e-08,0.00026223220178076846,-0.0002503528249047008,0.0002503528249047008
Tonga|china|export|cwti,Tonga,china,export,cwti,2017,3,holt,5.172824724495356e-05,9.885163939759421e-06,4.1843083305194136e-05,0.00017296200354392535,0.2419206672439342,0.2419206672439342
Tonga|china|export|cwti,Tonga,china,export,cwti,2011,3,ar1,9.300013704046779e-07,3.0563810522383915e-05,-2.9633809151979238e-05,5.190813550527559e-05,-0.5708894928227091,0.5708894928227091
Tonga|china|export|cwti,Tonga,china,export,cwti,2012,3,ar1,6.336386891002126e-07,9.300013704046779e-07,-2.9636268130446533e-07,2.9633809151979238e-05,-0.01000082978818372,0.01000082978818372
Tonga|china|export|cwti,Tonga,china,export,cwti,2013,3,ar1,4.206945576332363e-06,6.336386891002126e-07,3.57330688723215e-06,2.1747849068711207e-05,0.1643062206263466,0.1643062206263466
Tonga|china|export|cwti,Tonga,china,export,cwti,2014,3,ar1,7.878933633871763e-07,4.206945576332363e-06,-3.419052212945186e-06,5.7371721023123854e-06,-0.5959472980716626,0.5959472980716626
Tonga|china|export|cwti,Tonga,china,export,cwti,2017,3,ar1,5.172824724495356e-05,7.878933633871763e-07,5.094035388156638e-05,5.18343580096146e-06,9.82752672891552,9.82752672891552
Tonga|china|export|cwti,Tonga,china,export,cwti,2013,5,holt,4.206945576332363e-06,-2.061756392907361e-05,2.4824509505405973e-05,4.437447276002641e-05,0.5594322131928177,0.5594322131928177
Tonga|china|export|cwti,Tonga,china,export,cwti,2014,5,holt,7.878933633871763e-07,-7.414911790998069e-05,7.493701127336786e-05,2.4824509505405973e-05,3.0186703691788557,3.0186703691788557
Tonga|china|export|cwti,Tonga,china,export,cwti,2017,5,holt,5.172824724495356e-05,-1.3401163269983588e-05,6.512941051493715e-05,3.714839756059015e-05,1.753222609635022,1.753222609635022
Tonga|china|export|cwti,Tonga,china,export,cwti,2013,5,ar1,4.206945576332363e-06,3.2613575533767343e-06,9.455880229556284e-07,4.437447276002641e-05,0.02130927905485869,0.02130927905485869
Tonga|china|export|cwti,Tonga,china,export,cwti,2014,5,ar1,7.878933633871763e-07,1.0911264454507703e-06,-3.03233082063594e-07,9.455880229556284e-07,-0.32068202504910875,0.32068202504910875
Tonga|china|export|cwti,Tonga,china,export,cwti,2017,5,ar1,5.172824724495356e-05,1.966895079393372e-06,4.976135216556019e-05,9.257510851507495e-07,53.75241030093639,53.75241030093639
Tonga|china|export|cwti,Tonga,china,export,cwti,2017,7,holt,5.172824724495356e-05,-1.1940999905748875e-05,6.366924715070244e-05,5.2977847910103905e-06,12.018088628050796,12.018088628050796
Tonga|china|export|cwti,Tonga,china,export,cwti,2017,7,ar1,5.172824724495356e-05,2.3999431712480855e-06,4.932830407370547e-05,5.2977847910103905e-06,9.31111889584658,9.31111889584658
Tonga|china|export|raw_usd,Tonga,china,export,raw_usd,2009,1,naive,61751.0,54904.0,6847.0,1.0,6847.0,6847.0
Tonga|china|export|raw_usd,Tonga,china,export,raw_usd,2010,1,naive,42928.0,61751.0,-18823.0,6847.0,-2.749087191470717,2.749087191470717
Tonga|china|export|raw_usd,Tonga,china,export,raw_usd,2011,1,naive,3174.0,42928.0,-39754.0,19029.171,-2.0891083484404027,2.0891083484404027
Tonga|china|export|raw_usd,Tonga,china,export,raw_usd,2012,1,naive,1747.0,3174.0,-1427.0,31032.3006,-0.045984344454307075,0.045984344454307075
Tonga|china|export|raw_usd,Tonga,china,export,raw_usd,2013,1,naive,7638.0,1747.0,5891.0,19029.171,0.30957733261212483,0.30957733261212483
Tonga|china|export|raw_usd,Tonga,china,export,raw_usd,2014,1,naive,6183.0,7638.0,-1455.0,12267.0324,-0.11861059403413657,0.11861059403413657
Tonga|china|export|raw_usd,Tonga,china,export,raw_usd,2017,1,naive,161451.874,6183.0,155268.874,11579.106,13.409400863935439,13.409400863935439
Tonga|china|export|raw_usd,Tonga,china,export,raw_usd,2011,3,holt,3174.0,70054.3,-66880.3,10151.3622,-6.588307921866881,6.588307921866881
Tonga|china|export|raw_usd,Tonga,china,export,raw_usd,2012,3,holt,1747.0,886.4900000000016,860.5099999999984,66880.3,0.012866419558524684,0.012866419558524684
Tonga|china|export|raw_usd,Tonga,china,export,raw_usd,2013,3,holt,7638.0,-68285.32999999999,75923.32999999999,50216.262452999996,1.5119271385651325,1.5119271385651325
Tonga|china|export|raw_usd,Tonga,china,export,raw_usd,2014,3,holt,6183.0,429.7800000000009,5753.219999999999,100432.52490599999,0.05728443057052221,0.05728443057052221
Tonga|china|export|raw_usd,Tonga,china,export,raw_usd,2017,3,holt,161451.874,17877.34,143574.534,53843.228376,2.6665290758084765,2.6665290758084765
Tonga|china|export|raw_usd,Tonga,china,export,raw_usd,2011,3,ar1,3174.0,42928.0,-39754.0,10151.3622,-3.916124675366228,3.916124675366228
Tonga|china|export|raw_usd,Tonga,china,export,raw_usd,2012,3,ar1,1747.0,3174.0,-1427.0,39754.0,-0.035895758917341654,0.035895758917341654
Tonga|china|export|raw_usd,Tonga,china,export,raw_usd,2013,3,ar1,7638.0,1747.0,5891.0,28411.805099999998,0.20734339051199532,0.20734339051199532
Tonga|china|export|raw_usd,Tonga,china,export,raw_usd,2014,3,ar1,6183.0,7638.0,-1455.0,10849.666799999999,-0.13410550082514977,0.13410550082514977
Tonga|china|export|raw_usd,Tonga,china,export,raw_usd,2017,3,ar1,161451.874,6183.0,155268.874,5445.5898,28.512774502405602,28.512774502405602
Tonga|china|export|raw_usd,Tonga,china,export,raw_usd,2013,5,holt,7638.0,-8516.21728,16154.21728,27906.979799999997,0.5788593891482303,0.5788593891482303
Tonga|china|export|raw_usd,Tonga,china,export,raw_usd,2014,5,holt,6183.0,-31612.164090999995,37795.164091,16154.21728,2.339646882043176,2.339646882043176
Tonga|china|export|raw_usd,Tonga,china,export,raw_usd,2017,5,holt,161451.874,-12692.217471999997,174144.091472,16042.433870994297,10.855216413692887,10.855216413692887
Tonga|china|export|raw_usd,Tonga,china,export,raw_usd,2013,5,ar1,7638.0,-5211.356836968093,12849.356836968094,27906.979799999997,0.46043523624036503,0.46043523624036503
Tonga|china|export|raw_usd,Tonga,china,export,raw_usd,2014,5,ar1,6183.0,4342.078120813022,1840.921879186978,12849.356836968094,0.14326957392066308,0.14326957392066308
Tonga|china|export|raw_usd,Tonga,china,export,raw_usd,2017,5,ar1,161451.874,5072.541977395009,156379.332022605,8160.55283420314,19.16283555780386,19.16283555780386
Tonga|china|export|raw_usd,Tonga,china,export,raw_usd,2017,7,holt,161451.874,67.55226675200265,161384.321733248,8733.9966,18.477717489980247,18.477717489980247
Tonga|china|export|raw_usd,Tonga,china,export,raw_usd,2017,7,ar1,161451.874,4575.760524915821,156876.1134750842,8733.9966,17.96154963869395,17.96154963869395
Tonga|china|export|sti,Tonga,china,export,sti,2009,1,naive,0.007918361286085184,0.005908739971747734,0.00200962131433745,1.0,0.00200962131433745,0.00200962131433745
Tonga|china|export|sti,Tonga,china,export,sti,2010,1,naive,0.005198966310630486,0.007918361286085184,-0.002719394975454698,0.00200962131433745,-1.3531877653035604,1.3531877653035604
Tonga|china|export|sti,Tonga,china,export,sti,2011,1,naive,0.00022053856016669213,0.005198966310630486,-0.004978427750463794,0.003505619775622919,-1.4201277004090296,1.4201277004090296
Tonga|china|export|sti,Tonga,china,export,sti,2012,1,naive,0.0001121085657553958,0.00022053856016669213,-0.00010842999441129634,0.0033492419922284858,-0.032374487917831894,0.032374487917831894
Tonga|china|export|sti,Tonga,china,export,sti,2013,1,naive,0.0004470920839355389,0.0001121085657553958,0.0003349835181801431,0.003505619775622919,0.09555614687865555,0.09555614687865555
Tonga|china|export|sti,Tonga,china,export,sti,2014,1,naive,0.0003274981840085333,0.0004470920839355389,-0.00011959389992700561,0.003140222870350891,-0.038084526119524155,0.038084526119524155
Tonga|china|export|sti,Tonga,china,export,sti,2017,1,naive,0.004851985949180589,0.0003274981840085333,0.004524487765172056,0.0019070896752182748,2.37245674598611,2.37245674598611
Tonga|china|export|sti,Tonga,china,export,sti,2011,3,holt,0.00022053856016669213,0.010944510493903733,-0.010723971933737041,0.0010523104299724319,-10.190882488941961,10.190882488941961
Tonga|china|export|sti,Tonga,china,export,sti,2012,3,holt,0.0001121085657553958,-0.0011886174057827302,0.001300725971538126,0.010723971933737041,0.1212914374986484,0.1212914374986484
Tonga|china|export|sti,Tonga,china,export,sti,2013,3,holt,0.0004470920839355389,-0.008713617411989873,0.009160709495925411,0.008913908557180482,1.0276871741685214,1.0276871741685214
Tonga|china|export|sti,Tonga,china,export,sti,2014,3,holt,0.0003274981840085333,-1.163458542299459e-05,0.0003391327694315279,0.011653211573256588,0.029102086347579666,0.029102086347579666
Tonga|china|export|sti,Tonga,china,export,sti,2017,3,holt,0.004851985949180589,0.0010215978624933241,0.0038303880866872647,0.006539434827349915,0.5857368699000426,0.5857368699000426
Tonga|china|export|sti,Tonga,china,export,sti,2011,3,ar1,0.00022053856016669213,0.005198966310630486,-0.004978427750463794,0.0010523104299724319,-4.73094973561577,4.73094973561577
Tonga|china|export|sti,Tonga,china,export,sti,2012,3,ar1,0.0001121085657553958,0.00022053856016669213,-0.00010842999441129634,0.004978427750463794,-0.02177996746085045,0.02177996746085045
Tonga|china|export|sti,Tonga,china,export,sti,2013,3,ar1,0.0004470920839355389,0.0001121085657553958,0.0003349835181801431,0.003610129336561716,0.09278989392085911,0.09278989392085911
Tonga|china|export|sti,Tonga,china,export,sti,2014,3,ar1,0.0003274981840085333,0.0004470920839355389,-0.00011959389992700561,0.0006574048737680681,-0.18191818268934562,0.18191818268934562
Tonga|china|export|sti,Tonga,china,export,sti,2017,3,ar1,0.004851985949180589,0.0003274981840085333,0.004524487765172056,0.00033697824004282935,13.4266466718949,13.4266466718949
Tonga|china|export|sti,Tonga,china,export,sti,2013,5,holt,0.0004470920839355389,-0.0006734125231343739,0.0011205046070699128,0.004031774990609135,0.2779184378294442,0.2779184378294442
Tonga|china|export|sti,Tonga,china,export,sti,2014,5,holt,0.0003274981840085333,-0.005233147281586959,0.005560645465595492,0.0011205046070699128,4.962626151209159,4.962626151209159
Tonga|china|export|sti,Tonga,china,export,sti,2017,5,holt,0.004851985949180589,-0.002114251781596295,0.006966237730776884,0.003291476418425012,2.1164477107541497,2.1164477107541497
Tonga|china|export|sti,Tonga,china,export,sti,2013,5,ar1,0.0004470920839355389,-0.00021296978316704638,0.0006600618671025852,0.004031774990609135,0.1637149564745082,0.1637149564745082
Tonga|china|export|sti,Tonga,china,export,sti,2014,5,ar1,0.0003274981840085333,3.680351019148939e-05,0.0002906946738170439,0.0006600618671025852,0.4404051927633396,0.4404051927633396
Tonga|china|export|sti,Tonga,china,export,sti,2017,5,ar1,0.004851985949180589,0.00029506793750410184,0.004556918011676487,0.0002738119003825718,16.642512634803424,16.642512634803424
Tonga|china|export|sti,Tonga,china,export,sti,2017,7,holt,0.004851985949180589,-0.00030079483662994594,0.005152780785810535,0.0004966465640538805,10.37514634904736,10.37514634904736
Tonga|china|export|sti,Tonga,china,export,sti,2017,7,ar1,0.004851985949180589,0.00025437156700674096,0.004597614382173848,0.0004966465640538805,9.257316399505099,9.257316399505099
Tonga|china|import|cwti,Tonga,china,import,cwti,2009,1,naive,0.005752022667621949,0.0038163192971066,0.0019357033705153489,1.0,0.0019357033705153489,0.0019357033705153489
Tonga|china|import|cwti,Tonga,china,import,cwti,2010,1,naive,0.0054678523829665955,0.005752022667621949,-0.00028417028465535336,0.0019357033705153489,-0.1468046649005409,0.1468046649005409
Tonga|china|import|cwti,Tonga,china,import,cwti,2011,1,naive,0.009405603000753895,0.0054678523829665955,0.0039377506177873,0.0016455923405780414,2.3929077212428567,2.3929077212428567
Tonga|china|import|cwti,Tonga,china,import,cwti,2012,1,naive,0.007788625589973663,0.009405603000753895,-0.0016169774107802322,0.0029682352488053943,-0.5447605311711753,0.5447605311711753
Tonga|china|import|cwti,Tonga,china,import,cwti,2013,1,naive,0.0056747576131249275,0.007788625589973663,-0.0021138679768487358,0.002633602263174414,-0.8026527036397606,0.8026527036397606
Tonga|china|import|cwti,Tonga,china,import,cwti,2014,1,naive,0.010702008435682954,0.0056747576131249275,0.0050272508225580265,0.0027127097984459086,1.853221021075716,1.853221021075716
Tonga|china|import|cwti,Tonga,china,import,cwti,2017,1,naive,0.014772735793304553,0.010702008435682954,0.004070727357621599,0.003989957162397369,1.0202433740355497,1.0202433740355497
Tonga|china|import|cwti,Tonga,china,import,cwti,2011,3,holt,0.009405603000753895,0.008691082473480952,0.0007145205272729438,0.0004213108640300269,1.6959461250019412,1.6959461250019412
Tonga|china|import|cwti,Tonga,china,import,cwti,2012,3,holt,0.007788625589973663,0.005786115203168846,0.0020025103868048172,0.0007145205272729438,2.802593222125677,2.802593222125677
Tonga|china|import|cwti,Tonga,china,import,cwti,2013,3,holt,0.0056747576131249275,0.016114611350329315,-0.010439853737204387,0.0009547868828709777,-10.934224091781061,10.934224091781061
Tonga|china|import|cwti,Tonga,china,import,cwti,2014,3,holt,0.010702008435682954,0.004345976730664427,0.006356031705018527,0.0019095737657419554,3.328508078109736,3.328508078109736
Tonga|china|import|cwti,Tonga,china,import,cwti,2017,3,holt,0.014772735793304553,0.002946656607302876,0.011826079186001676,0.0041820522360628,2.8278171860271546,2.8278171860271546
Tonga|china|import|cwti,Tonga,china,import,cwti,2011,3,ar1,0.009405603000753895,0.0054678523829665955,0.0039377506177873,0.0004213108640300269,9.346425535104776,9.346425535104776
Tonga|china|import|cwti,Tonga,china,import,cwti,2012,3,ar1,0.007788625589973663,0.009405603000753895,-0.0016169774107802322,0.0039377506177873,-0.4106347932436727,0.4106347932436727
Tonga|china|import|cwti,Tonga,china,import,cwti,2013,3,ar1,0.0056747576131249275,0.007788625589973663,-0.0021138679768487358,0.004117719887577111,-0.5133588574653015,0.5133588574653015
Tonga|china|import|cwti,Tonga,china,import,cwti,2014,3,ar1,0.010702008435682954,0.0056747576131249275,0.0050272508225580265,0.0007366899532531633,6.824106668426919,6.824106668426919
Tonga|china|import|cwti,Tonga,china,import,cwti,2017,3,ar1,0.014772735793304553,0.010702008435682954,0.004070727357621599,0.004486064864203693,0.9074160719573503,0.9074160719573503
Tonga|china|import|cwti,Tonga,china,import,cwti,2013,5,holt,0.0056747576131249275,0.010931975702988555,-0.005257218089863627,0.0028698738171260563,-1.8318638465883148,1.8318638465883148
Tonga|china|import|cwti,Tonga,china,import,cwti,2014,5,holt,0.010702008435682954,0.006232151716515781,0.004469856719167173,0.005257218089863627,0.8502323173134942,0.8502323173134942
Tonga|china|import|cwti,Tonga,china,import,cwti,2017,5,holt,0.014772735793304553,0.012013793737398313,0.00275894205590624,0.007210680555934532,0.3826188158669124,0.3826188158669124
Tonga|china|import|cwti,Tonga,china,import,cwti,2013,5,ar1,0.0056747576131249275,0.007553221955109331,-0.0018784643419844033,0.0028698738171260563,-0.6545459702007148,0.6545459702007148
Tonga|china|import|cwti,Tonga,china,import,cwti,2014,5,ar1,0.010702008435682954,0.007217270158152382,0.0034847382775305717,0.0018784643419844033,1.8550995084896347,1.8550995084896347
Tonga|china|import|cwti,Tonga,china,import,cwti,2017,5,ar1,0.014772735793304553,0.005560090523883338,0.009212645269421215,0.0039757421018464505,2.317214002674518,2.317214002674518
Tonga|china|import|cwti,Tonga,china,import,cwti,2017,7,holt,0.014772735793304553,0.011002429412365417,0.0037703063809391354,0.0028698738171260563,1.3137533638028687,1.3137533638028687
Tonga|china|import|cwti,Tonga,china,import,cwti,2017,7,ar1,0.014772735793304553,0.007476468863234738,0.007296266930069815,0.0028698738171260563,2.542365063763127,2.542365063763127
Tonga|china|import|raw_usd,Tonga,china,import,raw_usd,2009,1,naive,7351623.0,7039663.0,311960.0,1.0,311960.0,311960.0
Tonga|china|import|raw_usd,Tonga,china,import,raw_usd,2010,1,naive,8426330.0,7351623.0,1074707.0,311960.0,3.445015386588024,3.445015386588024
Tonga|china|import|raw_usd,Tonga,china,import,raw_usd,2011,1,naive,12969746.0,8426330.0,4543416.0,565424.3511,8.03540914210902,8.03540914210902
Tonga|china|import|raw_usd,Tonga,china,import,raw_usd,2012,1,naive,12646026.0,12969746.0,-323720.0,1130848.7022,-0.28626287439709813,0.28626287439709813
Tonga|china|import|raw_usd,Tonga,china,import,raw_usd,2013,1,naive,10780374.0,12646026.0,-1865652.0,1036653.9350999999,-1.7996864110876418,1.7996864110876418
Tonga|china|import|raw_usd,Tonga,china,import,raw_usd,2014,1,naive,16398565.0,10780374.0,5618191.0,1130848.7022,4.9681190676260565,4.9681190676260565
Tonga|china|import|raw_usd,Tonga,china,import,raw_usd,2017,1,naive,16501684.772999998,16398565.0,103119.77299999818,2650917.7106999997,0.038899650707289755,0.038899650707289755
Tonga|china|import|raw_usd,Tonga,china,import,raw_usd,2011,3,holt,12969746.0,8135719.87,4834026.13,462511.89599999995,10.451679560691776,10.451679560691776
Tonga|china|import|raw_usd,Tonga,china,import,raw_usd,2012,3,holt,12646026.0,11304172.89,1341853.1099999994,4834026.13,0.27758499311214924,0.27758499311214924
Tonga|china|import|raw_usd,Tonga,china,import,raw_usd,2013,3,holt,10780374.0,21034479.44,-10254105.440000001,2588747.859726,-3.961029036286803,3.961029036286803
Tonga|china|import|raw_usd,Tonga,china,import,raw_usd,2014,3,holt,16398565.0,11674780.280000001,4723784.719999999,5177495.719452,0.912368638423515,0.912368638423515
Tonga|china|import|raw_usd,Tonga,china,import,raw_usd,2017,3,holt,16501684.772999998,8620677.030000001,7881007.742999997,2588747.859726,3.0443319203107495,3.0443319203107495
Tonga|china|import|raw_usd,Tonga,china,import,raw_usd,2011,3,ar1,12969746.0,8426330.0,4543416.0,462511.89599999995,9.823349494993314,9.823349494993314
Tonga|china|import|raw_usd,Tonga,china,import,raw_usd,2012,3,ar1,12646026.0,12969746.0,-323720.0,4543416.0,-0.0712503543589229,0.0712503543589229
Tonga|china|import|raw_usd,Tonga,china,import,raw_usd,2013,3,ar1,10780374.0,12646026.0,-1865652.0,3608007.9168,-0.5170864485393581,0.5170864485393581
Tonga|china|import|raw_usd,Tonga,china,import,raw_usd,2014,3,ar1,16398565.0,10780374.0,5618191.0,2286068.3832,2.457577840316286,2.457577840316286
Tonga|china|import|raw_usd,Tonga,china,import,raw_usd,2017,3,ar1,16501684.772999998,16398565.0,103119.77299999818,4404738.624299999,0.023411099226435025,0.023411099226435025
Tonga|china|import|raw_usd,Tonga,china,import,raw_usd,2013,5,holt,10780374.0,13785429.696192,-3005055.696192,2055872.4941999998,-1.4616936141077927,1.4616936141077927
Tonga|china|import|raw_usd,Tonga,china,import,raw_usd,2014,5,holt,16398565.0,13416022.506249001,2982542.4937509988,3005055.696192,0.9925082245665097,0.9925082245665097
Tonga|china|import|raw_usd,Tonga,china,import,raw_usd,2017,5,holt,16501684.772999998,18382075.063295998,-1880390.2902959995,4438606.538204744,-0.4236442843290519,0.4236442843290519
Tonga|china|import|raw_usd,Tonga,china,import,raw_usd,2013,5,ar1,10780374.0,13070959.123667005,-2290585.1236670054,2055872.4941999998,-1.1141669194608002,1.1141669194608002
Tonga|china|import|raw_usd,Tonga,china,import,raw_usd,2014,5,ar1,16398565.0,11340233.913191112,5058331.086808888,2290585.1236670054,2.208313951987512,2.208313951987512
Tonga|china|import|raw_usd,Tonga,china,import,raw_usd,2017,5,ar1,16501684.772999998,11142966.035315145,5358718.737684853,5447751.58682578,0.9836569550351317,0.9836569550351317
Tonga|china|import|raw_usd,Tonga,china,import,raw_usd,2017,7,holt,16501684.772999998,15611322.38903255,890362.383967448,3490105.6344,0.2551104399797098,0.2551104399797098
Tonga|china|import|raw_usd,Tonga,china,import,raw_usd,2017,7,ar1,16501684.772999998,15842286.27282647,659398.5001735277,3490105.6344,0.18893367973571035,0.18893367973571035
Tonga|china|import|sti,Tonga,china,import,sti,2009,1,naive,0.050833756814117725,0.04242719522955673,0.008406561584560997,1.0,0.008406561584560997,0.008406561584560997
Tonga|china|import|sti,Tonga,china,import,sti,2010,1,naive,0.05307008862666319,0.050833756814117725,0.0022363318125454626,0.008406561584560997,0.26602217684963847,0.26602217684963847
Tonga|china|import|sti,Tonga,china,import,sti,2011,1,naive,0.06722559790254515,0.05307008862666319,0.01415550927588196,0.004573991329995115,3.0947827082779096,3.0947827082779096
Tonga|china|import|sti,Tonga,china,import,sti,2012,1,naive,0.06349380325653554,0.06722559790254515,-0.0037317946460096035,0.008523389847152459,-0.4378298673333993,0.4378298673333993
Tonga|china|import|sti,Tonga,china,import,sti,2013,1,naive,0.05443897609817469,0.06349380325653554,-0.009054827158360854,0.008835686253571345,-1.024801797902334,1.024801797902334
Tonga|china|import|sti,Tonga,china,import,sti,2014,1,naive,0.07515873309346555,0.05443897609817469,0.020719756995290856,0.00914798265999023,2.264953680543267,2.264953680543267
Tonga|china|import|sti,Tonga,china,import,sti,2017,1,naive,0.08709362932847807,0.07515873309346555,0.011934896235012524,0.013259858397298215,0.900077201234995,0.900077201234995
Tonga|china|import|sti,Tonga,china,import,sti,2011,3,holt,0.06722559790254515,0.06635113173111647,0.0008744661714286811,0.0033155855452799026,0.2637441138183206,0.2637441138183206
Tonga|china|import|sti,Tonga,china,import,sti,2012,3,holt,0.06349380325653554,0.06004577951905478,0.0034480237374807654,0.0008744661714286811,3.943004143713724,3.943004143713724
Tonga|china|import|sti,Tonga,china,import,sti,2013,3,holt,0.05443897609817469,0.09178028263071183,-0.037341306532537144,0.00190777822371441,-19.57319046227202,19.57319046227202
Tonga|china|import|sti,Tonga,china,import,sti,2014,3,holt,0.07515873309346555,0.05491237713692258,0.020246355956542963,0.00381555644742882,5.306265609092568,5.306265609092568
Tonga|china|import|sti,Tonga,china,import,sti,2017,3,holt,0.08709362932847807,0.04258198445371986,0.04451164487475821,0.014360381897705216,3.099614285457907,3.099614285457907
Tonga|china|import|sti,Tonga,china,import,sti,2011,3,ar1,0.06722559790254515,0.05307008862666319,0.01415550927588196,0.0033155855452799026,4.269384421715154,4.269384421715154
Tonga|china|import|sti,Tonga,china,import,sti,2012,3,ar1,0.06349380325653554,0.06722559790254515,-0.0037317946460096035,0.01415550927588196,-0.26362842715717794,0.26362842715717794
Tonga|china|import|sti,Tonga,china,import,sti,2013,3,ar1,0.05443897609817469,0.06349380325653554,-0.009054827158360854,0.013259858397298215,-0.6828751022111846,0.6828751022111846
Tonga|china|import|sti,Tonga,china,import,sti,2014,3,ar1,0.07515873309346555,0.05443897609817469,0.020719756995290856,0.007891928002811964,2.625436647154944,2.625436647154944
Tonga|china|import|sti,Tonga,china,import,sti,2017,3,ar1,0.08709362932847807,0.07515873309346555,0.011934896235012524,0.017205822398704197,0.6936545059253525,0.6936545059253525
Tonga|china|import|sti,Tonga,china,import,sti,2013,5,holt,0.05443897609817469,0.07632323201521728,-0.021884255917042586,0.015454199310248754,-1.4160718053202288,1.4160718053202288
Tonga|china|import|sti,Tonga,china,import,sti,2014,5,holt,0.07515873309346555,0.06369124539714294,0.011467487696322609,0.021884255917042586,0.5240062874329754,0.5240062874329754
Tonga|china|import|sti,Tonga,china,import,sti,2017,5,holt,0.08709362932847807,0.08228537383913523,0.004808255489342841,0.024723647540587618,0.19448002085652452,0.19448002085652452
Tonga|china|import|sti,Tonga,china,import,sti,2013,5,ar1,0.05443897609817469,0.06387016892407518,-0.009431192825900492,0.015454199310248754,-0.6102673219469877,0.6102673219469877
Tonga|china|import|sti,Tonga,china,import,sti,2014,5,ar1,0.07515873309346555,0.05918089892293564,0.015977834170529906,0.009431192825900492,1.6941477568617456,1.6941477568617456
Tonga|china|import|sti,Tonga,china,import,sti,2017,5,ar1,0.08709362932847807,0.0519969181308423,0.03509671119763577,0.018835711712453854,1.8633068786262226,1.8633068786262226
Tonga|china|import|sti,Tonga,china,import,sti,2017,7,holt,0.08709362932847807,0.07737443317625907,0.009719196152219,0.0134246867449858,0.7239793625612291,0.7239793625612291
Tonga|china|import|sti,Tonga,china,import,sti,2017,7,ar1,0.08709362932847807,0.06647222373608176,0.020621405592396308,0.0134246867449858,1.5360809517658596,1.5360809517658596
Tonga|china|total|cwti,Tonga,china,total,cwti,2009,1,naive,0.005926141767306759,0.003955426839051443,0.0019707149282553165,1.0,0.0019707149282553165,0.0019707149282553165
Tonga|china|total|cwti,Tonga,china,total,cwti,2010,1,naive,0.005498416193488979,0.005926141767306759,-0.0004277255738177801,0.0019707149282553165,-0.2170408148257382,0.2170408148257382
Tonga|china|total|cwti,Tonga,china,total,cwti,2011,1,naive,0.009406533002124299,0.005498416193488979,0.00390811680863532,0.0017779639441867865,2.1980855244074324,2.1980855244074324
Tonga|china|total|cwti,Tonga,china,total,cwti,2012,1,naive,0.007789259228662763,0.009406533002124299,-0.001617273773461536,0.0028723920278513927,-0.5630407541101865,0.5630407541101865
Tonga|china|total|cwti,Tonga,china,total,cwti,2013,1,naive,0.00567896455870126,0.007789259228662763,-0.0021102946699615033,0.0026597760245827026,-0.7934106670852451,0.7934106670852451
Tonga|china|total|cwti,Tonga,china,total,cwti,2014,1,naive,0.010702796329046341,0.00567896455870126,0.005023831770345081,0.002494576941942684,2.0139013096275584,2.0139013096275584
Tonga|china|total|cwti,Tonga,china,total,cwti,2017,1,naive,0.014824464040549505,0.010702796329046341,0.004121667711503164,0.003907064495554045,1.0549269704130357,1.0549269704130357
Tonga|china|total|cwti,Tonga,china,total,cwti,2011,3,holt,0.009406533002124299,0.008860226612946692,0.0005463063891776067,0.0006341459357422407,0.8614837033342782,0.8614837033342782
Tonga|china|total|cwti,Tonga,china,total,cwti,2012,3,holt,0.007789259228662763,0.00555349194616857,0.0022357672824941926,0.0005463063891776067,4.092515348136144,4.092515348136144
Tonga|china|total|cwti,Tonga,china,total,cwti,2013,3,holt,0.00567896455870126,0.016062434597154597,-0.010383470038453337,0.0012523973602155852,-8.290875059546554,8.290875059546554
Tonga|china|total|cwti,Tonga,china,total,cwti,2014,3,holt,0.010702796329046341,0.004318061651419705,0.006384734677626636,0.0025047947204311703,2.549005164194685,2.549005164194685
Tonga|china|total|cwti,Tonga,china,total,cwti,2017,3,holt,0.014824464040549505,0.0029565417712426366,0.011867922269306868,0.004328026890227265,2.742109180537851,2.742109180537851
Tonga|china|total|cwti,Tonga,china,total,cwti,2011,3,ar1,0.009406533002124299,0.005498416193488979,0.00390811680863532,0.0006341459357422407,6.16280352575474,6.16280352575474
Tonga|china|total|cwti,Tonga,china,total,cwti,2012,3,ar1,0.007789259228662763,0.009406533002124299,-0.001617273773461536,0.00390811680863532,-0.41382431811864745,0.41382431811864745
Tonga|china|total|cwti,Tonga,china,total,cwti,2013,3,ar1,0.00567896455870126,0.007789259228662763,-0.0021102946699615033,0.0040959720385083985,-0.5152121767730609,0.5152121767730609
Tonga|china|total|cwti,Tonga,china,total,cwti,2014,3,ar1,0.010702796329046341,0.00567896455870126,0.005023831770345081,0.0007309527811508517,6.872990841399205,6.872990841399205
Tonga|china|total|cwti,Tonga,china,total,cwti,2017,3,ar1,0.014824464040549505,0.010702796329046341,0.004121667711503164,0.004461448429083825,0.9238407160854629,0.9238407160854629
Tonga|china|total|cwti,Tonga,china,total,cwti,2013,5,holt,0.00567896455870126,0.01096945469206589,-0.005290490133364631,0.002762257948206411,-1.915277368212426,1.915277368212426
Tonga|china|total|cwti,Tonga,china,total,cwti,2014,5,holt,0.010702796329046341,0.0059448356230109075,0.0047579607060354336,0.005290490133364631,0.8993421377027461,0.8993421377027461
Tonga|china|total|cwti,Tonga,china,total,cwti,2017,5,holt,0.014824464040549505,0.012000392574128329,0.002824071466421177,0.007448916607247267,0.37912512856883857,0.37912512856883857
Tonga|china|total|cwti,Tonga,china,total,cwti,2013,5,ar1,0.00567896455870126,0.007522597905016248,-0.0018436333463149887,0.002762257948206411,-0.6674370681102019,0.6674370681102019
Tonga|china|total|cwti,Tonga,china,total,cwti,2014,5,ar1,0.010702796329046341,0.007275760081732669,0.0034270362473136718,0.0018436333463149887,1.8588491329708001,1.8588491329708001
Tonga|china|total|cwti,Tonga,china,total,cwti,2017,5,ar1,0.014824464040549505,0.005553656045625037,0.009270807994924468,0.003907147369756926,2.372781755478353,2.372781755478353
Tonga|china|total|cwti,Tonga,china,total,cwti,2017,7,holt,0.014824464040549505,0.010993777012737179,0.0038306870278123264,0.002762257948206411,1.3867955490180297,1.3867955490180297
Tonga|china|total|cwti,Tonga,china,total,cwti,2017,7,ar1,0.014824464040549505,0.007291586464651801,0.007532877575897705,0.002762257948206411,2.7270724592498508,2.7270724592498508
Tonga|china|total|sti,Tonga,china,total,sti,2009,1,naive,0.048638012770872444,0.04049055333121674,0.008147459439655703,1.0,0.008147459439655703,0.008147459439655703
Tonga|china|total|sti,Tonga,china,total,sti,2010,1,naive,0.050703671464394584,0.048638012770872444,0.0020656586935221405,0.008147459439655703,0.2535340873828801,0.2535340873828801
Tonga|china|total|sti,Tonga,china,total,sti,2011,1,naive,0.0625741595547108,0.050703671464394584,0.011870488090316211,0.00450843889310881,2.6329486484690654,2.6329486484690654
Tonga|china|total|sti,Tonga,china,total,sti,2012,1,naive,0.05889463176180702,0.0625741595547108,-0.0036795277929037723,0.005519762277469269,-0.6666098299057152,0.6666098299057152
Tonga|china|total|sti,Tonga,china,total,sti,2013,1,naive,0.0501510275035962,0.05889463176180702,-0.008743604258210823,0.0072683200318434445,-1.202974582833993,1.202974582833993
Tonga|china|total|sti,Tonga,china,total,sti,2014,1,naive,0.06919929428712138,0.0501510275035962,0.019048266783525176,0.00901687778621762,2.1125124721819595,2.1125124721819595
Tonga|china|total|sti,Tonga,china,total,sti,2017,1,naive,0.0748077760677366,0.06919929428712138,0.005608481780615224,0.011527226774230973,0.48654215714337656,0.48654215714337656
Tonga|china|total|sti,Tonga,china,total,sti,2011,3,holt,0.0625741595547108,0.06365575349349581,-0.0010815939387850138,0.0030625455790159253,-0.3531682748481927,0.3531682748481927
Tonga|china|total|sti,Tonga,china,total,sti,2012,3,holt,0.05889463176180702,0.056894003024765626,0.0020006287370413975,0.0010815939387850138,1.8497040943930978,1.8497040943930978
Tonga|china|total|sti,Tonga,china,total,sti,2013,3,holt,0.0501510275035962,0.08304963239986703,-0.032898604896270826,0.0022848516695901187,-14.398573585379628,14.398573585379628
Tonga|china|total|sti,Tonga,china,total,sti,2014,3,holt,0.06919929428712138,0.04940866406057052,0.019790630226550858,0.004569703339180237,4.330834795525504,4.330834795525504
Tonga|china|total|sti,Tonga,china,total,sti,2017,3,holt,0.0748077760677366,0.03850011190593912,0.03630766416179748,0.01547257977376348,2.3465811579374503,2.3465811579374503
Tonga|china|total|sti,Tonga,china,total,sti,2011,3,ar1,0.0625741595547108,0.050703671464394584,0.011870488090316211,0.0030625455790159253,3.8760200571873624,3.8760200571873624
Tonga|china|total|sti,Tonga,china,total,sti,2012,3,ar1,0.05889463176180702,0.0625741595547108,-0.0036795277929037723,0.011870488090316211,-0.3099727462685787,0.3099727462685787
Tonga|china|total|sti,Tonga,china,total,sti,2013,3,ar1,0.0501510275035962,0.05889463176180702,-0.008743604258210823,0.011527226774230973,-0.7585175887887522,0.7585175887887522
Tonga|china|total|sti,Tonga,china,total,sti,2014,3,ar1,0.06919929428712138,0.0501510275035962,0.019048266783525176,0.007507999767464232,2.5370627828293846,2.5370627828293846
Tonga|china|total|sti,Tonga,china,total,sti,2017,3,ar1,0.0748077760677366,0.06919929428712138,0.005608481780615224,0.015281226657963089,0.3670177732553053,0.3670177732553053
Tonga|china|total|sti,Tonga,china,total,sti,2013,5,holt,0.0501510275035962,0.06862233522399976,-0.018471307720403556,0.012143917736943682,-1.5210336664428294,1.5210336664428294
Tonga|china|total|sti,Tonga,china,total,sti,2014,5,holt,0.06919929428712138,0.05970292426777287,0.009496370019348506,0.018471307720403556,0.5141146562600296,0.5141146562600296
Tonga|china|total|sti,Tonga,china,total,sti,2017,5,holt,0.0748077760677366,0.07483135145809866,-2.3575390362060022e-05,0.020732439508478202,-0.0011371257276510678,0.0011371257276510678
Tonga|china|total|sti,Tonga,china,total,sti,2013,5,ar1,0.0501510275035962,0.059197651653243775,-0.009046624149647575,0.012143917736943682,-0.7449510401512636,0.7449510401512636
Tonga|china|total|sti,Tonga,china,total,sti,2014,5,ar1,0.06919929428712138,0.055391015343270546,0.013808278943850831,0.009046624149647575,1.5263460397422117,1.5263460397422117
Tonga|china|total|sti,Tonga,china,total,sti,2017,5,ar1,0.0748077760677366,0.04782410849153848,0.02698366757619812,0.01694233966321037,1.5926765790672999,1.5926765790672999
Tonga|china|total|sti,Tonga,china,total,sti,2017,7,holt,0.0748077760677366,0.06946436241841902,0.005343413649317577,0.012143917736943682,0.4400073983589401,0.4400073983589401
Tonga|china|total|sti,Tonga,china,total,sti,2017,7,ar1,0.0748077760677366,0.06007524428948301,0.014732531778253594,0.012143917736943682,1.2131613617107226,1.2131613617107226
Tonga|us|export|cwti,Tonga,us,export,cwti,2009,1,naive,0.030221476469530145,0.05440368032711943,-0.024182203857589287,1.0,-0.024182203857589287,0.024182203857589287
Tonga|us|export|cwti,Tonga,us,export,cwti,2010,1,naive,0.031659026280385374,0.030221476469530145,0.00143754981085523,0.024182203857589287,0.059446600455486304,0.059446600455486304
Tonga|us|export|cwti,Tonga,us,export,cwti,2011,1,naive,0.015129432275603557,0.031659026280385374,-0.016529594004781815,0.01899192339441792,-0.8703486035353413,0.8703486035353413
Tonga|us|export|cwti,Tonga,us,export,cwti,2012,1,naive,0.02160147623490105,0.015129432275603557,0.006472043959297494,0.011345759367772356,0.5704372664276085,0.5704372664276085
Tonga|us|export|cwti,Tonga,us,export,cwti,2013,1,naive,0.018201761502835118,0.02160147623490105,-0.0033997147320659338,0.01705111422277199,-0.1993837286906195,0.1993837286906195
Tonga|us|export|cwti,Tonga,us,export,cwti,2014,1,naive,0.022847739203578122,0.018201761502835118,0.004645977700743004,0.014635869435815418,0.3174377662439266,0.3174377662439266
Tonga|us|export|cwti,Tonga,us,export,cwti,2017,1,naive,0.024125826875114706,0.022847739203578122,0.001278087671536584,0.009696342312681516,0.13181131918837236,0.13181131918837236
Tonga|us|export|cwti,Tonga,us,export,cwti,2011,3,holt,0.015129432275603557,-0.011481795291852843,0.026611227567456402,0.002131311349573964,12.485847069118186,12.485847069118186
Tonga|us|export|cwti,Tonga,us,export,cwti,2012,3,holt,0.02160147623490105,0.03076102570081205,-0.009159549465911,0.026611227567456402,-0.3441986824054845,0.3441986824054845
Tonga|us|export|cwti,Tonga,us,export,cwti,2013,3,holt,0.018201761502835118,-0.013099411761503414,0.03130117326433853,0.026516877014835256,1.1804245743881012,1.1804245743881012
Tonga|us|export|cwti,Tonga,us,export,cwti,2014,3,holt,0.022847739203578122,0.03247249482830972,-0.009624755624731595,0.006953313490197444,-1.3841969930307707,1.3841969930307707
Tonga|us|export|cwti,Tonga,us,export,cwti,2017,3,holt,0.024125826875114706,0.01309192744959313,0.011033899425521576,0.026861734340368964,0.4107664563169832,0.4107664563169832
Tonga|us|export|cwti,Tonga,us,export,cwti,2011,3,ar1,0.015129432275603557,0.031659026280385374,-0.016529594004781815,0.002131311349573964,-7.755597983413348,7.755597983413348
Tonga|us|export|cwti,Tonga,us,export,cwti,2012,3,ar1,0.02160147623490105,0.015129432275603557,0.006472043959297494,0.016529594004781815,0.3915428266069456,0.3915428266069456
Tonga|us|export|cwti,Tonga,us,export,cwti,2013,3,ar1,0.018201761502835118,0.02160147623490105,-0.0033997147320659338,0.01705111422277199,-0.1993837286906195,0.1993837286906195
Tonga|us|export|cwti,Tonga,us,export,cwti,2014,3,ar1,0.022847739203578122,0.018201761502835118,0.004645977700743004,0.014635869435815418,0.3174377662439266,0.3174377662439266
Tonga|us|export|cwti,Tonga,us,export,cwti,2017,3,ar1,0.024125826875114706,0.022847739203578122,0.001278087671536584,0.007317934717907709,0.17465141748381235,0.17465141748381235
Tonga|us|export|cwti,Tonga,us,export,cwti,2013,5,holt,0.018201761502835118,0.006128305753123871,0.012073455749711247,0.012780012347861093,0.944713934625572,0.944713934625572
Tonga|us|export|cwti,Tonga,us,export,cwti,2014,5,holt,0.022847739203578122,0.016900279413403784,0.005947459790174338,0.012073455749711247,0.49260625238275957,0.49260625238275957
Tonga|us|export|cwti,Tonga,us,export,cwti,2017,5,holt,0.024125826875114706,0.015375565052931183,0.008750261822183523,0.00454120080480471,1.9268608014262472,1.9268608014262472
Tonga|us|export|cwti,Tonga,us,export,cwti,2013,5,ar1,0.018201761502835118,0.02226460736448639,-0.004062845861651274,0.012780012347861093,-0.3179062547878716,0.3179062547878716
Tonga|us|export|cwti,Tonga,us,export,cwti,2014,5,ar1,0.022847739203578122,0.02089442624200317,0.0019533129615749503,0.004062845861651274,0.4807745674065666,0.4807745674065666
Tonga|us|export|cwti,Tonga,us,export,cwti,2017,5,ar1,0.024125826875114706,0.01891012771871054,0.005215699156404165,0.004459778535657599,1.1694973449247978,1.1694973449247978
Tonga|us|export|cwti,Tonga,us,export,cwti,2017,7,holt,0.024125826875114706,0.015711802176290635,0.00841402469882407,0.010932302870500468,0.7696479688216766,0.7696479688216766
Tonga|us|export|cwti,Tonga,us,export,cwti,2017,7,ar1,0.024125826875114706,0.021987219676105764,0.002138607199008942,0.010932302870500468,0.19562275435852786,0.19562275435852786
Tonga|us|export|raw_usd,Tonga,us,export,raw_usd,2009,1,naive,1245181.0,2001021.0,-755840.0,1.0,-755840.0,755840.0
Tonga|us|export|raw_usd,Tonga,us,export,raw_usd,2010,1,naive,1340777.0,1245181.0,95596.0,755840.0,0.12647650296359017,0.12647650296359017
Tonga|us|export|raw_usd,Tonga,us,export,raw_usd,2011,1,naive,1550911.0,1340777.0,210134.0,631169.5068,0.3329279975285397,0.3329279975285397
Tonga|us|export|raw_usd,Tonga,us,export,raw_usd,2012,1,naive,2092371.0,1550911.0,541460.0,169814.03879999998,3.188546741048362,3.188546741048362
Tonga|us|export|raw_usd,Tonga,us,export,raw_usd,2013,1,naive,1797021.0,2092371.0,-295350.0,330518.98319999996,-0.8935946647920101,0.8935946647920101
Tonga|us|export|raw_usd,Tonga,us,export,raw_usd,2014,1,naive,2481266.0,1797021.0,684245.0,579616.5396,1.180513241516892,1.180513241516892
Tonga|us|export|raw_usd,Tonga,us,export,raw_usd,2017,1,naive,2992329.9,2481266.0,511063.8999999999,620327.2529999999,0.8238617560786097,0.8238617560786097
Tonga|us|export|raw_usd,Tonga,us,export,raw_usd,2011,3,holt,1550911.0,-87697.43999999994,1638608.44,141730.6296,11.561427791752363,11.561427791752363
Tonga|us|export|raw_usd,Tonga,us,export,raw_usd,2012,3,holt,2092371.0,1556021.98,536349.02,1638608.44,0.3273198202250197,0.3273198202250197
Tonga|us|export|raw_usd,Tonga,us,export,raw_usd,2013,3,holt,1797021.0,2040757.46,-243736.45999999996,817104.9080459999,-0.2982927376888042,0.2982927376888042
Tonga|us|export|raw_usd,Tonga,us,export,raw_usd,2014,3,holt,2481266.0,2999560.9000000004,-518294.9000000004,1156554.732648,-0.44813694101042134,0.44813694101042134
Tonga|us|export|raw_usd,Tonga,us,export,raw_usd,2017,3,holt,2992329.9,1412035.95,1580293.95,781807.5378960002,2.0213337341986826,2.0213337341986826
Tonga|us|export|raw_usd,Tonga,us,export,raw_usd,2011,3,ar1,1550911.0,1340777.0,210134.0,141730.6296,1.4826294118148757,1.4826294118148757
Tonga|us|export|raw_usd,Tonga,us,export,raw_usd,2012,3,ar1,2092371.0,1550911.0,541460.0,210134.0,2.576736748931634,2.576736748931634
Tonga|us|export|raw_usd,Tonga,us,export,raw_usd,2013,3,ar1,1797021.0,2092371.0,-295350.0,245611.9638,-1.2025065694295793,1.2025065694295793
Tonga|us|export|raw_usd,Tonga,us,export,raw_usd,2014,3,ar1,2481266.0,1797021.0,684245.0,491223.9276,1.3929390682230276,1.3929390682230276
Tonga|us|export|raw_usd,Tonga,us,export,raw_usd,2017,3,ar1,2992329.9,2481266.0,511063.8999999999,351458.48429999995,1.4541230979752449,1.4541230979752449
Tonga|us|export|raw_usd,Tonga,us,export,raw_usd,2013,5,holt,1797021.0,1806762.7623039999,-9741.762303999858,453275.29799999995,-0.02149193293123125,0.02149193293123125
Tonga|us|export|raw_usd,Tonga,us,export,raw_usd,2014,5,holt,2481266.0,1960894.6137440002,520371.3862559998,9741.762303999858,53.41655544627086,53.41655544627086
Tonga|us|export|raw_usd,Tonga,us,export,raw_usd,2017,5,holt,2992329.9,2502071.9201760003,490257.9798239996,392972.8770275277,1.2475618763624163,1.2475618763624163
Tonga|us|export|raw_usd,Tonga,us,export,raw_usd,2013,5,ar1,1797021.0,1437311.0330688388,359709.96693116124,453275.29799999995,0.7935794615729562,0.7935794615729562
Tonga|us|export|raw_usd,Tonga,us,export,raw_usd,2014,5,ar1,2481266.0,1803150.4995398012,678115.5004601988,359709.96693116124,1.8851729526581948,1.8851729526581948
Tonga|us|export|raw_usd,Tonga,us,export,raw_usd,2017,5,ar1,2992329.9,2265833.220614452,726496.679385548,236034.02200507556,3.0779320422287504,3.0779320422287504
Tonga|us|export|raw_usd,Tonga,us,export,raw_usd,2017,7,holt,2992329.9,2434819.7656177664,557510.1343822335,437885.91,1.2731858268338287,1.2731858268338287
Tonga|us|export|raw_usd,Tonga,us,export,raw_usd,2017,7,ar1,2992329.9,1943713.8623560665,1048616.0376439334,437885.91,2.394724319044505,2.394724319044505
Tonga|us|export|sti,Tonga,us,export,sti,2009,1,naive,0.15967017577964462,0.21534884101352583,-0.05567866523388121,1.0,-0.05567866523388121,0.05567866523388121
Tonga|us|export|sti,Tonga,us,export,sti,2010,1,naive,0.16238013541437316,0.15967017577964462,0.0027099596347285315,0.05567866523388121,0.04867141881625936,0.04867141881625936
Tonga|us|export|sti,Tonga,us,export,sti,2011,1,naive,0.1077617135748849,0.16238013541437316,-0.05461842183948826,0.0432834876151004,-1.2618766381578137,1.2618766381578137
Tonga|us|export|sti,Tonga,us,export,sti,2012,1,naive,0.13427172972992746,0.1077617135748849,0.02651001615504256,0.0015719168565269893,16.8647699431216,16.8647699431216
Tonga|us|export|sti,Tonga,us,export,sti,2013,1,naive,0.10518903689001388,0.13427172972992746,-0.029082692839913576,0.0432834876151004,-0.6719119563222867,0.6719119563222867
Tonga|us|export|sti,Tonga,us,export,sti,2014,1,naive,0.13142650962997207,0.10518903689001388,0.02623747273995819,0.039431188671296406,0.6653989804537019,0.6653989804537019
Tonga|us|export|sti,Tonga,us,export,sti,2017,1,naive,0.08992613260167519,0.13142650962997207,-0.041500377028296884,0.058651820642867725,-0.7075718464221874,0.7075718464221874
Tonga|us|export|sti,Tonga,us,export,sti,2011,3,holt,0.1077617135748849,0.0634938877777208,0.044267825797164095,0.004017786154448521,11.017964644074064,11.017964644074064
Tonga|us|export|sti,Tonga,us,export,sti,2012,3,holt,0.13427172972992746,0.14372213446465915,-0.009450404734731688,0.044267825797164095,-0.21348246869032145,0.21348246869032145
Tonga|us|export|sti,Tonga,us,export,sti,2013,3,holt,0.10518903689001388,0.01556184187475989,0.08962719501525399,0.03982132429329434,2.250733661068792,2.250733661068792
Tonga|us|export|sti,Tonga,us,export,sti,2014,3,holt,0.13142650962997207,0.1756172931510718,-0.04419078352109973,0.06724980080274007,-0.6571139690171275,0.6571139690171275
Tonga|us|export|sti,Tonga,us,export,sti,2017,3,holt,0.08992613260167519,0.05864088598195981,0.03128524661971538,0.06557436708762897,0.47709567029305794,0.47709567029305794
Tonga|us|export|sti,Tonga,us,export,sti,2011,3,ar1,0.1077617135748849,0.16238013541437316,-0.05461842183948826,0.004017786154448521,-13.594158509161659,13.594158509161659
Tonga|us|export|sti,Tonga,us,export,sti,2012,3,ar1,0.13427172972992746,0.1077617135748849,0.02651001615504256,0.05461842183948826,0.48536767014158283,0.48536767014158283
Tonga|us|export|sti,Tonga,us,export,sti,2013,3,ar1,0.10518903689001388,0.13427172972992746,-0.029082692839913576,0.06014051108534569,-0.4835790769826047,0.4835790769826047
Tonga|us|export|sti,Tonga,us,export,sti,2014,3,ar1,0.13142650962997207,0.10518903689001388,0.02623747273995819,0.03785927181476942,0.6930263442024945,0.6930263442024945
Tonga|us|export|sti,Tonga,us,export,sti,2017,3,ar1,0.08992613260167519,0.13142650962997207,-0.041500377028296884,0.04121087517796098,-1.0070248896458944,1.0070248896458944
Tonga|us|export|sti,Tonga,us,export,sti,2013,5,holt,0.10518903689001388,0.09502931901980712,0.010159717870206766,0.03765573611331067,0.2698053183619873,0.2698053183619873
Tonga|us|export|sti,Tonga,us,export,sti,2014,5,holt,0.13142650962997207,0.10377638363505746,0.027650125994914607,0.010159717870206766,2.7215446676918287,2.7215446676918287
Tonga|us|export|sti,Tonga,us,export,sti,2017,5,holt,0.08992613260167519,0.10404839269638434,-0.014122260094709155,0.012965639542845922,-1.0892065947106653,1.0892065947106653
Tonga|us|export|sti,Tonga,us,export,sti,2013,5,ar1,0.10518903689001388,0.13496277857603167,-0.02977374168601779,0.03765573611331067,-0.7906827686603973,0.7906827686603973
Tonga|us|export|sti,Tonga,us,export,sti,2014,5,ar1,0.13142650962997207,0.12457452132080618,0.006851988309165891,0.02977374168601779,0.2301352776357192,0.2301352776357192
Tonga|us|export|sti,Tonga,us,export,sti,2017,5,ar1,0.08992613260167519,0.1176698640211928,-0.02774373141951761,0.02715065364542966,-1.0218439593327353,1.0218439593327353
Tonga|us|export|sti,Tonga,us,export,sti,2017,7,holt,0.08992613260167519,0.11032484430713069,-0.0203987117054555,0.0393037499514661,-0.5190016660151938,0.5190016660151938
Tonga|us|export|sti,Tonga,us,export,sti,2017,7,ar1,0.08992613260167519,0.12936019442020819,-0.039434061818533,0.0393037499514661,-1.0033155072283895,1.0033155072283895
Tonga|us|import|cwti,Tonga,us,import,cwti,2009,1,naive,0.02711554402626786,0.014213299459314207,0.012902244566953654,1.0,0.012902244566953654,0.012902244566953654
Tonga|us|import|cwti,Tonga,us,import,cwti,2010,1,naive,0.02824467339863287,0.02711554402626786,0.00112912937236501,0.012902244566953654,0.08751418146707851,0.08751418146707851
Tonga|us|import|cwti,Tonga,us,import,cwti,2011,1,naive,0.02623153645943206,0.02824467339863287,-0.0020131369392008096,0.008727410293748562,-0.23066830496588642,0.23066830496588642
Tonga|us|import|cwti,Tonga,us,import,cwti,2012,1,naive,0.02884706199858713,0.02623153645943206,0.0026155255391550683,0.004658724033527484,0.5614253002178043,0.5614253002178043
Tonga|us|import|cwti,Tonga,us,import,cwti,2013,1,naive,0.02395068953363601,0.02884706199858713,-0.004896372464951119,0.003431227495205212,-1.4270031560988876,1.4270031560988876
Tonga|us|import|cwti,Tonga,us,import,cwti,2014,1,naive,0.022327669979396107,0.02395068953363601,-0.0016230195542399038,0.004658724033527484,-0.3483828495870336,0.3483828495870336
Tonga|us|import|cwti,Tonga,us,import,cwti,2017,1,naive,0.018431112181709636,0.022327669979396107,-0.003896557797686471,0.003431227495205212,-1.1356162781778563,1.1356162781778563
Tonga|us|import|cwti,Tonga,us,import,cwti,2011,3,holt,0.02623153645943206,0.05044767896931156,-0.024216142509879496,0.0016740472074683636,-14.46562701568088,14.46562701568088
Tonga|us|import|cwti,Tonga,us,import,cwti,2012,3,holt,0.02884706199858713,0.02918318029250525,-0.00033611829391811884,0.024216142509879496,-0.013879927151113856,0.013879927151113856
Tonga|us|import|cwti,Tonga,us,import,cwti,2013,3,holt,0.02395068953363601,0.02317728170148518,0.0007734078321508311,0.017702261951292167,0.04368977446378691,0.04368977446378691
Tonga|us|import|cwti,Tonga,us,import,cwti,2014,3,holt,0.022327669979396107,0.03250061449603497,-0.01017294451663886,0.001644983434509825,-6.184223076793604,6.184223076793604
Tonga|us|import|cwti,Tonga,us,import,cwti,2017,3,holt,0.018431112181709636,0.015009016360518695,0.0034220958211909416,0.008114530996157797,0.42172441300813224,0.42172441300813224
Tonga|us|import|cwti,Tonga,us,import,cwti,2011,3,ar1,0.02623153645943206,0.02824467339863287,-0.0020131369392008096,0.0016740472074683636,-1.2025568515748408,1.2025568515748408
Tonga|us|import|cwti,Tonga,us,import,cwti,2012,3,ar1,0.02884706199858713,0.02623153645943206,0.0026155255391550683,0.0020131369392008096,1.2992288245395762,1.2992288245395762
Tonga|us|import|cwti,Tonga,us,import,cwti,2013,3,ar1,0.02395068953363601,0.02884706199858713,-0.004896372464951119,0.003431227495205212,-1.4270031560988876,1.4270031560988876
Tonga|us|import|cwti,Tonga,us,import,cwti,2014,3,ar1,0.022327669979396107,0.02395068953363601,-0.0016230195542399038,0.004274684990477408,-0.3796816742883879,0.3796816742883879
Tonga|us|import|cwti,Tonga,us,import,cwti,2017,3,ar1,0.018431112181709636,0.022327669979396107,-0.003896557797686471,0.0024265365127102236,-1.6058104946190837,1.6058104946190837
Tonga|us|import|cwti,Tonga,us,import,cwti,2013,5,holt,0.02395068953363601,0.03518175353902399,-0.011231064005387977,0.0016740472074683636,-6.70892908830961,6.70892908830961
Tonga|us|import|cwti,Tonga,us,import,cwti,2014,5,holt,0.022327669979396107,0.025820022469487836,-0.0034923524900917283,0.011231064005387977,-0.31095473130740875,0.31095473130740875
Tonga|us|import|cwti,Tonga,us,import,cwti,2017,5,holt,0.018431112181709636,0.02029737130285337,-0.0018662591211437325,0.005736706846289109,-0.3253188930772984,0.3253188930772984
Tonga|us|import|cwti,Tonga,us,import,cwti,2013,5,ar1,0.02395068953363601,0.02775168495049841,-0.0038009954168624002,0.0016740472074683636,-2.270542550953858,2.270542550953858
Tonga|us|import|cwti,Tonga,us,import,cwti,2014,5,ar1,0.022327669979396107,0.03347799277194727,-0.01115032279255116,0.0038009954168624002,-2.9335270290210964,2.9335270290210964
Tonga|us|import|cwti,Tonga,us,import,cwti,2017,5,ar1,0.018431112181709636,0.023803398377206426,-0.005372286195496789,0.0054480563835980775,-0.9860922533163566,0.9860922533163566
Tonga|us|import|cwti,Tonga,us,import,cwti,2017,7,holt,0.018431112181709636,0.024344955940970206,-0.00591384375926057,0.0033815836521852243,-1.7488385228734369,1.7488385228734369
Tonga|us|import|cwti,Tonga,us,import,cwti,2017,7,ar1,0.018431112181709636,0.026232756562216,-0.0078016443805063625,0.0033815836521852243,-2.307097852056635,2.307097852056635
Tonga|us|import|raw_usd,Tonga,us,import,raw_usd,2009,1,naive,18719744.0,15562291.0,3157453.0,1.0,3157453.0,3157453.0
Tonga|us|import|raw_usd,Tonga,us,import,raw_usd,2010,1,naive,20591523.0,18719744.0,1871779.0,3157453.0,0.5928129413169412,0.5928129413169412
Tonga|us|import|raw_usd,Tonga,us,import,raw_usd,2011,1,naive,23325243.0,20591523.0,2733720.0,953070.1362,2.868330352789833,2.868330352789833
Tonga|us|import|raw_usd,Tonga,us,import,raw_usd,2012,1,naive,25751320.0,23325243.0,2426077.0,628226.5458,3.8617868286838637,3.8617868286838637
Tonga|us|import|raw_usd,Tonga,us,import,raw_usd,2013,1,naive,22268794.0,25751320.0,-3482526.0,542169.0288,-6.423321538133571,6.423321538133571
Tonga|us|import|raw_usd,Tonga,us,import,raw_usd,2014,1,naive,23684053.0,22268794.0,1415259.0,821802.2148,1.7221406495532847,1.7221406495532847
Tonga|us|import|raw_usd,Tonga,us,import,raw_usd,2017,1,naive,18133530.481,23684053.0,-5550522.519000001,977375.1392999999,-5.679009313634996,5.679009313634996
Tonga|us|import|raw_usd,Tonga,us,import,raw_usd,2011,3,holt,23325243.0,24764658.46,-1439415.460000001,2775099.5453999997,-0.5186896673259788,0.5186896673259788
Tonga|us|import|raw_usd,Tonga,us,import,raw_usd,2012,3,holt,25751320.0,24516088.610000003,1235231.3899999969,1439415.460000001,0.8581479248527705,0.8581479248527705
Tonga|us|import|raw_usd,Tonga,us,import,raw_usd,2013,3,holt,22268794.0,28663472.939999998,-6394678.939999998,1982715.7099049983,-3.2252122218300263,3.2252122218300263
Tonga|us|import|raw_usd,Tonga,us,import,raw_usd,2014,3,holt,23684053.0,29362667.37,-5678614.370000001,3965431.4198099966,-1.4320293982721535,1.4320293982721535
Tonga|us|import|raw_usd,Tonga,us,import,raw_usd,2017,3,holt,18133530.481,16332276.850000001,1801253.6309999973,3673336.8177239974,0.4903589625402376,0.4903589625402376
Tonga|us|import|raw_usd,Tonga,us,import,raw_usd,2011,3,ar1,23325243.0,20591523.0,2733720.0,2775099.5453999997,0.9850889869991906,0.9850889869991906
Tonga|us|import|raw_usd,Tonga,us,import,raw_usd,2012,3,ar1,25751320.0,23325243.0,2426077.0,2733720.0,0.8874636027098606,0.8874636027098606
Tonga|us|import|raw_usd,Tonga,us,import,raw_usd,2013,3,ar1,22268794.0,25751320.0,-3482526.0,228055.7559,-15.270502541172652,15.270502541172652
Tonga|us|import|raw_usd,Tonga,us,import,raw_usd,2014,3,ar1,23684053.0,22268794.0,1415259.0,456111.5118,3.102879369158689,3.102879369158689
Tonga|us|import|raw_usd,Tonga,us,import,raw_usd,2017,3,ar1,18133530.481,23684053.0,-5550522.519000001,977375.1392999999,-5.679009313634996,5.679009313634996
Tonga|us|import|raw_usd,Tonga,us,import,raw_usd,2013,5,holt,22268794.0,28494540.910464,-6225746.910464,4053013.272,-1.5360785895951046,1.5360785895951046
Tonga|us|import|raw_usd,Tonga,us,import,raw_usd,2014,5,holt,23684053.0,27627347.097301003,-3943294.0973010026,6225746.910464,-0.63338490208673,0.63338490208673
Tonga|us|import|raw_usd,Tonga,us,import,raw_usd,2017,5,holt,18133530.481,24815134.250048,-6681603.769048002,1691982.27039773,-3.9489797771210533,3.9489797771210533
Tonga|us|import|raw_usd,Tonga,us,import,raw_usd,2013,5,ar1,22268794.0,27883740.47759244,-5614946.477592438,4053013.272,-1.3853757934579096,1.3853757934579096
Tonga|us|import|raw_usd,Tonga,us,import,raw_usd,2014,5,ar1,23684053.0,23034513.18610758,649539.8138924204,5614946.477592438,0.1156804996244467,0.1156804996244467
Tonga|us|import|raw_usd,Tonga,us,import,raw_usd,2017,5,ar1,18133530.481,23639831.576855235,-5506301.095855236,4643863.687877726,-1.1857154873492097,1.1857154873492097
Tonga|us|import|raw_usd,Tonga,us,import,raw_usd,2017,7,holt,18133530.481,24811616.346898023,-6678085.865898024,2486721.9846,-2.685497577636216,2.685497577636216
Tonga|us|import|raw_usd,Tonga,us,import,raw_usd,2017,7,ar1,18133530.481,23726175.5982593,-5592645.117259301,2486721.9846,-2.2490029653069166,2.2490029653069166
Tonga|us|import|sti,Tonga,us,import,sti,2009,1,naive,0.12944011330811434,0.0937920406809493,0.03564807262716503,1.0,0.03564807262716503,0.03564807262716503
Tonga|us|import|sti,Tonga,us,import,sti,2010,1,naive,0.12968800777657338,0.12944011330811434,0.00024789446845904783,0.03564807262716503,0.0069539374835694175,0.0069539374835694175
Tonga|us|import|sti,Tonga,us,import,sti,2011,1,naive,0.12090085703275576,0.12968800777657338,-0.008787150743817626,0.026242152069048744,-0.3348487090805946,0.3348487090805946
Tonga|us|import|sti,Tonga,us,import,sti,2012,1,naive,0.1292935223821372,0.12090085703275576,0.008392665349381448,0.013395358031721396,0.6265353512393527,0.6265353512393527
Tonga|us|import|sti,Tonga,us,import,sti,2013,1,naive,0.11245345887825191,0.1292935223821372,-0.016840063503885297,0.012735397669888474,-1.3223037034565384,1.3223037034565384
Tonga|us|import|sti,Tonga,us,import,sti,2014,1,naive,0.10854995043764452,0.11245345887825191,-0.003903508440607384,0.013395358031721396,-0.2914075481494059,0.2914075481494059
Tonga|us|import|sti,Tonga,us,import,sti,2017,1,naive,0.09570628719759224,0.10854995043764452,-0.012843663240052289,0.012735397669888474,-1.0085011534755446,1.0085011534755446
Tonga|us|import|sti,Tonga,us,import,sti,2011,3,holt,0.12090085703275576,0.19330222114911616,-0.0724013641163604,0.0003675283389373843,-196.99532375024665,196.99532375024665
Tonga|us|import|sti,Tonga,us,import,sti,2012,3,holt,0.1292935223821372,0.12828643721891336,0.001007085163223842,0.0724013641163604,0.013909753987580917,0.013909753987580917
Tonga|us|import|sti,Tonga,us,import,sti,2013,3,holt,0.11245345887825191,0.10693431692469234,0.00551914195355957,0.054417683450955795,0.10142184678871388,0.10142184678871388
Tonga|us|import|sti,Tonga,us,import,sti,2014,3,holt,0.10854995043764452,0.1407799800217141,-0.03223002958406958,0.006689575397351749,-4.817948475000179,4.817948475000179
Tonga|us|import|sti,Tonga,us,import,sti,2017,3,holt,0.09570628719759224,0.0821368361869336,0.013569451010658637,0.027983460860844484,0.48490967854678496,0.48490967854678496
Tonga|us|import|sti,Tonga,us,import,sti,2011,3,ar1,0.12090085703275576,0.12968800777657338,-0.008787150743817626,0.0003675283389373843,-23.908770597727134,23.908770597727134
Tonga|us|import|sti,Tonga,us,import,sti,2012,3,ar1,0.1292935223821372,0.12090085703275576,0.008392665349381448,0.008787150743817626,0.9551065634427944,0.9551065634427944
Tonga|us|import|sti,Tonga,us,import,sti,2013,3,ar1,0.11245345887825191,0.1292935223821372,-0.016840063503885297,0.012735397669888474,-1.3223037034565384,1.3223037034565384
Tonga|us|import|sti,Tonga,us,import,sti,2014,3,ar1,0.10854995043764452,0.11245345887825191,-0.003903508440607384,0.011939248458076328,-0.3269475842063449,0.3269475842063449
Tonga|us|import|sti,Tonga,us,import,sti,2017,3,ar1,0.09570628719759224,0.10854995043764452,-0.012843663240052289,0.009589868268407917,-1.3392950643924286,1.3392950643924286
Tonga|us|import|sti,Tonga,us,import,sti,2013,5,holt,0.11245345887825191,0.14543939651770418,-0.032985937639452276,0.0005848640457910777,-56.399325410465316,56.399325410465316
Tonga|us|import|sti,Tonga,us,import,sti,2014,5,holt,0.10854995043764452,0.118878551554371,-0.010328601116726482,0.032985937639452276,-0.31312134369565814,0.31312134369565814
Tonga|us|import|sti,Tonga,us,import,sti,2017,5,holt,0.09570628719759224,0.10044843548073881,-0.004742148283146577,0.01679588356429663,-0.2823399117404614,0.2823399117404614
Tonga|us|import|sti,Tonga,us,import,sti,2013,5,ar1,0.11245345887825191,0.12615309025808116,-0.013699631379829255,0.0005848640457910777,-23.423616955799282,23.423616955799282
Tonga|us|import|sti,Tonga,us,import,sti,2014,5,ar1,0.10854995043764452,0.1371002786844451,-0.02855032824680058,0.013699631379829255,-2.0840216393586215,2.0840216393586215
Tonga|us|import|sti,Tonga,us,import,sti,2017,5,ar1,0.09570628719759224,0.11340028462739707,-0.017693997429804834,0.011008821587485843,-1.6072562616436885,1.6072562616436885
Tonga|us|import|sti,Tonga,us,import,sti,2017,7,holt,0.09570628719759224,0.11275859132989662,-0.01705230413230438,0.012660301353846628,-1.3469113929996077,1.3469113929996077
Tonga|us|import|sti,Tonga,us,import,sti,2017,7,ar1,0.09570628719759224,0.12293922551259953,-0.027232938315007296,0.012660301353846628,-2.1510497699751046,2.1510497699751046
Tonga|us|total|cwti,Tonga,us,total,cwti,2009,1,naive,0.057337020495798,0.06861697978643364,-0.011279959290635633,1.0,-0.011279959290635633,0.011279959290635633
Tonga|us|total|cwti,Tonga,us,total,cwti,2010,1,naive,0.05990369967901824,0.057337020495798,0.00256667918322024,0.011279959290635633,0.22754330198257355,0.22754330198257355
Tonga|us|total|cwti,Tonga,us,total,cwti,2011,1,naive,0.04136096873503562,0.05990369967901824,-0.01854273094398262,0.010264513100669358,-1.806489091311446,1.806489091311446
Tonga|us|total|cwti,Tonga,us,total,cwti,2012,1,naive,0.05044853823348818,0.04136096873503562,0.00908756949845256,0.010767785253252246,0.8439590207937885,0.8439590207937885
Tonga|us|total|cwti,Tonga,us,total,cwti,2013,1,naive,0.04215245103647113,0.05044853823348818,-0.008296087197017049,0.015098449091351078,-0.5494661833690813,0.5494661833690813
Tonga|us|total|cwti,Tonga,us,total,cwti,2014,1,naive,0.04517540918297423,0.04215245103647113,0.0030229581465031005,0.015191674019251157,0.19898782337432694,0.19898782337432694
Tonga|us|total|cwti,Tonga,us,total,cwti,2017,1,naive,0.042556939056824346,0.04517540918297423,-0.002618470126149887,0.010602752696150942,-0.24696135062175462,0.24696135062175462
Tonga|us|total|cwti,Tonga,us,total,cwti,2011,3,holt,0.04136096873503562,0.037684895994036474,0.0036760727409991464,0.003805358557042327,0.9660253261012894,0.9660253261012894
Tonga|us|total|cwti,Tonga,us,total,cwti,2012,3,holt,0.05044853823348818,0.056171105792033514,-0.005722567558545333,0.0036760727409991464,-1.5567068340954413,1.5567068340954413
Tonga|us|total|cwti,Tonga,us,total,cwti,2013,3,holt,0.04215245103647113,0.011459384962103539,0.030693066074367593,0.006967212054052322,4.405358389589371,4.405358389589371
Tonga|us|total|cwti,Tonga,us,total,cwti,2014,3,holt,0.04517540918297423,0.06497310932434469,-0.01979770014137046,0.013934424108104644,-1.4207763440941612,1.4207763440941612
Tonga|us|total|cwti,Tonga,us,total,cwti,2017,3,holt,0.042556939056824346,0.02793727616457628,0.014619662892248066,0.01740110783770059,0.8401570192314797,0.8401570192314797
Tonga|us|total|cwti,Tonga,us,total,cwti,2011,3,ar1,0.04136096873503562,0.05990369967901824,-0.01854273094398262,0.003805358557042327,-4.872794683083623,4.872794683083623
Tonga|us|total|cwti,Tonga,us,total,cwti,2012,3,ar1,0.05044853823348818,0.04136096873503562,0.00908756949845256,0.01854273094398262,0.49008797711113883,0.49008797711113883
Tonga|us|total|cwti,Tonga,us,total,cwti,2013,3,ar1,0.04215245103647113,0.05044853823348818,-0.008296087197017049,0.0204823417179772,-0.40503607015479265,0.40503607015479265
Tonga|us|total|cwti,Tonga,us,total,cwti,2014,3,ar1,0.04517540918297423,0.04215245103647113,0.0030229581465031005,0.015191674019251157,0.19898782337432694,0.19898782337432694
Tonga|us|total|cwti,Tonga,us,total,cwti,2017,3,ar1,0.042556939056824346,0.04517540918297423,-0.002618470126149887,0.01288650470835162,-0.2031947518284676,0.2031947518284676
Tonga|us|total|cwti,Tonga,us,total,cwti,2013,5,holt,0.04215245103647113,0.03717355154562651,0.004978899490844624,0.01021286380210054,0.48751257113803714,0.48751257113803714
Tonga|us|total|cwti,Tonga,us,total,cwti,2014,5,holt,0.04517540918297423,0.04272030188289162,0.0024551073000826096,0.004978899490844624,0.4931024023676613,0.4931024023676613
Tonga|us|total|cwti,Tonga,us,total,cwti,2017,5,holt,0.042556939056824346,0.03604064434880564,0.006516294708018705,0.001870887151011881,3.4829971997478983,3.4829971997478983
Tonga|us|total|cwti,Tonga,us,total,cwti,2013,5,ar1,0.04215245103647113,0.05130830466150667,-0.009155853625035536,0.01021286380210054,-0.896502078403552,0.896502078403552
Tonga|us|total|cwti,Tonga,us,total,cwti,2014,5,ar1,0.04517540918297423,0.048780604015796356,-0.003605194832822123,0.009155853625035536,-0.39375846103133066,0.39375846103133066
Tonga|us|total|cwti,Tonga,us,total,cwti,2017,5,ar1,0.042556939056824346,0.046057600454884454,-0.003500661398060108,0.004114703362667803,-0.8507688378756967,0.8507688378756967
Tonga|us|total|cwti,Tonga,us,total,cwti,2017,7,holt,0.042556939056824346,0.040056758117260845,0.002500180939563501,0.012299778878297475,0.20327039732193738,0.20327039732193738
Tonga|us|total|cwti,Tonga,us,total,cwti,2017,7,ar1,0.042556939056824346,0.047025180063071645,-0.004468241006247299,0.012299778878297475,-0.36327815731153934,0.36327815731153934
Tonga|us|total|sti,Tonga,us,total,sti,2009,1,naive,0.13098681883842775,0.10023842486917087,0.030748393969256882,1.0,0.030748393969256882,0.030748393969256882
Tonga|us|total|sti,Tonga,us,total,sti,2010,1,naive,0.13130408043520947,0.13098681883842775,0.0003172615967817205,0.030748393969256882,0.010317989196409012,0.010317989196409012
Tonga|us|total|sti,Tonga,us,total,sti,2011,1,naive,0.11998874806162045,0.13130408043520947,-0.011315332373589018,0.022558598427715838,-0.5015973137624911,0.5015973137624911
Tonga|us|total|sti,Tonga,us,total,sti,2012,1,naive,0.12965475648041283,0.11998874806162045,0.00966600841879238,0.017246483820471656,0.5604625568557217,0.5604625568557217
Tonga|us|total|sti,Tonga,us,total,sti,2013,1,naive,0.11187653016713904,0.12965475648041283,-0.01777822631327379,0.01555346792939233,-1.1430393783547912,1.1430393783547912
Tonga|us|total|sti,Tonga,us,total,sti,2014,1,naive,0.11037180269988958,0.11187653016713904,-0.0015047274672494587,0.017246483820471656,-0.08724836221185794,0.08724836221185794
Tonga|us|total|sti,Tonga,us,total,sti,2017,1,naive,0.09484280577538473,0.11037180269988958,-0.015528996924504851,0.01555346792939233,-0.9984266528211863,0.9984266528211863
Tonga|us|total|sti,Tonga,us,total,sti,2011,3,holt,0.11998874806162045,0.18609306897872174,-0.06610432091710129,0.0004703720433885788,-140.53624539605534,140.53624539605534
Tonga|us|total|sti,Tonga,us,total,sti,2012,3,holt,0.12965475648041283,0.12949575889499507,0.00015899758541776388,0.06610432091710129,0.002405252534356358,0.002405252534356358
Tonga|us|total|sti,Tonga,us,total,sti,2013,3,holt,0.11187653016713904,0.10176416488084254,0.010112365286296499,0.04912099800591738,0.20586644605792231,0.20586644605792231
Tonga|us|total|sti,Tonga,us,total,sti,2014,3,holt,0.11037180269988958,0.13746019473052978,-0.0270883920306402,0.01475686295332281,-1.8356470556325588,1.8356470556325588
Tonga|us|total|sti,Tonga,us,total,sti,2017,3,holt,0.09484280577538473,0.08055118724055782,0.014291618534826911,0.027576921399045173,0.5182456129900616,0.5182456129900616
Tonga|us|total|sti,Tonga,us,total,sti,2011,3,ar1,0.11998874806162045,0.13130408043520947,-0.011315332373589018,0.0004703720433885788,-24.05613286893693,24.05613286893693
Tonga|us|total|sti,Tonga,us,total,sti,2012,3,ar1,0.12965475648041283,0.11998874806162045,0.00966600841879238,0.011315332373589018,0.8542399020777943,0.8542399020777943
Tonga|us|total|sti,Tonga,us,total,sti,2013,3,ar1,0.11187653016713904,0.12965475648041283,-0.01777822631327379,0.01555346792939233,-1.1430393783547912,1.1430393783547912
Tonga|us|total|sti,Tonga,us,total,sti,2014,3,ar1,0.11037180269988958,0.11187653016713904,-0.0015047274672494587,0.009581886554976642,-0.15703874791420203,0.15703874791420203
Tonga|us|total|sti,Tonga,us,total,sti,2017,3,ar1,0.09484280577538473,0.11037180269988958,-0.015528996924504851,0.012063544694557836,-1.2872664973430543,1.2872664973430543
Tonga|us|total|sti,Tonga,us,total,sti,2013,5,holt,0.11187653016713904,0.1428107210472023,-0.03093419088006326,0.0024452876953814963,-12.650532261905129,12.650532261905129
Tonga|us|total|sti,Tonga,us,total,sti,2014,5,holt,0.11037180269988958,0.11839801004213747,-0.00802620734224789,0.03093419088006326,-0.2594607168930574,0.2594607168930574
Tonga|us|total|sti,Tonga,us,total,sti,2017,5,holt,0.09484280577538473,0.10126257462107134,-0.00641976884568661,0.016981688196582533,-0.37804067365802607,0.37804067365802607
Tonga|us|total|sti,Tonga,us,total,sti,2013,5,ar1,0.11187653016713904,0.12637996822693473,-0.01450343805979569,0.0024452876953814963,-5.9311786041326995,5.9311786041326995
Tonga|us|total|sti,Tonga,us,total,sti,2014,5,ar1,0.11037180269988958,0.13376134751864766,-0.023389544818758073,0.01450343805979569,-1.612689675532531,1.612689675532531
Tonga|us|total|sti,Tonga,us,total,sti,2017,5,ar1,0.09484280577538473,0.11663962829526928,-0.021796822519884546,0.006587270940418815,-3.3089306204397166,3.3089306204397166
Tonga|us|total|sti,Tonga,us,total,sti,2017,7,holt,0.09484280577538473,0.11323477800799311,-0.018391972232608383,0.01433082408170158,-1.2833855281283029,1.2833855281283029
Tonga|us|total|sti,Tonga,us,total,sti,2017,7,ar1,0.09484280577538473,0.12369712159999101,-0.028854315824606278,0.01433082408170158,-2.0134442834623254,2.0134442834623254
