year,hs2,partner,world_value,partner_exports,partner_imports,export_share,import_share
2002,01,aus,9735830.89,709660.46,55743.836,0.07289161736867432,0.005725637249642079
2002,01,china,9735830.89,355679.02499999997,57305.341,0.03653299127918603,0.0058860246903898305
2002,01,us,9735830.89,714819.296,2161561.5640000002,0.07342149879926683,0.222021272598337
2002,02,aus,43372725.809,3339759.004,110502.84099999999,0.0770013629926618,0.002547749511677457
2002,02,china,43372725.809,717476.7239999999,1198830.6300000001,0.016542117439414444,0.027640195713759783
2002,02,us,43372725.809,6868252.104,3972541.701,0.1583541724872365,0.09159077800398892
2002,03,aus,48419927.274,846408.15,353810.891,0.017480574582657313,0.007307133878947099
2002,03,china,48419927.274,3481621.207,1303078.218,0.0719047178096346,0.026912023444936334
2002,03,us,48419927.274,3002411.6470000003,8239146.429,0.06200776861992939,0.17016023965455573
2002,04,aus,30586277.222999997,1637512.72,184849.647,0.053537496834320124,0.006043548407421038
2002,04,china,30586277.222999997,211833.7,365265.678,0.006925775845669351,0.011942142397288245
2002,04,us,30586277.222999997,757756.661,1285647.026,0.024774399822355263,0.04203345888178999
2002,05,aus,3939494.97,114970.286,53328.740000000005,0.029184016447671716,0.013536948366759814
2002,05,china,3939494.97,766517.174,207023.863,0.19457244642706067,0.052550863645346904
2002,05,us,3939494.97,526518.265,541105.362,0.13365120885025525,0.13735399235704568
2002,06,aus,10344221.835,25612.389,22870.002,0.0024760092550741393,0.0022108963211344354
2002,06,china,10344221.835,112875.962,43767.353,0.010911981954803078,0.004231091878937842
2002,06,us,10344221.835,266604.593,1509007.344,0.025773286502609113,0.14587925201818722
2002,07,aus,24481026.14,410904.995,106356.79400000001,0.016784631193568097,0.004344458169023466
2002,07,china,24481026.14,2262213.038,191580.463,0.09240678985688956,0.007825671273107834
2002,07,us,24481026.14,1931261.644,3476352.007,0.0788881002354912,0.14200189106125435
2002,08,aus,35475122.002,369646.203,185933.777,0.010419871226352942,0.00524124418767376
2002,08,china,35475122.002,727616.7760000001,664746.658,0.020510620822078607,0.01873838962308638
2002,08,us,35475122.002,4290817.276,4667734.629,0.12095285467258138,0.1315776906626803
2002,09,aus,12264553.564,16272.292,137767.005,0.0013267740986320014,0.011232940871519848
2002,09,china,12264553.564,695940.701,36141.172,0.05674407122675762,0.002946798822427973
2002,09,us,12264553.564,282980.047,2303566.13,0.023073000213446663,0.18782307223653297
2002,10,aus,34969191.402,1723192.921,37709.987,0.049277459727062635,0.001078377437055729
2002,10,china,34969191.402,1793498.591,514124.99899999995,0.051287962892313944,0.014702227257407944
2002,10,us,34969191.402,11168902.275,935008.223,0.31939263755355846,0.026738056715447066
2002,11,aus,6209416.711,269165.50299999997,25674.244,0.043347952879885236,0.0041347271724440715
2002,11,china,6209416.711,130889.57999999999,127957.59199999999,0.021079206967721895,0.020607022842149204
2002,11,us,6209416.711,709447.897,421907.302,0.11425354908830823,0.06794636624283727
2002,12,aus,22600523.779,792934.902,78379.666,0.035084802005198694,0.0034680464385001986
2002,12,china,22600523.779,1176445.358,2653737.256,0.05205389793192014,0.11741928116134216
2002,12,us,22600523.779,8002143.867000001,736821.944,0.3540689563325718,0.032601985299324863
2002,13,aus,2563769.202,40402.712,42587.537000000004,0.01575910654066746,0.01661129908525986
2002,13,china,2563769.202,139737.894,44114.767,0.0545048649039821,0.01720699623257273
2002,13,us,2563769.202,324135.027,488042.882,0.12642909773123953,0.19036147310735968
2002,14,aus,446628.145,3451.62,2717.133,0.007728173960017678,0.0060836582522133704
2002,14,china,446628.145,82478.909,44759.638,0.1846702003072377,0.1002167877261743
2002,14,us,446628.145,31120.49,58454.486000000004,0.06967874807800122,0.1308795396223854
2002,15,aus,24937703.26,218610.256,217755.373,0.008766254603351953,0.008731973860210252
2002,15,china,24937703.26,123971.00600000001,1605178.334,0.004971227891657894,0.06436752884836436
2002,15,us,24937703.26,2080964.2370000002,1463893.896,0.08344650729475397,0.05870203365311838
2002,16,aus,17903294.169,121633.044,212897.829,0.006793891830845892,0.011891545041394554
2002,16,china,17903294.169,2360123.404,49404.046,0.13182620928424515,0.00275949473508313
2002,16,us,17903294.169,1048146.7619999999,2859701.14,0.05854491090331812,0.15973044474416578
2002,17,aus,17170346.86,619740.224,82457.053,0.03609363451146962,0.0048022939590167376
2002,17,china,17170346.86,296322.074,252825.708,0.017257780312540525,0.014724554492779771
2002,17,us,17170346.86,660801.588,1785672.261,0.03848504595672449,0.1039974483660489
2002,18,aus,15347514.475,152203.603,183203.687,0.009917149988548878,0.011937026500181882
2002,18,china,15347514.475,52493.7,75081.651,0.0034203388493627726,0.004892104915248826
2002,18,us,15347514.475,625922.1830000001,1861269.335,0.0407832932179072,0.12127496853199743
2002,19,aus,19629142.313,238128.391,212895.628,0.012131370143579435,0.010845895587552154
2002,19,china,19629142.313,530780.159,148725.40899999999,0.027040415242619874,0.007576765537101539
2002,19,us,19629142.313,1626500.253,2371891.79,0.08286150393452496,0.12083522306673287
2002,20,aus,22714054.799,187358.492,230098.232,0.008248570924828823,0.010130213827349322
2002,20,china,22714054.799,1857810.4440000001,107746.67300000001,0.08179122840197565,0.004743612444077736
2002,20,us,22714054.799,2196603.677,3140763.243,0.09670680538715205,0.1382740013085763
2002,21,aus,19970293.185,260589.799,419954.79,0.013048871971280476,0.021028974693042296
2002,21,china,19970293.185,458493.50899999996,206766.832,0.022958777057133124,0.010353720402828427
2002,21,us,19970293.185,3188916.8230000003,1782738.175,0.1596830248538988,0.08926950438259178
2002,22,aus,43108449.972,2007672.059,417752.706,0.046572587515998194,0.009690738272225994
2002,22,china,43108449.972,679916.542,172997.717,0.015772233574661638,0.004013081359045993
2002,22,us,43108449.972,2106177.74,10039595.484000001,0.048857654157549495,0.23289159063990852
2002,23,aus,23441599.867,290576.12799999997,177839.157,0.012395746435765232,0.0075864769473500725
2002,23,china,23441599.867,560640.152,630752.844,0.023916462834486108,0.026907414492981972
2002,23,us,23441599.867,4242027.255,702896.1669999999,0.180961507707148,0.0299849912543514
2002,24,aus,23871975.240000002,41182.29,169925.962,0.0017251312296518617,0.007118219598153369
2002,24,china,23871975.240000002,494214.13,272613.16,0.02070269112762367,0.011419799042988616
2002,24,us,23871975.240000002,4747716.869,1302876.989,0.19888244777686856,0.054577678466124276
2002,25,aus,19803361.156,363006.27499999997,165520.918,0.018330538545473972,0.008358223470052238
2002,25,china,19803361.156,1640379.012,801126.407,0.0828333634415893,0.040454062352808004
2002,25,us,19803361.156,1596173.6199999999,2347366.683,0.08060114681675605,0.11853375113995726
2002,26,aus,30410040.700999998,5722939.296,340346.114,0.18819242474120754,0.011191899325172824
2002,26,china,30410040.700999998,241098.45,3860425.041,0.007928251473601999,0.1269457373949866
2002,26,us,30410040.700999998,1449444.4870000002,1585957.778,0.04766335241874033,0.052152438518368954
2002,27,aus,593321559.33,14666184.053,5284288.054,0.024718778244905815,0.008906280196470877
2002,27,china,593321559.33,8972742.506000001,18672772.722,0.015122899825403855,0.03147158977854431
2002,27,us,593321559.33,13331263.416000001,120017137.144,0.022468867355931142,0.20228008784903695
2002,28,aus,45149408.093,2295244.1890000002,422432.8,0.05083663963594368,0.009356330854434707
2002,28,china,45149408.093,3380164.983,1896061.4209999999,0.07486620812475421,0.04199526640735666
2002,28,us,45149408.093,6419930.911,7258582.437,0.14219302494012875,0.16076805308385375
2002,29,aus,182044034.889,200034.78399999999,1568540.775,0.0010988263588091185,0.008616271200297258
2002,29,china,182044034.889,6119880.107,11005011.576000001,0.0336175811019106,0.06045247009994162
2002,29,us,182044034.889,21998513.43,34463600.497,0.12084171526638283,0.18931463762607725
2002,30,aus,155371308.083,1032640.403,2485269.487,0.006646274757810234,0.015995678466402295
2002,30,china,155371308.083,819256.432,1048876.309,0.005272893960333718,0.006750772211042246
2002,30,us,155371308.083,18171978.601,21834970.699,0.11695839357478056,0.14053412414688346
2002,31,aus,17319390.837,76843.779,525865.712,0.004436863843723419,0.030362829556139777
2002,31,china,17319390.837,375761.703,2144507.3449999997,0.02169601151313287,0.12382117622858975
2002,31,us,17319390.837,2240368.739,1805245.123,0.12935609341489218,0.10423259917106285
2002,32,aus,38317431.058,385902.154,312116.701,0.010071190665571262,0.00814555392629422
2002,32,china,38317431.058,1528170.2349999999,1993460.5150000001,0.039881855145425915,0.0520248998943211
2002,32,us,38317431.058,4626826.993,2613757.16,0.12074992673690739,0.06821326711708911
2002,33,aus,37338747.505,204514.906,530047.33,0.005477283510182379,0.014195637653057905
2002,33,china,37338747.505,908191.34,245099.358,0.02432302636499483,0.006564209417232834
2002,33,us,37338747.505,4816795.813,3464555.479,0.12900260814466225,0.09278713696907118
2002,34,aus,20810367.662,80431.709,245110.88,0.0038649826041694275,0.01177830608190434
2002,34,china,20810367.662,752416.656,560696.285,0.036155855976246036,0.02694312249099946
2002,34,us,20810367.662,2858605.8529999997,1673325.533,0.13736450501159816,0.08040826381244162
2002,35,aus,11209948.101,133437.244,119195.065,0.01190346670633529,0.010632972064283423
2002,35,china,11209948.101,224011.81199999998,488488.321,0.01998330500566873,0.04357632315500405
2002,35,us,11209948.101,1586275.459,1255832.712,0.1415060484408928,0.11202841446589495
2002,36,aus,1751406.339,16108.859,47903.396,0.00919767083245666,0.027351388957145943
2002,36,china,1751406.339,438887.237,6805.728,0.25059132608289597,0.0038858646611304747
2002,36,us,1751406.339,324960.439,347161.95800000004,0.18554257328173346,0.19821896853372076
2002,37,aus,17646682.377,259508.242,305940.303,0.01470578074994045,0.01733698700208662
2002,37,china,17646682.377,476276.613,548622.478,0.02698958381099217,0.031089270282047644
2002,37,us,17646682.377,2941354.804,2321178.983,0.16668032784641987,0.131536281631347
2002,38,aus,63018652.996,228754.25400000002,713031.956,0.003629945153136164,0.011314617531499102
2002,38,china,63018652.996,1429946.488,3351895.8570000003,0.022690845012043707,0.053188947996282245
2002,38,us,63018652.996,12475343.758000001,5244419.82,0.19796271682912442,0.08322011929282082
2002,39,aus,210083493.137,538799.912,2022670.732,0.002564694179226337,0.009627937453805439
2002,39,china,210083493.137,13417804.311,16349418.67,0.06386891283386058,0.07782343308304661
2002,39,us,210083493.137,29793459.78,22485069.992,0.1418172334014412,0.10702920851252695
2002,40,aus,65101824.557,112316.292,1120075.098,0.0017252403103028442,0.017204972450800004
2002,40,china,65101824.557,2391019.669,2430270.863,0.03672738337627603,0.03733030340604621
2002,40,us,65101824.557,7380022.354,10988489.24,0.11336122150521928,0.1687892668872746
2002,41,aus,22704939.633,691188.3759999999,102120.855,0.030442202761702446,0.0044977373492583374
2002,41,china,22704939.633,913998.909,3338077.224,0.040255509319723895,0.14701986783300425
2002,41,us,22704939.633,2553306.1,1004323.128,0.11245597395418541,0.04423368413366263
2002,42,aus,28475815.016999997,16933.124,336600.167,0.0005946493187250642,0.01182056305672201
2002,42,china,28475815.016999997,14854895.026999999,90320.383,0.5216670714475304,0.003171827845702711
2002,42,us,28475815.016999997,568669.133,7459818.183,0.019970249584094636,0.2619703133535074
2002,43,aus,3860278.475,21330.089,16915.198,0.005525531160028552,0.004381859523748478
2002,43,china,3860278.475,867268.4510000001,198510.284,0.2246647376909771,0.051423824805799795
2002,43,us,3860278.475,198177.01,349027.63300000003,0.05133749061976675,0.09041514368986035
2002,44,aus,73588349.205,858065.6440000001,657075.458,0.011660346417197497,0.008929069140680692
2002,44,china,73588349.205,4018963.886,4052027.743,0.054614132935692075,0.05506344124817904
2002,44,us,73588349.205,5425716.726,16861705.61,0.07373064873197817,0.22913553289566552
2002,45,aus,1466738.11,6797.223,89763.964,0.004634244486904346,0.06119972160537916
2002,45,china,1466738.11,19965.575,19745.384000000002,0.013612228975219031,0.013462106060638187
2002,45,us,1466738.11,24040.404000000002,210945.74300000002,0.01639038614739478,0.1438196373038947
2002,46,aus,1416228.565,694.818,14974.34,0.0004906114854419703,0.010573392155806433
2002,46,china,1416228.565,906158.769,8749.853000000001,0.639839353190846,0.006178277444926414
2002,46,us,1416228.565,12015.877999999999,444307.207,0.008484420027215028,0.31372563580512164
2002,47,aus,21259808.615000002,34018.227,187216.399,0.0016001191551648405,0.008806118737489866
2002,47,china,21259808.615000002,17194.009,2756148.265,0.0008087565279335887,0.12964125476912247
2002,47,us,21259808.615000002,4524541.488,2447690.033,0.21282136494905599,0.11513227034758043
2002,48,aus,108042263.932,586035.055,1435049.0219999999,0.00542412787063441,0.013282293148755156
2002,48,china,108042263.932,2866040.688,4244967.181,0.02652703288227872,0.03928987626241997
2002,48,us,108042263.932,11186691.369,15830057.455,0.10353995706754829,0.14651726906577203
2002,49,aus,26784435.9,183952.437,580105.4839999999,0.006867885427447065,0.021658305075598027
2002,49,china,26784435.9,1656738.3399999999,313293.107,0.0618545167867433,0.011696834242456457
2002,49,us,26784435.9,4685512.065,3986059.0379999997,0.17493413273639266,0.14881997339357816
2002,50,aus,1988302.653,1468.289,11267.800000000001,0.0007384635320908563,0.00566704469412585
2002,50,china,1988302.653,862229.955,92530.501,0.4336512621451499,0.0465374327496811
2002,50,us,1988302.653,20417.403000000002,246835.813,0.010268760125222246,0.12414398413016653
2002,51,aus,11464628.626,1995318.517,118668.407,0.17404126920212024,0.010350828698530929
2002,51,china,11464628.626,1086934.1570000001,1751607.75,0.09480762024292719,0.1527836449954973
2002,51,us,11464628.626,154546.848,327609.95,0.013480318730038207,0.028575714110532238
2002,52,aus,35976932.766,764263.978,248854.26,0.021243166641550598,0.0069170504783881885
2002,52,china,35976932.766,5439532.078,2753495.062,0.1511949924519588,0.07653501425230419
2002,52,us,35976932.766,4463497.734,2165900.702,0.12406554397039173,0.060202483521521445
2002,53,aus,2832556.235,346.29,20878.98,0.00012225353047580362,0.007371073429015259
2002,53,china,2832556.235,555670.919,235211.564,0.19617295223796324,0.08303862112026172
2002,53,us,2832556.235,48468.345,153674.893,0.017111167785870986,0.054253077520983455
2002,54,aus,29132539.139,25252.749,211542.349,0.0008668227949342703,0.007261376977498206
2002,54,china,29132539.139,2625790.603,3280618.9,0.09013256930580521,0.11261012589212333
2002,54,us,29132539.139,1994437.102,2018200.412,0.06846080571569639,0.06927650220842634
2002,55,aus,23994865.442,42780.903,186292.552,0.0017829190625556664,0.007763850664230784
2002,55,china,23994865.442,2542261.7240000004,2732949.958,0.10595023881859701,0.11389728209170592
2002,55,us,23994865.442,1716273.005,1312832.091,0.07152667761978275,0.05471304242873778
2002,56,aus,9763757.057,28836.629,138045.003,0.0029534357349997715,0.014138512684625884
2002,56,china,9763757.057,515479.3520000001,411635.632,0.0527951841684174,0.04215955288490952
2002,56,us,9763757.057,1223004.561,1041242.665,0.1252596263774489,0.10664364741167894
2002,57,aus,8459445.628,48188.186,139718.842,0.0056963763488828935,0.016516311841705475
2002,57,china,8459445.628,625645.689,43317.666,0.07395823751489924,0.005120627036909184
2002,57,us,8459445.628,764878.973,1649645.805,0.09041715103272485,0.19500637246722427
2002,58,aus,8638345.957,11709.058,67497.92,0.0013554745385615957,0.00781375512580666
2002,58,china,8638345.957,1128342.213,783895.58,0.13062016948807875,0.09074602752680654
2002,58,us,8638345.957,1007206.914,751258.767,0.11659719569159181,0.08696789532852926
2002,59,aus,11870876.532,47555.878,89491.506,0.004006096590408038,0.007538744570273322
2002,59,china,11870876.532,613686.749,1160403.458,0.051696835304933145,0.09775212932860787
2002,59,us,11870876.532,1470292.092,998602.014,0.12385707896435225,0.08412201165668733
2002,60,aus,14673238.516999999,31300.994,78447.609,0.002133202834789031,0.005346305037508442
2002,60,china,14673238.516999999,2583447.308,1693137.382,0.17606524319814548,0.11538948133626935
2002,60,us,14673238.516999999,1025703.4990000001,1165816.861,0.06990300728851705,0.07945191238112279
2002,61,aus,97390866.427,393316.459,776690.304,0.004038535372254985,0.007974980945283752
2002,61,china,97390866.427,22225669.047,519614.364,0.22821102083180872,0.005335350049375323
2002,61,us,97390866.427,3542682.218,29471000.371,0.03637591848159028,0.30260538233418627
2002,62,aus,115653166.059,58933.39,981888.139,0.0005095700533605398,0.008489937391762311
2002,62,china,115653166.059,29692668.207999997,683484.294,0.25673891359664464,0.005909775904027766
2002,62,us,115653166.059,2550640.9899999998,32551848.901,0.022054225378480348,0.2814609405884643
2002,63,aus,21924129.967,55234.474,357195.885,0.002519346221863236,0.016292363051014933
2002,63,china,21924129.967,5565793.471000001,66840.87999999999,0.25386610457872594,0.0030487358039114104
2002,63,us,21924129.967,1017221.5719999999,6066902.166,0.04639735184616733,0.27672259629603757
2002,64,aus,57251301.69,32586.418999999998,586410.971,0.0005691821502408184,0.010242753504108144
2002,64,china,57251301.69,23084610.529999997,327998.897,0.4032154701913468,0.005729108113139917
2002,64,us,57251301.69,571562.197,16176366.878,0.009983392169751033,0.2825502023620452
2002,65,aus,3776542.198,11660.284,71409.45499999999,0.003087555596803635,0.01890868716833546
2002,65,china,3776542.198,1526521.355,11057.683,0.4042113856978542,0.002927991379483588
2002,65,us,3776542.198,124946.783,1343549.098,0.033084969384472904,0.3557617067569173
2002,66,aus,1546539.4409999999,2050.952,16337.518,0.001326155638600361,0.01056391939764309
2002,66,china,1546539.4409999999,1118353.925,12022.685,0.7231331418724549,0.007773927183018413
2002,66,us,1546539.4409999999,11056.564999999999,295090.18799999997,0.007149229244907437,0.19080676520554382
2002,67,aus,2635287.847,1124.818,24055.005999999998,0.00042682927456311377,0.009128037389685574
2002,67,china,2635287.847,1943963.354,67897.985,0.737666420847726,0.02576492168675037
2002,67,us,2635287.847,37028.361,880102.1630000001,0.014050973992140144,0.3339681333110933
2002,68,aus,18871941.437,51444.021,216422.252,0.0027259527681206,0.011467937876051604
2002,68,china,18871941.437,2446497.6010000003,296076.91599999997,0.1296367736815588,0.01568873647623327
2002,68,us,18871941.437,1432572.432,3933182.209,0.07591017791054203,0.2084142864755118
2002,69,aus,20983771.005,71174.093,408601.18299999996,0.0033918637876404903,0.0194722475241766
2002,69,china,20983771.005,2836351.24,175121.641,0.13516880446913743,0.008345575299991224
2002,69,us,20983771.005,811282.114,3969763.3740000003,0.038662360250056496,0.18918255317664723
2002,70,aus,33506657.604,86962.849,347533.033,0.0025953901468709446,0.010372059102621796
2002,70,china,33506657.604,2387500.529,1498667.6130000001,0.07125451178141332,0.04472745777009672
2002,70,us,33506657.604,3594498.5889999997,4658698.518,0.10727714567897967,0.13903799576367917
2002,71,aus,136676433.65,4931963.773,1941775.649,0.03608496096430008,0.014207099184139415
2002,71,china,136676433.65,3653432.518,1736381.343,0.026730522742169898,0.012704321415398593
2002,71,us,136676433.65,11498988.741,27494603.218,0.08413292938595783,0.20116564709617735
2002,72,aus,131223429.021,1034108.683,806206.9450000001,0.007880518675018842,0.006143772884268867
2002,72,china,131223429.021,2555822.897,13205360.527999999,0.01947687936573419,0.10063264332078012
2002,72,us,131223429.021,5378812.698000001,12611994.817,0.04098972826825929,0.09611084629545591
2002,73,aus,100784945.612,385500.403,1208321.796,0.0038249800171951498,0.011989109967393094
2002,73,china,100784945.612,9326812.787999999,2642954.775,0.09254172566512253,0.026223705921068784
2002,73,us,100784945.612,10328616.128,15738304.138,0.10248173539491616,0.15615729157198763
2002,74,aus,36731594.802999996,905881.401,219890.489,0.024662185398114364,0.005986412792020694
2002,74,china,36731594.802999996,997553.315,4929572.003,0.027157909161039922,0.13420522657506243
2002,74,us,36731594.802999996,2291801.906,4266706.0139999995,0.06239320449578793,0.11615901887416887
2002,75,aus,10508839.768000001,1042780.141,25515.433,0.09922885532761887,0.0024279971493804584
2002,75,china,10508839.768000001,50830.643,439648.588,0.004836941481854364,0.0418360730305123
2002,75,us,10508839.768000001,728924.096,1073662.827,0.06936294701339098,0.10216758944877652
2002,76,aus,69934326.914,2601187.453,393208.835,0.0371947163543698,0.005622544068859614
2002,76,china,69934326.914,2358854.958,2416916.517,0.033729572616045096,0.03455980236961661
2002,76,us,69934326.914,5339536.777,9795389.699000001,0.07635072807043902,0.14006554622375414
2002,78,aus,1736834.061,260139.302,10064.891,0.14977786758178968,0.0057949640820637955
2002,78,china,1736834.061,261263.707,50879.102,0.1504252552771649,0.02929416410149501
2002,78,us,1736834.061,76203.74399999999,154480.19,0.04387508611854658,0.08894355164307202
2002,79,aus,5470551.107,537469.005,7255.695,0.09824768921585729,0.0013263188402930315
2002,79,china,5470551.107,488905.549,272849.043,0.08937043808518796,0.04987597001897454
2002,79,us,5470551.107,122177.226,1133329.77,0.02233362299525264,0.2071692134545303
2002,80,aus,1557639.579,8651.894,14375.133,0.005554490343365884,0.00922879284386751
2002,80,china,1557639.579,287805.502,92232.98,0.1847702805451119,0.059213300203384216
2002,80,us,1557639.579,64762.747,255263.64500000002,0.041577491913487134,0.1638785046563073
2002,81,aus,6340838.911,81539.754,43342.3,0.01285945836891487,0.0068354204559290055
2002,81,china,6340838.911,692252.147,200003.53100000002,0.10917358991711498,0.03154212460011192
2002,81,us,6340838.911,1215870.391,964486.2370000001,0.1917522914658382,0.15210703986294663
2002,82,aus,27553202.426,70650.092,413046.653,0.0025641335953505186,0.014990876436571206
2002,82,china,27553202.426,3875254.924,699252.646,0.1406462618785538,0.02537827128726659
2002,82,us,27553202.426,3198259.874,4875325.033,0.11607579491311795,0.17694222826162312
2002,83,aus,25876678.716000002,66564.348,352954.201,0.0025723682985190096,0.013639857142167254
2002,83,china,25876678.716000002,3458872.865,454403.8,0.13366757391710082,0.017560360237383717
2002,83,us,25876678.716000002,3271336.327,5025642.544,0.12642025519980182,0.19421513089670805
2002,84,aus,967503382.913,2669469.387,12932952.399,0.0027591318378263952,0.013367345920859648
2002,84,china,967503382.913,72995088.54,49670621.666,0.07544685613421145,0.05133896433152471
2002,84,us,967503382.913,142095547.677,171762232.13,0.14686826959630128,0.17753140212580035
2002,85,aus,917289622.1079999,1571354.255,7718126.065,0.0017130404804852264,0.00841405579980636
2002,85,china,917289622.1079999,100369434.19,64707008.156,0.10941956800878609,0.07054152428684245
2002,85,us,917289622.1079999,113360918.391,156255087.77,0.12358247129242361,0.1703443318271869
2002,86,aus,10973891.276,31436.445,213663.24,0.0028646579603674215,0.019470143691625908
2002,86,china,10973891.276,636635.995,394689.96,0.05801369623483774,0.03596627213385926
2002,86,us,10973891.276,1052737.704,1235952.445,0.0959311221081939,0.11262663479298718
2002,87,aus,639830444.516,2263611.849,9504697.898,0.00353783079314444,0.014855026014258874
2002,87,china,639830444.516,6693162.709,7695823.331,0.010460838127299562,0.012027910514357453
2002,87,us,639830444.516,61970032.334,173866814.915,0.09685383505137404,0.2717388902094548
2002,88,aus,110288824.217,982457.984,3001208.395,0.008908046585635494,0.027212262133604212
2002,88,china,110288824.217,201129.845,4942684.130000001,0.001823664785874086,0.04481582032532116
2002,88,us,110288824.217,42580459.65,20525905.583,0.38608136365857293,0.18611047609514839
2002,89,aus,48820180.143,335519.431,414801.235,0.006872556185110838,0.008496511765933653
2002,89,china,48820180.143,2137997.368,447832.13899999997,0.04379331173579361,0.009173094767128008
2002,89,us,48820180.143,1508232.002,3704194.2800000003,0.030893618122305424,0.07587424440364586
2002,90,aus,203171762.282,1101217.974,2825287.43,0.005420133002890049,0.01390590600911624
2002,90,china,203171762.282,12780884.274,12184234.739,0.0629067943814962,0.059970118889299324
2002,90,us,203171762.282,44963601.197,36691493.21,0.2213083190891018,0.18059346829444065
2002,91,aus,19948591.369,34653.117,203230.155,0.0017371210006261772,0.01018769452141962
2002,91,china,19948591.369,3674145.534,578628.304,0.1841807005836814,0.029005973068313245
2002,91,us,19948591.369,396971.054,3016993.353,0.019899703525778308,0.1512384156451463
2002,92,aus,4049846.041,5156.742,75697.573,0.001273318034264503,0.01869146931356149
2002,92,china,4049846.041,756220.0690000001,85722.048,0.18672810307951163,0.02116674242234484
2002,92,us,4049846.041,379611.399,1277464.4000000001,0.09373477291651935,0.3154352997785972
2002,93,aus,4419915.506,19599.302,187348.087,0.004434315989388056,0.042387255309671974
2002,93,china,4419915.506,62408.046,11176.332999999999,0.014119737337802403,0.002528630464729069
2002,93,us,4419915.506,1360121.924,1157407.6160000002,0.3077257748827201,0.2618619325253681
2002,94,aus,91565837.484,186587.859,1023541.392,0.0020377453439728976,0.01117820161016767
2002,94,china,91565837.484,20358257.913000003,436618.658,0.22233464436512534,0.004768357610187246
2002,94,us,91565837.484,5091414.958000001,29025020.211,0.055603870372393664,0.3169852535458081
2002,95,aus,53312562.457,192480.905,915648.8250000001,0.003610423062205051,0.017175104380670683
2002,95,china,53312562.457,25028008.559,321984.62,0.4694579927420801,0.006039563756848139
2002,95,us,53312562.457,3417833.094,18853291.087,0.0641093381462709,0.35363693317511025
2002,96,aus,15464187.96,20753.429,225252.642,0.001342031605777249,0.014566082783179
2002,96,china,15464187.96,3509404.829,406136.064,0.2269375435734163,0.02626300618244684
2002,96,us,15464187.96,1228400.88,3104945.44,0.07943520107084885,0.20078296047819116
2002,97,aus,9892874.199000001,86165.95,58453.901999999995,0.008709900506842581,0.005908687488001078
2002,97,china,9892874.199000001,288225.96099999995,32555.199,0.02913470394975149,0.003290772564690125
2002,97,us,9892874.199000001,1985560.057,4648039.482,0.20070608571983115,0.4698371159384435
2003,01,aus,9953302.176,679090.601,61093.46799999999,0.06822766846539272,0.006138009970933288
2003,01,china,9953302.176,355858.971,114366.474,0.03575285515374672,0.011490304622295834
2003,01,us,9953302.176,651716.037,1693520.157,0.06547736876425361,0.17014656312590581
2003,02,aus,49864340.793,3548313.897,146308.742,0.07115934634992939,0.002934135690419855
2003,02,china,49864340.793,648831.412,886702.0000000001,0.013011932007553654,0.017782286618024962
2003,02,us,49864340.793,8488465.592,4082533.0270000002,0.17023118037873708,0.08187279651299652
2003,03,aus,53595589.967,778868.464,440798.568,0.014532323731851197,0.008224530568119682
2003,03,china,53595589.967,4090176.795,1800396.161,0.0763155475575213,0.03359224447587095
2003,03,us,53595589.967,3076206.384,9126690.473,0.05739663255678478,0.17028808673660475
2003,04,aus,37075164.669,1426997.351,230484.29900000003,0.03848930581266355,0.006216676340016825
2003,04,china,37075164.669,235129.255,424865.901,0.006341961178033575,0.011459582305112377
2003,04,us,37075164.669,901943.15,1440736.868,0.024327421281938367,0.03885989127391946
2003,05,aus,4504041.448,115116.921,51564.912,0.025558583847206197,0.011448587362111682
2003,05,china,4504041.448,852114.4230000001,265894.935,0.18918885024434617,0.059034744255754903
2003,05,us,4504041.448,621104.177,528306.3690000001,0.13789930314158158,0.11729607178339627
2003,06,aus,11743070.646,25572.263,27460.504,0.0021776470372091806,0.0023384432256101408
2003,06,china,11743070.646,146306.16,55193.415,0.012458935521250207,0.004700083705857661
2003,06,us,11743070.646,282834.41,1593480.6199999999,0.024085217446625926,0.13569539586673451
2003,07,aus,28954252.305999998,294624.793,140182.945,0.010175527583523435,0.004841532204613373
2003,07,china,28954252.305999998,2504354.988,237938.41800000003,0.08649351264653582,0.008217736568894015
2003,07,us,28954252.305999998,1958113.151,4030326.346,0.06762782648662052,0.13919635373091027
2003,08,aus,43433996.86,374565.146,240065.807,0.00862377798679981,0.005527140589289991
2003,08,china,43433996.86,937424.054,697811.222,0.021582726015788548,0.016066014469017023
2003,08,us,43433996.86,4842545.212,5194224.085,0.11149204683163023,0.11958890409608046
2003,09,aus,14444964.312,18580.995,171357.387,0.0012863302808276262,0.011862776764193641
2003,09,china,14444964.312,747985.5279999999,32668.405000000002,0.051781749808728766,0.0022615774116424136
2003,09,us,14444964.312,327443.995,2633945.605,0.022668383799881,0.18234351765146817
2003,10,aus,40474693.633,1416742.435,89796.103,0.03500316636973616,0.0022185740011824834
2003,10,china,40474693.633,2718718.155,471495.68,0.06717081492084137,0.01164914759516742
2003,10,us,40474693.633,11928154.518,829377.413,0.29470648070019445,0.020491258575550734
2003,11,aus,7324034.24,296439.989,34492.358,0.04047495946714744,0.004709475252262065
2003,11,china,7324034.24,176307.846,163293.367,0.024072504336080217,0.02229554937198109
2003,11,us,7324034.24,753913.1429999999,499344.068,0.10293686761901319,0.068178827629293
2003,12,aus,29134997.213,489513.762,118065.436,0.01680157229538294,0.004052357895792739
2003,12,china,29134997.213,1430546.855,5354221.165,0.04910063469515939,0.18377283944310635
2003,12,us,29134997.213,10277743.251,792896.437,0.35276280192723286,0.027214570545632682
2003,13,aus,3010686.382,50790.485,48913.442,0.01687006833513488,0.01624660817959617
2003,13,china,3010686.382,171037.392,60934.995,0.05681009919285574,0.020239569077773176
2003,13,us,3010686.382,350479.305,574827.77,0.1164117614825017,0.19092914274855213
2003,14,aus,523731.27499999997,717.842,2493.376,0.0013706303867379317,0.004760792641226172
2003,14,china,523731.27499999997,91141.466,71600.955,0.1740233405003358,0.13671315504310871
2003,14,us,523731.27499999997,25662.610999999997,59304.104999999996,0.0489995771209195,0.11323384306197869
2003,15,aus,33648768.606,258052.345,279554.935,0.007668998174096214,0.008308028691134683
2003,15,china,33648768.606,144990.94199999998,3145984.693,0.00430895239281197,0.09349479411377423
2003,15,us,33648768.606,2292448.648,1671632.749,0.06812875308581805,0.04967886844756414
2003,16,aus,20300938.056,154630.407,256496.35,0.0076169094538120884,0.012634704332009514
2003,16,china,20300938.056,2439669.0719999997,86041.946,0.12017518920900054,0.004238323655914513
2003,16,us,20300938.056,1100883.745,2946299.418,0.05422822048731047,0.14513119590201462
2003,17,aus,19234501.941,642429.79,107901.504,0.03339986613485455,0.005609789342660266
2003,17,china,19234501.941,291456.528,201894.574,0.01515279828373072,0.01049648047135779
2003,17,us,19234501.941,707499.759,2039044.802,0.03678284788294431,0.10600975311211984
2003,18,aus,20095568.335,171115.09,230615.195,0.008515065966159946,0.011475923007280302
2003,18,china,20095568.335,63992.352,114068.087,0.003184401203948333,0.00567628071515301
2003,18,us,20095568.335,681162.208,2555351.9710000004,0.03389614051440561,0.12715997519460054
2003,19,aus,23795055.018,280051.198,278283.176,0.011769302394474506,0.011695000317901764
2003,19,china,23795055.018,625886.0290000001,169945.916,0.026303197388135583,0.007142068630286535
2003,19,us,23795055.018,1769039.091,2717786.059,0.07434482036968577,0.11421642256948364
2003,20,aus,26940826.317,220114.113,303514.328,0.008170280688870527,0.011265962091462599
2003,20,china,26940826.317,2274118.518,155326.168,0.08441160977178352,0.0057654567151114895
2003,20,us,26940826.317,2217815.117,3647680.163,0.08232171838027591,0.13539600159547696
2003,21,aus,24657195.222,288029.448,654654.668,0.01168135489080324,0.02655024880591019
2003,21,china,24657195.222,567000.031,333350.64400000003,0.022995317427429985,0.01351940644500284
2003,21,us,24657195.222,3492220.984,1909469.37,0.14163090945900125,0.0774406558737997
2003,22,aus,49774682.635,2339509.39,497080.937,0.04700199511377558,0.009986621926755757
2003,22,china,49774682.635,715575.734,247808.087,0.014376299277432853,0.004978597027271634
2003,22,us,49774682.635,2465198.216,11278131.697,0.04952715086256622,0.22658369877921777
2003,23,aus,26828697.877,344270.336,231133.258,0.012832167165859356,0.008615150055349815
2003,23,china,26828697.877,547667.64,623984.52,0.020413500592196484,0.023258099325608204
2003,23,us,26828697.877,4328218.922,729653.911,0.16132795344162204,0.02719676945728796
2003,24,aus,24661898.603,55059.442,174292.14,0.002232571096261919,0.00706726366877521
2003,24,china,24661898.603,574162.5549999999,232953.732,0.023281360622014555,0.009445896106784831
2003,24,us,24661898.603,4454296.693,1265113.71,0.18061450842467403,0.051298309605656435
2003,25,aus,23653160.938,391892.871,195005.489,0.016568308651314517,0.008244373321229714
2003,25,china,23653160.938,1853911.229,1212537.298,0.0783790054047955,0.05126322444506761
2003,25,us,23653160.938,1737295.7270000002,2571766.6339999996,0.0734487763201639,0.10872824316129039
2003,26,aus,36415621.357,6946420.364,359230.278,0.19075386070996486,0.009864730151884306
2003,26,china,36415621.357,350429.15300000005,6120236.009,0.009623044724805683,0.1680662249038773
2003,26,us,36415621.357,1303537.509,1600446.745,0.03579610783572219,0.04394945590273043
2003,27,aus,772866484.301,16413535.804,6619911.618000001,0.02123722031864898,0.008565401337059164
2003,27,china,772866484.301,11518568.151999999,28656913.05,0.0149036973215596,0.03707873692558688
2003,27,us,772866484.301,17607278.364,161503624.59,0.022781785368690775,0.20896704394688298
2003,28,aus,53108350.284,2808166.654,492875.935,0.0528761793387135,0.009280573250050456
2003,28,china,53108350.284,3989938.2299999995,2671653.546,0.07512826530411079,0.0503057152352347
2003,28,us,53108350.284,6645807.918,8428107.334999999,0.12513677947933147,0.15869646279596716
2003,29,aus,216083826.933,255183.892,1828033.46,0.0011809485958387972,0.008459834712973725
2003,29,china,216083826.933,7806556.06,15659640.737,0.036127442626331024,0.07247021195091803
2003,29,us,216083826.933,25297343.752,38125787.88,0.11707189802707361,0.17643980311317548
2003,30,aus,190305772.152,1277029.758,3355380.955,0.006710410007847884,0.017631524872088526
2003,30,china,190305772.152,962174.2899999999,1278578.184,0.005055938551519589,0.0067185465240580345
2003,30,us,190305772.152,21630338.176,27837315.366,0.11366096745990201,0.1462767789500674
2003,31,aus,22234762.849,101935.38,600618.044,0.004584504934559467,0.027012568025973464
2003,31,china,22234762.849,812760.166,1657433.063,0.03655357925423313,0.0745424214441101
2003,31,us,22234762.849,2529377.665,2417294.943,0.11375779819094216,0.10871692041045164
2003,32,aus,44102163.577,448723.278,362653.3,0.010174631845817572,0.0082230274114971
2003,32,china,44102163.577,1762842.9250000003,2420267.617,0.03997180142697924,0.054878659473799815
2003,32,us,44102163.577,4981904.348,2721090.2150000003,0.11296281052746684,0.0616996989331175
2003,33,aus,45645428.799,222607.635,671053.7409999999,0.004876887803601417,0.014701444562060973
2003,33,china,45645428.799,1229160.082,317977.221,0.02692843761886028,0.006966244580595686
2003,33,us,45645428.799,5162857.9399999995,4926229.996,0.1131078856271607,0.10792384091061324
2003,34,aus,24917643.341,87267.619,300927.842,0.003502242078262999,0.012076898199471666
2003,34,china,24917643.341,957851.192,728552.251,0.038440681523999994,0.029238409147675105
2003,34,us,24917643.341,3189474.851,1784093.431,0.12800066231592508,0.07159960541149638
2003,35,aus,13116801.578,163021.07,142219.02599999998,0.012428416259145458,0.010842507996654852
2003,35,china,13116801.578,297877.32200000004,580567.308,0.022709600372366023,0.04426134713921034
2003,35,us,13116801.578,1822613.302,1440709.202,0.13895257095730992,0.10983692887574152
2003,36,aus,2203534.024,19292.394,54935.911,0.008755205860166013,0.02493082040107405
2003,36,china,2203534.024,502923.179,12794.858,0.22823481440375523,0.005806517104180643
2003,36,us,2203534.024,419797.97000000003,411561.145,0.19051122670570572,0.18677321998092278
2003,37,aus,19286924.306,273787.603,355258.955,0.014195503578288372,0.018419679020023005
2003,37,china,19286924.306,570323.7289999999,681612.601,0.029570486198391775,0.035340658271156074
2003,37,us,19286924.306,3144119.289,2310015.814,0.1630181795249692,0.11977108311050783
2003,38,aus,73296311.509,257169.925,783131.939,0.003508633923119341,0.010684465873891073
2003,38,china,73296311.509,1906041.365,4250830.351,0.026004601401612936,0.05799514687008559
2003,38,us,73296311.509,13529211.935,5643954.59,0.18458243882216036,0.07700189100657517
2003,39,aus,247899116.685,625509.294,2418760.989,0.0025232413183416905,0.009757037545532955
2003,39,china,247899116.685,15895192.312999997,19701357.919,0.06411960044697404,0.07947328809579457
2003,39,us,247899116.685,32288721.193,25371830.489,0.13024944027545113,0.10234740175068648
2003,40,aus,78713462.836,137531.358,1353492.495,0.001747240599572496,0.01719518423195293
2003,40,china,78713462.836,3055029.273,3591639.6089999997,0.03881202989843266,0.04562929236747218
2003,40,us,78713462.836,7698454.874,12456809.719,0.0978035344479734,0.15825513540109198
2003,41,aus,24695548.303,775419.431,103828.579,0.03139915832141303,0.004204343945964827
2003,41,china,24695548.303,1211831.2939999998,3664018.097,0.04907083977774194,0.14836755402409502
2003,41,us,24695548.303,2924953.8600000003,980939.262,0.11844053122905066,0.039721299157420856
2003,42,aus,31091539.384,22965.514,403836.08999999997,0.0007386419088602049,0.012988616774884354
2003,42,china,31091539.384,16241981.043000001,115971.553,0.5223923088014831,0.003730003573244754
2003,42,us,31091539.384,624800.986,7725791.183,0.020095530757847535,0.24848532224736886
2003,43,aus,4775753.564,9940.626,18813.626,0.002081478004839531,0.003939404692448657
2003,43,china,4775753.564,1039906.055,605953.73,0.2177470091503239,0.12688128101243037
2003,43,us,4775753.564,194784.587,388178.598,0.040786147021550964,0.08128111988987881
2003,44,aus,82956087.367,963312.834,834877.623,0.011612322429555745,0.01006409112940053
2003,44,china,82956087.367,4747551.658,4462078.87,0.057229695959462284,0.053788444122968834
2003,44,us,82956087.367,5523840.771,17775371.507,0.06658752776709896,0.21427446822993557
2003,45,aus,1746922.7140000002,8192.237000000001,92861.79899999998,0.004689524576185687,0.053157359656381444
2003,45,china,1746922.7140000002,26672.860999999997,20849.082,0.015268483709234086,0.011934747789878469
2003,45,us,1746922.7140000002,21449.997,219206.17500000002,0.012278732669795716,0.1254813239551249
2003,46,aus,1611889.23,787.413,20102.309,0.0004885031709033753,0.012471271986847384
2003,46,china,1611889.23,1021322.7440000001,5597.284,0.6336184428752589,0.0034724991617445075
2003,46,us,1611889.23,14779.416,489717.44200000004,0.009169002264504242,0.3038158161773933
2003,47,aus,24790636.966,57008.791,201500.889,0.002299609771148145,0.008128104545129501
2003,47,china,24790636.966,22407.345,3645527.29,0.0009038632218579681,0.14705258662775741
2003,47,us,24790636.966,5025240.551,2706783.638,0.2027071977977833,0.1091857236952933
2003,48,aus,122662872.133,608965.61,1758565.752,0.0049645471315861184,0.014336577331184902
2003,48,china,122662872.133,3776513.921,4480664.66,0.030787750648013763,0.0365282875093756
2003,48,us,122662872.133,11567627.061,16270805.564,0.09430422474094312,0.13264653991109884
2003,49,aus,30178282.685,233325.804,682123.039,0.007731579905836514,0.022603109862810274
2003,49,china,30178282.685,2070659.223,314178.364,0.06861421654152684,0.010410743622471307
2003,49,us,30178282.685,4894729.914,4185077.9990000003,0.16219378567995543,0.13867846764786843
2003,50,aus,2184817.872,1952.077,13085.588,0.0008934735590628673,0.005989326692948253
2003,50,china,2184817.872,897452.748,106278.444,0.41076776215605765,0.0486440748046023
2003,50,us,2184817.872,24712.283,269373.728,0.011310912143618715,0.12329344768377105
2003,51,aus,12004152.661,1743756.4,170931.265,0.14526276441528835,0.014239344485790692
2003,51,china,12004152.661,1340868.55,1574435.448,0.11170039134509804,0.13115756625747899
2003,51,us,12004152.661,155032.55500000002,340221.9,0.012914910312968738,0.028342017100910312
2003,52,aus,42039117.231,674192.973,274430.04,0.016037277122052516,0.006527968665279988
2003,52,china,42039117.231,6581714.863,3841721.959,0.1565616810370744,0.0913844583817065
2003,52,us,42039117.231,5413704.446,1986279.045,0.12877778608557197,0.047248352863492125
2003,53,aus,3354694.836,659.9970000000001,21594.127,0.0001967383122057544,0.006436986985602525
2003,53,china,3354694.836,614784.074,327343.867,0.18326080435174344,0.09757783733029839
2003,53,us,3354694.836,37497.922,166871.684,0.011177744573843556,0.04974273135346371
2003,54,aus,32833756.509,26155.216,244215.554,0.0007965952964544476,0.007437941313022119
2003,54,china,32833756.509,3772983.5709999995,3589615.248,0.11491172415699051,0.10932697411628967
2003,54,us,32833756.509,2024053.546,2042845.3569999998,0.061645506369190216,0.062217838413951794
2003,55,aus,26310992.922,36701.449,192592.515,0.0013949093106749308,0.00731984975143083
2003,55,china,26310992.922,2977624.874,3010214.849,0.11317037265857997,0.11440901747508744
2003,55,us,26310992.922,1687703.6199999999,1320563.816,0.06414442909863818,0.05019057319177824
2003,56,aus,11512204.316,31159.82,160196.533,0.002706677118012331,0.013915365693897053
2003,56,china,11512204.316,612678.448,535886.922,0.05321990742889105,0.04654946240445096
2003,56,us,11512204.316,1304401.924,1187088.214,0.1133060088402969,0.10311563115242403
2003,57,aus,9411253.858,55242.192,185386.427,0.005869801498664453,0.019698377049133894
2003,57,china,9411253.858,721135.921,55929.539000000004,0.07662485061828411,0.005942836081555416
2003,57,us,9411253.858,765361.848,1633851.433,0.08132411042651955,0.1736061376785784
2003,58,aus,9502350.743,10566.628,71380.076,0.0011120014705607462,0.007511833432646425
2003,58,china,9502350.743,1502279.25,741291.167,0.15809553768646864,0.07801134551322254
2003,58,us,9502350.743,846038.983,759881.578,0.08903470371510364,0.07996774677674091
2003,59,aus,13280131.786,58172.174999999996,95282.072,0.004380391395010513,0.0071747836192745445
2003,59,china,13280131.786,804130.663,1348171.549,0.06055140686538364,0.10151793451487064
2003,59,us,13280131.786,1529835.025,1100332.453,0.11519727738039179,0.08285553718374825
2003,60,aus,16444092.573,44246.484,92746.333,0.0026907221425309592,0.005640100394003054
2003,60,china,16444092.573,3066175.3150000004,1705869.163,0.1864605968002416,0.10373750667160027
2003,60,us,16444092.573,1356010.0890000002,1136533.569,0.08246183746414014,0.0691150067390222
2003,61,aus,110299369.282,384816.048,953378.968,0.0034888327150461684,0.008643557748390353
2003,61,china,110299369.282,26418648.939,550593.89,0.23951767912159147,0.004991813585010704
2003,61,us,110299369.282,2842716.1540000006,31399998.919,0.025772732632152136,0.2846797685553424
2003,62,aus,128520104.252,68514.128,1217603.124,0.0005331004701463569,0.00947402844937431
2003,62,china,128520104.252,34651267.219,805999.218,0.269617484522549,0.006271386276030485
2003,62,us,128520104.252,1848189.3490000002,34199171.293,0.01438054660596993,0.2660997786458596
2003,63,aus,26367842.764,57860.466,465450.087,0.0021943572145005684,0.01765218683856378
2003,63,china,26367842.764,7275791.41,82043.69600000001,0.2759342686893459,0.003111505811617408
2003,63,us,26367842.764,1087013.38,7042163.248,0.04122496442841728,0.26707392451591305
2003,64,aus,63477451.462,37067.829,641555.141,0.0005839526973163093,0.010106819448856719
2003,64,china,63477451.462,25553933.601,395103.56500000006,0.4025671007963757,0.006224313609006877
2003,64,us,63477451.462,550037.529,16241941.680000002,0.008665085259909548,0.2558694671244488
2003,65,aus,4231871.915,13034.235,80782.484,0.0030800164234176734,0.0190890664043172
2003,65,china,4231871.915,1868478.347,11559.766,0.44152525986836255,0.0027315963791404115
2003,65,us,4231871.915,110519.801,1431976.449,0.02611605531071467,0.338378967455115
2003,66,aus,1696114.779,2025.909,15301.356,0.0011944409806949746,0.009021415407406221
2003,66,china,1696114.779,1258043.926,12034.536,0.7417209858531632,0.007095354718325934
2003,66,us,1696114.779,9137.088,338225.06299999997,0.0053870693853555526,0.19941165962801857
2003,67,aus,2855067.073,1612.273,23796.585000000003,0.000564705822587167,0.008334860229744244
2003,67,china,2855067.073,2078160.826,82655.163,0.7278851154331533,0.028950340179976573
2003,67,us,2855067.073,40631.734000000004,930488.358,0.014231446393763936,0.32590770521628304
2003,68,aus,22012356.093000002,51394.618,287437.141,0.0023348076772364977,0.01305799069330002
2003,68,china,22012356.093000002,2819042.4170000004,366313.74700000003,0.12806636441323355,0.01664127844617637
2003,68,us,22012356.093000002,1556577.828,4323625.914,0.07071382188365545,0.19641813423938415
2003,69,aus,24341858.16,81682.575,498861.665,0.003355642550502808,0.02049398454797339
2003,69,china,24341858.16,3474610.4570000004,229848.37099999998,0.14274220292309847,0.009442515418880412
2003,69,us,24341858.16,856253.5939999999,4293259.462,0.03517618040380529,0.17637353047496354
2003,70,aus,38698684.232,108722.943,398850.935,0.002809473891882268,0.010306576125660353
2003,70,china,38698684.232,3144880.8850000002,1891458.323,0.08126583493501553,0.04887655382959895
2003,70,us,38698684.232,3856061.1980000003,4902251.738,0.09964321202454261,0.12667747845406901
2003,71,aus,158226703.47800002,4835939.683,2618272.0579999997,0.030563359892487388,0.016547599112207042
2003,71,china,158226703.47800002,4753431.621,2003083.302,0.030041905168433986,0.012659578048268639
2003,71,us,158226703.47800002,12533211.64,28581166.489,0.0792104705748523,0.18063427892229297
2003,72,aus,177451566.545,1425035.629,1027998.405,0.008030560996138768,0.005793121047141106
2003,72,china,177451566.545,3706555.7430000002,22882005.224,0.020887703699477084,0.12894789079361182
2003,72,us,177451566.545,7465519.101000001,11513530.493,0.042070742154349014,0.06488266470209088
2003,73,aus,117129137.29100001,463089.15499999997,1585541.547,0.003953663159402292,0.013536696194225536
2003,73,china,117129137.29100001,11989835.136,3122820.417,0.10236424013106155,0.026661345667061034
2003,73,us,117129137.29100001,10477001.54,16768395.678,0.08944829427002902,0.1431616083395199
2003,74,aus,42175560.733,925925.591,269584.279,0.02195407897151004,0.006391954826792983
2003,74,china,42175560.733,1294036.7480000001,6615540.819999999,0.030682146852584444,0.15685721078804082
2003,74,us,42175560.733,2480768.24,3961355.818,0.058820041675437376,0.09392538591432317
2003,75,aus,14023357.856999999,1547641.371,22033.229,0.11036168275684902,0.0015711806847317766
2003,75,china,14023357.856999999,121601.198,924169.732,0.00867133244690755,0.06590217132187673
2003,75,us,14023357.856999999,677577.249,1221079.925,0.04831776068966076,0.08707471758559432
2003,76,aus,79717295.249,2777201.5670000003,531218.929,0.03483813090152276,0.006663785159051339
2003,76,china,79717295.249,3306281.9000000004,3248082.765,0.04147508880817774,0.040745019695594166
2003,76,us,79717295.249,5558447.924000001,10104518.106999999,0.06972700098062758,0.1267544022340215
2003,78,aus,1854895.491,285497.124,9203.826,0.1539154768477466,0.004961910816354451
2003,78,china,1854895.491,247071.19499999998,67948.855,0.13319952320699235,0.03663217433526016
2003,78,us,1854895.491,121497.058,123641.294,0.06550075655987457,0.06665674405911853
2003,79,aus,6055955.484,543273.949,10519.335,0.0897090393803826,0.0017370231712885555
2003,79,china,6055955.484,521426.202,393532.632,0.08610139281532407,0.06498274847622706
2003,79,us,6055955.484,133329.001,978123.2119999999,0.022016179173089838,0.16151426716795197
2003,80,aus,2069393.0829999999,13237.412,20545.421000000002,0.006396760532711224,0.009928235079540952
2003,80,china,2069393.0829999999,290383.328,112922.129,0.1403229431786015,0.054567752220519045
2003,80,us,2069393.0829999999,71604.024,291571.835,0.034601460973376616,0.14089726954016307
2003,81,aus,7225007.011,94659.232,53555.715,0.013101611092678843,0.007412548516349114
2003,81,china,7225007.011,1051999.8900000001,256668.288,0.1456053798146273,0.035524988087793564
2003,81,us,7225007.011,1325727.757,1031358.711,0.18349155301601686,0.14274847199868
2003,82,aus,31423425.391,75736.559,503768.529,0.0024101942438678804,0.016031623628921264
2003,82,china,31423425.391,4655259.491,807430.144,0.14814614998444173,0.02569516639109804
2003,82,us,31423425.391,3365678.985,5461315.196,0.10710732337805431,0.17379757706377164
2003,83,aus,30020703.986,73958.181,417565.887,0.002463572507643059,0.013909263659997102
2003,83,china,30020703.986,4100824.1149999998,643552.113,0.1365998651101719,0.021436942761239617
2003,83,us,30020703.986,3071000.073,5677162.72,0.10229607121912081,0.18910824751636454
2003,84,aus,1101290506.49,3017327.891,15291217.381000001,0.0027398110427890063,0.013884817212976536
2003,84,china,1101290506.49,106029222.322,67219661.44500001,0.09627725082270358,0.06103717506767628
2003,84,us,1101290506.49,142644113.405,180097331.064,0.12952451016728642,0.16353299152464396
2003,85,aus,1057812314.062,1707377.853,9566787.844,0.0016140650191938755,0.009043936922291563
2003,85,china,1057812314.062,130763593.698,88036843.831,0.1236170083857955,0.08322539136733856
2003,85,us,1057812314.062,112547983.99800001,162249489.098,0.1063969311964385,0.15338211414363465
2003,86,aus,14847791.512,31232.046,283121.921,0.00210348090992241,0.019068285055806485
2003,86,china,14847791.512,813350.23,491933.496,0.05477920600802143,0.03313176209420902
2003,86,us,14847791.512,1487634.705,1440945.677,0.10019232178722959,0.09704781184699597
2003,87,aus,741045692.209,2640045.845,12332989.066,0.0035625952255794475,0.016642683704477537
2003,87,china,741045692.209,8831835.153,13238886.701,0.011918070971673802,0.01786514224451653
2003,87,us,741045692.209,65031359.975999996,179546591.22100002,0.0877562080985135,0.24228815187601388
2003,88,aus,115899039.734,454698.721,2957372.898,0.003923231133265466,0.02551680242379462
2003,88,china,115899039.734,245954.812,4431847.074000001,0.0021221471080734677,0.03823885930523271
2003,88,us,115899039.734,41260804.813,18939914.525,0.356006442397605,0.16341735503994698
2003,89,aus,60401448.051,470534.773,814226.493,0.007790124048064273,0.01348024789591977
2003,89,china,60401448.051,2450295.719,643869.868,0.04056683735348681,0.010659841589498783
2003,89,us,60401448.051,1542463.15,3556878.951,0.025536857141199996,0.05888731256900906
2003,90,aus,241273516.243,1172777.938,3356383.279,0.004860781888795578,0.013911113541444803
2003,90,china,241273516.243,16162667.602,20702250.151,0.06698898351413621,0.08580407196515348
2003,90,us,241273516.243,47728708.911,39858239.375,0.19781992509666813,0.1651993969153935
2003,91,aus,21552417.981,20839.674,211452.099,0.0009669297439559527,0.009811061533161159
2003,91,china,21552417.981,4130453.336,754451.594,0.19164686485021268,0.0350054269857379
2003,91,us,21552417.981,477699.698,3355684.126,0.022164552414542373,0.15569873083188515
2003,92,aus,4531245.149,4541.854,94354.605,0.0010023412661754444,0.020823107533880197
2003,92,china,4531245.149,978162.79,96532.485,0.2158706399312495,0.02130374363463953
2003,92,us,4531245.149,414482.504,1363160.028,0.09147209880963339,0.30083563858839896
2003,93,aus,4916501.86,23161.828,236464.479,0.004711038185186408,0.048096082485769666
2003,93,china,4916501.86,97227.645,8824.976,0.019775777121337244,0.0017949705402938666
2003,93,us,4916501.86,1506180.4910000002,1142624.963,0.3063520637008363,0.23240608781138544
2003,94,aus,106005815.48900001,166070.018,1351019.295,0.0015666123338038255,0.012744765829759521
2003,94,china,106005815.48900001,25081916.799000002,692355.312,0.23660887549704948,0.006531295559646388
2003,94,us,106005815.48900001,4938675.933999999,32231277.595,0.046588726394095566,0.3040519753215291
2003,95,aus,58003138.685,235391.54799999998,992251.9180000001,0.00405825535197932,0.017106865947180253
2003,95,china,58003138.685,30626786.389,346129.606,0.5280194672796266,0.005967428898628058
2003,95,us,58003138.685,3464227.2830000003,18754765.276,0.0597248245791201,0.3233405243439026
2003,96,aus,17186271.905,21743.607,255467.632,0.0012651729892434749,0.014864633436043615
2003,96,china,17186271.905,4093718.879,494720.129,0.2381970273500104,0.028785773420474694
2003,96,us,17186271.905,1260536.958,3169577.093,0.0733455728483658,0.1844249358162357
2003,97,aus,10640376.828,61020.769,63641.593,0.00573483157470746,0.005981140896488558
2003,97,china,10640376.828,244531.717,14795.417,0.02298149031306093,0.001390497464438108
2003,97,us,10640376.828,2074482.6099999999,5432847.069,0.19496326526152988,0.5105878444740359
2004,01,aus,11214514.814,682109.853,57888.689,0.06082383984623804,0.005161943245884592
2004,01,china,11214514.814,328171.01900000003,216480.819,0.02926305992215706,0.019303627717335504
2004,01,us,11214514.814,569712.185,1507892.309,0.050801322611726506,0.13445898766102427
2004,02,aus,57557606.209,4937453.649,203303.861,0.0857828178446371,0.003532180616785456
2004,02,china,57557606.209,666937.289,560663.64,0.011587300670188648,0.00974091309433803
2004,02,us,57557606.209,5598867.666999999,5325181.357999999,0.09727415776586852,0.0925191596513499
2004,03,aus,59141221.697,785217.184,495357.726,0.013276986194551862,0.008375845337417634
2004,03,china,59141221.697,4929828.523,2228598.672,0.0833568935768209,0.03768266207650979
2004,03,us,59141221.697,3383777.608,9249798.925999999,0.057215213194888155,0.15640189127965215
2004,04,aus,43612451.583000004,1755633.718,260338.424,0.0402553320044118,0.005969360000424262
2004,04,china,43612451.583000004,249407.951,504008.207,0.005718732654259189,0.011556520872045194
2004,04,us,43612451.583000004,1338199.9279999998,1618012.4100000001,0.030683895984458393,0.037099781169621204
2004,05,aus,5453695.688,163203.902,49892.113000000005,0.02992537745718092,0.009148312603832986
2004,05,china,5453695.688,1123180.16,314347.28,0.20594844748513952,0.05763931432618651
2004,05,us,5453695.688,626690.447,604278.1479999999,0.11491115068611801,0.11080158897197344
2004,06,aus,13065396.704,31398.784,32260.2,0.0024032017328939727,0.0024691328346825832
2004,06,china,13065396.704,164919.218,59331.424,0.012622595527429305,0.004541111559347873
2004,06,us,13065396.704,309579.92500000005,1687720.935,0.023694644105618428,0.12917487109161413
2004,07,aus,32294430.776,371706.96,160513.687,0.011509939982476439,0.0049703209854774005
2004,07,china,32294430.776,2769426.239,385425.61,0.08575553655703796,0.011934739233318016
2004,07,us,32294430.776,2117745.68,4482394.018999999,0.06557618849791985,0.13879774039340384
2004,08,aus,49292067.058,409535.686,314194.439,0.008308348796128103,0.006374138025705029
2004,08,china,49292067.058,1123271.716,782239.104,0.022788083012998648,0.01586947252748745
2004,08,us,49292067.058,5482956.567,5840370.163,0.11123405639589885,0.11848499183708142
2004,09,aus,16817884.811,20450.561999999998,186654.201,0.0012160008365989037,0.011098553896499273
2004,09,china,16817884.811,967345.786,38536.95,0.057518873322719655,0.002291426682551322
2004,09,us,16817884.811,350917.446,3002892.238,0.02086573014047979,0.17855350252107277
2004,10,aus,49310264.058,3054215.808,51166.516,0.06193874371484917,0.001037644331813284
2004,10,china,49310264.058,923627.602,2247034.171,0.018730940092180515,0.04556929908866399
2004,10,us,49310264.058,15873823.296,878008.1009999999,0.32191722350804697,0.017805787857214966
2004,11,aus,8527388.786,365083.762,41285.328,0.04281307809013975,0.004841497090853997
2004,11,china,8527388.786,192402.12900000002,199214.696,0.022562842369270156,0.02336174660255487
2004,11,us,8527388.786,805075.9510000001,596011.743,0.0944106069517727,0.0698938160270719
2004,12,aus,33875628.381,913958.369,123938.262,0.026979820380619614,0.003658626213691549
2004,12,china,33875628.381,1562387.8530000001,6252272.726,0.046121295092382844,0.18456551287198394
2004,12,us,33875628.381,10169407.068,1037447.241,0.3001983300095407,0.030625180714931876
2004,13,aus,3440071.848,35492.141,52976.059,0.010317267361911216,0.015399695512406053
2004,13,china,3440071.848,222447.512,69502.254,0.06466362385114928,0.020203721628781514
2004,13,us,3440071.848,377976.825,560296.691,0.10987468916375957,0.16287354327373918
2004,14,aus,614001.03,653.473,3713.071,0.0010642864882490506,0.006047336760982306
2004,14,china,614001.03,96440.011,78841.505,0.15706815833843144,0.12840614453040902
2004,14,us,614001.03,41513.545,59260.420999999995,0.06761152338783535,0.09651518174163322
2004,15,aus,40646614.911,326894.278,331592.096,0.008042349374376418,0.00815792647742144
2004,15,china,40646614.911,174587.36,4328844.53,0.004295249687637635,0.10649950898687276
2004,15,us,40646614.911,2246087.3140000002,2424438.117,0.05525890209844147,0.05964674111998158
2004,16,aus,23206605.229,181598.269,273405.099,0.007825283672816858,0.011781348297265853
2004,16,china,23206605.229,3012317.5529999994,96842.28,0.12980431748956,0.004173048106104792
2004,16,us,23206605.229,1017689.3640000001,3289580.761,0.04385343543174727,0.14175191625568717
2004,17,aus,21588904.421,709463.676,128943.218,0.032862421462660656,0.005972661487841602
2004,17,china,21588904.421,378059.167,289553.211,0.017511734714627462,0.013412130849879777
2004,17,us,21588904.421,753999.935,2086659.982,0.03492534499650514,0.09665427857331474
2004,18,aus,21378452.938,192548.86299999998,269740.278,0.009006678993957799,0.01261738998524721
2004,18,china,21378452.938,84932.354,138416.985,0.00397280169179284,0.006474602507554
2004,18,us,21378452.938,735283.5360000001,2654844.884,0.034393673767339844,0.12418320875225906
2004,19,aus,28149016.35,365203.27,354233.936,0.012973926529407839,0.012584238525265554
2004,19,china,28149016.35,776568.287,216228.786,0.02758775927884244,0.007681575203603872
2004,19,us,28149016.35,1993649.557,2980943.182,0.0708248392132537,0.10589866249447114
2004,20,aus,30535907.990000002,222865.461,392436.669,0.007298471722962511,0.012851645647102304
2004,20,china,30535907.990000002,2780125.143,150675.7,0.09104445637936964,0.004934377587505955
2004,20,us,30535907.990000002,2419324.018,4047098.821,0.07922882197550138,0.1325357288319495
2004,21,aus,28159647.398000002,339674.021,541541.349,0.012062438715909663,0.01923111256849268
2004,21,china,28159647.398000002,683249.577,442580.91699999996,0.024263427994788273,0.015716848678703044
2004,21,us,28159647.398000002,3870123.932,2337876.128,0.13743509914385044,0.08302220887062826
2004,22,aus,56547915.93,2861251.302,624685.698,0.050598704743458796,0.011047015397937761
2004,22,china,56547915.93,724353.563,332959.03900000005,0.01280955365175029,0.005888086829091387
2004,22,us,56547915.93,2761833.792,12286173.408,0.048840593796928636,0.2172701364133191
2004,23,aus,31935611.289,418107.30600000004,219262.651,0.013092196739757232,0.006865772789372706
2004,23,china,31935611.289,703950.535,824673.537,0.022042807592741177,0.025823007724422455
2004,23,us,31935611.289,4536206.4120000005,908415.4670000001,0.14204226031403586,0.028445219312676736
2004,24,aus,26713004.59,97770.25,128097.214,0.0036600244525320166,0.0047953128435411245
2004,24,china,26713004.59,618899.113,460548.07300000003,0.023168457554628076,0.017240594237475104
2004,24,us,26713004.59,3303614.2079999996,1322761.744,0.12367063378698726,0.049517520185474576
2004,25,aus,28903606.658,523315.877,222647.001,0.018105556278567594,0.0077030871487581394
2004,25,china,28903606.658,2459807.258,1583592.25,0.08510381721926628,0.05478874206730495
2004,25,us,28903606.658,1843130.11,3105834.745,0.0637681702428598,0.10745492013331011
2004,26,aus,60271766.472,10213113.442,357951.343,0.16945103884991705,0.005938955566638166
2004,26,china,60271766.472,741692.912,14504784.222,0.012305810090111806,0.24065636484602415
2004,26,us,60271766.472,2461465.32,2092725.488,0.04083944214814915,0.03472148918967227
2004,27,aus,1009414997.08,22110951.409,9437440.697,0.021904718547833924,0.009349415972915297
2004,27,china,1009414997.08,16045866.264,46286359.814,0.015896203553956413,0.04585463852617164
2004,27,us,1009414997.08,23582697.791,216075436.313,0.02336273768392504,0.21406006145941497
2004,28,aus,65042517.393,3148050.6289999997,628250.0970000001,0.04839988910605725,0.009659067978626755
2004,28,china,65042517.393,5417138.859999999,3676221.679,0.0832861192513284,0.0565202859044881
2004,28,us,65042517.393,7544485.902,9343432.959,0.11599314116971665,0.14365115824999664
2004,29,aus,268032913.567,318757.233,2292057.684,0.0011892466069109101,0.008551403831332289
2004,29,china,268032913.567,10058310.305,23294405.658999998,0.03752639991538103,0.08690875067914788
2004,29,us,268032913.567,32423018.122,39261451.261,0.12096655478057639,0.14647996299598423
2004,30,aus,222348715.408,1588954.655,4479681.329,0.007146228176242615,0.02014709786283219
2004,30,china,222348715.408,1197062.6,1521871.664,0.005383717184079267,0.006844526451198215
2004,30,us,222348715.408,27317634.621,31298495.84,0.12285942183598118,0.1407631061981566
2004,31,aus,29118964.987,127133.51699999999,825993.297,0.004366003979082294,0.028366162649282354
2004,31,china,29118964.987,1376326.108,1991038.768,0.047265625979991156,0.06837601435658472
2004,31,us,29118964.987,3141266.355,2856954.012,0.10787699207037066,0.09811317171731451
2004,32,aus,50304382.802,509052.848,410818.618,0.0101194532095474,0.008166656563842519
2004,32,china,50304382.802,2139196.235,2786854.785,0.04252504684174258,0.05539984052620561
2004,32,us,50304382.802,5586080.277000001,2908342.681,0.11104559813380534,0.05781489641662734
2004,33,aus,53474975.668,238229.264,768091.3640000001,0.004454967225773961,0.014363566404755453
2004,33,china,53474975.668,1405623.318,448790.03599999996,0.026285628005271636,0.008392524361045399
2004,33,us,53474975.668,5839173.904999999,6115482.13,0.10919451261189117,0.11436156919393552
2004,34,aus,28719263.312,104770.343,330870.925,0.0036480860202365625,0.011520870901369867
2004,34,china,28719263.312,1209010.764,998479.5499999999,0.04209755490123695,0.03476689283958051
2004,34,us,28719263.312,3709050.3660000004,1925395.674,0.12914852047929162,0.06704195901833933
2004,35,aus,15579638.24,198175.702,160023.624,0.012720173533374674,0.010271331178226383
2004,35,china,15579638.24,429542.38,720279.738,0.027570754428505907,0.046232122139441924
2004,35,us,15579638.24,2076990.42,1623941.594,0.13331441898743343,0.10423487175912757
2004,36,aus,2594960.603,22211.074,62898.139,0.008559310678675455,0.02423857184085349
2004,36,china,2594960.603,573528.104,9052.670000000002,0.22101611228199444,0.00348855777985004
2004,36,us,2594960.603,502528.523,460872.194,0.1936555500761874,0.17760277110457542
2004,37,aus,20729491.294,263948.104,361297.316,0.012732975462663564,0.01742914531166401
2004,37,china,20729491.294,771434.229,900440.815,0.03721433478800737,0.043437670622463655
2004,37,us,20729491.294,3201819.6569999997,2442460.943,0.15445722288065714,0.11782541637705082
2004,38,aus,86885428.442,292281.512,932124.389,0.0033639876932311068,0.010728201560544017
2004,38,china,86885428.442,2655895.2410000004,4223946.324,0.030567786666010767,0.048615129138940456
2004,38,us,86885428.442,14991776.454,6551866.234,0.17254649856515003,0.07540811332217427
2004,39,aus,304221235.85899997,711086.835,2879148.593,0.0023374003888721744,0.009463996110825162
2004,39,china,304221235.85899997,19293059.526,26314696.167,0.06341785928100667,0.08649855126877566
2004,39,us,304221235.85899997,36643827.085,29122369.671,0.12045124654606174,0.0957276029359686
2004,40,aus,95251628.62,149666.39800000002,1548785.39,0.0015712739001774352,0.016259936049794754
2004,40,china,95251628.62,4400221.982,4579128.304,0.04619576636903912,0.04807401584982998
2004,40,us,95251628.62,8478339.49,14741989.754,0.08900991629050006,0.1547688996774237
2004,41,aus,26975893.534,828004.633,104757.334,0.030694243063956184,0.0038833684551714837
2004,41,china,26975893.534,1590089.642,4386651.039,0.05894483680386251,0.16261374376611964
2004,41,us,26975893.534,2993871.325,930034.585,0.11098321251996976,0.034476507101712815
2004,42,aus,35375048.188,33842.124,525337.917,0.0009566665130785603,0.014850521593867573
2004,42,china,35375048.188,18561775.663999997,141782.643,0.524713791635104,0.004007984448430965
2004,42,us,35375048.188,622231.221,8650684.33,0.017589551191369814,0.24454198009925265
2004,43,aus,4852426.279,7260.168000000001,22855.967000000004,0.0014961933644247335,0.004710214166243906
2004,43,china,4852426.279,1151290.0380000002,366690.601,0.23726069636183342,0.07556850530361246
2004,43,us,4852426.279,246258.163,460629.74899999995,0.0507494908404357,0.09492771708732227
2004,44,aus,102079913.256,1171811.66,954545.678,0.011479355953813213,0.009350964823080845
2004,44,china,102079913.256,6587568.134,5002142.256,0.06453344173088627,0.049002218913092456
2004,44,us,102079913.256,6093250.726,24486387.967,0.059690986518759155,0.23987469410942855
2004,45,aus,1879996.6970000002,7230.375,87458.88299999999,0.0038459509059445966,0.04652076417983195
2004,45,china,1879996.6970000002,39119.832,28616.973,0.02080845783528523,0.015221820892380004
2004,45,us,1879996.6970000002,24468.486,227601.336,0.013015174994214364,0.12106475312599976
2004,46,aus,1946041.2449999999,1111.686,31235.301999999996,0.0005712551071855622,0.016050688586510403
2004,46,china,1946041.2449999999,1297576.193,6264.235000000001,0.6667773338997243,0.0032189631212055842
2004,46,us,1946041.2449999999,11294.934000000001,517035.796,0.005804056840532176,0.2656859392515085
2004,47,aus,29033230.287,80327.25600000001,200797.741,0.002766735055174607,0.006916135029243017
2004,47,china,29033230.287,27675.377,4939513.466,0.000953231064074603,0.1701330998022542
2004,47,us,29033230.287,5710915.926999999,3021935.5889999997,0.19670273925933535,0.10408540693293471
2004,48,aus,138415028.851,679085.55,1996901.45,0.004906154740833938,0.014426912067110933
2004,48,china,138415028.851,4681721.323,4810598.438,0.033823793282156844,0.03475488520237551
2004,48,us,138415028.851,12408128.861,18158197.204,0.08964437578781283,0.13118660130141505
2004,49,aus,34474747.956,247655.787,786374.751,0.0071836866600470065,0.022810166792332966
2004,49,china,34474747.956,2663764.8159999996,366451.332,0.07726712953492085,0.010629557972916889
2004,49,us,34474747.956,5096355.851,4470073.092,0.14782866164835956,0.12966224140942637
2004,50,aus,2549650.6829999997,1120.713,20046.32,0.0004395555075338138,0.00786237900495956
2004,50,china,2549650.6829999997,1043970.979,129502.018,0.40945647415968006,0.050792062953354776
2004,50,us,2549650.6829999997,21314.022,306509.285,0.008359585154983367,0.12021618766981501
2004,51,aus,13107537.367,1900211.125,151142.272,0.14497087223905528,0.011530943438736336
2004,51,china,13107537.367,1552438.72,1856496.871,0.11843862630584404,0.14163582517597717
2004,51,us,13107537.367,130907.378,379789.952,0.009987183277430667,0.02897492804072965
2004,52,aus,48605190.864,793759.414,269993.461,0.016330753976894825,0.005554827708741163
2004,52,china,48605190.864,7008675.353,5776614.574,0.14419602574158508,0.11884768830891511
2004,52,us,48605190.864,6707126.958,2065461.046,0.137991988896143,0.04249465971194875
2004,53,aus,3780858.381,590.478,18443.73,0.00015617564597693933,0.004878185888338355
2004,53,china,3780858.381,664529.584,408932.89,0.17576156444776397,0.1081587430132311
2004,53,us,3780858.381,25976.345999999998,212163.129,0.0068704890218949455,0.05611506901876735
2004,54,aus,36238710.495,32409.365999999998,252561.46099999998,0.0008943300011867599,0.006969383224462331
2004,54,china,36238710.495,4516548.498,3544050.7159999995,0.12463325643508111,0.09779737379145946
2004,54,us,36238710.495,1910293.117,2154100.1040000003,0.052714158172476114,0.05944196343016152
2004,55,aus,30418521.509,37116.547,210127.018,0.001220195629462735,0.0069078642740025755
2004,55,china,30418521.509,3662335.675,3071200.051,0.12039821442065868,0.10096480363423702
2004,55,us,30418521.509,1883632.632,1476938.693,0.0619238719884096,0.048553927664203356
2004,56,aus,13291291.497,38427.824,171296.474,0.002891203161759985,0.012887872787882473
2004,56,china,13291291.497,790138.3659999999,605224.6159999999,0.05944782462850532,0.045535425668499274
2004,56,us,13291291.497,1416593.6979999999,1379169.246,0.1065805906310716,0.10376487840262134
2004,57,aus,10803995.382,65024.582,225019.761,0.006018568103827056,0.020827458087856486
2004,57,china,10803995.382,882080.865,66449.382,0.08164395057680154,0.00615044524275788
2004,57,us,10803995.382,840712.295,1853496.262,0.077814943942004,0.17155655814959142
2004,58,aus,10468515.673,10898.255000000001,75982.276,0.0010410506456142935,0.007258170916815897
2004,58,china,10468515.673,1928444.3309999998,737098.328,0.18421373108068897,0.07041096856750151
2004,58,us,10468515.673,860695.27,825439.949,0.08221750789559142,0.07884976005996185
2004,59,aus,15452531.498,60344.729,116724.074,0.0039051678365975397,0.007553718561590212
2004,59,china,15452531.498,1186281.156,1426184.67,0.07676937310585898,0.0922945648216015
2004,59,us,15452531.498,1552912.0210000002,1295400.483,0.1004956386078871,0.08383095567012187
2004,60,aus,18782383.097999997,59228.414000000004,99489.196,0.003153402509733007,0.005296942112238883
2004,60,china,18782383.097999997,3805751.578,1694477.011,0.20262346679560847,0.0902162948204604
2004,60,us,18782383.097999997,1626388.8739999998,1113422.369,0.08659118842982083,0.05928014369585297
2004,61,aus,123551940.788,370066.557,1247618.9640000002,0.0029952306264050426,0.010097930927210294
2004,61,china,123551940.788,31344408.538,626973.88,0.25369418188082665,0.0050745773478039526
2004,61,us,123551940.788,2453915.052,33529317.732,0.019861404332050258,0.27137831682896996
2004,62,aus,141409400.086,71296.294,1419668.714,0.0005041835546762819,0.010039422507532099
2004,62,china,141409400.086,39547596.025,884162.265,0.27966737714005296,0.006252499936088301
2004,62,us,141409400.086,1583741.044,36135816.624,0.011199687170985994,0.2555404138764716
2004,63,aus,30837389.707000002,62576.926999999996,586085.953,0.002029254991896905,0.019005692718114857
2004,63,china,30837389.707000002,9171190.529,99326.073,0.29740489114479635,0.0032209624077699827
2004,63,us,30837389.707000002,1124941.083,8300972.22,0.036479776456067606,0.26918530715054984
2004,64,aus,68934948.228,35955.297,761360.781,0.0005215829985260752,0.011044626863022005
2004,64,china,68934948.228,27604749.704,454973.568,0.4004463688388976,0.006600042209289697
2004,64,us,68934948.228,560182.295,16802812.009999998,0.00812624524134284,0.2437488159768434
2004,65,aus,4995980.6,16135.106,101131.96,0.003229617424855493,0.020242664673277556
2004,65,china,4995980.6,2291878.492,16208.743,0.45874447390768497,0.0032443566734426475
2004,65,us,4995980.6,122688.051,1619345.0899999999,0.024557351363614185,0.32412957928619657
2004,66,aus,1900827.875,1467.414,17477.434,0.0007719867849686285,0.009194643149895937
2004,66,china,1900827.875,1414933.273,7806.002,0.7443773797772195,0.004106632748112451
2004,66,us,1900827.875,10808.416000000001,373943.331,0.00568616240436815,0.19672656105172068
2004,67,aus,3438006.0260000005,1168.31,28154.579,0.00033982197563489663,0.008189217467066766
2004,67,china,3438006.0260000005,2588487.338,95112.417,0.7529036652130637,0.027664994267232266
2004,67,us,3438006.0260000005,38867.313,1355271.956,0.011305190481361884,0.39420290300561556
2004,68,aus,26120968.825,57091.618,339505.47599999997,0.0021856623459294683,0.01299743046571321
2004,68,china,26120968.825,3478119.569,508149.384,0.13315430956263546,0.019453695894834408
2004,68,us,26120968.825,1790966.395,5123235.702,0.06856431731145791,0.1961349801503773
2004,69,aus,28385008.901,98635.857,576039.4130000001,0.003474927816440638,0.02029379011326314
2004,69,china,28385008.901,4539788.083000001,324667.246,0.1599361162377534,0.011437982884992579
2004,69,us,28385008.901,935565.5020000001,4779246.49,0.03295984529238743,0.16837220332284722
2004,70,aus,45331104.565,115134.35,472384.16,0.0025398531781838573,0.010420751149415545
2004,70,china,45331104.565,4224954.408,2041288.683,0.09320210589490188,0.045030640717633706
2004,70,us,45331104.565,4212177.897,5598572.106,0.09292025723662178,0.12350398605381964
2004,71,aus,188084579.98499998,4731404.713,2674849.565,0.02515572894586753,0.014221525045877354
2004,71,china,188084579.98499998,6267207.183,2944890.642,0.033321217419842813,0.015657267821928087
2004,71,us,188084579.98499998,13579739.361000001,34076884.298,0.07220017378395935,0.18117851182014857
2004,72,aus,276330268.611,1950511.258,1356888.192,0.007058623247480009,0.0049103856729866245
2004,72,china,276330268.611,11878609.094999999,23168807.816,0.042986999414537326,0.08384462524666655
2004,72,us,276330268.611,9908332.495,24673607.525,0.03585684820126713,0.08929028169452517
2004,73,aus,151427091.843,547935.275,2188094.837,0.0036184758508609593,0.014449824072885335
2004,73,china,151427091.843,16959148.700999998,4371478.818,0.11199547250490215,0.028868538415387127
2004,73,us,151427091.843,11436334.411,21922682.744,0.07552370102212107,0.14477384777837174
2004,74,aus,66582001.931,1401195.8320000002,255131.459,0.021044663593204692,0.0038318382085356464
2004,74,china,66582001.931,2305009.365,9349852.717,0.03461910573654301,0.14042612786995204
2004,74,us,66582001.931,3512300.625,5956633.428,0.05275150225491648,0.08946311698727466
2004,75,aus,21740388.505,2428163.103,26590.713,0.11168903915592654,0.0012231020155819429
2004,75,china,21740388.505,223515.203,1134621.231,0.010281104357845053,0.05218955635218074
2004,75,us,21740388.505,974137.015,2053370.516,0.04480770961273123,0.09444957782275842
2004,76,aus,99438165.681,3354995.4220000003,662689.9260000001,0.03373951439091209,0.006664341819477294
2004,76,china,99438165.681,5109331.081,4185919.14,0.051381992477524736,0.04209569948653848
2004,76,us,99438165.681,6563789.59,13256349.82,0.0660087557433108,0.13331249354022365
2004,78,aus,3145429.4790000003,495050.99100000004,10786.169000000002,0.157387407444718,0.00342915620013492
2004,78,china,3145429.4790000003,466441.35,99698.39,0.14829178435381477,0.03169627253309022
2004,78,us,3145429.4790000003,141067.743,202481.96899999998,0.04484848378951686,0.06437339331618822
2004,79,aus,7894902.001,585306.687,15958.614,0.07413729605837574,0.0020213821524293295
2004,79,china,7894902.001,539097.798,595517.352,0.06828429256395022,0.0754306199018771
2004,79,us,7894902.001,168923.962,1200418.781,0.021396587567344524,0.15204986469090434
2004,80,aus,3794438.65,18357.134000000002,27243.918999999998,0.004837905074575393,0.007179960334844259
2004,80,china,3794438.65,466750.896,216409.462,0.12300920875344763,0.057033327446208676
2004,80,us,3794438.65,97875.327,567519.057,0.025794415466435332,0.1495660120898252
2004,81,aus,11383718.854,210806.43399999998,60587.995,0.01851823966347579,0.005322337610148432
2004,81,china,11383718.854,1903788.724,445387.396,0.1672378550820454,0.03912494692747091
2004,81,us,11383718.854,1516410.733,1548221.0520000001,0.1332087301565046,0.13600309985308429
2004,82,aus,37414814.29,80266.726,618314.78,0.0021453193747764557,0.016525934759624328
2004,82,china,37414814.29,5792761.857,1203183.084,0.15482535372488146,0.032157932809025846
2004,82,us,37414814.29,3901283.143,6089889.215,0.10427108130916772,0.16276678985488557
2004,83,aus,35950412.739,81315.715,517246.772,0.0022618854362077036,0.014387783966632362
2004,83,china,35950412.739,5582334.79,801331.517,0.15527873992790434,0.02228991146270467
2004,83,us,35950412.739,3175264.06,6701408.72,0.08832343826070697,0.18640700368733532
2004,84,aus,1309697180.865,3462608.948,18895248.823,0.002643824082841113,0.01442718904725784
2004,84,china,1309697180.865,151509749.014,83859125.282,0.11568303820730085,0.06402940046539199
2004,84,us,1309697180.865,160930977.244,207134250.777,0.12287647831517193,0.1581543075783339
2004,85,aus,1297252520.044,1934775.575,12505705.834,0.0014914409840070125,0.009640147651111007
2004,85,china,1297252520.044,184960240.84399998,108708285.38000001,0.1425784401927595,0.08379886236514142
2004,85,us,1297252520.044,122876250.09,188773301.717,0.09472037879397013,0.14551777606922456
2004,86,aus,19462024.89,51461.134000000005,333615.325,0.0026441819024926754,0.01714186097724182
2004,86,china,19462024.89,1087040.023,397698.86,0.05585441541381155,0.020434608538824037
2004,86,us,19462024.89,1564246.492,1694460.7750000001,0.08037429305743736,0.08706497831428886
2004,87,aus,864331088.536,3069237.002,14855642.576,0.003550996883843041,0.01718744445622385
2004,87,china,864331088.536,12433285.953000002,14978518.753999999,0.014384864917978878,0.017329607777235623
2004,87,us,864331088.536,71890030.78299999,195235475.23999998,0.08317418144101121,0.22588042687517917
2004,88,aus,126372602.91,419131.45800000004,2870775.7309999997,0.003316632310711341,0.02271675715221683
2004,88,china,126372602.91,390432.80700000003,5715411.08,0.003089536798399716,0.0452266626498973
2004,88,us,126372602.91,40496395.371,18439375.405,0.3204523325347719,0.14591276099719297
2004,89,aus,74465530.537,238249.987,514104.805,0.0031994667234878523,0.006903929929627703
2004,89,china,74465530.537,3021189.6599999997,1322096.804,0.04057165292737488,0.017754480421556713
2004,89,us,74465530.537,2191596.333,3294429.934,0.029431017508309464,0.04424100533820924
2004,90,aus,296865560.457,1282310.715,4149203.91,0.004319499752770206,0.01397671021055
2004,90,china,296865560.457,20159237.677,31038522.205,0.067906959790036,0.10455413607836071
2004,90,us,296865560.457,55140982.096,46246722.314,0.18574395093561885,0.15578338640159872
2004,91,aus,24329719.764,30241.923,262599.50800000003,0.0012430033429627957,0.010793363447965445
2004,91,china,24329719.764,4648974.63,820319.0299999999,0.19108212815829292,0.033716747992050565
2004,91,us,24329719.764,453834.51300000004,3552192.313,0.01865350350937976,0.14600218775458643
2004,92,aus,5278827.481,4674.382,112267.203,0.0008854962615892314,0.021267450660981357
2004,92,china,5278827.481,1317878.951,114180.34599999999,0.24965372627603777,0.021629868831850918
2004,92,us,5278827.481,488310.461,1580895.465,0.09250358394123849,0.2994785244810694
2004,93,aus,5839271.651,23923.713,310630.27300000004,0.004097037170021532,0.05319674979443769
2004,93,china,5839271.651,222235.623,11143.901,0.03805879162377061,0.0019084402415310753
2004,93,us,5839271.651,1664185.112,1387349.464,0.28499874838242906,0.2375894712420873
2004,94,aus,124383787.397,172877.354,1828337.279,0.0013898704776388695,0.01469916069659813
2004,94,china,124383787.397,31681453.755999997,834837.306,0.254707260640659,0.00671178554272046
2004,94,us,124383787.397,5440939.119,36584331.325,0.043743153612407444,0.2941245968675366
2004,95,aus,64165863.523,279207.56,1157849.848,0.004351341113019061,0.018044639071754614
2004,95,china,64165863.523,34120074.442,485401.536,0.5317480755132329,0.007564793947267767
2004,95,us,64165863.523,3639535.6180000002,19814262.681,0.05672074555180611,0.308797569191875
2004,96,aus,19220192.71,23467.242000000002,307204.607,0.0012209680909073465,0.015983430116190547
2004,96,china,19220192.71,4828772.903,582046.7829999999,0.25123436460070747,0.030283087780757216
2004,96,us,19220192.71,1267153.285,3481943.712,0.06592822996726341,0.1811607076233108
2004,97,aus,11352227.754,89399.997,85197.18800000001,0.007875106008906452,0.007504887132834386
2004,97,china,11352227.754,316166.457,24350.27,0.027850609047955152,0.0021449772262911206
2004,97,us,11352227.754,2924113.346,4327575.447,0.2575805744356809,0.3812093573858366
2005,01,aus,13330034.089,735914.439,84515.557,0.05520724358891773,0.006340235623984082
2005,01,china,13330034.089,335022.804,113694.921,0.02513292927558694,0.008529229575925956
2005,01,us,13330034.089,589885.487,2129424.301,0.04425236147646284,0.15974635074318452
2005,02,aus,65593641.758,5304235.659,274760.10000000003,0.08086508870127003,0.004188822157697769
2005,02,china,65593641.758,682742.085,725872.14,0.010408662588348064,0.011066196670067804
2005,02,us,65593641.758,6910217.924,5325677.206,0.1053488987468394,0.08119197323497386
2005,03,aus,64742377.251,853291.36,527271.15,0.013179796544879269,0.008144142559915898
2005,03,china,64742377.251,5420092.63,2540508.761,0.08371785004104529,0.03924027613553161
2005,03,us,64742377.251,3753737.6870000004,9869441.606,0.057979608509695565,0.15244175492254664
2005,04,aus,46654044.539,1906126.331,294434.235,0.04085661489448342,0.006311012001411165
2005,04,china,46654044.539,244999.18699999998,506394.966,0.005251402947394953,0.010854256495954687
2005,04,us,46654044.539,1612290.719,1734788.616,0.034558433999269264,0.03718409910955995
2005,05,aus,5859618.5370000005,201973.78,51083.022,0.0344687591392948,0.008717806744149154
2005,05,china,5859618.5370000005,1146445.781,381980.257,0.19565194794863827,0.06518858771915308
2005,05,us,5859618.5370000005,748915.103,631572.649,0.1278095320149336,0.1077839188698027
2005,06,aus,13998810.516,30513.932,34173.85600000001,0.0021797517699895983,0.002441197126065879
2005,06,china,13998810.516,188720.42299999998,80809.08899999999,0.01348117561733557,0.005772568241254419
2005,06,us,13998810.516,327484.368,1820801.847,0.02339372817609756,0.13006832579946037
2005,07,aus,35392768.937,324002.563,179082.377,0.009154484736041212,0.0050598577726080445
2005,07,china,35392768.937,3254509.793,513843.952,0.09195408810181277,0.014518331496319344
2005,07,us,35392768.937,2343161.787,4793209.127,0.0662045343547685,0.13542905149727139
2005,08,aus,55190307.242,466035.628,359180.423,0.008444157158910422,0.006508034489191294
2005,08,china,55190307.242,1283750.601,883887.316,0.023260435847384842,0.016015263552063702
2005,08,us,55190307.242,6357681.892,6384032.98,0.11519562419036117,0.1156730828115726
2005,09,aus,20341826.886,22423.701,227582.35,0.001102344500602983,0.011187901228115879
2005,09,china,20341826.886,968608.8520000001,50769.992,0.047616610711923454,0.0024958422999333354
2005,09,us,20341826.886,412063.896,3552148.912,0.02025697585124951,0.17462290540112307
2005,10,aus,49391506.38,2333689.143,58950.14200000001,0.047248794662091455,0.0011935279225229413
2005,10,china,49391506.38,1595967.296,1553802.2610000002,0.03231258596814637,0.03145889596979731
2005,10,us,49391506.38,13517264.609000001,856856.5260000001,0.27367589287524785,0.017348256589051213
2005,11,aus,9005045.290000001,351588.861,45367.13,0.0390435416677399,0.005037967998937181
2005,11,china,9005045.290000001,221080.36000000002,204769.818,0.024550721609974267,0.0227394545397117
2005,11,us,9005045.290000001,827978.531,580573.7390000001,0.09194607071209965,0.06447205097843545
2005,12,aus,33639682.910000004,703151.27,136245.937,0.02090243454081357,0.004050155209979653
2005,12,china,33639682.910000004,1743781.735,6832398.437,0.05183704435221146,0.20310531628016465
2005,12,us,33639682.910000004,9671096.634,1076125.056,0.2874907192161758,0.03198975028626392
2005,13,aus,3870304.815,31068.627999999997,51924.142,0.008027436981084395,0.013416034261373803
2005,13,china,3870304.815,267424.463,83077.821,0.0690964861381338,0.021465446514191414
2005,13,us,3870304.815,369604.206,638376.857,0.09549744107170535,0.16494226876546414
2005,14,aus,661341.1140000001,1152.23,3452.1929999999998,0.0017422627681968068,0.005219988485397567
2005,14,china,661341.1140000001,101685.20700000001,66961.624,0.1537560645292045,0.10125126441178733
2005,14,us,661341.1140000001,31018.155,63922.916,0.04690190031040471,0.09665649790525498
2005,15,aus,41582567.016,310433.303,313485.018,0.007465467509029746,0.007538856797354003
2005,15,china,41582567.016,290913.874,3303220.591,0.006996053752238603,0.07943763043125736
2005,15,us,41582567.016,2123436.279,2599031.046,0.05106554095573155,0.0625029004342121
2005,16,aus,26242097.448,189337.102,324271.872,0.007215014058048552,0.01235693422153319
2005,16,china,26242097.448,3704062.266,82748.209,0.1411496269816001,0.003153262012076955
2005,16,us,26242097.448,1150349.5760000001,3494852.065,0.04383603781212512,0.13317731450106915
2005,17,aus,26241740.998,955382.551,145710.673,0.03640698043139798,0.005552629797356253
2005,17,china,26241740.998,567926.444,399591.603,0.021642102330149675,0.01522732821082468
2005,17,us,26241740.998,844847.0900000001,2495853.656,0.03219478044785175,0.09511006362688436
2005,18,aus,22998592.792,176471.643,300383.532,0.007673149596412926,0.013060952672916912
2005,18,china,22998592.792,132439.554,175841.386,0.005758593806055332,0.0076457454414848355
2005,18,us,22998592.792,765491.342,2933806.835,0.033284268690833736,0.12756462369386865
2005,19,aus,31216465.292,370900.346,414060.619,0.011881561302043141,0.013264173734177181
2005,19,china,31216465.292,926151.437,257127.717,0.029668683764697393,0.00823692607714607
2005,19,us,31216465.292,2210648.113,3302521.5919999997,0.07081673380767213,0.1057942198486628
2005,20,aus,33023159.696,220946.272,410072.497,0.006690646020367415,0.01241772443264025
2005,20,china,33023159.696,3244886.092,167876.027,0.09826092117990284,0.0050835846280431595
2005,20,us,33023159.696,2560740.143,4470522.887,0.07754376524152458,0.1353753828571862
2005,21,aus,31787884.625,338116.551,923208.004,0.010636648364266548,0.029042763143601286
2005,21,china,31787884.625,816956.219,323663.783,0.025700238585787936,0.010181985584075336
2005,21,us,31787884.625,4308721.761,2583953.181,0.13554603622826003,0.08128735873691374
2005,22,aus,62730044.947,2873519.852,708010.147,0.04580771230799865,0.011286619475535062
2005,22,china,62730044.947,790917.0009999999,508427.95900000003,0.012608264535251617,0.008105015059841993
2005,22,us,62730044.947,2757749.067,13473641.716,0.04396217266112267,0.21478769427606417
2005,23,aus,32138601.074,380185.68600000005,242951.95100000003,0.011829565484963462,0.007559506104220174
2005,23,china,32138601.074,678666.023,1124960.441,0.02111685015279144,0.03500340411238648
2005,23,us,32138601.074,4641409.379,815473.985,0.14441852550809628,0.025373661508238925
2005,24,aus,27961641.520999998,52424.268,144861.533,0.0018748637472026763,0.005180723488326135
2005,24,china,27961641.520999998,656706.1980000001,523068.452,0.02348596728510359,0.018706643227907795
2005,24,us,27961641.520999998,2957605.144,1342751.0019999999,0.10577365931033603,0.04802117933568225
2005,25,aus,33802529.275,657179.412,266870.022,0.019441723033608704,0.007894971995405512
2005,25,china,33802529.275,3451109.637,1925827.7820000001,0.10209619549245995,0.056972889996853654
2005,25,us,33802529.275,1871483.0189999999,3923654.589,0.055365177078158155,0.11607576927392514
2005,26,aus,84616753.57800001,15548826.945,373537.54,0.18375589097337608,0.004414463143586238
2005,26,china,84616753.57800001,1124471.7899999998,22965792.680999998,0.013288997065616065,0.27140952246330335
2005,26,us,84616753.57800001,4101587.3559999997,2865939.804,0.04847252089645749,0.03386964971845873
2005,27,aus,1415633745.4720001,32496824.593000002,12844647.419,0.02295567246609039,0.009073425566524159
2005,27,china,1415633745.4720001,17829429.472,61444078.325,0.012594662658352579,0.043403937297717736
2005,27,us,1415633745.4720001,32355423.313,300144211.095,0.02285578696925741,0.2120210909460385
2005,28,aus,78733791.729,4371850.456,925754.964,0.05552698987301176,0.0117580386219227
2005,28,china,78733791.729,7503427.697,4580911.802,0.09530123638432955,0.05818228363454664
2005,28,us,78733791.729,9343739.332,11544051.104,0.11867508380849925,0.1466213026261249
2005,29,aus,299509288.914,307067.14400000003,2147500.391,0.001025234125837647,0.007170062734236685
2005,29,china,299509288.914,12951952.347000001,27420536.635,0.04324390870801666,0.09155153996867668
2005,29,us,299509288.914,33499375.538000003,42462129.2,0.11184753454380807,0.14177232817708177
2005,30,aus,252435337.602,1752194.259,4837736.248,0.006941160756829466,0.01916425922755464
2005,30,china,252435337.602,1587285.984,1867556.283,0.0062878913827135435,0.00739815709139925
2005,30,us,252435337.602,29919908.3,35720643.754,0.11852503926044208,0.14150413366578116
2005,31,aus,34014971.497,175453.045,978650.528,0.005158112362830419,0.028771170015130354
2005,31,china,34014971.497,1209640.222,2684188.583,0.03556199428556587,0.07891197507652581
2005,31,us,34014971.497,3239799.3,4065412.754,0.09524627413801415,0.1195183348708246
2005,32,aus,53476818.745,505334.8,439699.202,0.009449604742003246,0.008222239323858642
2005,32,china,53476818.745,2638760.863,2820948.884,0.049344013442211725,0.05275087318584662
2005,32,us,53476818.745,5898589.076,3294659.48,0.1103017945799461,0.061609115076764843
2005,33,aus,58555139.763000004,255918.62099999998,855274.2050000001,0.004370557768896499,0.014606304561165667
2005,33,china,58555139.763000004,1742935.302,534233.246,0.029765709877125613,0.009123592705308048
2005,33,us,58555139.763000004,6254530.335,6977433.969,0.10681436950394116,0.11916006002617248
2005,34,aus,31082105.241,120133.785,348275.803,0.003865046594126227,0.011205026181450346
2005,34,china,31082105.241,1364176.016,1173465.4949999999,0.04388943430384288,0.03775373276363844
2005,34,us,31082105.241,3955110.844,2066254.915,0.12724719942016233,0.06647731545141383
2005,35,aus,16414706.4,191354.31,162617.96,0.011657492088923381,0.00990684548582605
2005,35,china,16414706.4,538462.211,792987.25,0.032803645577236765,0.04830956038299899
2005,35,us,16414706.4,2102320.7939999998,1720523.617,0.12807544300640064,0.10481598482931136
2005,36,aus,2755597.525,24972.066,78959.969,0.009062305279868474,0.02865439102903825
2005,36,china,2755597.525,618097.559,10655.271,0.22430618165111033,0.003866773323509935
2005,36,us,2755597.525,527290.733,523934.789,0.19135259348151723,0.1901347291273968
2005,37,aus,20528907.165,59002.378,318179.246,0.002874111979063061,0.015499083484700438
2005,37,china,20528907.165,1070830.523,948375.303,0.05216208122494084,0.046197067158884005
2005,37,us,20528907.165,3084501.978,2381754.1380000003,0.15025164044089048,0.11601952889439161
2005,38,aus,97220515.949,310179.735,1004280.691,0.003190476125046634,0.010329925542946369
2005,38,china,97220515.949,3716149.6859999998,4917534.756,0.03822392475215231,0.05058124520322072
2005,38,us,97220515.949,16256619.424,7643203.4629999995,0.16721387729034382,0.07861718679840658
2005,39,aus,349936179.792,946548.99,3160608.878,0.0027049189099641628,0.009031957998394586
2005,39,china,349936179.792,24554976.964,31174968.026,0.07016987205665712,0.08908758175427936
2005,39,us,349936179.792,41122859.148,34815937.683,0.1175153114274814,0.09949224942586499
2005,40,aus,108274005.163,155709.667,1764043.499,0.0014381075749953873,0.01629240089848287
2005,40,china,108274005.163,6272677.688999999,5234064.594,0.05793336710466063,0.04834091605016763
2005,40,us,108274005.163,9449329.245,17248438.496,0.08727237189364707,0.15930359711025294
2005,41,aus,27427336.201,759312.744,86658.308,0.027684523879220737,0.0031595597678508946
2005,41,china,27427336.201,1716533.731,4694580.8719999995,0.06258477740676162,0.1711643025628145
2005,41,us,27427336.201,3019584.52,1022440.527,0.11009397696776349,0.037278156343988005
2005,42,aus,38601726.023,29744.817,560125.5580000001,0.000770556658069569,0.014510375978168991
2005,42,china,38601726.023,20579269.48,172563.03,0.5331178576765787,0.004470344924400066
2005,42,us,38601726.023,862435.8430000001,8931537.134,0.022341898455165876,0.23137662623371652
2005,43,aus,5459556.205,11210.952,22105.281,0.0020534548192273805,0.004048915364174733
2005,43,china,5459556.205,1178413.92,748737.0610000001,0.21584426934203527,0.1371424769497359
2005,43,us,5459556.205,221686.854,429013.316,0.04060528835603406,0.0785802544915828
2005,44,aus,108979962.376,1198230.218,933275.907,0.010994958998663401,0.008563738568563956
2005,44,china,108979962.376,8108108.984,5564788.685,0.07439999801087838,0.05106249409226718
2005,44,us,108979962.376,6228154.056,25622289.413,0.05714953391626045,0.23511009596973986
2005,45,aus,1823367.372,6859.8189999999995,67306.819,0.0037621705342218877,0.03691347121462037
2005,45,china,1823367.372,40648.576,30550.183,0.022293135560177174,0.016754815002799118
2005,45,us,1823367.372,36392.11,225167.33099999998,0.019958737092066383,0.12348983230571924
2005,46,aus,1994981.165,1334.423,22831.221,0.0006688900243326357,0.011444329099718594
2005,46,china,1994981.165,1330469.964,6834.827,0.6669085339459834,0.0034260107914352166
2005,46,us,1994981.165,15853.555,551310.797,0.007946719136067633,0.27634887319850965
2005,47,aus,30630083.005,119693.814,199508.891,0.003907720850134863,0.00651349495094194
2005,47,china,30630083.005,45516.883,5714420.593,0.0014860189243551807,0.18656236067225768
2005,47,us,30630083.005,6054930.964,3109715.976,0.19767922153562573,0.10152489549219881
2005,48,aus,145072234.97,682064.646,2109558.828,0.004701551927845094,0.014541437432436629
2005,48,china,145072234.97,5861467.015,4401811.933,0.040403782406827286,0.03034220803112509
2005,48,us,145072234.97,13359653.050999999,19084980.783,0.09208966177272095,0.1315550200694616
2005,49,aus,37574589.25,241215.343,785869.1769999999,0.0064196401827599486,0.020914910653347992
2005,49,china,37574589.25,3267889.6559999995,415635.805,0.0869707353088364,0.011061619389492062
2005,49,us,37574589.25,5664387.585,4900839.558,0.1507504858486244,0.13042962427060997
2005,50,aus,2993341.169,1637.47,22859.314000000002,0.0005470375435176464,0.007636721880131266
2005,50,china,2993341.169,1363445.367,127004.187,0.455492805537931,0.04242890463516021
2005,50,us,2993341.169,24805.41,320482.852,0.008286863608095453,0.10706526049186209
2005,51,aus,13108552.878999999,1824873.023,131832.923,0.1392123936062737,0.010057015768017945
2005,51,china,13108552.878999999,1876685.497,2051414.166,0.1431649636937777,0.15649432740103456
2005,51,us,13108552.878999999,141522.762,375815.33,0.010796215517177379,0.028669475072420774
2005,52,aus,46784374.219,787568.609,182597.372,0.016834009691213396,0.003902956383369639
2005,52,china,46784374.219,7564247.077,5949424.762,0.16168319451258192,0.12716691975295952
2005,52,us,46784374.219,6319557.301999999,1892455.4679999999,0.13507837622061236,0.040450588462321226
2005,53,aus,3663011.405,622.371,19966.602,0.0001699069238906724,0.0054508708252302045
2005,53,china,3663011.405,703040.7390000001,403901.53,0.19192971609106962,0.11026488463799912
2005,53,us,3663011.405,16761.047,207841.109,0.004575756159841932,0.056740502832259135
2005,54,aus,36797895.124,33428.161,245579.748,0.0009084259001052965,0.006673744440339745
2005,54,china,36797895.124,4926451.462,3571359.19,0.13387862119284408,0.09705335530647566
2005,54,us,36797895.124,1945245.9190000002,2458587.528,0.05286296709213917,0.06681326526191662
2005,55,aus,30743524.917,44269.733,192976.12999999998,0.0014399693307620858,0.006276968256599995
2005,55,china,30743524.917,4226613.464,2969171.139,0.13747979372602273,0.09657874778562432
2005,55,us,30743524.917,2055229.342,1709977.236,0.06685080346344853,0.05562072796195363
2005,56,aus,14684443.608000001,34520.309,173111.1,0.0023508081015200014,0.011788740834939778
2005,56,china,14684443.608000001,1085349.6940000001,712963.301,0.07391152998188558,0.04855228567268164
2005,56,us,14684443.608000001,1664461.9309999999,1500743.162,0.11334865490533196,0.10219952502540877
2005,57,aus,11662389.466,64608.675,229626.812,0.005539917457597965,0.01968951668690568
2005,57,china,11662389.466,1007927.763,70532.062,0.08642549332951595,0.006047822550055113
2005,57,us,11662389.466,966353.413,2040617.115,0.0828606706899356,0.1749741869750725
2005,58,aus,11372967.874,12414.853,68595.548,0.0010916106628931818,0.006031455356241517
2005,58,china,11372967.874,2561293.8600000003,776329.618,0.22520892421189656,0.0682609523389919
2005,58,us,11372967.874,905291.739,981635.851,0.0796003074157633,0.08631307692727595
2005,59,aus,16306490.32,67924.281,114233.191,0.0041654751983442135,0.007005381830073659
2005,59,china,16306490.32,1602274.642,1277846.449,0.09825993273578934,0.07836428464515839
2005,59,us,16306490.32,1487985.689,1470145.131,0.09125113128574193,0.0901570541636945
2005,60,aus,19518730.22,55914.76,93066.56999999999,0.0028646720032385387,0.004768064774246365
2005,60,china,19518730.22,4326397.936,1798155.878,0.22165365714040797,0.09212463401730443
2005,60,us,19518730.22,1733006.7310000001,1173484.417,0.08878685813405336,0.06012094043892165
2005,61,aus,131294061.80399999,208369.155,1420297.1630000002,0.0015870417301207438,0.010817680125703366
2005,61,china,131294061.80399999,39577598.325,681830.444,0.3014424093610777,0.0051931552320915965
2005,61,us,131294061.80399999,2411833.387,36058833.815,0.01836970654926087,0.27464177221380953
2005,62,aus,150625260.116,75016.932,1639836.446,0.0004980368627561389,0.010886862168650358
2005,62,china,150625260.116,49632372.163,856422.745,0.3295089557009028,0.005685784338831675
2005,62,us,150625260.116,1696933.396,37961183.027,0.011265928402003437,0.25202401640843786
2005,63,aus,34337464.655999996,64694.418,633981.894,0.0018840767263431472,0.01846327037687159
2005,63,china,34337464.655999996,11227689.129,134394.917,0.32698072619750385,0.003913944094195561
2005,63,us,34337464.655999996,1235552.029,9695137.974,0.035982622519688694,0.2823486844799972
2005,64,aus,72977808.323,34830.114,867774.926,0.00047726993726424083,0.011890942547345702
2005,64,china,72977808.323,30309305.422,585386.833,0.41532222080239684,0.008021436193439464
2005,64,us,72977808.323,590026.652,15188153.615,0.00808501468540327,0.20812016644535536
2005,65,aus,5258350.813,17131.142,113477.238,0.0032578925616083654,0.021580385568694842
2005,65,china,5258350.813,2638630.101,17840.424,0.5017980341814824,0.003392779339844323
2005,65,us,5258350.813,140352.267,1622238.71,0.026691309117872656,0.3085071285067948
2005,66,aus,1976964.571,2260.958,18127.185999999998,0.0011436512485685816,0.009169201242099547
2005,66,china,1976964.571,1492281.631,7823.3730000000005,0.7548347870721656,0.0039572651502008125
2005,66,us,1976964.571,12667.915,403233.81,0.006407760253180582,0.20396612863731486
2005,67,aus,3538656.4200000004,1038.137,28013.197999999997,0.00029337038604047345,0.007916337353825381
2005,67,china,3538656.4200000004,2696474.85,98719.26699999999,0.7620052726113489,0.027897386827964492
2005,67,us,3538656.4200000004,38800.929000000004,1396795.107,0.010964876041850934,0.3947247037337408
2005,68,aus,30390665.45,62466.748,355875.948,0.002055458380889123,0.011710041314676114
2005,68,china,30390665.45,4372554.443,563232.159,0.14387820662215872,0.018533064368947538
2005,68,us,30390665.45,2112077.568,6111438.185,0.06949757554584907,0.20109589883955634
2005,69,aus,30815047.98,89135.209,553731.053,0.002892587058694562,0.01796950156817507
2005,69,china,30815047.98,5972921.901000001,297056.70399999997,0.19383133542016961,0.00963998836519092
2005,69,us,30815047.98,977980.5019999999,5177272.546,0.03173710787777264,0.1680111791278152
2005,70,aus,47631625.986,168623.543,493434.40900000004,0.003540159285126278,0.010359386201618047
2005,70,china,47631625.986,5375229.672,2036841.215,0.11285001426530979,0.04276237001858121
2005,70,us,47631625.986,3958175.222,5809421.353,0.08309972922535536,0.12196563171510287
2005,71,aus,224896544.401,6844849.852,3088955.8389999997,0.030435549244346525,0.013735008011026891
2005,71,china,224896544.401,7657838.202,3795593.543,0.03405049296064662,0.016877064754860338
2005,71,us,224896544.401,15168720.297,38633722.006,0.0674475472151032,0.1717844180705349
2005,72,aus,311828873.96999997,2024559.307,1954558.17,0.0064925331680310535,0.006268047423305776
2005,72,china,311828873.96999997,16294576.416,25962646.812,0.052254867256351784,0.08325927769760597
2005,72,us,311828873.96999997,12112597.539,24569112.22,0.038843733053935584,0.07879036956136305
2005,73,aus,182412311.454,658706.337,2522277.821,0.0036110848645548245,0.013827344223068288
2005,73,china,182412311.454,22945770.917999998,5295965.262,0.12579069216929675,0.0290329376333544
2005,73,us,182412311.454,13939502.957,27176118.672,0.07641755562378917,0.148981822857133
2005,74,aus,81972918.04900001,1728385.496,283457.77900000004,0.02108483554247566,0.003457944230197597
2005,74,china,81972918.04900001,2996125.36,12123366.638,0.036550185491860135,0.14789477947769475
2005,74,us,81972918.04900001,3872530.624,8390227.129,0.047241585589098606,0.10235364713971352
2005,75,aus,23603834.976999998,2690579.001,41265.436,0.11398906167670418,0.001748251334590747
2005,75,china,23603834.976999998,276642.127,1930959.3560000001,0.011720219501177036,0.08180701813419564
2005,75,us,23603834.976999998,1335752.1400000001,2381218.375,0.05659047105275821,0.10088269034757708
2005,76,aus,111493432.5,3702714.5,808385.57,0.03321015791670061,0.007250521863698115
2005,76,china,111493432.5,6733842.109,4957710.572,0.060396760221728754,0.044466391076443
2005,76,us,111493432.5,7916911.908,16272754.965,0.07100787670161648,0.14595258752124257
2005,78,aus,3517260.787,546593.365,14875.089000000002,0.15540313843666093,0.004229168634574722
2005,78,china,3517260.787,520637.895,73059.646,0.1480236827830077,0.020771745521410492
2005,78,us,3517260.787,100011.666,331698.12000000005,0.0284345324548151,0.09430580786786569
2005,79,aus,9527782.429,924090.2740000001,14511.728,0.09698901931128472,0.0015230960727892163
2005,79,china,9527782.429,481827.406,962992.639,0.0505707817732537,0.10107206437343806
2005,79,us,9527782.429,171556.21600000001,1182159.477,0.018005891431549608,0.12407498657839051
2005,80,aus,3937789.016,13462.799,25248.322,0.0034188726072671848,0.006411801622029818
2005,80,china,3937789.016,334441.794,377248.147,0.08493136443854614,0.0958020212528319
2005,80,us,3937789.016,109401.927,410764.3,0.027782577115096508,0.10431343536461325
2005,81,aus,13639991.878,130244.321,93496.288,0.009548709571453016,0.006854570650500207
2005,81,china,13639991.878,2450335.2029999997,597042.969,0.17964345029795475,0.0437715047296306
2005,81,us,13639991.878,1968473.406,2052804.971,0.1443163180452445,0.15049898778246176
2005,82,aus,40461681.702,92429.65,653199.34,0.0022843748977302457,0.0161436527727841
2005,82,china,40461681.702,6825142.257999999,1408964.751,0.1686816259459289,0.03482219946706653
2005,82,us,40461681.702,4015863.273,6438509.103,0.09925102230245408,0.1591260875022342
2005,83,aus,40164811.01,88239.238,551921.983,0.0021969289978242576,0.013741431096553292
2005,83,china,40164811.01,6788229.651000001,791853.966,0.16900937612553205,0.01971511743956293
2005,83,us,40164811.01,3328218.699,7703892.328,0.08286404480208708,0.19180701052177065
2005,84,aus,1442979540.235,3942511.94,21092327.59,0.002732202245471847,0.014617204888826738
2005,84,china,1442979540.235,190226286.27,84237187.416,0.13182881736425747,0.05837725696532145
2005,84,us,1442979540.235,175024456.30900002,231205403.66,0.12129378929412678,0.16022777677245964
2005,85,aus,1420653353.306,2009102.314,13400980.838,0.0014142100951823478,0.009432970264572002
2005,85,china,1420653353.306,235952539.95499998,129405085.346,0.16608734242305853,0.09108843128048208
2005,85,us,1420653353.306,120991945.904,210941850.74199998,0.08516640996372539,0.14848228123427687
2005,86,aus,20065650.849,59547.946,353895.938,0.002967655843716012,0.01763690301715964
2005,86,china,20065650.849,1543616.2519999999,494338.825,0.0769282922151976,0.02463607229688421
2005,86,us,20065650.849,2036661.006,2132378.1890000002,0.10149987265932617,0.10627007342282498
2005,87,aus,938040716.402,3633939.101,16932810.021,0.0038739673422050745,0.018051252706757132
2005,87,china,938040716.402,16722268.382,15588298.777,0.017826804412223004,0.01661793406664833
2005,87,us,938040716.402,80531985.84400001,205270456.3,0.08585126896505398,0.21882894069603562
2005,88,aus,133976571.121,471714.181,2905486.999,0.00352087067950093,0.021686530523131013
2005,88,china,133976571.121,413795.69899999996,7026635.565,0.003088567616992401,0.05244674875769095
2005,88,us,133976571.121,46086398.19,19401060.884999998,0.3439884884677142,0.14480935526763156
2005,89,aus,81941820.435,445177.614,722211.356,0.005432849937146994,0.008813708948202964
2005,89,china,81941820.435,3848296.619,549252.424,0.046963767689938554,0.006702956086211096
2005,89,us,81941820.435,3063905.2539999997,2873064.579,0.03739122755309579,0.03506224982247064
2005,90,aus,332198554.19,1593787.705,4661194.18,0.0047976960913816554,0.014031349989964265
2005,90,china,332198554.19,25475437.787,36689650.332,0.07668738308966089,0.11044494284889471
2005,90,us,332198554.19,59976501.807,49423698.382,0.18054413858976825,0.1487775842447895
2005,91,aus,25775259.022,38822.259,280995.46499999997,0.0015061830791637816,0.0109017513562196
2005,91,china,25775259.022,4846279.388,829534.576,0.18802058919615697,0.03218336526868521
2005,91,us,25775259.022,390261.233,3846710.924,0.015140923808637565,0.14924043714620716
2005,92,aus,5601816.536,6953.042,123303.803,0.0012412120167299959,0.02201139616186816
2005,92,china,5601816.536,1498693.324,119494.63399999999,0.2675370238151619,0.021331407987403603
2005,92,us,5601816.536,525072.737,1618892.841,0.09373258364061496,0.28899426294956404
2005,93,aus,5811439.468,36797.478,322523.403,0.006331904204220131,0.05549802329972406
2005,93,china,5811439.468,161850.16999999998,17711.342,0.027850272018010113,0.003047668670993718
2005,93,us,5811439.468,1475314.327,1507440.97,0.25386383788795236,0.25939201092957165
2005,94,aus,134940415.661,179359.908,2040373.539,0.0013291785646384216,0.015120551756160786
2005,94,china,134940415.661,36031192.177,923609.537,0.26701557128383446,0.006844573084170055
2005,94,us,134940415.661,5946866.179,37848401.336,0.044070311699200886,0.2804823236285525
2005,95,aus,71932974.319,337689.696,1278019.582,0.004694504838663461,0.017766811314271352
2005,95,china,71932974.319,38489249.784,517047.392,0.5350710178243477,0.007187905086574875
2005,95,us,71932974.319,3909091.7180000003,21676691.832,0.05434352958442138,0.30134569072412776
2005,96,aus,20555761.099999998,21951.878,305052.159,0.0010679185213920395,0.014840226908455363
2005,96,china,20555761.099999998,5638796.337,608609.504,0.2743170787774918,0.029607733862989875
2005,96,us,20555761.099999998,1352863.0550000002,3636039.045,0.0658143013249945,0.17688661720241536
2005,97,aus,12490034.448,71039.855,103790.106,0.005687722903868807,0.008309833446185544
2005,97,china,12490034.448,408499.34300000005,28926.433,0.0327060221251361,0.0023159610264030872
2005,97,us,12490034.448,3186172.1720000003,4609667.478,0.25509714847185183,0.36906763525685354
2006,01,aus,14864529.011,790042.5549999999,100412.94900000001,0.05314951818623753,0.0067552055585274684
2006,01,china,14864529.011,346610.544,70738.53899999999,0.02331796343789315,0.0047588819630714355
2006,01,us,14864529.011,757026.487,2671780.849,0.05092838706425126,0.17974204544407948
2006,02,aus,69255402.792,5430026.013,289059.54099999997,0.07840581086949143,0.00417381936060865
2006,02,china,69255402.792,755009.8169999999,915136.51,0.010901818292322668,0.013213936719832516
2006,02,us,69255402.792,7456655.276,4659329.1559999995,0.10766893231991066,0.0672774825957437
2006,03,aus,71602240.233,868054.686,605220.989,0.012123289483335627,0.008452542644344052
2006,03,china,71602240.233,6597330.302,2704867.448,0.09213860181653125,0.03777629637282469
2006,03,us,71602240.233,3899697.785,10525205.32,0.054463348804591034,0.1469954750822049
2006,04,aus,50239485.661,1966091.79,323047.22599999997,0.03913439327915416,0.006430145964865554
2006,04,china,50239485.661,276004.273,611595.803,0.005493771868254955,0.012173607968975899
2006,04,us,50239485.661,1807465.684,1752867.01,0.03597699419528697,0.03489022602316805
2006,05,aus,6095654.428,167821.443,68928.926,0.027531324976219598,0.011307879541756726
2006,05,china,6095654.428,1190296.148,302078.563,0.1952696239689131,0.04955637931383075
2006,05,us,6095654.428,816256.3110000001,614395.209,0.13390790449842083,0.10079232939744989
2006,06,aus,14935377.005,31448.002,40750.009,0.002105604832705058,0.002728421852783354
2006,06,china,14935377.005,212056.951,83295.47,0.01419829917443721,0.0055770584145358165
2006,06,us,14935377.005,360717.36299999995,1948195.1749999998,0.024151875301121662,0.13044164699342986
2006,07,aus,40272367.733,459974.008,189826.40899999999,0.011421578464160871,0.004713564652034411
2006,07,china,40272367.733,3944515.693,766648.466,0.09794595935236713,0.019036587843127797
2006,07,us,40272367.733,2539795.758,5285891.112,0.0630654689795862,0.13125354702372347
2006,08,aus,60153602.787,456074.56,384324.935,0.007581832822465022,0.006389059294766926
2006,08,china,60153602.787,1511441.01,964684.941,0.025126358854213843,0.016037026816430044
2006,08,us,60153602.787,6962662.656,6984187.4520000005,0.11574805719707823,0.11610588773428177
2006,09,aus,23316426.529,22633.345,247584.523,0.0009707038500024689,0.010618459166204765
2006,09,china,23316426.529,1079198.449,66663.00600000001,0.046284899088534774,0.002859057579731926
2006,09,us,23316426.529,498864.699,3998787.54,0.021395418306468742,0.17150087450263765
2006,10,aus,55293737.78,2743519.807,62409.39599999999,0.049617188440321786,0.001128688319974161
2006,10,china,55293737.78,1182147.487,811019.4550000001,0.021379409937947586,0.014667473886949807
2006,10,us,55293737.78,15580862.736000001,1232795.014,0.28178349595378,0.022295382144447966
2006,11,aus,9729012.801,377404.312,41555.831,0.03879163484718699,0.004271330694079123
2006,11,china,9729012.801,291487.053,277387.096,0.029960599185360245,0.028511330149703234
2006,11,us,9729012.801,997626.772,652447.558,0.10254141837468428,0.06706205155089712
2006,12,aus,34258546.653,663923.418,155223.499,0.01937978936248484,0.004530942324326744
2006,12,china,34258546.653,1637947.767,7242766.728,0.0478113617483702,0.21141488579071863
2006,12,us,34258546.653,9658644.040000001,1214777.1,0.281933852531196,0.03545909615793999
2006,13,aus,4008619.855,26782.895,57382.928,0.006681325735238619,0.014314883944015191
2006,13,china,4008619.855,297183.72000000003,99527.849,0.07413616924271808,0.02482845782342212
2006,13,us,4008619.855,400103.97400000005,739586.008,0.09981090461869202,0.1844989135294297
2006,14,aus,662780.849,977.063,3146.136,0.0014741871336116411,0.004746872219900246
2006,14,china,662780.849,119346.91200000001,101958.40299999999,0.1800699464688365,0.15383426234151792
2006,14,us,662780.849,31133.62,68648.192,0.04697422993886173,0.10357600420044724
2006,15,aus,47943726.145,315278.321,410869.243,0.006576007881541765,0.008569822916086574
2006,15,china,47943726.145,511569.50800000003,3943848.7350000003,0.010670207535660035,0.08225995457825507
2006,15,us,47943726.145,2515019.282,2984436.798,0.05245773502029501,0.062248745309739416
2006,16,aus,29154521.768,167837.652,358271.955,0.005756830907246045,0.012288726868887944
2006,16,china,29154521.768,4163139.3150000004,142091.038,0.14279566470438426,0.004873722132391796
2006,16,us,29154521.768,1238560.3739999998,3970322.247,0.04248261672257796,0.13618203991114083
2006,17,aus,32686072.729,1258983.954,151446.045,0.03851744332940293,0.004633350915407859
2006,17,china,32686072.729,662195.74,654899.333,0.02025926288209233,0.020036036094937613
2006,17,us,32686072.729,1203324.5890000002,3124765.853,0.03681459681549252,0.09559930551790091
2006,18,aus,24636549.38,144303.894,301076.147,0.005857309470341094,0.01222071087781531
2006,18,china,24636549.38,151200.878,178736.372,0.0061372587397626865,0.007254927191431222
2006,18,us,24636549.38,841179.405,2827567.6950000003,0.0341435560648307,0.1147712551537524
2006,19,aus,34064190.012,342716.752,483860.749,0.010060910060661036,0.014204381458345183
2006,19,china,34064190.012,1051582.548,388130.749,0.03087061655156199,0.011394098872254729
2006,19,us,34064190.012,2233173.84,3602733.21,0.06555781420938839,0.10576306698415089
2006,20,aus,37505174.778,230775.824,463233.12100000004,0.006153172871903794,0.012351178837106127
2006,20,china,37505174.778,3757661.7420000006,220388.166,0.10019048742586294,0.005876206878237949
2006,20,us,37505174.778,2822034.734,4964478.538,0.07524387636383888,0.13236782836996916
2006,21,aus,34464545.75,342832.813,702228.806,0.009947405530508118,0.02037539711371359
2006,21,china,34464545.75,1021499.755,331850.24799999996,0.029639147499862233,0.009628742836397313
2006,21,us,34464545.75,4549284.706,2860030.015,0.1319989748015176,0.08298470073408701
2006,22,aus,70978582.067,2991451.472,823456.349,0.0421458330792834,0.011601476459796015
2006,22,china,70978582.067,1122076.974,631717.185,0.015808669901870104,0.008900109957165567
2006,22,us,70978582.067,3120851.8249999997,16719900.906,0.04396892321762756,0.23556262211912465
2006,23,aus,35096976.672,393223.654,304375.99,0.01120391815155149,0.008672427623739681
2006,23,china,35096976.672,807201.818,1124591.545,0.022999183819841017,0.03204240511967481
2006,23,us,35096976.672,5093399.791999999,921302.013,0.14512360536352012,0.026250181649834392
2006,24,aus,28053219.256,80570.24,185525.952,0.002872049701845456,0.006613356930874158
2006,24,china,28053219.256,656399.483,374105.766,0.023398365692365586,0.01333557345365939
2006,24,us,28053219.256,2809567.95,1351704.792,0.10015135604799054,0.048183589186859485
2006,25,aus,37550731.261,688300.07,258074.688,0.018329871267110713,0.006872694068358532
2006,25,china,37550731.261,4400189.581,2118105.125,0.11717986396632481,0.056406494730499517
2006,25,us,37550731.261,2063797.619,4355718.208,0.054960251097518564,0.11599556284870081
2006,26,aus,113897655.602,21160474.661,524891.835,0.18578498871778734,0.004608451615845051
2006,26,china,113897655.602,971342.646,27879542.281,0.008528205790242303,0.2447771390345496
2006,26,us,113897655.602,5909993.375,3014980.11,0.05188863057595913,0.026470958458841693
2006,27,aus,1793438359.295,36155030.603,17213797.737,0.02015961709284089,0.00959820985638265
2006,27,china,1793438359.295,17565193.274,88095471.77000001,0.00979414384830314,0.049120992262388266
2006,27,us,1793438359.295,37948687.537999995,343589174.61,0.021159738968066687,0.191581256656663
2006,28,aus,91346142.377,4856143.254,971433.5480000001,0.05316199598181089,0.010634642281780658
2006,28,china,91346142.377,8496750.672,6079856.355,0.09301707166715989,0.06655843582214419
2006,28,us,91346142.377,10793849.391,12869030.742,0.1181642608009879,0.14088203844325983
2006,29,aus,323861050.283,282038.634,2012421.259,0.0008708630869737061,0.006213841575705022
2006,29,china,323861050.283,16232902.311999999,29773089.443,0.05012304597238593,0.09193167692435796
2006,29,us,323861050.283,35347167.096,44914212.396,0.10914300149744013,0.1386835877817124
2006,30,aus,284386184.972,1995625.121,5033729.093,0.007017306839980587,0.017700329196706967
2006,30,china,284386184.972,1780806.7349999999,2249666.492,0.00626193123683323,0.007910603998648869
2006,30,us,284386184.972,31805470.92,42170663.864,0.11183901539778204,0.1482866119820554
2006,31,aus,35571499.986,172183.615,714298.297,0.004840493514970325,0.020080634701407838
2006,31,china,35571499.986,1355894.0440000002,2364207.099,0.03811742671896445,0.06646351995081706
2006,31,us,35571499.986,3449755.776,3806181.659,0.09698089136971262,0.10700087599617705
2006,32,aus,58780875.448,521020.839,457897.813,0.008863781545086321,0.007789911421191327
2006,32,china,58780875.448,3243151.156,3224187.02,0.05517357697179971,0.05485095271934576
2006,32,us,58780875.448,6135375.198000001,3261278.266,0.10437706398958975,0.0554819614567507
2006,33,aus,64676073.355,284068.81,924577.1610000001,0.004392177744631727,0.014295505478897824
2006,33,china,64676073.355,2051456.867,645781.409,0.03171894582622192,0.009984858008546305
2006,33,us,64676073.355,6980748.509000001,7219973.553,0.10793401866998673,0.11163283697466207
2006,34,aus,34973561.196,124475.60399999999,376587.996,0.0035591343787499835,0.010767790957561139
2006,34,china,34973561.196,1488968.22,1391034.979,0.04257410938667282,0.03977390152533553
2006,34,us,34973561.196,4391014.369,2168597.204,0.1255523949760715,0.062006759673305066
2006,35,aus,17777909.958,236461.729,171807.24599999998,0.01330087336242768,0.009664085733693758
2006,35,china,17777909.958,656311.142,924703.144,0.03691722725283925,0.0520141651175304
2006,35,us,17777909.958,2370933.044,1718408.359,0.13336399214538086,0.09665975151520677
2006,36,aus,3208233.002,26368.877,83521.796,0.008219127782664709,0.026033581709287587
2006,36,china,3208233.002,677822.6240000001,17765.005,0.21127599634360975,0.005537317579155057
2006,36,us,3208233.002,604541.263,603544.936,0.18843433834859605,0.18812378515642486
2006,37,aus,21055237.343000002,72012.124,271676.152,0.0034201525647461323,0.012903020164259564
2006,37,china,21055237.343000002,943862.0869999999,1032732.131,0.04482790061323128,0.0490487052782305
2006,37,us,21055237.343000002,3662726.957,2306296.2709999997,0.17395799901622602,0.10953551524636448
2006,38,aus,110449894.81300001,338208.05,1090157.855,0.0030620948129702766,0.009870157475891846
2006,38,china,110449894.81300001,4887904.097,6310386.465,0.04425449300133413,0.05713347645721129
2006,38,us,110449894.81300001,18586317.623999998,7975168.663,0.1682782736504008,0.07220621329248489
2006,39,aus,396263266.509,1034924.704,3381230.402,0.0026117099198153778,0.00853278789070701
2006,39,china,396263266.509,29537388.298,35111821.698,0.07453980924908452,0.08860730899265055
2006,39,us,396263266.509,45618947.017000005,37258353.277,0.11512282583973475,0.09402424202787867
2006,40,aus,126190891.459,168617.379,2085190.21,0.001336208794869989,0.016524094456353753
2006,40,china,126190891.459,8104287.295,7926515.491,0.06422244269217418,0.06281368963603337
2006,40,us,126190891.459,10595104.267,18511348.994,0.08396092732606139,0.1466932262699358
2006,41,aus,29251391.355,777599.915,80100.886,0.026583347970115728,0.002738361571519168
2006,41,china,29251391.355,1853843.0080000001,5062316.538,0.06337623347557855,0.1730624186919125
2006,41,us,29251391.355,3132386.579,963969.335,0.10708504566448852,0.03295464900459262
2006,42,aus,43399532.884,23233.732,588524.9940000001,0.0005353452089472955,0.013560629686338631
2006,42,china,43399532.884,23265913.208,225094.158,0.5360867194166826,0.005186557159535348
2006,42,us,43399532.884,835919.71,9792295.744,0.019261030118325913,0.22563136267326284
2006,43,aus,5732925.169,16635.381,22331.966,0.002901726519989049,0.0038953876671471346
2006,43,china,5732925.169,1229525.332,310420.842,0.2144673610338555,0.05414702492168532
2006,43,us,5732925.169,275005.67,423321.80700000003,0.04796952025242805,0.07384045570471671
2006,44,aus,115983157.704,1277034.4470000002,958130.836,0.011010516287710609,0.008260948011479741
2006,44,china,115983157.704,10268817.919,6149135.688,0.08853714730898253,0.05301748813990025
2006,44,us,115983157.704,6679057.609,24573814.423,0.05758644393908974,0.21187399023670922
2006,45,aus,1834649.139,4208.358,46032.618,0.0022938216962257,0.025090692831377392
2006,45,china,1834649.139,55334.100999999995,32434.376,0.030160590286031796,0.01767878953557234
2006,45,us,1834649.139,28312.159,241394.894,0.0154319201411077,0.13157550883629746
2006,46,aus,1989492.936,675.471,22363.708000000002,0.0003395191748496864,0.01124090847236866
2006,46,china,1989492.936,1295455.9479999999,9407.892,0.6511488050842719,0.004728788843510626
2006,46,us,1989492.936,15481.025,532907.8089999999,0.007781392293418025,0.2678611214732154
2006,47,aus,34081724.985,138864.12099999998,216054.62000000002,0.004074445206664765,0.006339309999569848
2006,47,china,34081724.985,76203.637,6608422.979,0.0022359090402125667,0.19389931061026078
2006,47,us,34081724.985,6389694.096,3270492.2029999997,0.18748153442386567,0.09596028969893408
2006,48,aus,155043457.793,698337.895,2127563.258,0.004504142934765797,0.013722367188433901
2006,48,china,155043457.793,7522735.050999999,4231827.417,0.04852017078362425,0.02729445974205473
2006,48,us,155043457.793,14225468.822,19894844.989,0.09175149357796547,0.128317861793058
2006,49,aus,39675944.763,239630.91,825741.504,0.006039702682101448,0.02081214471217959
2006,49,china,39675944.763,3945197.171,495095.678,0.09943549409008941,0.012478484909619695
2006,49,us,39675944.763,6069130.251,5125546.59,0.15296750429645214,0.12918524361844194
2006,50,aus,3171769.783,1800.414,20778.863,0.0005676370364740309,0.00655118890134152
2006,50,china,3171769.783,1460573.756,108470.156,0.4604917304617629,0.03419862203788452
2006,50,us,3171769.783,23834.203,307267.696,0.007514480757003921,0.09687578765864042
2006,51,aus,13341902.387,1750730.9970000002,125254.766,0.1312204921170662,0.009388073931798883
2006,51,china,13341902.387,2021307.673,2132017.0039999997,0.15150070914695862,0.1597985761069112
2006,51,us,13341902.387,195460.821,371744.86699999997,0.014650146233302673,0.027862958086263503
2006,52,aus,48869191.916999996,835678.449,147575.059,0.017100312409898778,0.0030197974063218237
2006,52,china,48869191.916999996,7612092.049,8317906.276,0.15576463924200887,0.17020756737961268
2006,52,us,48869191.916999996,6615021.411,1673167.105,0.13536179239949434,0.034237666705062904
2006,53,aus,3711782.762,715.373,18727.287,0.0001927302985842144,0.005045361811505713
2006,53,china,3711782.762,772138.309,406429.009,0.20802357209718622,0.10949698165552287
2006,53,us,3711782.762,23163.705,226500.815,0.0062405874711048085,0.061022109730892705
2006,54,aus,37412508.88,33911.883,237249.824,0.0009064316725930303,0.006341457205154962
2006,54,china,37412508.88,5733383.892999999,3574464.938,0.15324777900861267,0.09554197366086933
2006,54,us,37412508.88,1832796.0159999998,2367776.423,0.04898885615713885,0.06328836247241806
2006,55,aus,32531468.747,42410.155,192342.724,0.0013036655470377739,0.005912512757904222
2006,55,china,32531468.747,5524104.434,2654637.0390000003,0.1698080242537289,0.081602126840486
2006,55,us,32531468.747,2128204.943,1851360.253,0.0654198849597364,0.05690982683254132
2006,56,aus,16174522.472,30698.832,190243.215,0.0018979745493657254,0.011761906129181456
2006,56,china,16174522.472,1360865.8479999998,801374.611,0.08413638488281917,0.04954548812104183
2006,56,us,16174522.472,1859363.605,1502232.109,0.11495632147525697,0.09287644266472413
2006,57,aus,12608090.502,63606.764,243936.117,0.005044916515305007,0.0193475861361643
2006,57,china,12608090.502,1187141.771,85470.963,0.09415714225811479,0.0067790569068680055
2006,57,us,12608090.502,1069969.953,2150155.459,0.08486375893560348,0.1705377557893421
2006,58,aus,11963226.39,12474.476,64561.037000000004,0.001042735094474794,0.005396624196125407
2006,58,china,11963226.39,3058243.259,743803.9720000001,0.2556369961832679,0.06217419513365909
2006,58,us,11963226.39,810462.305,924313.104,0.06774613123408425,0.07726286152810989
2006,59,aus,17144934.126000002,75816.945,126111.599,0.0044221193527378385,0.007355618754390773
2006,59,china,17144934.126000002,1955724.3909999998,1389428.604,0.11407010237701508,0.08104018328614952
2006,59,us,17144934.126000002,1573835.176,1604758.652,0.09179593018169173,0.09359958108946075
2006,60,aus,20726591.753,37638.068,98141.92,0.0018159313624031895,0.004735072759166725
2006,60,china,20726591.753,4895098.259,1958071.831,0.2361747805589636,0.09447148157953107
2006,60,us,20726591.753,1569323.1730000002,1084712.568,0.07571544765785498,0.05233434328839892
2006,61,aus,145259962.26,103307.201,1550451.0329999998,0.0007111884058946059,0.010673629600872788
2006,61,china,145259962.26,45427116.473000005,858439.221,0.3127297829782598,0.005909675368519541
2006,61,us,145259962.26,2099858.874,38372580.647,0.014455868233267707,0.2641648810173662
2006,62,aus,164271485.762,64406.0,1710155.5289999999,0.0003920704783379921,0.010410543991047292
2006,62,china,164271485.762,57945003.587,917105.849,0.35273926767151753,0.005582866951898897
2006,62,us,164271485.762,1596670.527,38726032.084,0.00971970588561724,0.23574409097454133
2006,63,aus,38041894.062,67139.278,673494.508,0.0017648773715256557,0.01770402143758538
2006,63,china,38041894.062,13227051.121,157645.461,0.3476969653362366,0.004143996109738181
2006,63,us,38041894.062,1273732.423,10206519.463,0.03348236081316282,0.26829682681849637
2006,64,aus,81267199.958,31070.559,938790.2689999999,0.0003823259447361013,0.011551896330686666
2006,64,china,81267199.958,34304355.05499999,654526.535,0.42211808789682614,0.00805400623299767
2006,64,us,81267199.958,662079.808,16376596.421,0.008146949917582639,0.20151545063031145
2006,65,aus,5865255.092,13992.557999999999,114206.495,0.0023856691278586247,0.019471701265947255
2006,65,china,5865255.092,3056804.285,20398.028,0.5211715836825874,0.003477773375589782
2006,65,us,5865255.092,152192.83,1711492.679,0.025948203038532052,0.29180191690799867
2006,66,aus,2190048.803,1913.278,19073.725000000002,0.000873623454134506,0.008709269388824667
2006,66,china,2190048.803,1643256.918,11038.146,0.7503289039719176,0.005040136998262135
2006,66,us,2190048.803,15039.510999999999,421125.33,0.006867203588978651,0.19229038614259594
2006,67,aus,3732132.993,565.069,29942.239999999998,0.00015140644801775422,0.00802282235283677
2006,67,china,3732132.993,2748791.405,142057.42299999998,0.736520217836728,0.038063333559239
2006,67,us,3732132.993,48326.148,1471536.8059999999,0.012948667180574936,0.39428841597017544
2006,68,aus,34792826.338,56959.419,385035.357,0.001637102385608441,0.011066515644906733
2006,68,china,34792826.338,5268136.286,624095.5059999999,0.15141443913816946,0.01793747653430431
2006,68,us,34792826.338,2498334.917,6983270.285999999,0.07180603532261393,0.20071006069354638
2006,69,aus,34560677.333,83849.921,561720.288,0.0024261654420741504,0.016253162013802478
2006,69,china,34560677.333,7413373.432,346766.882,0.21450312910740893,0.010033567301324047
2006,69,us,34560677.333,1202590.28,5636291.665,0.03479649048578443,0.1630839468420438
2006,70,aus,52886607.353,151035.146,497220.342,0.0028558297376099794,0.009401630523985485
2006,70,china,52886607.353,6656463.789,2250717.477,0.12586293812666755,0.042557418402304224
2006,70,us,52886607.353,4355099.517,6177303.835,0.08234787094455126,0.11680280025845885
2006,71,aus,256049650.256,7804456.751,5761785.302,0.030480247651957566,0.022502609537796016
2006,71,china,256049650.256,10529840.054,5644681.739,0.04112421182170021,0.02204526244560933
2006,71,us,256049650.256,21748667.353,44940758.975999996,0.08493925819174347,0.1755157991079775
2006,72,aus,354455521.442,2478262.388,1802244.149,0.00699174434613941,0.005084542460131782
2006,72,china,354455521.442,25776401.775,21569989.472,0.07272111792795934,0.06085386788234733
2006,72,us,354455521.442,13227129.297,31106225.52,0.03731675343408178,0.08775776829051302
2006,73,aus,219890087.296,660187.213,2645402.822,0.003002350952325123,0.012030568792484727
2006,73,china,219890087.296,30727445.724,6300411.394,0.1397400223987221,0.02865254851401667
2006,73,us,219890087.296,16299325.677,30537106.301000003,0.07412487701211849,0.13887441074091336
2006,74,aus,140969954.252,2863488.525,490206.806,0.020312757709215007,0.0034773850115869297
2006,74,china,140969954.252,5638350.2190000005,17582260.773,0.03999682236486224,0.1247234622887774
2006,74,us,140969954.252,6125687.75,14068966.777999999,0.04345385357116332,0.09980117289993656
2006,75,aus,34329297.646,4234494.191,51714.803,0.12334928126598002,0.0015064334707129011
2006,75,china,34329297.646,331553.34599999996,3680443.119,0.009658028818968049,0.10720997431850576
2006,75,us,34329297.646,1661997.641,3481627.6980000003,0.04841338899905089,0.10141855315253369
2006,76,aus,143360322.146,5053053.002,910252.5660000001,0.03524722131172324,0.006349403742780288
2006,76,china,143360322.146,9388698.016999999,6037670.1280000005,0.06549021288776422,0.042115349893334916
2006,76,us,143360322.146,9984561.155,19872794.126,0.06964661494574205,0.13862129931433392
2006,78,aus,4833321.208000001,610224.612,24209.978,0.1262536847313128,0.005008973531477322
2006,78,china,4833321.208000001,814058.115,110689.375,0.16842623942571622,0.022901307452273093
2006,78,us,4833321.208000001,126006.373,469641.38499999995,0.02607034947138154,0.09716742686636685
2006,79,aus,19095899.469,1531619.34,21082.845,0.08020671361861786,0.001104050900258748
2006,79,china,19095899.469,1216815.327,1644486.24,0.06372128890683364,0.08611724431570425
2006,79,us,19095899.469,253743.352,2302146.578,0.01328784498535527,0.12055711655464414
2006,80,aus,4397790.96,21601.448,25867.44,0.004911886034710481,0.005881916679368498
2006,80,china,4397790.96,323321.735,390130.265,0.07351912310993518,0.08871050683136608
2006,80,us,4397790.96,106881.458,539523.4400000001,0.02430344210812603,0.12268055596712583
2006,81,aus,15958777.706,181482.297,108404.1,0.011371942158939174,0.006792757064298443
2006,81,china,15958777.706,2852291.232,808142.903,0.17872867738032516,0.05063939844817587
2006,81,us,15958777.706,2362592.081,2335776.82,0.14804342315713434,0.14636314027494857
2006,82,aus,45042102.255,105107.229,652015.941,0.002333532933364191,0.014475699586770986
2006,82,china,45042102.255,7892792.601,1554512.722,0.17523144360172135,0.03451243712381204
2006,82,us,45042102.255,4260865.617,7148903.004,0.09459739673955854,0.1587160155964172
2006,83,aus,46030730.428,86089.255,625108.818,0.0018702561136773278,0.013580249806762852
2006,83,china,46030730.428,9025022.955,1071943.726,0.19606516931371948,0.023287567154223303
2006,83,us,46030730.428,3673379.8109999998,8728954.694,0.07980277038501049,0.1896331996654624
2006,84,aus,1622671443.56,4792089.982,23221121.961,0.002953210276189104,0.014310427445530734
2006,84,china,1622671443.56,231199518.563,95899175.839,0.14248079577697403,0.0590995646220319
2006,84,us,1622671443.56,194052812.799,253769153.63,0.11958848081609486,0.1563897328921082
2006,85,aus,1643374683.596,2286268.161,14735343.743,0.0013912032257897714,0.008966514995080983
2006,85,china,1643374683.596,303362070.57,156273076.836,0.18459702075134146,0.09509278583630505
2006,85,us,1643374683.596,133755909.25999999,236335096.522,0.08139100023575753,0.14381084172774053
2006,86,aus,22265411.643,74016.163,258433.881,0.00332426654340657,0.011606966228322519
2006,86,china,22265411.643,1768152.8679999998,1397180.065,0.0794125388899283,0.06275114457357261
2006,86,us,22265411.643,2497271.378,2586628.8770000003,0.1121592278661111,0.11617251540072955
2006,87,aus,1044760001.2210001,3162045.052,17391627.264,0.0030265755276853547,0.016646528622530136
2006,87,china,1044760001.2210001,23036518.319,19524373.767,0.02204957913020929,0.018687903197080736
2006,87,us,1044760001.2210001,91196499.06899999,223766251.34,0.08728942432943412,0.21417957337425508
2006,88,aus,174788985.152,443978.338,2743334.608,0.0025400819028379134,0.015695122925591342
2006,88,china,174788985.152,848282.967,11635738.552,0.004853183204092158,0.06657020487807815
2006,88,us,174788985.152,68432071.443,21088346.952,0.39151249367052565,0.12065031977650736
2006,89,aus,101965016.117,346450.365,1289807.737,0.0033977375593454984,0.012649512412374917
2006,89,china,101965016.117,5794453.336,577162.861,0.05682785681464651,0.005660400821569362
2006,89,us,101965016.117,3898528.809,3465768.8200000003,0.03823398413948784,0.03398978347655235
2006,90,aus,381483766.26600003,1838513.888,4956097.42,0.004819376473068702,0.012991633873469272
2006,90,china,381483766.26600003,32058640.282,42804844.232999995,0.08403670907360769,0.11220620120215848
2006,90,us,381483766.26600003,67396045.41499999,54315433.607,0.17666818715427657,0.14237941010870453
2006,91,aus,28263916.781,39363.051,311699.539,0.001392696253141434,0.011028179194524639
2006,91,china,28263916.781,4967859.26,859150.296,0.17576683721838474,0.030397425192588704
2006,91,us,28263916.781,473935.834,4589710.886,0.01676822917616982,0.16238764505156503
2006,92,aus,5875151.812,6621.268,130666.507,0.0011269952184854283,0.02224053287152744
2006,92,china,5875151.812,1646201.383,129432.3,0.2801972503310694,0.022030460512634666
2006,92,us,5875151.812,585389.598,1486990.627,0.09963820795308498,0.2530982474295934
2006,93,aus,6655852.019,30495.179,289754.03300000005,0.004581709285745464,0.043533725235005115
2006,93,china,6655852.019,247721.978,11858.145,0.03721867272482099,0.0017816118757071782
2006,93,us,6655852.019,1699373.614,1893896.799,0.25532022183620007,0.284546109738261
2006,94,aus,149335232.54,188771.81,2313874.7539999997,0.001264080865507989,0.015494499955864199
2006,94,china,149335232.54,42792115.16,966558.495,0.28655069826564855,0.0064724076064307445
2006,94,us,149335232.54,6607481.3,40924549.894999996,0.04424596384667739,0.27404483991437323
2006,95,aus,80088153.237,328758.143,1479254.323,0.004104953475792181,0.018470326299353322
2006,95,china,80088153.237,45291100.312,597918.462,0.5655156035122049,0.007465754145068326
2006,95,us,80088153.237,4191232.0480000004,23289707.948,0.052332734350823924,0.29080091132929714
2006,96,aus,22112085.518,34065.035,314110.92600000004,0.001540561833132831,0.014205395766233942
2006,96,china,22112085.518,6453250.187000001,696298.93,0.29184267498182537,0.03148951868122926
2006,96,us,22112085.518,1369753.651,3767334.164,0.0619459277093051,0.17037443894350265
2006,97,aus,15845110.223,75915.11200000001,123990.807,0.004791075033975169,0.007825177941647948
2006,97,china,15845110.223,405932.699,88588.418,0.0256187993196013,0.005590899448046081
2006,97,us,15845110.223,3598235.298,6559293.281,0.22708805728451006,0.41396324725332906
2007,01,aus,16048183.615,874799.28,95690.40599999999,0.054510797046360936,0.005962693865900162
2007,01,china,16048183.615,348620.194,72194.815,0.021723342800873107,0.004498628426242617
2007,01,us,16048183.615,750505.584,3175708.803,0.04676576502393165,0.19788587164666485
2007,02,aus,79568321.95,5799321.9690000005,404334.258,0.07288480926673609,0.005081598406135546
2007,02,china,79568321.95,718816.682,1607060.4470000002,0.009033955528830906,0.020197239398989236
2007,02,us,79568321.95,9154033.267,4817294.983,0.1150462023410813,0.06054287516616404
2007,03,aus,77384562.879,778560.79,653365.342,0.010060931548032039,0.008443096629254269
2007,03,china,77384562.879,6777536.166999999,2911499.549,0.08758253474400943,0.03762377715504418
2007,03,us,77384562.879,4201985.4180000005,11029948.704,0.054300047214459385,0.14253422509146485
2007,04,aus,63031011.742,2118184.712,404867.81200000003,0.033605437283320196,0.006423311332161609
2007,04,china,63031011.742,418148.865,793175.534,0.006634017976921846,0.012583893421331146
2007,04,us,63031011.742,2734072.559,1857622.025,0.04337662498884151,0.029471556518934863
2007,05,aus,6654850.166,154734.008,70056.813,0.023251313574352832,0.010527181116402011
2007,05,china,6654850.166,1304006.587,336819.322,0.19594830153535872,0.05061260788722617
2007,05,us,6654850.166,922065.028,663095.195,0.13855534009028206,0.09964089024690446
2007,06,aus,16787080.781999998,30559.412,49775.655999999995,0.001820412518224576,0.0029651168446971497
2007,06,china,16787080.781999998,275019.917,100114.573,0.016382831569792113,0.005963786932350274
2007,06,us,16787080.781999998,398692.43899999995,2041652.925,0.023749956539644415,0.12162048610555143
2007,07,aus,47337645.103,455092.317,250422.94,0.009613750663130447,0.005290143594070115
2007,07,china,47337645.103,4352239.267,775339.602,0.09194034172021326,0.016378922109728335
2007,07,us,47337645.103,2763536.1399999997,5765338.3719999995,0.058379248354812265,0.12179182888070247
2007,08,aus,68622085.839,506923.215,436813.695,0.007387172931311573,0.006365497196119119
2007,08,china,68622085.839,1943996.903,1294082.242,0.02832902671540724,0.01885810123924467
2007,08,us,68622085.839,7369403.5309999995,7822631.856,0.10739113276576832,0.11399583327084124
2007,09,aus,27931004.269,26096.775999999998,311894.277,0.0009343300279741186,0.011166597305137521
2007,09,china,27931004.269,1282889.767,100558.66,0.04593067097210861,0.00360025221547826
2007,09,us,27931004.269,551115.4379999998,4688585.689,0.019731314803158387,0.1678631260030903
2007,10,aus,81764982.705,2146879.724,102173.09899999999,0.02625671348510805,0.0012495948218888575
2007,10,china,81764982.705,2254789.3540000003,501106.141,0.02757646708169753,0.00612861550778946
2007,10,us,81764982.705,23941030.901,1766710.2000000002,0.2928029837342091,0.021607173897096224
2007,11,aus,13410654.285,474085.392,69681.768,0.03535139911333565,0.0051960006215311955
2007,11,china,13410654.285,546411.053,283576.208,0.04074454843050933,0.02114559080962842
2007,11,us,13410654.285,1313374.055,848229.245,0.09793512136607882,0.06325039979210828
2007,12,aus,46025881.817,453062.895,170671.51499999998,0.009843654854922473,0.003708163934340117
2007,12,china,46025881.817,1985010.0219999999,10739076.061999999,0.04312812582043397,0.2333268943047918
2007,12,us,46025881.817,13112460.281000001,1487121.0499999998,0.28489318973040983,0.032310539011785336
2007,13,aus,4426091.732,26234.76,61990.34299999999,0.005927296944689713,0.014005661597977923
2007,13,china,4426091.732,330600.364,117185.621,0.07469351834933909,0.02647609405669679
2007,13,us,4426091.732,441681.301,713050.037,0.0997903630886609,0.16110150448187774
2007,14,aus,819019.35,420.295,4448.376,0.0005131685838680125,0.005431344204505059
2007,14,china,819019.35,145558.386,97993.256,0.17772276808844625,0.11964705839978017
2007,14,us,819019.35,33907.771,118229.056,0.04140045164989081,0.144354411162569
2007,15,aus,62875052.979,442729.61600000004,514645.92299999995,0.007041419371016194,0.008185216530503593
2007,15,china,62875052.979,424486.42799999996,7692448.423,0.006751269508143025,0.1223450010542217
2007,15,us,62875052.979,3226259.6689999998,3568504.12,0.05131223778177263,0.05675548490101257
2007,16,aus,32800379.406,168298.377,474675.973,0.005130988727807644,0.014471661047712456
2007,16,china,32800379.406,4325445.05,187600.221,0.1318717993002474,0.005719452774551848
2007,16,us,32800379.406,1587638.156,3751953.922,0.04840304242668552,0.11438751593567466
2007,17,aus,32987484.773000002,1001964.8910000001,192138.407,0.030374091807693702,0.005824584939475706
2007,17,china,32987484.773000002,779357.729,504688.372,0.023625860970094278,0.015299389313036788
2007,17,us,32987484.773000002,1578624.048,2560125.943,0.04785524143059526,0.07760900719218954
2007,18,aus,29507480.695,176660.248,385525.364,0.0059869647912685,0.01306534325939004
2007,18,china,29507480.695,195456.875,219964.603,0.006623977052474015,0.007454536877398438
2007,18,us,29507480.695,950406.2549999999,2842679.8520000004,0.032208993537053976,0.09633759931533865
2007,19,aus,39975707.474,387739.721,580396.225,0.009699383588200008,0.014518723036421226
2007,19,china,39975707.474,1140293.8399999999,476220.30700000003,0.028524669406830166,0.011912742440136459
2007,19,us,39975707.474,2537377.006,3928637.62,0.06347297312124613,0.09827562457913137
2007,20,aus,44988769.088,247461.324,607658.659,0.00550051332846993,0.013506896750417711
2007,20,china,44988769.088,5172345.591,270505.236,0.1149697067924367,0.00601272809822558
2007,20,us,44988769.088,3195977.123,5965567.5370000005,0.07103944357198413,0.13260126155776988
2007,21,aus,40873531.144,377226.087,842990.025,0.009229104421416612,0.020624350316836917
2007,21,china,40873531.144,1131461.471,395482.93200000003,0.027682009342764893,0.009675771114726764
2007,21,us,40873531.144,4960417.8610000005,2983208.2800000003,0.1213601497635264,0.07298631159343613
2007,22,aus,83741756.311,3385860.582,1112819.103,0.040432165877027894,0.013288700309403758
2007,22,china,83741756.311,951636.128,1138858.025,0.011363938015173878,0.013599643417681745
2007,22,us,83741756.311,3864309.4570000004,17212711.59,0.046145550645591116,0.20554514674943594
2007,23,aus,44000656.204,421000.702,472548.77499999997,0.009568055077363318,0.010739584719126111
2007,23,china,44000656.204,1234704.745,1220051.642,0.02806105298238156,0.027728032880770713
2007,23,us,44000656.204,5884359.579,1097188.884,0.1337334505130645,0.024935739115187493
2007,24,aus,33165616.638,111528.215,194207.318,0.003362766211083043,0.005855682411087273
2007,24,china,33165616.638,711742.259,588910.717,0.02146024501122981,0.017756664181097923
2007,24,us,33165616.638,3978105.3959999997,1475483.1940000001,0.11994667367173345,0.04448833893561452
2007,25,aus,45042445.865,754081.214,319299.629,0.016741568969414134,0.007088860803807062
2007,25,china,45042445.865,5283408.058,2862549.11,0.11729842721763573,0.06355225732145085
2007,25,us,45042445.865,2254804.265,3717814.793,0.050059543208600135,0.08254025112541477
2007,26,aus,152247718.134,27287012.579,680632.671,0.17922772776787027,0.004470560737080767
2007,26,china,152247718.134,1155567.608,49642826.569,0.007590048784724205,0.32606614521018396
2007,26,us,152247718.134,6569804.69,3874491.901,0.04315207328242268,0.025448604080817075
2007,27,aus,1978499827.882,39962688.962,19635799.537,0.02019847987794893,0.00992458996472104
2007,27,china,1978499827.882,19588978.747,102872373.548,0.009900925171153622,0.05199513899282251
2007,27,us,1978499827.882,47106047.427,367554509.977,0.023808972213774416,0.1857743451868126
2007,28,aus,111571987.037,6518716.899,1112173.014,0.05842610741384604,0.009968210153245512
2007,28,china,111571987.037,10597845.895,6067108.418,0.09498661963854327,0.05437842041827218
2007,28,us,111571987.037,13007504.319,15150064.469999999,0.11658396219730668,0.1357873501435075
2007,29,aus,375424746.074,351077.876,2308346.44,0.0009351484676260499,0.006148626227065495
2007,29,china,375424746.074,21358623.388000004,38340331.07,0.0568918900827864,0.10212521010120823
2007,29,us,375424746.074,41176842.18,46858292.748,0.10968068197583232,0.12481407589142715
2007,30,aus,337519998.565,2257324.087,5996635.267,0.006687971369392151,0.01776675542929395
2007,30,china,337519998.565,2327605.99,3467630.444,0.006896201706257554,0.010273851797650443
2007,30,us,337519998.565,36826617.797,47560003.268,0.10910943930306957,0.14091017856780666
2007,31,aus,48606406.934,286830.016,914457.948,0.005901074242938197,0.01881352697478118
2007,31,china,48606406.934,4459344.276,2709133.486,0.0917439604629715,0.05573613967554905
2007,31,us,48606406.934,3497953.529,5448775.615999999,0.07196486532628674,0.11209994648233505
2007,32,aus,66121249.237,535453.4349999999,513475.517,0.0080980538205012,0.007765665696356359
2007,32,china,66121249.237,4002943.836,3387646.4,0.060539446580208295,0.051233853550733385
2007,32,us,66121249.237,6670219.191000001,3310765.885,0.10087860208284588,0.050071133307435574
2007,33,aus,75230883.185,326760.606,1015953.722,0.004343437058906568,0.013504476871575091
2007,33,china,75230883.185,2516219.961,854079.0430000001,0.033446635935568805,0.011352771718759931
2007,33,us,75230883.185,7807174.359999999,7778212.2,0.10377618910576132,0.10339121210198511
2007,34,aus,40295109.106,162937.489,429678.964,0.00404360461145242,0.010663303153484207
2007,34,china,40295109.106,1782816.273,1737194.739,0.044243986740677074,0.04311180134616708
2007,34,us,40295109.106,4913555.027,2298512.713,0.12193924116384548,0.05704197764928618
2007,35,aus,20308643.639,325479.833,205921.81,0.01602666523602591,0.010139614129845435
2007,35,china,20308643.639,873379.476,1041210.406,0.04300530806118401,0.0512693227823692
2007,35,us,20308643.639,2503167.563,1886027.619,0.12325626504140365,0.0928682216560312
2007,36,aus,3597756.854,26885.189000000002,83937.428,0.007472764305933834,0.02333048935941239
2007,36,china,3597756.854,781229.962,29744.220999999998,0.217143624125523,0.008267435017719515
2007,36,us,3597756.854,630604.522,627792.537,0.17527713728038388,0.1744955433277871
2007,37,aus,21371688.045,61236.953,311174.542,0.0028653306594715456,0.014560129333012636
2007,37,china,21371688.045,861562.2479999999,1273961.7480000001,0.040313252101841626,0.05960978586799319
2007,37,us,21371688.045,3728589.995,2096067.195,0.1744639911994373,0.0980768196965323
2007,38,aus,130422289.594,413786.917,1254343.627,0.003172670241322278,0.00961755564102369
2007,38,china,130422289.594,6643094.994,7094678.743,0.05093527352325834,0.05439774723389296
2007,38,us,130422289.594,21214816.659,9137950.298,0.16266250749807398,0.07006432969737089
2007,39,aus,456014273.699,1104344.332,4124246.108,0.00242173194062987,0.009044116260979758
2007,39,china,456014273.699,36151814.753,41398782.853,0.07927781395909247,0.09078396278517802
2007,39,us,456014273.699,51046721.041,38185220.22,0.11194105971054376,0.08373689689635637
2007,40,aus,147919618.306,252792.991,2426279.525,0.0017089889353084282,0.016402689195565506
2007,40,china,147919618.306,10857130.686,9326225.73,0.07339885547527544,0.06304928201414717
2007,40,us,147919618.306,11904896.561,19875288.655,0.08048220173454239,0.13436546742491026
2007,41,aus,31624216.209,920515.561,111540.956,0.02910793282326563,0.0035270741656596803
2007,41,china,31624216.209,1472541.851,5554420.7,0.04656374220528275,0.1756382091271959
2007,41,us,31624216.209,3123691.709,1031292.397,0.09877530840150979,0.03261084449285109
2007,42,aus,48435334.702,28081.3,699157.563,0.0005797688851077653,0.014434865936234156
2007,42,china,48435334.702,25724505.43,280867.368,0.5311103059010714,0.0057988113373851095
2007,42,us,48435334.702,779650.098,9695228.9,0.016096721593787326,0.20016851250538925
2007,43,aus,5616142.079,9369.824,24466.12,0.0016683737462832092,0.004356392636768262
2007,43,china,5616142.079,1193078.151,799629.5090000001,0.21243731626042434,0.14238056974911514
2007,43,us,5616142.079,313432.969,360931.034,0.05580930193557519,0.06426672062831194
2007,44,aus,130771708.48,1525919.638,1170736.113,0.011668576144918773,0.008952518297786484
2007,44,china,130771708.48,11883706.67,7682919.865,0.09087368214522848,0.05875062698423805
2007,44,us,130771708.48,7075663.216,19730232.43,0.05410698765231885,0.15087538932794098
2007,45,aus,2034654.968,3266.592,40293.530999999995,0.001605477120875661,0.019803618615301263
2007,45,china,2034654.968,62866.0,34623.853,0.03089762195002293,0.01701706360269728
2007,45,us,2034654.968,36599.558999999994,261394.21300000002,0.01798809113860527,0.12847102683800096
2007,46,aus,2249369.909,959.779,27160.215,0.0004266879343232114,0.012074588039667778
2007,46,china,2249369.909,1478849.047,9777.360999999999,0.6574503558009498,0.0043467110326672375
2007,46,us,2249369.909,11793.047,526963.522,0.005242822424544135,0.23427161530504853
2007,47,aus,41578285.9,217480.765,245120.85499999998,0.005230633257057863,0.005895405490970468
2007,47,china,41578285.9,108623.55500000001,9172561.25,0.0026125068085117963,0.22060941309752263
2007,47,us,41578285.9,7712647.636,3859144.631,0.18549700809094682,0.09281634746275098
2007,48,aus,173779612.969,770844.896,2465095.241,0.004435761380925094,0.014185180867215652
2007,48,china,173779612.969,9700459.343,4167235.977,0.055820468104796815,0.02398000493730746
2007,48,us,173779612.969,15698809.567,19339074.33,0.09033746420991547,0.1112850581238769
2007,49,aus,45738545.445,249920.584,934199.449,0.005464113070681844,0.020424773894993285
2007,49,china,45738545.445,4896041.889,568055.467,0.10704410998131601,0.012419622475381933
2007,49,us,45738545.445,6386149.791999999,5520112.18,0.1396229313780706,0.12068840681953609
2007,50,aus,3152593.202,1607.218,19694.184,0.0005098082426176595,0.006246979149579477
2007,50,china,3152593.202,1388729.686,88150.985,0.440503927090559,0.027961420758021414
2007,50,us,3152593.202,28943.720999999998,295756.708,0.009180924764298213,0.0938137872695952
2007,51,aus,14819259.098,2162493.5670000003,145578.049,0.14592453999888896,0.009823571343026666
2007,51,china,14819259.098,2230863.974,2780552.124,0.15053815843607704,0.1876309811180278
2007,51,us,14819259.098,204718.88700000002,354873.804,0.013814380708656938,0.023946797991263518
2007,52,aus,50110123.499,520809.743,137289.031,0.010393303920122913,0.0027397464107774498
2007,52,china,50110123.499,8260396.634,6262574.312000001,0.16484486680949498,0.12497622984555161
2007,52,us,50110123.499,6510609.146000001,1493171.586,0.1299260247508655,0.029797802953524907
2007,53,aus,3751352.3279999997,508.228,20965.433999999997,0.00013547861026185116,0.005588766974382684
2007,53,china,3751352.3279999997,652548.639,471681.185,0.17395024032517376,0.1257363062060003
2007,53,us,3751352.3279999997,20586.903,208032.669,0.005487861762900773,0.05545538003648694
2007,54,aus,41215277.022,29910.228,263513.474,0.0007257073144027259,0.006393587354983471
2007,54,china,41215277.022,6785246.683,3531962.042,0.1646294086384074,0.08569545802433161
2007,54,us,41215277.022,1868715.983,2378852.0349999997,0.04534037177531312,0.057717725243729645
2007,55,aus,35523061.153,47237.211,190899.545,0.0013297618354608136,0.005373960993332866
2007,55,china,35523061.153,6205395.901000001,2580517.918,0.1746864065085208,0.07264345566632198
2007,55,us,35523061.153,2166865.734,1996370.989,0.06099884592341794,0.056199294886257356
2007,56,aus,18140019.151,39096.329,197876.088,0.002155252906546394,0.010908262353686199
2007,56,china,18140019.151,1686614.8029999998,897117.197,0.09297756462991508,0.04945514056695717
2007,56,us,18140019.151,1807627.9049999998,1632643.1030000001,0.09964862164439066,0.09000228111170422
2007,57,aus,13833484.314,72813.946,302936.60000000003,0.0052636012986482066,0.021898792316077373
2007,57,china,13833484.314,1390131.56,106878.443,0.1004903412940683,0.0077260681816680886
2007,57,us,13833484.314,1097186.748,2195345.455,0.07931383902243676,0.1586979393744083
2007,58,aus,12046529.903,13810.114,64163.795999999995,0.0011463976855742338,0.00532633019771287
2007,58,china,12046529.903,3236028.88,669493.0229999999,0.26862747248019675,0.05557559134380043
2007,58,us,12046529.903,690527.7080000001,828936.4330000001,0.057321711194859105,0.06881122112962725
2007,59,aus,19671669.932,91067.135,143051.546,0.004629354564955395,0.007271957413605103
2007,59,china,19671669.932,2435202.079,1486525.645,0.12379234134254383,0.07556682529437227
2007,59,us,19671669.932,1731443.107,1758387.7580000001,0.0880170881773211,0.08938680671637451
2007,60,aus,22931566.287,48608.578,109763.64,0.0021197234149486076,0.004786574044975962
2007,60,china,22931566.287,5465323.892,1913401.904,0.238331905618602,0.08343965170336906
2007,60,us,22931566.287,1611396.156,1001872.2440000001,0.07026978165523334,0.04368965606016915
2007,61,aus,163077034.228,63875.139,1816709.304,0.0003916869061445856,0.011140190969257122
2007,61,china,163077034.228,55822740.937,862420.676,0.342309027149424,0.005288425069064226
2007,61,us,163077034.228,1697934.08,40312822.33,0.01041185282794693,0.2472011005157118
2007,62,aus,177672418.879,70311.914,1868987.455,0.00039573904854576456,0.010519288625618555
2007,62,china,177672418.879,65405476.509,1046118.417,0.3681239717546875,0.005887905526363304
2007,62,us,177672418.879,1490012.1970000002,38955644.088,0.008386288690169412,0.219255438372401
2007,63,aus,42387815.092,72588.997,796444.538,0.0017124967833904697,0.01878946900828384
2007,63,china,42387815.092,14852154.151,176268.086,0.35038734878795624,0.004158461237443392
2007,63,us,42387815.092,1312241.142,10665785.466,0.030957980239176418,0.2516238556493324
2007,64,aus,91256862.68,39125.065,1047139.113,0.00042873559150499605,0.011474634150769382
2007,64,china,91256862.68,39618516.311000004,710803.497,0.434142870437325,0.007789041570413101
2007,64,us,91256862.68,645882.242,19648480.591000002,0.007077629265700721,0.21530962180783136
2007,65,aus,6267519.482,13770.676,139185.349,0.0021971492932010323,0.0222074058803859
2007,65,china,6267519.482,3231861.221,19994.746,0.5156523613977974,0.0031902168086471692
2007,65,us,6267519.482,153643.354,1694486.74,0.024514220409087833,0.27036002757813205
2007,66,aus,2415569.979,3750.4159999999997,22867.711,0.0015526008489112788,0.00946679715297124
2007,66,china,2415569.979,1798739.548,7802.222000000001,0.7446439406175449,0.0032299714219953886
2007,66,us,2415569.979,15820.091,414021.76800000004,0.006549216597959716,0.17139713260196965
2007,67,aus,4111584.68,783.394,35849.123,0.00019053334929733224,0.008719052577071087
2007,67,china,4111584.68,2972565.101,178308.535,0.7229730948895353,0.04336735076072907
2007,67,us,4111584.68,58667.55900000001,1533661.7650000001,0.014268843661514957,0.373009893839764
2007,68,aus,40323314.229,68154.401,404907.032,0.0016901983952247715,0.010041511709590481
2007,68,china,40323314.229,6244861.37,752913.812,0.15486974444944748,0.018671922841563313
2007,68,us,40323314.229,2782055.896,6945171.323,0.06899373102618589,0.17223711532136718
2007,69,aus,39822545.676,85632.916,639910.769,0.0021503626788884245,0.016069057317590254
2007,69,china,39822545.676,8761416.321,413504.36,0.22001145763718152,0.010383674699360272
2007,69,us,39822545.676,1417875.9749999999,5371761.148,0.035604855263045534,0.13489245995736077
2007,70,aus,60260687.961,173213.207,591665.501,0.002874398100335355,0.009818432563911631
2007,70,china,60260687.961,8694632.718,2288478.173,0.1442836617402553,0.037976303464724394
2007,70,us,60260687.961,4771133.75,6312739.514,0.07917489679320987,0.10475717632174279
2007,71,aus,325381603.327,11635842.027999999,7345439.13,0.035760602040879004,0.022574844597523312
2007,71,china,325381603.327,12671306.08,6980790.729,0.03894290872758921,0.021454165378810577
2007,71,us,325381603.327,32505174.089,47781504.121,0.09989862289888943,0.1468475895147054
2007,72,aus,455378602.106,3150295.4930000002,2341117.603,0.006917969967035683,0.005141035595816271
2007,72,china,455378602.106,44100595.518999994,23719400.103,0.09684380275016645,0.05208720829943335
2007,72,us,455378602.106,19256279.812999997,27628387.803,0.04228630797306907,0.060671247342818375
2007,73,aus,267493725.313,799839.198,3403933.2,0.0029901232152795038,0.012725282419305302
2007,73,china,267493725.313,43420892.074,6982718.607,0.16232489948387502,0.026104233281843806
2007,73,us,267493725.313,18080606.270999998,34655637.230000004,0.06759263698557229,0.1295568230224792
2007,74,aus,160483177.399,3083661.283,826642.118,0.019214856865235615,0.005150958071728402
2007,74,china,160483177.399,5671187.2469999995,26921210.319000002,0.035338203909684916,0.16775098022933185
2007,74,us,160483177.399,7066310.912,13259063.512,0.044031474367132215,0.08261964728573863
2007,75,aus,54224134.324,6655269.403,97072.831,0.12273629604178538,0.0017902144904696957
2007,75,china,54224134.324,555978.5680000001,5899512.441,0.010253341522760279,0.10879864684882266
2007,75,us,54224134.324,2169032.2939999998,5057969.107,0.0400012341559867,0.09327892773313129
2007,76,aus,162725143.73,5508011.305,1094312.79,0.03384855701303979,0.006724915184685455
2007,76,china,162725143.73,12134950.72,6133840.117000001,0.07457329851946416,0.03769448271115072
2007,76,us,162725143.73,10729670.568,18865208.428,0.06593738571712737,0.11593296521711421
2007,78,aus,7859630.057,982998.145,38960.536,0.12506926380390068,0.004957044506859542
2007,78,china,7859630.057,877171.4299999999,169959.096,0.11160467142073274,0.021624312438042782
2007,78,us,7859630.057,217335.15000000002,666433.4689999999,0.02765208393064702,0.08479196401953501
2007,79,aus,21921684.088,1606541.255,24947.376999999997,0.07328548520957046,0.0011380228316334633
2007,79,china,21921684.088,1424919.364,1132367.789,0.06500045152917816,0.05165514585714981
2007,79,us,21921684.088,319535.99700000003,2909124.5779999997,0.014576252249475443,0.13270534172109816
2007,80,aus,6133501.379,18476.681,23621.591,0.003012419800419515,0.0038512408395107007
2007,80,china,6133501.379,564976.8189999999,485246.3,0.09211326191828674,0.07911407693840188
2007,80,us,6133501.379,149059.127,714471.69,0.02430245267578345,0.11648675786496468
2007,81,aus,19339234.729,298145.953,113606.112,0.015416636551441074,0.005874385082551526
2007,81,china,19339234.729,3525560.0609999998,1062340.728,0.1823009085107837,0.054931890681639804
2007,81,us,19339234.729,2753634.2079999996,2747533.141,0.14238589306074292,0.14207041692709577
2007,82,aus,50849382.842,130824.74,774227.0109999999,0.002572789140951832,0.015225888058576645
2007,82,china,50849382.842,9362086.518,1879824.1379999998,0.18411406382433435,0.036968474992922114
2007,82,us,50849382.842,4505107.976,7439777.047,0.08859710234828891,0.1463100755837488
2007,83,aus,53874676.937,110333.463,796531.629,0.00204796519019542,0.014784898477098036
2007,83,china,53874676.937,11195939.597,1181530.3059999999,0.2078145101471757,0.02193108846632451
2007,83,us,53874676.937,3850288.39,9167925.294,0.07146749844091785,0.17017132751850733
2007,84,aus,1861790857.961,5224253.612,27414525.732,0.0028060367734974857,0.014724814881744505
2007,84,china,1861790857.961,286715716.68799996,107822797.943,0.15399995948095152,0.05791348554643007
2007,84,us,1861790857.961,204539227.946,269155003.92399997,0.10986154920215245,0.14456779759826177
2007,85,aus,1894121964.481,2561653.835,17330206.055,0.00135242285504139,0.00914946681363709
2007,85,china,1894121964.481,365336083.549,201604777.827,0.19287885912304711,0.10643706245296661
2007,85,us,1894121964.481,141177215.134,252937122.933,0.0745343846813388,0.13353792822011132
2007,86,aus,26282443.134,55361.432,386155.244,0.0021064035682581686,0.014692517055252539
2007,86,china,26282443.134,2045367.349,1385922.6970000002,0.07782257298424561,0.052731882265812505
2007,86,us,26282443.134,2623325.972,2843052.77,0.09981286589778111,0.10817307795568348
2007,87,aus,1210664707.392,3753620.891,22170298.77,0.0031004628020304703,0.01831250108691035
2007,87,china,1210664707.392,31033781.067,23293582.292,0.02563367122004623,0.019240324880848942
2007,87,us,1210664707.392,103340042.312,221274993.17400002,0.08535810260349783,0.1827714905893871
2007,88,aus,188177824.155,515355.151,2583990.017,0.0027386603778323405,0.013731639360818605
2007,88,china,188177824.155,976019.8369999999,12052842.852,0.0051866889277881285,0.06405028279034732
2007,88,us,188177824.155,66266806.088,25905054.869,0.3521499219451956,0.1376626336568877
2007,89,aus,116009042.896,591341.272,1265600.601,0.005097372215458468,0.010909499547673951
2007,89,china,116009042.896,8797764.077,851014.521,0.07583688182728165,0.007335760211063193
2007,89,us,116009042.896,4106324.654,3504679.223,0.03539659108886232,0.03021039684071768
2007,90,aus,417355200.781,2160556.274,5482500.4,0.005176780521620275,0.01313629347313884
2007,90,china,417355200.781,33425112.218000002,63305793.92699999,0.08008792547798933,0.15168325160087948
2007,90,us,417355200.781,70095038.836,57463387.233,0.16795055795358632,0.13768460804003
2007,91,aus,32323924.5,45635.614,334659.67,0.0014118215750689555,0.01035331183254063
2007,91,china,32323924.5,5750704.1620000005,1081947.999,0.177908600238192,0.03347204944127376
2007,91,us,32323924.5,536366.25,4997728.910999999,0.016593475523060328,0.15461392724760262
2007,92,aus,6343037.481,6983.6140000000005,158572.462,0.0011009889222503872,0.024999452151274464
2007,92,china,6343037.481,1785400.108,159168.46300000002,0.2814739962278334,0.02509341360141334
2007,92,us,6343037.481,640591.875,1400179.9479999999,0.10099134317254715,0.22074281480979946
2007,93,aus,8591352.6,43206.672,266153.657,0.005029088434805947,0.03097924964690659
2007,93,china,8591352.6,316092.149,15151.692,0.03679189572547634,0.0017635979694280036
2007,93,us,8591352.6,2218973.773,2303643.423,0.2582799096151635,0.2681351272906667
2007,94,aus,176559192.541,215834.192,2766074.3510000003,0.0012224466417962332,0.015666555284895016
2007,94,china,176559192.541,54095271.303,1257399.553,0.30638603702516465,0.007121688397549795
2007,94,us,176559192.541,7163329.853,44675586.163,0.04057183174609589,0.25303460850743065
2007,95,aus,106433768.74599999,312160.94,1879467.065,0.0029329125866524547,0.017658559751701306
2007,95,china,106433768.74599999,65886205.992,733900.294,0.6190347928882876,0.0068953707328679135
2007,95,us,106433768.74599999,4820988.3440000005,27089014.469,0.04529566509577519,0.2545152237693177
2007,96,aus,24757512.364,32735.406,334575.01,0.001322241326943683,0.01351408029534126
2007,96,china,24757512.364,7704101.256999999,727087.193,0.31118236532530485,0.029368346153277516
2007,96,us,24757512.364,1396675.857,3940531.7520000003,0.05641422435603474,0.15916509276311394
2007,97,aus,21466345.172,83510.051,141693.174,0.0038902780296725965,0.006600712550957205
2007,97,china,21466345.172,714738.635,60834.00600000001,0.033295776680805536,0.002833924709239741
2007,97,us,21466345.172,5504451.108,8037918.012,0.2564223701750509,0.3744427822992616
2008,01,aus,18143149.537,1117753.556,124587.47200000001,0.06160747083743777,0.006866915347080403
2008,01,china,18143149.537,449815.121,106882.18,0.024792559863031235,0.005891048838132055
2008,01,us,18143149.537,889140.9369999999,2819433.042,0.04900697837422007,0.1553993167641718
2008,02,aus,99271790.907,6118486.379,408540.656,0.061633685895038724,0.0041153750956576364
2008,02,china,99271790.907,792652.1849999999,2358306.514,0.00798466692056129,0.023756058921202635
2008,02,us,99271790.907,12955788.992000002,4529935.253,0.13050826295797635,0.04563164632784496
2008,03,aus,83789722.277,799987.741,590387.002,0.009547564059889407,0.007046055124138528
2008,03,china,83789722.277,7306963.5030000005,3164525.518,0.0872059639825986,0.03776746636703738
2008,03,us,83789722.277,4306877.67,11393302.04,0.0514010257220082,0.13597493499662097
2008,04,aus,73599290.096,2305841.512,585960.338,0.031329670557859346,0.007961494427944842
2008,04,china,73599290.096,458810.61199999996,919609.203,0.006233899965632081,0.012494810776034634
2008,04,us,73599290.096,3613424.382,2039740.166,0.04909591352425808,0.027714128265903703
2008,05,aus,7720728.012,195663.46,76343.20499999999,0.025342617910628192,0.009888083724921145
2008,05,china,7720728.012,1493892.6630000002,400718.38899999997,0.19349116568775718,0.051901632641012656
2008,05,us,7720728.012,772872.724,698347.9349999999,0.10010360717263407,0.0904510473513103
2008,06,aus,18423372.705000002,30919.16,58676.087,0.0016782573145040218,0.0031848721696910377
2008,06,china,18423372.705000002,271049.941,101708.208,0.014712286688226122,0.005520607416925184
2008,06,us,18423372.705000002,376185.43,2121489.166,0.02041892307253304,0.11515205168835561
2008,07,aus,51943609.724,586842.956,244982.972,0.011297693000508884,0.004716325517262005
2008,07,china,51943609.724,4604541.507,576754.656,0.08864500429342553,0.011103476617519642
2008,07,us,51943609.724,3094318.443,6148290.636,0.05957072408793921,0.11836471644286298
2008,08,aus,80252903.741,513500.315,524976.927,0.00639852629703242,0.006541531863996558
2008,08,china,80252903.741,2556539.2539999997,1676544.64,0.031856034296911084,0.02089076608879734
2008,08,us,80252903.741,8448435.343999999,8183572.754,0.1052726437321896,0.10197229473977446
2008,09,aus,33946012.953,26468.4,361086.517,0.0007797204354056796,0.010637081812816805
2008,09,china,33946012.953,1476462.7149999999,112346.95400000001,0.04349443680011076,0.0033095773031003714
2008,09,us,33946012.953,648246.349,5426288.417,0.01909639137584524,0.1598505375141692
2008,10,aus,122061659.395,4398609.508,176681.22400000002,0.036035963543357995,0.0014474751930763723
2008,10,china,122061659.395,873789.635,655096.145,0.0071585921355726955,0.005366928061169998
2008,10,us,122061659.395,34056840.1,2921694.099,0.27901341230983684,0.0239362148071836
2008,11,aus,17790228.862,738835.917,99468.005,0.04153043351669053,0.005591159381454843
2008,11,china,17790228.862,731334.441,356007.744,0.04110877081306881,0.0200114201318924
2008,11,us,17790228.862,997959.283,1223883.346,0.05609592157252373,0.06879525583924441
2008,12,aus,69792783.808,771830.079,213209.104,0.011058880831051318,0.0030548875165452407
2008,12,china,69792783.808,2481661.896,18860222.303,0.035557571436426065,0.27023169551288406
2008,12,us,69792783.808,20348893.316,2077801.237,0.291561565619446,0.02977100387220594
2008,13,aus,5292521.421,17762.155,70475.728,0.0033560856134700182,0.01331609688349337
2008,13,china,5292521.421,409116.44299999997,143341.058,0.0773008572769648,0.027083699166760535
2008,13,us,5292521.421,508184.93499999994,690915.8659999999,0.0960194384823067,0.1305456909930568
2008,14,aus,873824.842,345.782,5581.05,0.00039571088321153496,0.0063869207325648455
2008,14,china,873824.842,149686.446,82050.975,0.17130028674556727,0.09389865228848691
2008,14,us,873824.842,38950.701,121117.31300000001,0.0445749526997311,0.13860593928960424
2008,15,aus,92265329.084,647787.963,578105.03,0.0070209250802134165,0.006265680031051348
2008,15,china,92265329.084,642624.7690000001,10368217.207,0.006964964796418198,0.11237392539466899
2008,15,us,92265329.084,5131332.882,5591416.712,0.05561496320387416,0.06060149318829692
2008,16,aus,38005584.651,169761.239,571767.518,0.004466744573432927,0.015044302653161678
2008,16,china,38005584.651,3904064.942,188141.449,0.10272345440414837,0.004950363235500171
2008,16,us,38005584.651,1853106.369,4039985.292,0.04875879126756812,0.10629978012701614
2008,17,aus,36999401.382,993993.788,198580.132,0.026865131620307035,0.005367117428462184
2008,17,china,36999401.382,890212.385,453678.662,0.024060183455645943,0.012261783841203229
2008,17,us,36999401.382,1337840.812,3060858.978,0.036158444786375706,0.08272725675743205
2008,18,aus,35602281.798,195653.95,477774.452,0.00549554523246853,0.013419770527933958
2008,18,china,35602281.798,248089.327,305212.413,0.006968354680399634,0.008572832908062248
2008,18,us,35602281.798,1087796.82,3501046.256,0.030554132068611073,0.09833769295642943
2008,19,aus,48005376.906,515674.933,658564.716,0.010742024461337952,0.013718561512172787
2008,19,china,48005376.906,1229943.825,729770.3640000001,0.025620959656422866,0.015201846356273247
2008,19,us,48005376.906,2924175.613,4275990.451,0.06091350180888838,0.08907315652104715
2008,20,aus,51340005.124,247666.40600000002,763218.698,0.004824043266100552,0.014865964585640776
2008,20,china,51340005.124,5754323.675,320417.963,0.11208264707223445,0.006241097215049043
2008,20,us,51340005.124,3802241.184,6542171.674,0.07406000787916868,0.12742834088541452
2008,21,aus,48809675.825,391252.176,1203471.356,0.008015873274855949,0.02465640952656337
2008,21,china,48809675.825,1400247.318,475571.119,0.028687904484766158,0.009743377946313168
2008,21,us,48809675.825,5629336.186999999,3162332.333,0.11533238219371023,0.06478904601493529
2008,22,aus,93863229.589,3059283.197,1398484.657,0.03259298886684081,0.014899174715419027
2008,22,china,93863229.589,891502.628,1397496.84,0.009497889982090248,0.014888650711457889
2008,22,us,93863229.589,4211829.146,17602223.79,0.044871981972518786,0.18753055767498156
2008,23,aus,58136559.419,497881.067,543605.347,0.008563992640357112,0.00935049050773962
2008,23,china,58136559.419,1621546.915,1701141.831,0.02789203439634667,0.029261137019471407
2008,23,us,58136559.419,8413414.952,1378416.47,0.14471814355856696,0.023709976713026992
2008,24,aus,36490269.258,108184.511,176426.867,0.0029647495948877385,0.004834901758400173
2008,24,china,36490269.258,823918.581,769346.467,0.022579131306885793,0.021083606195405946
2008,24,us,36490269.258,2201839.352,1621462.47,0.06034045231160568,0.0444354756205181
2008,25,aus,64542176.178,925480.645,769465.49,0.014339160837211769,0.011921901856514745
2008,25,china,64542176.178,6157796.526,5558579.745,0.09540732728034293,0.08612321545635629
2008,25,us,64542176.178,2785747.2360000005,4204904.606,0.043161656469673806,0.06514971844772245
2008,26,aus,186782997.818,42211005.504,657746.502,0.2259895493546479,0.003521447399837235
2008,26,china,186782997.818,1401835.2349999999,67237406.876,0.00750515438437249,0.3599760559658414
2008,26,us,186782997.818,6807198.1899999995,5335310.572,0.03644442090298221,0.028564219625592947
2008,27,aus,2863813340.8,65460567.736,28593335.884000003,0.02285783322655859,0.009984357386928199
2008,27,china,2863813340.8,27557597.041,164168980.61,0.009622693158242584,0.057325307578928925
2008,27,us,2863813340.8,85426517.856,491647393.09900004,0.02982963890800798,0.17167578141166817
2008,28,aus,142169567.217,6297196.931,1731048.43,0.044293564749960136,0.012175942178664865
2008,28,china,142169567.217,15329793.621,8644195.941,0.10782753243949476,0.06080201347033688
2008,28,us,142169567.217,14345253.066,18491731.06,0.10090241777344777,0.13006813920854954
2008,29,aus,399495456.58100003,374649.319,3275425.003,0.0009378062073755717,0.008198904265475392
2008,29,china,399495456.58100003,30612711.239,38874354.413,0.07662843402774243,0.09730862710103938
2008,29,us,399495456.58100003,40988528.743999995,50898251.528,0.10260073817808071,0.12740633388825556
2008,30,aus,387190860.495,2509360.383,6849669.789,0.006480939089812025,0.017690680457289495
2008,30,china,387190860.495,3034494.378,4726342.979,0.007837205594472409,0.012206752434594292
2008,30,us,387190860.495,43000482.273,51880841.906,0.1110575859616792,0.13399294043168658
2008,31,aus,89861118.237,576937.999,2128962.817,0.006420329618850077,0.023691701803499332
2008,31,china,89861118.237,5809631.681,3896844.177,0.06465122841758611,0.04336518678437153
2008,31,us,89861118.237,8106597.284,8834961.084999999,0.09021251285366419,0.0983179517274495
2008,32,aus,70688326.692,519169.019,603712.165,0.007344480245827573,0.008540478934102763
2008,32,china,70688326.692,4496460.207,3394211.9250000003,0.06360965688991019,0.04801658327249855
2008,32,us,70688326.692,7081724.6899999995,3218466.246,0.10018237835585177,0.045530378163050264
2008,33,aus,85189856.506,343814.379,1135512.156,0.004035860524965022,0.01332919437327641
2008,33,china,85189856.506,2963116.912,1184311.8630000001,0.034782508546558066,0.01390202908625146
2008,33,us,85189856.506,8599948.004,8347235.498,0.10095037551089546,0.09798391311308402
2008,34,aus,46829732.427,183926.05,504891.89,0.003927548599315852,0.010781438710696138
2008,34,china,46829732.427,2167022.361,1995293.2820000001,0.046274498031310306,0.04260740300214912
2008,34,us,46829732.427,5711387.205,2495630.984,0.12196070549630263,0.053291591787125545
2008,35,aus,23075563.059,371433.542,237368.438,0.016096402113799445,0.010286571876625166
2008,35,china,23075563.059,1217809.318,1054528.334,0.05277484735199241,0.04569892103190564
2008,35,us,23075563.059,2738513.103,2255282.151,0.11867589518826138,0.09773465311479748
2008,36,aus,4038114.002,30624.598,112184.00700000001,0.007583886434318652,0.02778128773591767
2008,36,china,4038114.002,830517.3260000001,46114.832,0.20566960853226554,0.01141989353870649
2008,36,us,4038114.002,698165.1270000001,602409.032,0.17289386249477168,0.14918078877952393
2008,37,aus,21007775.787,56734.182,327800.34,0.002700627737806882,0.015603762307994972
2008,37,china,21007775.787,863880.8640000001,1457817.0,0.04112195754367226,0.06939416217980221
2008,37,us,21007775.787,3502646.8,2019621.778,0.1667309683573214,0.09613686848513393
2008,38,aus,156210318.007,462461.946,1496685.649,0.0029605083191705456,0.009581221446159091
2008,38,china,156210318.007,9514827.813000001,7939210.161,0.06091036708966708,0.05082385249765789
2008,38,us,156210318.007,25577035.435,10653561.982,0.16373460960404584,0.06820011711084667
2008,39,aus,490967042.85,1038570.789,4454581.832,0.0021153574443026385,0.009073077097276694
2008,39,china,490967042.85,41455038.34,43234744.238,0.08443548084074826,0.08806037974978506
2008,39,us,490967042.85,54447689.554000005,38804686.434,0.11089886856343396,0.07903725310917781
2008,40,aus,165248319.327,282012.709,2744662.442,0.0017065995596720225,0.01660932137269579
2008,40,china,165248319.327,12768608.92,11096948.116,0.07726922108498402,0.06715316779737357
2008,40,us,165248319.327,12568624.696,21424005.427,0.07605901680082267,0.12964734234062206
2008,41,aus,29981764.654,941367.222,123067.39899999999,0.03139799250856997,0.004104741679492205
2008,41,china,29981764.654,686694.0279999999,5732827.891,0.022903722843691427,0.19121048934773618
2008,41,us,29981764.654,2944212.2660000003,910617.05,0.09820009929292804,0.03037236335181861
2008,42,aus,52677000.480000004,24944.842,811219.546,0.0004735433257911271,0.0153998811361326
2008,42,china,52677000.480000004,27401542.242,342550.027,0.52018038218413,0.006502838504065104
2008,42,us,52677000.480000004,767780.0989999999,8189260.665,0.014575243313094578,0.15546178769440822
2008,43,aus,5504380.926,5389.016,27442.382999999998,0.0009790412532215797,0.004985553029292653
2008,43,china,5504380.926,1151374.168,427777.81299999997,0.20917414391897776,0.07771588099569691
2008,43,us,5504380.926,294105.27,326628.85599999997,0.05343112585300751,0.05933979867875154
2008,44,aus,125701041.161,1706203.703,1245314.711,0.013573504938711413,0.009906956215302782
2008,44,china,125701041.161,12052817.434,7622030.527,0.09588478601829996,0.06063617657102438
2008,44,us,125701041.161,7086267.756,15083894.531,0.05637397821489632,0.11999816701343224
2008,45,aus,2049646.485,1842.0469999999998,36079.852,0.0008987144922213255,0.017602963371510377
2008,45,china,2049646.485,73933.87,40040.643000000004,0.03607152284116936,0.019535389782106744
2008,45,us,2049646.485,40128.117,273877.923,0.019578067385605764,0.13362202945938748
2008,46,aus,2262271.255,614.466,32723.772999999997,0.00027161464331119744,0.014465008529669003
2008,46,china,2262271.255,1504375.3800000001,16063.355,0.6649845268002578,0.007100543298906921
2008,46,us,2262271.255,13988.827999999998,503660.9770000001,0.006183532575539885,0.22263509554251049
2008,47,aus,46414601.292,277355.732,291277.845,0.005975613799957491,0.0062755649492179195
2008,47,china,46414601.292,111561.169,10612176.425,0.0024035791732466873,0.22863875008292078
2008,47,us,46414601.292,8485076.099,4115823.775,0.18281049201778843,0.08867519402152876
2008,48,aus,187011792.195,789189.467,2434605.6520000002,0.004219998416875767,0.013018460619111123
2008,48,china,187011792.195,11014785.353,4317129.665,0.058898881315006694,0.023084799168698756
2008,48,us,187011792.195,16791356.776,19372788.511,0.08978768974360399,0.10359126707261168
2008,49,aus,50330972.31,252230.83,943093.819,0.0050114436185824595,0.018737842241379102
2008,49,china,50330972.31,5478381.981000001,694038.169,0.10884713188645333,0.013789484628376732
2008,49,us,50330972.31,6858198.3780000005,5445710.789,0.1362619886569801,0.10819800490756702
2008,50,aus,3186584.959,1189.72,19136.112,0.000373352669176394,0.006005210043420657
2008,50,china,3186584.959,1431060.7449999999,85574.88799999999,0.44908915450636194,0.02685473291973823
2008,50,us,3186584.959,29767.953,254264.09100000001,0.009341647369521776,0.07979203262159125
2008,51,aus,13895594.544,2039920.691,172617.85199999998,0.14680341201239358,0.012422487677904714
2008,51,china,13895594.544,2130053.393,2538211.353,0.15328983486494568,0.1826630263975267
2008,51,us,13895594.544,221603.428,327304.957,0.01594774712937249,0.023554584581724682
2008,52,aus,52608975.872,426765.58900000004,121909.304,0.008112029970671543,0.002317271947977296
2008,52,china,52608975.872,8968081.507,6114600.093,0.17046675701917757,0.11622731656812892
2008,52,us,52608975.872,7032619.324,1312243.986,0.13367717594637613,0.02494334786506296
2008,53,aus,3414668.731,481.852,23930.765,0.0001411123707625037,0.00700822448243516
2008,53,china,3414668.731,596750.682,379445.53,0.17476092968621265,0.1111222082995084
2008,53,us,3414668.731,26530.144999999997,190556.638,0.007769463772326323,0.05580530734066103
2008,54,aus,41747545.25,28441.141,284440.215,0.0006812649900654937,0.006813339881343084
2008,54,china,41747545.25,7722595.164,3313340.529,0.1849832156059523,0.07936611623889431
2008,54,us,41747545.25,1938108.25,2301387.264,0.046424484083887545,0.05512628946728311
2008,55,aus,35824207.717,41729.896,199220.629,0.0011648518881325466,0.005561061686940307
2008,55,china,35824207.717,6711112.449999999,2349138.9420000003,0.18733456725730493,0.06557406546314885
2008,55,us,35824207.717,2450181.573,1905914.296,0.06839457811197572,0.053201854764133936
2008,56,aus,19855775.789,49761.983,218125.172,0.002506171681670977,0.010985477189002115
2008,56,china,19855775.789,2072663.5150000001,973718.155,0.10438592463097036,0.04903954221418208
2008,56,us,19855775.789,1963664.068,1685636.892,0.0988963659172592,0.08489403334891776
2008,57,aus,14318084.271,69098.523,315422.131,0.004825961468878409,0.022029632248977565
2008,57,china,14318084.271,1568670.733,109109.49799999999,0.10955870235916983,0.007620397808454832
2008,57,us,14318084.271,1132407.1020000002,1987240.3129999998,0.07908928880196561,0.1387923325067291
2008,58,aus,12404589.816,17120.093,66106.808,0.0013801418066978508,0.005329221601082888
2008,58,china,12404589.816,3617880.528,665967.205,0.29165660305296787,0.05368716054931582
2008,58,us,12404589.816,606373.052,857419.497,0.04888295872692805,0.06912114868111653
2008,59,aus,20429534.17,81129.55099999999,160543.623,0.003971189471326061,0.007858408403445255
2008,59,china,20429534.17,3163339.072,1490565.131,0.15484146851694955,0.07296128823088088
2008,59,us,20429534.17,1693460.9340000001,1797841.8,0.08289278257194839,0.08800209466548008
2008,60,aus,23347275.966,40492.561,103474.53,0.0017343591200518732,0.004431974426082389
2008,60,china,23347275.966,5597598.148,1827534.5210000002,0.23975380066401022,0.0782761348116752
2008,60,us,23347275.966,1710853.421,870884.7,0.07327850253243545,0.037301340904534026
2008,61,aus,173556539.342,66977.78600000001,2016592.3250000002,0.00038591335281246673,0.011619224102102114
2008,61,china,173556539.342,62748077.557,751089.8250000001,0.36154257163051884,0.004327637713033376
2008,61,us,173556539.342,1865844.2760000003,38993680.405999996,0.010750642315604603,0.2246742217483457
2008,62,aus,188160765.706,69546.211,2155796.7309999997,0.00036961058666537056,0.011457206410226978
2008,62,china,188160765.706,72375104.162,1141949.518,0.3846450342101905,0.0060690097306698295
2008,62,us,188160765.706,1530336.884,37561811.587,0.008133134866123694,0.19962616247900528
2008,63,aus,46123393.993,76833.838,870436.2629999999,0.001665832267496638,0.01887190398720665
2008,63,china,46123393.993,16861867.562,281516.344,0.3655816734683287,0.0061035478881438085
2008,63,us,46123393.993,1472072.38,10692645.217,0.03191595961527488,0.23182693837801244
2008,64,aus,99804801.41,36182.244,1165663.286,0.00036253009363109356,0.011679430944523735
2008,64,china,99804801.41,44028824.445999995,898307.711,0.44114936179401587,0.00900064624456027
2008,64,us,99804801.41,738770.081,19715064.489,0.0074021497018476965,0.19753623283122568
2008,65,aus,6914071.175,12346.606,144421.316,0.0017857215651240386,0.020888028535517644
2008,65,china,6914071.175,3687486.5549999997,24393.424,0.5333307195814339,0.00352808401628871
2008,65,us,6914071.175,192638.22100000002,1690016.8159999999,0.02786176423762372,0.24443150399012198
2008,66,aus,2739784.8359999997,3595.399,29760.659,0.0013122924664584867,0.010862407371905027
2008,66,china,2739784.8359999997,2049924.8679999998,6536.811,0.7482065164623752,0.002385884801648709
2008,66,us,2739784.8359999997,20640.898,434888.07899999997,0.007533766056656868,0.15873074165740803
2008,67,aus,4401009.509,751.0409999999999,41179.257,0.00017065198301983493,0.00935677528434988
2008,67,china,4401009.509,3161557.077,186811.47999999998,0.7183708807114964,0.042447415670875795
2008,67,us,4401009.509,71946.452,1528619.125,0.016347715644074518,0.3473337473763682
2008,68,aus,43420092.948,72892.473,474269.90400000004,0.001678772845725968,0.010922821021318098
2008,68,china,43420092.948,7047690.467,860814.863,0.16231403455170698,0.019825265321999973
2008,68,us,43420092.948,2855439.345,6203360.375,0.0657630868828328,0.14286842689234125
2008,69,aus,42879717.97,81200.325,694087.3620000001,0.001893676750784842,0.016186845316604123
2008,69,china,42879717.97,10368108.01,426577.794,0.241795153999237,0.009948241597541459
2008,69,us,42879717.97,1469300.324,4915699.04,0.03426562471861333,0.11463925773577098
2008,70,aus,65784010.774000004,163761.105,699508.8339999999,0.002489375504369882,0.010633417235734565
2008,70,china,65784010.774000004,10303239.672,2673072.734,0.1566222483362504,0.0406340796577956
2008,70,us,65784010.774000004,5220016.5370000005,6030207.077,0.07935084035744325,0.09166675923297968
2008,71,aus,395876249.13,11436123.439,10456503.402,0.028888127196649634,0.026413565918591488
2008,71,china,395876249.13,12613046.325,9408635.991,0.03186108374200054,0.023766608912954363
2008,71,us,395876249.13,34915006.536,48807462.019,0.08819677010866701,0.12328969501520244
2008,72,aus,560033954.99,3625500.261,3334076.528,0.006473715082266284,0.005953347110997106
2008,72,china,560033954.99,55918181.616,24459601.511,0.0998478415777459,0.04367521164218829
2008,72,us,560033954.99,26543007.869999997,33277767.76,0.04739535457358822,0.05942098235917537
2008,73,aus,321339024.811,995702.546,4300024.228,0.0030986044928269646,0.013381581121462352
2008,73,china,321339024.811,57220016.732999995,9053931.623,0.17806743755027807,0.028175636707446893
2008,73,us,321339024.811,21093222.836,40669580.334,0.06564164700632384,0.12656284233737367
2008,74,aus,161063478.57,3558339.028,960662.236,0.022092773977022393,0.005964494524328093
2008,74,china,161063478.57,6018719.6219999995,25339911.062,0.03736861810906559,0.15732872086819477
2008,74,us,161063478.57,6863757.341,11926668.091,0.04261523097563632,0.07404948779754894
2008,75,aus,38471953.148,3646508.3699999996,82569.447,0.0947835519546417,0.0021462244633735847
2008,75,china,38471953.148,341637.679,4356507.8780000005,0.008880175063785665,0.11323854188636319
2008,75,us,38471953.148,2400881.26,3688203.519,0.06240601434410958,0.09586733236058056
2008,76,aus,168132273.969,5522627.917,1293526.1770000001,0.032846923357607444,0.0076935031357423895
2008,76,china,168132273.969,13913773.515999999,6168887.104,0.08275492377248998,0.036690677871503784
2008,76,us,168132273.969,11041565.765,19287925.415000003,0.06567189929897593,0.11471875660562518
2008,78,aus,7542513.811,1056919.675,21578.499,0.1401283048973127,0.00286091607396594
2008,78,china,7542513.811,376722.209,162381.658,0.0499465056929148,0.02152885126483728
2008,78,us,7542513.811,264195.159,764664.566,0.03502746771437101,0.10138059871826995
2008,79,aus,14299839.159,988487.813,22070.484,0.06912579938899996,0.0015434078491791518
2008,79,china,14299839.159,480412.234,939729.782,0.033595638989942014,0.06571610852060214
2008,79,us,14299839.159,257824.788,1921280.636,0.018029908248144932,0.13435680042532427
2008,80,aus,7101127.858,19193.596,29087.619,0.002702894016811266,0.004096197052307743
2008,80,china,7101127.858,300124.846,439536.104,0.04226439123496205,0.06189666103601088
2008,80,us,7101127.858,179239.98599999998,729473.576,0.025241058826742782,0.10272643875552649
2008,81,aus,23202267.467,377376.463,141593.166,0.016264637218613785,0.0061025572695161965
2008,81,china,23202267.467,4999531.682,1436269.406,0.215475995572877,0.06190211400858859
2008,81,us,23202267.467,2956461.5540000005,3126613.117,0.127421234075717,0.1347546364357235
2008,82,aus,57373320.708,159879.843,880594.806,0.002786658346197255,0.015348506851847812
2008,82,china,57373320.708,10437263.686999999,1960126.678,0.1819184171005227,0.034164427887589305
2008,82,us,57373320.708,5026876.79,7326020.699,0.08761697471868775,0.12769037260864835
2008,83,aus,57662111.089,115596.283,819711.451,0.002004718190452307,0.014215772463391016
2008,83,china,57662111.089,12127460.237,1219720.958,0.2103193935837967,0.021152901532123788
2008,83,us,57662111.089,3814665.429,8123749.088,0.06615549373681724,0.1408853913701009
2008,84,aus,2023110751.478,5498776.224,29753910.087,0.0027179808223463916,0.014707010016759113
2008,84,china,2023110751.478,321427725.151,121668130.192,0.158877967959084,0.06013913479680456
2008,84,us,2023110751.478,218968568.38300002,265493816.767,0.10823360422707,0.1312304907544193
2008,85,aus,1995511896.009,2764017.21,19057306.886,0.001385116879296987,0.009550084328795226
2008,85,china,1995511896.009,412284627.053,201098299.18400002,0.20660594801642843,0.10077529459292836
2008,85,us,1995511896.009,140939654.43,255301334.714,0.07062832083931829,0.127937766356893
2008,86,aus,31313188.627,95490.31,741325.8470000001,0.003049523673154859,0.023674556297367526
2008,86,china,31313188.627,2450750.687,967951.313,0.07826576578301017,0.030911936964649382
2008,86,us,31313188.627,2879893.9729999998,2457852.3479999998,0.09197063918673529,0.07849256034822019
2008,87,aus,1261993601.839,4363844.137,24239655.878,0.0034578971958660705,0.019207431672139647
2008,87,china,1261993601.839,38886387.297,28837465.385,0.03081345835694733,0.02285072233565806
2008,87,us,1261993601.839,106097923.02700001,199771833.817,0.08407168061105237,0.15829861064738274
2008,88,aus,211400658.036,858071.7390000001,3805597.1,0.004058983292539594,0.018001822394289494
2008,88,china,211400658.036,1293999.5019999999,11253789.728,0.006121076036478756,0.053234412004921766
2008,88,us,211400658.036,70836946.931,25469904.862,0.3350838525721948,0.12048167256727582
2008,89,aus,162758239.89,431661.819,1272967.9409999999,0.002652165686307116,0.00782121963140136
2008,89,china,162758239.89,15118158.0,1461173.8129999998,0.09288720503624022,0.008977571974159545
2008,89,us,162758239.89,4497734.61,4927448.533,0.027634451030189258,0.03027464868341051
2008,90,aus,456546127.171,2468842.332,6209888.6850000005,0.005407651461853911,0.013601886677869195
2008,90,china,456546127.171,47600189.249,62873362.705000006,0.10426151141387577,0.1377152470761201
2008,90,us,456546127.171,75027281.205,58517619.483,0.16433669401580187,0.12817460493117303
2008,91,aus,35868507.035000004,39875.924,323399.74299999996,0.001111725223497304,0.009016258822382288
2008,91,china,35868507.035000004,6763869.572,1395484.2559999998,0.18857404813085493,0.038905557307927684
2008,91,us,35868507.035000004,590357.655,4377533.394,0.01645894138900002,0.12204392532224613
2008,92,aus,7120180.9290000005,7376.977,148300.644,0.0010360659474191291,0.02082821286127461
2008,92,china,7120180.9290000005,2060033.7999999998,189486.361,0.28932323778594243,0.026612576687234907
2008,92,us,7120180.9290000005,721377.875,1482712.636,0.10131454273330025,0.20824086505456832
2008,93,aus,10138605.241,51409.116,460865.39100000006,0.0050706300105367716,0.045456488347754585
2008,93,china,10138605.241,266208.19,19335.638,0.026256884815227612,0.0019071299789647268
2008,93,us,10138605.241,2411153.167,2543143.302,0.23781902043581102,0.25083758974219245
2008,94,aus,188482451.74899998,237730.463,3244460.974,0.0012612869834512925,0.01721359704255446
2008,94,china,188482451.74899998,57753110.032,1446495.882,0.3064110716731825,0.0076744326518326635
2008,94,us,188482451.74899998,7763647.395,41744697.698,0.041190292905032684,0.22147790051877592
2008,95,aus,118552236.697,269795.762,2381948.697,0.002275754296306982,0.020091976021404546
2008,95,china,118552236.697,75739188.29800001,750028.963,0.638867645252252,0.006326569484445498
2008,95,us,118552236.697,5122390.294,26565762.493,0.043207875588986026,0.2240848695322191
2008,96,aus,26486969.496,27886.757,363293.877,0.0010528481563061185,0.013715947271916622
2008,96,china,26486969.496,8696660.771,743504.792,0.3283373272398471,0.0280705873925019
2008,96,us,26486969.496,1399655.344,3819352.582,0.0528431666828239,0.1441974168685772
2008,97,aus,20888032.79,92117.245,145253.192,0.004410048850751541,0.0069538952499892176
2008,97,china,20888032.79,823947.657,137713.788,0.0394459193588809,0.006592951542374518
2008,97,us,20888032.79,5636291.136,6906585.315,0.26983350671003997,0.33064795447403167
2009,01,aus,17451119.921,1057465.087,85298.14799999999,0.06059582948183673,0.004887832321715669
2009,01,china,17451119.921,488639.60899999994,149256.104,0.028000472818480265,0.008552809485905314
2009,01,us,17451119.921,763679.214,2059086.705,0.04376104327155635,0.11799166553902223
2009,02,aus,89984912.33,5419088.126,435479.945,0.06022218598298656,0.004839477349302431
2009,02,china,89984912.33,754615.944,2104566.683,0.008386027440162536,0.023387995037234263
2009,02,us,89984912.33,11489969.917000001,4155358.094,0.127687738082836,0.04617838686958023
2009,03,aus,79034111.112,748215.048,592838.49,0.009466988841561047,0.007501045835258182
2009,03,china,79034111.112,6998371.393000001,3584011.814,0.08854874552941502,0.045347657657856894
2009,03,us,79034111.112,4010497.941,10473077.08,0.050743886210305886,0.13251337849752623
2009,04,aus,61420426.617,1830654.5420000001,435949.594,0.02980530489336116,0.007097794952133033
2009,04,china,61420426.617,349468.837,1092076.366,0.005689781987012017,0.017780344848626208
2009,04,us,61420426.617,2079541.3350000002,1723927.959,0.033857487639534285,0.028067665009068005
2009,05,aus,7088474.950999999,174179.471,62322.56800000001,0.0245722066035414,0.008792098220112623
2009,05,china,7088474.950999999,1400478.51,430458.975,0.19757120109487428,0.060726598877135544
2009,05,us,7088474.950999999,730146.053,579511.233,0.10300467421373836,0.08175400731552929
2009,06,aus,17043580.575,21755.686,49037.123,0.0012764739136981492,0.0028771608632477746
2009,06,china,17043580.575,285259.71400000004,97931.779,0.016737076622175683,0.005745962743512303
2009,06,us,17043580.575,340429.91599999997,1788555.494,0.019974084348176938,0.10494012605681598
2009,07,aus,49252143.958,558342.309,211814.369,0.011336406177081938,0.00430061215569876
2009,07,china,49252143.958,4627802.075,1030213.6059999999,0.09396143402298143,0.020917132193849663
2009,07,us,49252143.958,3017665.895,5904145.931,0.06126973675650199,0.11987591719935661
2009,08,aus,74335705.572,630582.291,485158.348,0.008482899114870596,0.006526585632930945
2009,08,china,74335705.572,2553885.072,2113307.868,0.03435610185372305,0.02842924341322212
2009,08,us,74335705.572,8277268.734000001,8614698.834999999,0.11134983747457422,0.11588911100945942
2009,09,aus,31699805.781,25705.135,370371.489,0.0008108925075940673,0.011683714769697125
2009,09,china,31699805.781,1457407.809,103703.44099999999,0.045975291428237405,0.00327142196758054
2009,09,us,31699805.781,626030.617,4924891.089,0.01974872090147712,0.1553602922056969
2009,10,aus,87746657.337,4693924.658,183904.28000000003,0.05349405664505832,0.0020958551081176444
2009,10,china,87746657.337,694843.596,897226.373,0.007918747187501197,0.010225191479991205
2009,10,us,87746657.337,19614277.625,2198936.4069999997,0.22353304638909907,0.025060058966745135
2009,11,aus,15516842.832,690291.9839999999,83244.32800000001,0.044486626014953755,0.005364772260780221
2009,11,china,15516842.832,546644.78,484953.82,0.035229123986012675,0.0312533822279808
2009,11,us,15516842.832,1018788.092,1110244.45,0.06565691893836667,0.07155092450317085
2009,12,aus,61530598.769,1015380.373,151828.897,0.016502039526902233,0.002467534853187445
2009,12,china,61530598.769,2204722.871,19323233.71,0.035831324822256906,0.3140426730210096
2009,12,us,61530598.769,19581504.76,1690845.711,0.31824011389054524,0.027479753892007828
2009,13,aus,5119410.502,28131.664,71050.15000000001,0.00549509831044215,0.013878580350656164
2009,13,china,5119410.502,429332.456,141541.376,0.08386365106534682,0.027647983287275753
2009,13,us,5119410.502,540497.925,736425.721,0.10557815685787332,0.1438497109603343
2009,14,aus,922143.832,477.508,5165.945,0.0005178237748056639,0.005602103295313262
2009,14,china,922143.832,126662.98000000001,143164.34999999998,0.1373570755500103,0.15525164842180494
2009,14,us,922143.832,84739.082,99623.861,0.09189356265194863,0.10803505650949255
2009,15,aus,70025652.065,496423.16900000005,501235.896,0.007089161676626796,0.007157889733532752
2009,15,china,70025652.065,386549.37399999995,8124415.549000001,0.005520111025045404,0.1160205625998122
2009,15,us,70025652.065,3688830.505,3979849.4390000002,0.05267827426406415,0.05683416464734637
2009,16,aus,35197866.548,142994.195,529776.162,0.004062581315972549,0.01505137140279608
2009,16,china,35197866.548,3769978.138,146352.067,0.10710814341144254,0.00415798118901374
2009,16,us,35197866.548,1638843.189,3725545.132,0.046560867169749574,0.10584576559262203
2009,17,aus,38736280.395,1183313.915,226576.987,0.03054794892368498,0.005849218992881053
2009,17,china,38736280.395,929995.95,506713.488,0.02400839576016808,0.013081108532697566
2009,17,us,38736280.395,1213193.3499999999,3047111.032,0.03131930421890988,0.07866297437255526
2009,18,aus,35993642.637,202713.345,493247.50200000004,0.005631920810138258,0.013703739490177681
2009,18,china,35993642.637,132427.57,263882.547,0.0036791933324322626,0.0073313654208685035
2009,18,us,35993642.637,1034839.733,3678580.034,0.02875062531004369,0.10220082671539804
2009,19,aus,45621114.093,485315.945,667892.171,0.010637967849944852,0.014639979410377438
2009,19,china,45621114.093,1166803.311,911498.6039999999,0.025575949518055096,0.019979753281383766
2009,19,us,45621114.093,2960632.38,4148342.526,0.06489609994978777,0.09093032049904524
2009,20,aus,46144306.919,209226.914,697614.58,0.0045341869446055205,0.015118107228797837
2009,20,china,46144306.919,4718701.4350000005,379366.751,0.10225966646943108,0.008221312147258518
2009,20,us,46144306.919,3697055.094,5811397.365999999,0.08011941972581088,0.12593963923222665
2009,21,aus,46609556.073,380295.142,913644.488,0.008159166789839852,0.019602085172599537
2009,21,china,46609556.073,1391386.7710000002,505904.848,0.029851963593491578,0.010854101403747563
2009,21,us,46609556.073,5391831.752,3102909.667,0.11568082183737817,0.06657239262567134
2009,22,aus,82544666.558,2659033.869,1233215.785,0.03221327288458583,0.014939981423675398
2009,22,china,82544666.558,987406.581,1420110.2680000002,0.011962088190230908,0.01720414325015366
2009,22,us,82544666.558,3991789.967,14536701.918,0.04835915066899167,0.1761071008480698
2009,23,aus,53954030.977,493546.553,491470.091,0.009147538081267614,0.009109052319177195
2009,23,china,53954030.977,1799883.807,1849350.96,0.03335957989435989,0.03427641876819839
2009,23,us,53954030.977,7744564.379,1240938.3360000001,0.14354005138747503,0.022999918885189475
2009,24,aus,36557338.731,83265.02100000001,232184.297,0.0022776554281669493,0.006351236306025517
2009,24,china,36557338.731,1025386.443,857707.4469999999,0.028048716853956598,0.02346197717813301
2009,24,us,36557338.731,1671020.269,1609947.646,0.0457095709645572,0.04403897279959254
2009,25,aus,39979819.125,814483.091,269165.556,0.02037235557403238,0.006732535611490213
2009,25,china,39979819.125,3328132.182,2850144.785,0.08324530362667067,0.07128958678099072
2009,25,us,39979819.125,1826169.945,2438238.75,0.04567729381892245,0.060986737893352086
2009,26,aus,136402596.312,34501040.103,568536.666,0.2529353621985623,0.004168078037895698
2009,26,china,136402596.312,527768.5279999999,59826782.038,0.003869197084730047,0.4386044229037651
2009,26,us,136402596.312,3661126.987,3703273.103,0.02684059604426982,0.027149579283148918
2009,27,aus,1831946371.313,52276966.455,18704110.806,0.028536297390371664,0.010209966349939772
2009,27,china,1831946371.313,17064691.94,118813666.134,0.00931506085943407,0.06485651981659452
2009,27,us,1831946371.313,61543017.556,276228688.786,0.03359433361135492,0.1507842659105901
2009,28,aus,98302271.14,4310547.285,1193036.791,0.04384992569358861,0.012136411266642074
2009,28,china,98302271.14,9236503.73,6516993.624,0.09396022719399401,0.06629545328325769
2009,28,us,98302271.14,11376124.968,11472599.525,0.11572596274808712,0.1167073699514121
2009,29,aus,342039325.072,298924.649,2599715.667,0.0008739481898377494,0.007600633834874847
2009,29,china,342039325.072,26125982.257,36093489.150000006,0.07638297804353468,0.10552438419881179
2009,29,us,342039325.072,32908882.922,48186734.456,0.09621374067169793,0.1408806851254796
2009,30,aus,403035513.948,2822845.98,6959966.63,0.007003963378681825,0.017268866859454925
2009,30,china,403035513.948,3572515.562,5584621.163000001,0.0088640217508498,0.013856399671321603
2009,30,us,403035513.948,49552984.858,55451401.286,0.12294942540570598,0.13758440476576558
2009,31,aus,47545848.776,382344.248,870435.323,0.008041590545608225,0.018307283294085912
2009,31,china,47545848.776,2740891.952,1928054.162,0.05764734509027287,0.04055147213973463
2009,31,us,47545848.776,3959111.2150000003,4528520.192,0.08326933511382521,0.09524533284356652
2009,32,aus,59162048.481,548862.745,502735.873,0.009277277563779223,0.008497607603317768
2009,32,china,59162048.481,3756464.733,3249089.807,0.06349450077284588,0.05491848051954204
2009,32,us,59162048.481,6094389.286,2531452.021,0.103011803047307,0.04278844438276982
2009,33,aus,77394624.415,314968.101,1176937.462,0.004069637954583257,0.015206966516034872
2009,33,china,77394624.415,2977813.4690000005,1193164.569,0.03847571445056156,0.015416633623054966
2009,33,us,77394624.415,8016172.778,7177046.9399999995,0.10357531725997199,0.09273314515379961
2009,34,aus,42711275.658,220426.184,479840.922,0.0051608429063324706,0.011234525651778883
2009,34,china,42711275.658,1873089.889,1920040.121,0.043854693172788964,0.04495393994724596
2009,34,us,42711275.658,5342854.801,2147799.623,0.12509237241663282,0.050286477982956435
2009,35,aus,20215261.046,276571.205,228036.017,0.013681307620547659,0.011280389428615445
2009,35,china,20215261.046,1196174.8310000002,1073466.1139999998,0.05917187160126669,0.053101768587470545
2009,35,us,20215261.046,2469786.161,1837107.524,0.12217433924696694,0.0908772595030876
2009,36,aus,3792638.3680000002,31290.972,100680.89600000001,0.008250449677463158,0.026546400218245118
2009,36,china,3792638.3680000002,824746.341,61626.903999999995,0.21745978945915678,0.016249085206744392
2009,36,us,3792638.3680000002,649696.829,570968.86,0.17130471348962528,0.1505466128322414
2009,37,aus,17910659.871,55272.359,296275.074,0.0030860034972521643,0.016541829063468124
2009,37,china,17910659.871,768560.0700000001,1465456.0250000001,0.04291076239153043,0.08182032574761747
2009,37,us,17910659.871,3301446.4960000003,1637120.0019999999,0.1843285797272902,0.09140478428998246
2009,38,aus,131334794.48099999,397995.388,1286719.859,0.0030303880214894415,0.009797250333278192
2009,38,china,131334794.48099999,7649617.421,7479551.773,0.05824516992034932,0.056950268225242136
2009,38,us,131334794.48099999,21199912.32,7763768.377,0.1614188563188939,0.05911432996625409
2009,39,aus,399713317.843,906093.987,3916435.9,0.002266859638026614,0.009798112109785402
2009,39,china,399713317.843,35242938.446,44607551.76,0.0881705384153419,0.11159886290684219
2009,39,us,399713317.843,44119052.881000005,30878374.869,0.11037673980712635,0.0772513035983666
2009,40,aus,131078164.668,178556.014,2390794.3970000003,0.001362210208330684,0.0182394558472458
2009,40,china,131078164.668,11613818.639,10132217.123,0.08860223721026261,0.07729904632600924
2009,40,us,131078164.668,10103826.239,16295259.556,0.07708245125792976,0.12431711717411731
2009,41,aus,21439243.072,642677.579,73670.919,0.029976691660320198,0.0034362649256127614
2009,41,china,21439243.072,462176.637,4507935.356,0.02155750720526184,0.2102656022351571
2009,41,us,21439243.072,1928423.486,584725.61,0.0899483008576246,0.027273612600794715
2009,42,aus,45939810.064,22298.368,759134.8740000001,0.0004853822418711687,0.01652455404021977
2009,42,china,45939810.064,24529963.761,377151.162,0.5339587544403566,0.008209680481364211
2009,42,us,45939810.064,714432.9049999999,7212112.641000001,0.0155514988852741,0.1569904758193952
2009,43,aus,4873835.183,3379.5,26850.737,0.0006933964471732116,0.005509159828312561
2009,43,china,4873835.183,1068400.809,936769.03,0.21921151801082558,0.1922036742784127
2009,43,us,4873835.183,238539.363,262790.808,0.048942845632537674,0.05391868992956876
2009,44,aus,94560027.508,1255013.367,1002615.8099999999,0.013272134114954894,0.010602955989148547
2009,44,china,94560027.508,9448220.309999999,6898400.694,0.0999176984080367,0.0729526087903938
2009,44,us,94560027.508,5500490.965,10521806.599,0.058169303774098895,0.11127118800922335
2009,45,aus,1585489.426,2405.996,20292.234,0.0015175099628825907,0.012798719226526081
2009,45,china,1585489.426,69816.108,38418.038,0.044034420447784176,0.02423102757419462
2009,45,us,1585489.426,25395.053,218182.96699999998,0.01601716957776797,0.13761237597809117
2009,46,aus,1886014.66,1022.6519999999999,28750.763,0.0005422290832034147,0.015244188504876202
2009,46,china,1886014.66,1257644.807,4822.627,0.6668266337866112,0.0025570464017496027
2009,46,us,1886014.66,13549.224,394761.827,0.007184050202451767,0.20931005223469473
2009,47,aus,34933107.185,226037.05,161416.839,0.006470568129051472,0.004620740953421719
2009,47,china,34933107.185,99129.389,10207340.466,0.002837691719635102,0.29219675226551134
2009,47,us,34933107.185,6952109.941,2543678.071,0.19901206910060323,0.07281568334385768
2009,48,aus,158404266.635,740341.649,2146826.272,0.004673748155445321,0.013552831104901885
2009,48,china,158404266.635,10114105.843,3810891.552,0.06384995845033162,0.02405801076546236
2009,48,us,158404266.635,14398556.567,15636860.965,0.09089752992687754,0.09871489762981535
2009,49,aus,44749687.276,226018.467,840879.812,0.005050727295723862,0.01879074163834387
2009,49,china,44749687.276,4897828.174,849022.556,0.10944943913891407,0.018972703669715808
2009,49,us,44749687.276,6014515.166999999,4142619.5560000003,0.13440351280903104,0.09257315096862713
2009,50,aus,2480546.5100000002,777.97,15114.437,0.00031362846730094164,0.006093188311151641
2009,50,china,2480546.5100000002,1203104.1800000002,89386.385,0.48501577178651656,0.03603495626453704
2009,50,us,2480546.5100000002,19831.12,148273.823,0.007994657596643893,0.059774659496305914
2009,51,aus,10212056.088,1384176.633,117915.837,0.1355433833375162,0.011546728296817792
2009,51,china,10212056.088,1559131.261,2146393.291,0.15267554815255144,0.2101822857712452
2009,51,us,10212056.088,215248.59100000001,217875.543,0.02107788961842216,0.021335129882024597
2009,52,aus,40961067.283,446456.124,109806.59,0.010899523709073175,0.002680755099503299
2009,52,china,40961067.283,7705733.572,4963859.711,0.18812335915861492,0.12118482354731372
2009,52,us,40961067.283,5031436.999,964366.519,0.1228346166919383,0.02354349100176497
2009,53,aus,2743520.145,404.30400000000003,19032.197,0.0001473668785471958,0.006937144979484012
2009,53,china,2743520.145,492751.115,376429.931,0.1796054298700985,0.1372069134196206
2009,53,us,2743520.145,27410.095,151303.765,0.009990848818790065,0.05514950027822741
2009,54,aus,33283023.071,21496.726,226981.111,0.0006458766066454589,0.006819726396721819
2009,54,china,33283023.071,6475242.269,3042894.473,0.19455090528245847,0.09142482239395255
2009,54,us,33283023.071,1341817.455,1710361.974,0.04031537195817846,0.051388420166984895
2009,55,aus,29771184.748999998,36374.262,182577.468,0.0012217942385118483,0.006132690705435654
2009,55,china,29771184.748999998,5716565.107,2351285.75,0.1920167153304847,0.07897857508270573
2009,55,us,29771184.748999998,2010247.174,1354561.164,0.06752325078589703,0.045499068156684606
2009,56,aus,16824115.596,38945.368,204145.271,0.002314853804812148,0.012134086325972246
2009,56,china,16824115.596,1904921.322,869022.131,0.11322564393535803,0.05165336186863893
2009,56,us,16824115.596,1685832.0280000002,1362574.877,0.10020330747137837,0.08098939104555115
2009,57,aus,11793295.725,50136.021,287349.022,0.004251230713541698,0.024365455484242935
2009,57,china,11793295.725,1457671.672,107712.584,0.12360172304591302,0.009133374292621668
2009,57,us,11793295.725,856414.9199999999,1502236.065,0.07261879460756081,0.12738051347389578
2009,58,aus,9948668.0,9963.016,59406.734,0.0010014422031170403,0.005971325407582201
2009,58,china,9948668.0,3063307.619,542609.739,0.3079113323512253,0.05454094347102546
2009,58,us,9948668.0,445054.654,669459.732,0.04473509961333517,0.06729139338050079
2009,59,aus,16702601.048,53739.665,152734.771,0.003217442890814595,0.009144370422371356
2009,59,china,16702601.048,3021528.6160000004,1301167.886,0.1809016815594601,0.07790211130953188
2009,59,us,16702601.048,1362854.496,1469202.753,0.08159534506532387,0.08796251247202752
2009,60,aus,19751019.296,28263.921,92976.791,0.0014310107532386463,0.004707442669494519
2009,60,china,19751019.296,5430257.067,1677730.509,0.27493553550928596,0.08494399624933667
2009,60,us,19751019.296,984242.4700000001,770189.211,0.04983248992113182,0.03899490955162905
2009,61,aus,159568429.79500002,58004.781,1938500.4309999999,0.00036351038281519485,0.012148395728969827
2009,61,china,159568429.79500002,62471436.708000004,550615.011,0.3915024844717593,0.003450651308077566
2009,61,us,159568429.79500002,1505444.788,34435138.849,0.009434477671642615,0.21580170271299495
2009,62,aus,165425798.58200002,54090.288,2028690.039,0.00032697613349097997,0.012263444132593367
2009,62,china,165425798.58200002,66811550.23900001,954387.1830000001,0.4038762442841232,0.005769276564966493
2009,62,us,165425798.58200002,1314830.044,31890542.404,0.007948155942244106,0.1927785307815344
2009,63,aus,42898719.144,86818.962,764934.159,0.0020238124525016935,0.017831165458164662
2009,63,china,42898719.144,16644294.829999998,227806.326,0.3879904846139897,0.0053103293185820435
2009,63,us,42898719.144,1455557.17,9726856.013,0.033930084604952136,0.22674001012359923
2009,64,aus,89522716.774,32450.105,1095583.706,0.00036247900163620205,0.01223805247963821
2009,64,china,89522716.774,40690602.839,711444.829,0.45452823937105685,0.007947087115285405
2009,64,us,89522716.774,683404.967,16999723.854000002,0.00763387206763681,0.18989285029090197
2009,65,aus,6080627.569,10468.231,122296.167,0.0017215708216317498,0.020112425175237696
2009,65,china,6080627.569,3313582.986,18543.003,0.5449409536103098,0.00304952125246663
2009,65,us,6080627.569,147785.631,1419479.882,0.02430433854450065,0.23344299020001366
2009,66,aus,2393313.58,2960.943,23525.747,0.00123717302435563,0.009829780433536
2009,66,china,2393313.58,1884616.564,7893.068,0.787450746007132,0.0032979664954727746
2009,66,us,2393313.58,14246.584,378776.88899999997,0.005952660829342722,0.1582646303289684
2009,67,aus,3857530.555,1187.029,34706.079,0.00030771732927984546,0.008996968009758253
2009,67,china,3857530.555,2734223.892,162914.292,0.7088016162194728,0.042232793668694604
2009,67,us,3857530.555,72372.951,1329231.838,0.018761471871218918,0.3445810263970806
2009,68,aus,33793575.801,59938.113,429560.46499999997,0.001773654062327028,0.012711305472068116
2009,68,china,33793575.801,5990162.59,711640.8859999999,0.17725743571127925,0.021058466561533318
2009,68,us,33793575.801,2173905.028,4519370.693,0.06432894348918444,0.13373461037722637
2009,69,aus,34015940.144,62153.936,562940.65,0.0018272002989446463,0.01654931916086688
2009,69,china,34015940.144,9083724.780000001,381428.925,0.2670431786258379,0.011213240715537871
2009,69,us,34015940.144,1124454.543,3595568.528,0.03305669454496439,0.1057024592817028
2009,70,aus,53898404.561,136851.024,662186.707,0.0025390551930923604,0.01228583132271688
2009,70,china,53898404.561,8464082.538,2508353.1550000003,0.15703771951952122,0.04653854182568891
2009,70,us,53898404.561,4457240.911,4688451.451,0.08269708439988198,0.08698683178448824
2009,71,aus,325356548.382,12024135.141,9238989.299,0.036956794632830026,0.028396506371073663
2009,71,china,325356548.382,11133104.026999999,7121678.949,0.03421816490974283,0.02188884466723092
2009,71,us,325356548.382,21841742.931999996,36961115.759,0.06713171454706877,0.11360188059163967
2009,72,aus,302155930.855,2002809.717,1646456.835,0.0066283978319827104,0.005449030341191976
2009,72,china,302155930.855,15614978.567,27202737.902,0.05167854399817619,0.09002880673242246
2009,72,us,302155930.855,15657122.593,13275663.764999999,0.05181802173697399,0.04393646594139099
2009,73,aus,239554947.475,815044.599,3972562.602,0.003402328391005401,0.016583095627422086
2009,73,china,239554947.475,43564097.298999995,7725374.304,0.18185430006009937,0.03224886142168373
2009,73,us,239554947.475,16553232.194,25487713.247,0.06909993873421252,0.10639610459166118
2009,74,aus,113312180.45300001,2848643.726,789228.4890000001,0.025139783866232893,0.006965080769294337
2009,74,china,113312180.45300001,4037332.868,28741065.975,0.03563017543091599,0.25364498203193003
2009,74,us,113312180.45300001,4575050.351,6795854.363,0.04037562716302731,0.05997461469571496
2009,75,aus,22928899.035,2638064.093,49343.182,0.11505411092670023,0.002152008342165915
2009,75,china,22928899.035,307644.3,4079967.806,0.013417316702838366,0.1779399787042588
2009,75,us,22928899.035,1510391.446,1827376.384,0.06587282903092953,0.07969751976362174
2009,76,aus,117147519.33399999,3860549.724,1051174.797,0.032954600711545275,0.008973086267435072
2009,76,china,117147519.33399999,9592573.991999999,7747395.856,0.08188456782128313,0.06613367402096969
2009,76,us,117147519.33399999,7873876.039,13089087.919,0.06721333993040642,0.11173166955146206
2009,78,aus,5831480.495,773617.297,29341.757,0.13266224549037098,0.005031613674290443
2009,78,china,5831480.495,157430.003,377642.281,0.026996575421110107,0.06475924618521767
2009,78,us,5831480.495,241459.199,478867.169,0.04140615735695777,0.08211759765133193
2009,79,aus,10865217.396,938553.518,15299.224,0.08638147620916688,0.001408091844129356
2009,79,china,10865217.396,325168.185,1542507.171,0.029927443984665212,0.1419674466493298
2009,79,us,10865217.396,153485.03600000002,1508100.245,0.014126273815423621,0.13880074277714896
2009,80,aus,5292764.226,13038.617,27961.526,0.002463479656990865,0.005282972149532512
2009,80,china,5292764.226,151908.18899999998,532346.633,0.028701106362110602,0.10058007692557284
2009,80,us,5292764.226,125766.359,544506.1749999999,0.023761942461405988,0.10287746662229649
2009,81,aus,12538907.96,174946.657,79843.766,0.013952304104798613,0.006367681001783188
2009,81,china,12538907.96,2178896.004,1115585.08,0.17377079494887687,0.08896987549145388
2009,81,us,12538907.96,2014948.222,1711330.4000000001,0.16069567050239356,0.1364816143047915
2009,82,aus,43044467.657,122904.319,740527.671,0.0028552872341078422,0.017203782769504725
2009,82,china,43044467.657,8679885.118999999,1805618.58,0.20164926160002014,0.041947750275089436
2009,82,us,43044467.657,3986563.7600000002,5654767.969,0.09261500901270167,0.13137037758394504
2009,83,aus,45456283.041,90551.019,788782.723,0.0019920462682425245,0.017352556571520492
2009,83,china,45456283.041,10075895.21,1160285.384,0.22166122119822007,0.025525302694755368
2009,83,us,45456283.041,3141832.451,6236849.949,0.06911767176753487,0.13720545393855843
2009,84,aus,1584036193.73,4639917.819,24744387.108,0.002929174116958894,0.015621099572057946
2009,84,china,1584036193.73,284310848.50699997,107110550.385,0.1794850708792964,0.06761875190034772
2009,84,us,1584036193.73,175813968.401,213698119.322,0.110991130819431,0.13490734628909937
2009,85,aus,1636566584.772,2090598.011,17764068.799,0.0012774292414697284,0.0108544736060799
2009,85,china,1636566584.772,372017254.623,165233472.581,0.22731568521840984,0.10096348912318753
2009,85,us,1636566584.772,114014971.744,214040919.641,0.06966717566207922,0.13078656354872314
2009,86,aus,27262364.514000002,74450.535,816862.849,0.0027308906005481487,0.029963022781113416
2009,86,china,27262364.514000002,1688965.4440000001,1353341.912,0.06195227281671288,0.049641398907457945
2009,86,us,27262364.514000002,2146069.216,1746122.204,0.0787191153173061,0.06404881730281746
2009,87,aus,876604916.9300001,2230352.034,17409004.065,0.0025443070086932917,0.019859578390193047
2009,87,china,876604916.9300001,28920010.862000003,30422082.02,0.032990929326842194,0.03470443917488237
2009,87,us,876604916.9300001,70947039.381,134243570.638,0.0809338825402292,0.15314033499622706
2009,88,aus,184058719.16,705178.357,2672964.695,0.003831268413788086,0.014522347581243485
2009,88,china,184058719.16,837482.198,10764001.563000001,0.004550081636023919,0.05848134558430229
2009,88,us,184058719.16,51551309.903,21751953.912,0.28008078149336174,0.11817942671377221
2009,89,aus,151426359.027,394203.297,1050256.624,0.002603267354065561,0.00693575828375253
2009,89,china,151426359.027,20254462.08,2519473.1,0.13375783588898504,0.01663827299414078
2009,89,us,151426359.027,3174541.383,5395599.5200000005,0.020964258821239732,0.03563183817315412
2009,90,aus,389973771.938,2185527.809,5813533.455,0.005604294355845721,0.014907498589223751
2009,90,china,389973771.938,40736411.149000004,53047863.567,0.10445936132206471,0.1360293111595049
2009,90,us,389973771.938,68318297.733,50743478.674,0.17518690396404807,0.13012023455276744
2009,91,aus,28911111.923,24844.709,374171.191,0.0008593480965439794,0.012942123844857422
2009,91,china,28911111.923,5828068.505,1202038.485,0.20158576122987257,0.04157704097308441
2009,91,us,28911111.923,561321.7810000001,3158362.895,0.01941543384754583,0.10924390951865777
2009,92,aus,5962841.532,6490.577,138118.443,0.0010885040236551435,0.023163191954503212
2009,92,china,5962841.532,1816298.573,177403.13,0.3046028580925233,0.029751441330103087
2009,92,us,5962841.532,605306.253,1100180.715,0.10151305375995359,0.1845061132508393
2009,93,aus,10233236.763,65216.197,299754.07899999997,0.0063729784143957465,0.02929220596984637
2009,93,china,10233236.763,373698.85,20563.948,0.036518147547525866,0.002009525282787596
2009,93,us,10233236.763,2418622.303,3108851.794,0.23634968671348816,0.3037994591545639
2009,94,aus,151623972.842,209014.533,2806856.281,0.0013785058462872748,0.018511955783699775
2009,94,china,151623972.842,48577756.918,1700323.273,0.32038308987339703,0.011214079417189686
2009,94,us,151623972.842,6189737.043,32317378.792999998,0.04082294459761996,0.21314161730003192
2009,95,aus,103167873.316,212270.286,2256859.312,0.0020575231336776973,0.02187560176885017
2009,95,china,103167873.316,65322691.026999995,714468.35,0.6331689209771594,0.006925298807038559
2009,95,us,103167873.316,4330311.785,27722939.121999998,0.041973452062313905,0.2687167839263827
2009,96,aus,23039207.72,28185.978,333483.91,0.001223391808544361,0.01447462577936252
2009,96,china,23039207.72,7960096.868000001,680850.183,0.3455021962881978,0.029551805395155315
2009,96,us,23039207.72,1172287.131,3279271.881,0.05088226753484907,0.14233440319882668
2009,97,aus,13865279.317,54354.764,76257.75,0.003920206925320032,0.005499907232773996
2009,97,china,13865279.317,447391.61899999995,54277.306000000004,0.032267046971888994,0.003914620452936095
2009,97,us,13865279.317,3630263.7920000004,4698111.598,0.2618240649179704,0.33884002554782433
2010,01,aus,19115668.463,1354716.777,115597.50300000001,0.07086944302377755,0.006047264484825566
2010,01,china,19115668.463,503326.042,241230.467,0.026330548836114746,0.012619515109655834
2010,01,us,19115668.463,813616.06,2394218.138,0.0425627835916292,0.12524898842194362
2010,02,aus,97391325.837,6234367.166,505447.203,0.0640135773121542,0.005189858528530014
2010,02,china,97391325.837,888594.3,2131067.6229999997,0.009123957317176327,0.021881493086629532
2010,02,us,97391325.837,12653757.086,4718348.694,0.12992694141137467,0.04844731965038564
2010,03,aus,86960774.985,747733.872,696031.051,0.008598518954424886,0.008003965593913571
2010,03,china,86960774.985,8056033.379000001,4731105.699,0.09263985262768873,0.05440505446065857
2010,03,us,86960774.985,4444860.764,11830190.796,0.051113398710702626,0.13604054009454963
2010,04,aus,72231750.402,2042538.636,617542.592,0.028277573568858783,0.008549461816488128
2010,04,china,72231750.402,414350.18200000003,2033401.199,0.0057363995707423315,0.02815107189959082
2010,04,us,72231750.402,3371881.412,1841488.548,0.04668143016380007,0.025494170330240422
2010,05,aus,7834309.725,192568.051,56638.032,0.02458009164298135,0.00722948593917124
2010,05,china,7834309.725,1517649.679,569276.237,0.1937183660427722,0.07266450484889402
2010,05,us,7834309.725,762437.242,702094.356,0.0973202833131543,0.08961789623399144
2010,06,aus,17410532.204,26676.68,52089.19,0.001532215080356426,0.002991820662899249
2010,06,china,17410532.204,300547.026,117541.404,0.017262368690312092,0.006751166628496016
2010,06,us,17410532.204,323279.915,1979543.4489999998,0.018568066226357382,0.1136980435638382
2010,07,aus,57579672.7,785656.603,249138.882,0.013644686851441585,0.00432685477908248
2010,07,china,57579672.7,6607609.625,1478444.6309999998,0.11475594276867085,0.025676502864178313
2010,07,us,57579672.7,3331780.1300000004,6984768.237000001,0.05786382543991085,0.1213061469347324
2010,08,aus,82975239.968,536541.752,560137.811,0.00646628743956536,0.0067506621398868046
2010,08,china,82975239.968,2779290.3559999997,2732468.964,0.03349541811595668,0.03293113662646588
2010,08,us,82975239.968,9557510.222,9475426.933,0.11518508684863006,0.11419583645258835
2010,09,aus,37300425.057000004,35237.885,431506.943,0.0009447046500449213,0.011568418921248219
2010,09,china,37300425.057000004,1707384.548,172717.548,0.04577386304287122,0.0046304444985831835
2010,09,us,37300425.057000004,730819.7370000001,6010525.792,0.019592799167387782,0.16113826539014284
2010,10,aus,95145794.268,5487144.072,177352.594,0.057670905101114577,0.0018640087600766215
2010,10,china,95145794.268,643087.0349999999,1558748.081,0.006758964386682163,0.01638273234242417
2010,10,us,95145794.268,21925062.365,1993195.7419999996,0.2304364846988719,0.020948858090203182
2010,11,aus,15534603.43,774428.822,69055.852,0.049851856565867936,0.004445292234923824
2010,11,china,15534603.43,638477.4569999999,569053.374,0.04110033834317198,0.03663134218805095
2010,11,us,15534603.43,886344.6349999999,1165717.672,0.05705614816586276,0.07504006634303892
2010,12,aus,71345485.152,1105943.399,181923.837,0.015501238748938518,0.0025498997814986505
2010,12,china,71345485.152,2405561.097,24738660.242999997,0.03371707532543937,0.34674457942636205
2010,12,us,71345485.152,22605241.539,1724153.1199999999,0.3168419345784814,0.024166254056955803
2010,13,aus,5588033.036,27913.218999999997,76790.418,0.004995177877470228,0.01374194059077499
2010,13,china,5588033.036,512736.615,168325.19,0.09175618893030467,0.030122440027750757
2010,13,us,5588033.036,556027.512,909325.634,0.09950326141915815,0.16272731892274372
2010,14,aus,1025191.942,867.918,5913.233,0.0008465907352986198,0.005767927699923338
2010,14,china,1025191.942,121958.137,228340.08500000002,0.11896127154694315,0.2227291062730573
2010,14,us,1025191.942,56002.844999999994,85727.572,0.054626692530129146,0.08362099670112311
2010,15,aus,86311565.089,589004.535,549662.619,0.00682416700928374,0.006368354211086503
2010,15,china,86311565.089,405164.744,9407594.446,0.004694211529847885,0.10899575782572565
2010,15,us,86311565.089,4744041.181,4604644.665,0.05496414270912816,0.053349104030866894
2010,16,aus,36604669.355000004,161100.233,611141.274,0.004401084228834717,0.016695719009862366
2010,16,china,36604669.355000004,4518846.525,152057.286,0.12345000254408116,0.0041540406915116625
2010,16,us,36604669.355000004,1830518.646,4060081.526,0.05000779076153466,0.11091703866040835
2010,17,aus,49815858.256,1934608.129,287178.99,0.038835186158154546,0.005764810645722663
2010,17,china,49815858.256,1135338.227,1083281.23,0.022790698920925563,0.021745710460976064
2010,17,us,49815858.256,1791426.381,3935336.819,0.03596096591960722,0.07899767176100021
2010,18,aus,40044612.508,218465.896,576089.144,0.005455562741588659,0.0143861835068303
2010,18,china,40044612.508,240071.902,420738.16,0.005995111126422789,0.010506735704233524
2010,18,us,40044612.508,1195731.603,4517927.811,0.029859986852441636,0.11282236306063445
2010,19,aus,48344053.673,718887.123,759686.219,0.014870228464136763,0.01571416050748517
2010,19,china,48344053.673,1404117.401,1117925.249,0.029044262826975042,0.023124358924505286
2010,19,us,48344053.673,3154068.497,4607388.927,0.06524211888258633,0.09530414967194221
2010,20,aus,48633392.015,197786.949,763548.809,0.004066896031825141,0.01570009364686096
2010,20,china,48633392.015,5343302.467,501357.79600000003,0.1098690065737542,0.010308920994969181
2010,20,us,48633392.015,4045107.562,6237304.1899999995,0.08317551777495526,0.1282514735570208
2010,21,aus,50653481.22,479138.969,1186621.596,0.009459151818588472,0.02342625950714469
2010,21,china,50653481.22,1722676.6770000001,705037.366,0.03400904805571032,0.013918833395435483
2010,21,us,50653481.22,5995430.2069999995,3488121.099,0.1183616616785021,0.0688624160667313
2010,22,aus,88335020.014,2667314.206,1461359.9100000001,0.030195433312600866,0.016543381206778385
2010,22,china,88335020.014,1185189.8190000001,1996616.072,0.013416987043328481,0.022602769226559988
2010,22,us,88335020.014,4751472.336999999,15554737.165000001,0.05378922579342768,0.17608800182005696
2010,23,aus,59656617.25,553729.149,564443.625,0.0092819401187217,0.009461542591907523
2010,23,china,59656617.25,1958551.4980000001,3151189.886,0.032830414936073166,0.05282213493256693
2010,23,us,59656617.25,9508321.443,1532726.086,0.15938418705763943,0.025692473972784634
2010,24,aus,37483237.372,111302.672,252697.285,0.002969398584636213,0.006741607788359418
2010,24,china,37483237.372,1214239.4840000002,912356.988,0.03239419989125693,0.024340399921846962
2010,24,us,37483237.372,1621738.399,1410273.647,0.0432656972210047,0.03762411536132349
2010,25,aus,49361531.468,1099242.1570000001,377753.52499999997,0.022269206896723102,0.00765279183537669
2010,25,china,49361531.468,4584426.132,4314150.159,0.09287447118556244,0.08739903383663793
2010,25,us,49361531.468,2457408.233,2944079.281,0.04978387339122742,0.05964319164020634
2010,26,aus,217807213.634,59032443.726,1049111.723,0.2710307098698634,0.0048166987010949585
2010,26,china,217807213.634,849514.779,96533456.53899999,0.0039003059854000608,0.44320596608528023
2010,26,us,217807213.634,6358092.911,4455926.5430000005,0.02919137894892703,0.020458121972432342
2010,27,aus,2386840225.696,69609255.995,25154205.662,0.029163768586438172,0.010538705268663327
2010,27,china,2386840225.696,18729924.754,182539926.11,0.007847163187698654,0.07647764778925308
2010,27,us,2386840225.696,83012918.441,355005124.30300003,0.03477941989887217,0.14873434781311384
2010,28,aus,124261909.793,5209268.73,1156281.721,0.041921685725559744,0.009305198374354427
2010,28,china,124261909.793,13456108.339000002,9870748.25,0.10828827885725945,0.07943502772847327
2010,28,us,124261909.793,13832109.661,15040173.006,0.11131415639790207,0.12103606834189548
2010,29,aus,392922546.313,336549.951,3222011.765,0.0008565300061246831,0.00820011932436517
2010,29,china,392922546.313,32974237.939999998,47667125.368,0.08392045264242204,0.12131430434645667
2010,29,us,392922546.313,40280564.545,50875205.721,0.10251527921462851,0.12947896779756965
2010,30,aus,400775630.989,2563586.228,8394352.939,0.006396562140452003,0.0209452678504557
2010,30,china,400775630.989,4691733.418,6513386.491,0.01170663347574836,0.0162519524326537
2010,30,us,400775630.989,48840656.046000004,60833465.444,0.12186533379156608,0.15178933233510317
2010,31,aus,62442678.232,438395.79600000003,1412021.695,0.007020771824859609,0.02261308667372921
2010,31,china,62442678.232,5316959.664,2715380.952,0.08514944929564564,0.04348597832257055
2010,31,us,62442678.232,4014607.984,7096691.7299999995,0.06429269367793763,0.11365130277777159
2010,32,aus,70604719.045,630608.451,612029.671,0.008931534032421841,0.008668396097007654
2010,32,china,70604719.045,5084325.567,4249188.371,0.07201112950763955,0.06018278138451022
2010,32,us,70604719.045,7713733.801,3260929.767,0.10925238291910265,0.04618571975226815
2010,33,aus,85208799.294,407054.284,1329980.7889999999,0.004777139067474958,0.015608491141989965
2010,33,china,85208799.294,3463941.755,1590533.314,0.040652394866499596,0.018666303564636638
2010,33,us,85208799.294,9045567.726,7631005.336,0.10615767151922473,0.08955654109935732
2010,34,aus,47634230.753,202253.345,554016.277,0.004245966436379622,0.011630633438225685
2010,34,china,47634230.753,2257990.9129999997,2550560.468,0.04740269502216726,0.05354469732544943
2010,34,us,47634230.753,6120051.016000001,2563224.875,0.12848010599215062,0.05381056510162219
2010,35,aus,22634782.844,301593.93,261552.334,0.013324357122336879,0.011555327736193942
2010,35,china,22634782.844,1500074.468,1417631.134,0.0662729781124292,0.06263064875728569
2010,35,us,22634782.844,2855314.091,2094050.0219999999,0.12614718288569238,0.09251469459337393
2010,36,aus,4242851.191,43561.246,107591.368,0.010266974739157192,0.025358270454600068
2010,36,china,4242851.191,778885.8230000001,98727.57999999999,0.1835760407181342,0.023269159241177825
2010,36,us,4242851.191,774512.936,677110.662,0.18254539250466964,0.1595885953851734
2010,37,aus,18352596.377,28907.287,275521.734,0.001575106127012494,0.015012684218636864
2010,37,china,18352596.377,946343.0989999999,1648241.2569999998,0.05156453504235424,0.08980970447678036
2010,37,us,18352596.377,3169341.626,1832722.587,0.1726917304176051,0.09986176066601783
2010,38,aus,155695153.226,453718.001,1603115.738,0.002914143385962719,0.010296503807494828
2010,38,china,155695153.226,10690365.383000001,10036415.937,0.06866215910704909,0.06446196769164417
2010,38,us,155695153.226,24478867.746999998,9384084.706,0.15722305569440292,0.06027216975970016
2010,39,aus,493811987.305,1063137.5489999999,4794909.909,0.002152919686705295,0.009709990912064377
2010,39,china,493811987.305,45491585.703,57406642.997,0.09212329160187518,0.11625202399459601
2010,39,us,493811987.305,55788410.344,37646940.139,0.11297500218345777,0.07623739622940258
2010,40,aus,176393406.648,185176.079,3167674.628,0.0010497902530423157,0.017958010382560497
2010,40,china,176393406.648,16068020.185,15960658.068,0.0910919545709799,0.09048330304006273
2010,40,us,176393406.648,12995718.819,23095777.815,0.07367462914831885,0.1309333395952182
2010,41,aus,30008889.761,918622.976,99251.629,0.030611694844967445,0.0033074075645740447
2010,41,china,30008889.761,763209.848,5754546.354,0.025432791885285903,0.19176138803637763
2010,41,us,30008889.761,2854579.5810000002,881265.6070000001,0.09512446490805716,0.029366818100191962
2010,42,aus,55885279.686000004,31817.755,864696.54,0.0005693405343727889,0.015472706674430724
2010,42,china,55885279.686000004,31710988.395,543726.294,0.5674300741299505,0.009729329387899808
2010,42,us,55885279.686000004,811719.1010000001,11231252.502,0.014524738993179744,0.20096978247410607
2010,43,aus,6600271.2360000005,2963.512,30468.346999999998,0.0004489985174906227,0.004616226501998257
2010,43,china,6600271.2360000005,1345490.6870000002,1280449.145,0.20385384765117856,0.19399947353921138
2010,43,us,6600271.2360000005,254001.01499999998,329505.353,0.0384834207440744,0.049923001831011414
2010,44,aus,112230516.076,1580201.813,1395200.088,0.014079965665754602,0.012431557269639583
2010,44,china,112230516.076,11635115.165,10606448.488,0.10367158213120002,0.09450592279926388
2010,44,us,112230516.076,7102139.658,12202278.554000001,0.0632817161171262,0.1087251398339547
2010,45,aus,1750118.821,2056.137,25929.423,0.001174855658557597,0.01481580718341409
2010,45,china,1750118.821,80443.236,46116.3,0.04596444254798401,0.026350382297842853
2010,45,us,1750118.821,29148.059999999998,260368.65200000003,0.016654903455837984,0.1487719855793723
2010,46,aus,2002329.5899999999,856.39,30525.615,0.0004276968208815213,0.01524505014182006
2010,46,china,2002329.5899999999,1309901.195,8399.467,0.6541886018874645,0.004194847362766088
2010,46,us,2002329.5899999999,12685.78,467989.55000000005,0.006335510429129703,0.2337225361584953
2010,47,aus,49030229.985,275519.62,181641.39500000002,0.005619382574470704,0.0037046816842501093
2010,47,china,49030229.985,164911.508,12951257.053,0.0033634659280703354,0.26414840511582804
2010,47,us,49030229.985,9423408.898,3960697.989,0.19219589426529182,0.08078073446140699
2010,48,aus,176117394.229,1048896.1199999999,2573189.532,0.005955664541778041,0.014610649579871487
2010,48,china,176117394.229,12129244.082,4461697.535,0.06887022224635415,0.025333656306534905
2010,48,us,176117394.229,16712302.770000001,16745710.374,0.09489297092523133,0.09508266033181294
2010,49,aus,43946133.427,248205.248,948223.797,0.005647942802801976,0.021576956220167077
2010,49,china,43946133.427,5548510.626,1088155.933,0.126257083236157,0.02476113023248251
2010,49,us,43946133.427,6210059.439,4514014.782,0.14131071279150603,0.10271699533016575
2010,50,aus,2698625.107,2966.153,16789.278000000002,0.0010991348862448719,0.006221419179881662
2010,50,china,2698625.107,1364769.919,96540.555,0.5057278669274606,0.03577397792289939
2010,50,us,2698625.107,22189.036,161685.241,0.008222348462720354,0.05991393194282618
2010,51,aus,12359853.304,1950890.607,130362.168,0.15784091922584845,0.010547226151770839
2010,51,china,12359853.304,2144282.9729999998,2682783.182,0.17348773648519347,0.21705623165703555
2010,51,us,12359853.304,101336.636,254187.482,0.008198854266919542,0.020565574343648373
2010,52,aus,56903163.707,997197.6379999999,114508.694,0.017524467411595405,0.0020123431904351848
2010,52,china,56903163.707,10134062.98,9401650.188,0.17809313788212708,0.16522192397614344
2010,52,us,56903163.707,7511751.180000001,1252495.002,0.13200937681916505,0.022010990609401267
2010,53,aus,3518545.997,1508.766,21911.327,0.0004288038301293806,0.006227381145132718
2010,53,china,3518545.997,629786.341,547089.919,0.17899050958463283,0.15548749951441945
2010,53,us,3518545.997,19267.96,192608.765,0.005476114285965948,0.05474101096425144
2010,54,aus,40635469.785,27872.472,230912.174,0.0006859148460069908,0.005682527486989653
2010,54,china,40635469.785,9145724.806,3505475.951,0.22506752978098984,0.08626640640670029
2010,54,us,40635469.785,1670846.916,2147910.118,0.041117942645682644,0.05285801122429425
2010,55,aus,36491575.322,37171.93,167751.868,0.0010186441575074955,0.004597002637451663
2010,55,china,36491575.322,7503399.023,2761144.334,0.20562003576963583,0.0756652545042462
2010,55,us,36491575.322,2396235.357,1761943.179,0.06566544019696953,0.04828356034105663
2010,56,aus,20092887.982,47958.319,224332.074,0.00238683055631241,0.011164750144477265
2010,56,china,20092887.982,2486967.096,1118505.933,0.12377350126213428,0.05566675800920214
2010,56,us,20092887.982,2009079.219,1647798.311,0.09998956948348153,0.08200903287153954
2010,57,aus,13662680.64,57252.703,374181.269,0.004190444357777216,0.027387104980300555
2010,57,china,13662680.64,1875329.599,138153.878,0.13725927205746352,0.010111769545101509
2010,57,us,13662680.64,1008240.0190000001,1818793.678,0.07379518306591992,0.1331212904644165
2010,58,aus,10985890.434,10082.652,67860.376,0.0009177819550061607,0.0061770483155357495
2010,58,china,10985890.434,3279726.255,595131.363,0.29853986572173014,0.05417233737905673
2010,58,us,10985890.434,476302.20300000004,895265.565,0.04335581224494124,0.0814923078268887
2010,59,aus,20129815.123,33311.564,182426.51799999998,0.0016548370562002204,0.009062503400319976
2010,59,china,20129815.123,3903115.081,1600217.316,0.19389721451243552,0.0794948838934749
2010,59,us,20129815.123,1797073.365,1928367.247,0.08927421111516783,0.0957965701730007
2010,60,aus,23074329.213,32747.151,108530.045,0.0014192027294795797,0.004703497293384136
2010,60,china,23074329.213,7153395.379000001,1789654.3750000002,0.31001531238315705,0.07756040743285031
2010,60,us,23074329.213,1137745.062,844627.575,0.04930782825786321,0.03660464264001831
2010,61,aus,177589687.51000002,61475.977,2369510.5949999997,0.0003461686197096231,0.013342613685643054
2010,61,china,177589687.51000002,73659954.773,691012.549,0.4147760819098926,0.003891062362284349
2010,61,us,177589687.51000002,1573354.851,40992282.582,0.008859494450720314,0.23082580501579936
2010,62,aus,175982338.014,60076.691,2507499.501,0.0003413790933679986,0.014248586132549961
2010,62,china,175982338.014,74898348.91,1234128.071,0.4256015106700172,0.007012795061864792
2010,62,us,175982338.014,1525129.279,35545247.203999996,0.008666376956980028,0.20198190116767428
2010,63,aus,48445793.263,89118.95999999999,978435.702,0.0018395603415181092,0.020196504920217104
2010,63,china,48445793.263,19805401.666,255588.73,0.40881571612382256,0.005275767260378486
2010,63,us,48445793.263,1527405.5499999998,12006759.197,0.031528135821991814,0.2478390462473869
2010,64,aus,103753993.212,49259.135,1305345.822,0.000474768570105529,0.012581162243392344
2010,64,china,103753993.212,50016211.702999994,912300.944,0.48206541410702264,0.00879292368184712
2010,64,us,103753993.212,782608.277,20500320.305999998,0.00754292199049053,0.19758584389240613
2010,65,aus,6827955.918,10800.28,146876.137,0.001581773539505151,0.021510996667802446
2010,65,china,6827955.918,3896187.5659999996,25367.219,0.5706228354123947,0.003715199586032243
2010,65,us,6827955.918,178706.562,1759238.262,0.026172776178722837,0.25765225832262034
2010,66,aus,2866414.96,2208.432,33880.488,0.0007704509049869039,0.011819812718253466
2010,66,china,2866414.96,2284463.869,7261.682000000001,0.7969759790117757,0.002533367325155183
2010,66,us,2866414.96,16617.542999999998,475416.46499999997,0.005797326357799918,0.16585751596830905
2010,67,aus,4574976.879,1326.578,33799.028,0.0002899638697824335,0.0073878030193210075
2010,67,china,4574976.879,3211446.281,203997.90899999999,0.7019590187966063,0.04458993223252965
2010,67,us,4574976.879,81235.633,1627971.638,0.017756512250998856,0.3558425935380558
2010,68,aus,38778053.0,63273.126,591086.104,0.0016316736170328098,0.015242799941502995
2010,68,china,38778053.0,7000788.449,1174715.4610000001,0.18053481047643108,0.030293306912546645
2010,68,us,38778053.0,2781309.9409999996,5114256.6049999995,0.0717238160719415,0.131885337435585
2010,69,aus,39441243.588,67655.118,683420.548,0.001715339371818998,0.017327560843135553
2010,69,china,39441243.588,11709953.91,546000.05,0.29689616362813553,0.013843378157734372
2010,69,us,39441243.588,1563504.507,4454297.242,0.03964135926676755,0.11293501007547388
2010,70,aus,63673141.123,157554.314,672766.279,0.0024744234573828533,0.010565935135827364
2010,70,china,63673141.123,11280430.303,3519012.471,0.17716151746321313,0.0552668269373138
2010,70,us,63673141.123,5698798.527,5786608.052,0.08950082289785889,0.09087988985531235
2010,71,aus,439252821.526,10935437.681,8965112.876,0.024895543398012563,0.02040991528490237
2010,71,china,439252821.526,13801618.68,13696163.484,0.03142067165795783,0.031180593072614567
2010,71,us,439252821.526,28118146.449,53051456.09,0.06401358186229805,0.12077658580699592
2010,72,aus,410488321.072,2976501.8,2446457.861,0.007251124203063304,0.0059598720241565385
2010,72,china,410488321.072,29572705.788000003,24904861.385,0.07204274584663012,0.06067130319313437
2010,72,us,410488321.072,20156426.195,22744576.797000002,0.049103531477731235,0.055408584433296416
2010,73,aus,258971548.775,893553.367,4107114.3510000003,0.003450392026563266,0.015859326518405884
2010,73,china,258971548.775,47758507.765,8123090.409,0.18441604103195755,0.031366729076704535
2010,73,us,258971548.775,18975064.021,28735429.011,0.07327084427133708,0.11095979132428155
2010,74,aus,171683422.245,4811662.0,1128831.9289999998,0.02802636350720887,0.006575078212205635
2010,74,china,171683422.245,5537283.506,46429831.578,0.032252872371672826,0.2704386420707675
2010,74,us,171683422.245,7757423.943999999,9070235.818,0.04518446709974015,0.05283116855077809
2010,75,aus,35001504.62,3898750.116,79122.80099999999,0.11138807197940397,0.00226055427785207
2010,75,china,35001504.62,431203.909,4818363.108,0.01231958207744042,0.1376615994172653
2010,75,us,35001504.62,1774959.219,3336680.731,0.050710940522990584,0.0953296370320437
2010,76,aus,150389290.406,4800196.701,1542956.634,0.031918474301202565,0.010259750743118353
2010,76,china,150389290.406,13157757.776,7377628.242,0.08749132162588523,0.049056872481297774
2010,76,us,150389290.406,9521479.74,15974335.739,0.063312219336199,0.10621990233396754
2010,78,aus,7368483.944,842971.5889999999,40153.221,0.11440231062543249,0.005449319195802267
2010,78,china,7368483.944,200822.472,159802.541,0.027254245720861683,0.021687302600438427
2010,78,us,7368483.944,178851.951,648476.358,0.024272557606050744,0.08800675456829088
2010,79,aus,15081692.81,1171037.632,24370.481,0.07764629917561622,0.0016158982487589867
2010,79,china,15081692.81,441331.397,1474946.829,0.029262722862739437,0.09779716690834786
2010,79,us,15081692.81,265533.308,1921202.7489999998,0.01760633314477382,0.1273864129977595
2010,80,aus,7110259.391,12774.913,24460.296000000002,0.0017966873355098952,0.0034401411615111077
2010,80,china,7110259.391,340684.691,447024.714,0.04791452354484151,0.06287038058918545
2010,80,us,7110259.391,188872.612,918626.164,0.026563392643462563,0.12919727867632727
2010,81,aus,17728740.245,233106.84,78130.822,0.013148528140105309,0.0044070148764255865
2010,81,china,17728740.245,3979088.245,1663217.7419999999,0.22444280811899278,0.09381477301914182
2010,81,us,17728740.245,2237948.27,2466663.862,0.1262327858084087,0.1391336230274832
2010,82,aus,52127640.062,173921.276,896002.145,0.0033364502170660343,0.01718861901160892
2010,82,china,52127640.062,11152504.868999999,2169999.69,0.2139460918571288,0.0416285810640771
2010,82,us,52127640.062,4968792.55,7248288.112,0.09531972949648548,0.13904884440153
2010,83,aus,53080478.134,105407.373,818417.579,0.0019858030052762976,0.015418428917198721
2010,83,china,53080478.134,12736131.126,1495217.2079999999,0.239940022654808,0.02816887225893804
2010,83,us,53080478.134,3493145.086,7783743.54,0.06580847062420321,0.1466404187307843
2010,84,aus,1863475493.56,5449114.318,30241373.141000003,0.0029241674155799945,0.016228479121679577
2010,84,china,1863475493.56,375498097.462,150475362.51000002,0.20150417795119224,0.0807498478139525
2010,84,us,1863475493.56,198779160.191,266128747.395,0.10667119630924181,0.1428131189890699
2010,85,aus,1978450170.727,2426971.633,20723102.841000002,0.0012267034413650088,0.01047441231910587
2010,85,china,1978450170.727,497491648.854,172773712.278,0.25145523309853796,0.08732780579179948
2010,85,us,1978450170.727,137784431.462,253414008.03,0.06964260889692755,0.1280871319275535
2010,86,aus,29505543.35,107001.88799999999,1258668.611,0.0036265011876149703,0.042658716569610296
2010,86,china,29505543.35,2821658.965,2036334.8260000001,0.09563148631187636,0.06901533050398816
2010,86,us,29505543.35,2237006.837,2153715.349,0.07581649354713543,0.0729935837294113
2010,87,aus,1089975071.012,2837424.318,25680583.795999996,0.0026032011129993645,0.02356070746843463
2010,87,china,1089975071.012,39137000.252000004,50731274.967,0.035906326018688484,0.046543518577812935
2010,87,us,1089975071.012,93593444.235,187068162.745,0.08586750901385486,0.17162609285303598
2010,88,aus,192701204.058,613955.514,2925675.6670000004,0.00318604918428641,0.015182446219274367
2010,88,china,192701204.058,1370664.339,12843852.402999999,0.007112899712798119,0.06665164582538988
2010,88,us,192701204.058,51979262.881000005,20329271.678,0.26974020808585647,0.10549633966937338
2010,89,aus,177997814.94,631761.738,1173081.624,0.0035492668166345527,0.006590427103812626
2010,89,china,177997814.94,28214772.728,2115153.331,0.15851190497765782,0.011883029753556141
2010,89,us,177997814.94,3241243.244,6491491.395,0.018209455240181277,0.036469500466554436
2010,90,aus,463125115.538,2489733.852,6682072.762,0.005375942198919062,0.014428223686892075
2010,90,china,463125115.538,51465713.578999996,73027278.5,0.11112701914085066,0.15768369291560916
2010,90,us,463125115.538,77286920.11299999,58819967.493,0.16688129734276633,0.12700664576282034
2010,91,aus,35531898.802,38764.988000000005,342160.13,0.0010909911743252523,0.0096296607143534
2010,91,china,35531898.802,7034361.2,1711562.797,0.19797312941812312,0.04816975322758885
2010,91,us,35531898.802,650106.3870000001,3729509.607,0.018296415584843646,0.10496229395964832
2010,92,aus,6505149.523,7080.119,140138.201,0.0010883868195445934,0.021542656399290885
2010,92,china,6505149.523,2067111.53,225283.721,0.3177654137989289,0.034631597660203385
2010,92,us,6505149.523,670908.8779999999,1241311.848,0.10313504334187767,0.1908198794833451
2010,93,aus,10743106.435,69106.523,337309.57,0.006432638773349359,0.031397768610118025
2010,93,china,10743106.435,365330.6,29523.895000000004,0.03400604864248466,0.0027481711345439166
2010,93,us,10743106.435,3045671.6330000004,2689547.985,0.2835000892365263,0.250351050813172
2010,94,aus,173700848.526,228972.056,3385030.715,0.0013181976826424477,0.019487703967625235
2010,94,china,173700848.526,60961652.47400001,2272274.362,0.35095771259214725,0.01308153864118793
2010,94,us,173700848.526,7310067.584999999,41024132.475,0.04208423647340911,0.23617692615277813
2010,95,aus,110187423.23099999,209460.168,2390699.869,0.0019009444259430756,0.021696667359105675
2010,95,china,110187423.23099999,71728648.66299999,772213.866,0.650969471467048,0.007008185175372595
2010,95,us,110187423.23099999,4366538.589000001,31384896.462,0.03962828479840088,0.28483193037560944
2010,96,aus,26853108.207000002,29062.042999999998,364623.098,0.0010822599296875502,0.01357843178485204
2010,96,china,26853108.207000002,9624739.377999999,838914.976,0.35842179995725953,0.031240889119171455
2010,96,us,26853108.207000002,1321503.653,3821302.185,0.04921231623591021,0.14230390595915718
2010,97,aus,16740200.019,60317.416,113953.311,0.003603147867500997,0.006807165438325938
2010,97,china,16740200.019,612446.027,94130.327,0.03658534702720866,0.005623010889545095
2010,97,us,16740200.019,4230347.473999999,5823325.074,0.25270590967841405,0.3478647248772757
2011,01,aus,21205086.928,1377560.608,118382.61799999999,0.06496368596258932,0.005582746177931631
2011,01,china,21205086.928,569859.844,379780.29500000004,0.02687373298373682,0.017909867395946574
2011,01,us,21205086.928,1096176.347,2366081.8800000004,0.05169402750962399,0.11158086208435845
2011,02,aus,116036297.715,7332957.709,486556.913,0.06319537811358547,0.0041931440642396746
2011,02,china,116036297.715,959933.688,3638825.495,0.008272701791621446,0.03135937259854172
2011,02,us,116036297.715,16068303.386,5258405.581,0.13847652590110907,0.04531690242233786
2011,03,aus,101587559.632,872028.975,768817.221,0.008584013418167707,0.007568025295469577
2011,03,china,101587559.632,10196336.308,5808564.352,0.10036993057945416,0.05717791010081816
2011,03,us,101587559.632,5444516.038,13301933.821,0.053594318612659946,0.13094057844470458
2011,04,aus,85473367.341,2311064.361,665325.936,0.02703841480563063,0.007784014561467445
2011,04,china,85473367.341,502039.536,2702085.024,0.005873637035932956,0.03161318090136668
2011,04,us,85473367.341,4287185.1790000005,2117390.148,0.05015814062754863,0.024772513519358292
2011,05,aus,9590470.118,248773.991,72004.64499999999,0.025939707640930475,0.007507936953461449
2011,05,china,9590470.118,1971036.746,747970.737,0.20552034694322582,0.07799103983402869
2011,05,us,9590470.118,833645.202,728395.9099999999,0.08692433131462055,0.07594996919211504
2011,06,aus,20077070.502,21212.494,54718.951,0.0010565532455487912,0.0027254449793633543
2011,06,china,20077070.502,327064.99,143793.50199999998,0.01629047375051151,0.007162075860901909
2011,06,us,20077070.502,352577.243,2041822.7249999999,0.017561189664840677,0.1016992356926077
2011,07,aus,62716149.609,1018675.825,293329.166,0.016242639756280833,0.004677091432250589
2011,07,china,62716149.609,7246731.975000001,1801677.3,0.11554810077116194,0.028727485842680825
2011,07,us,62716149.609,3446499.56,7845677.297,0.05495394059563591,0.12509819792690394
2011,08,aus,94560269.078,567609.981,700423.689,0.006002626542145255,0.007407166834754257
2011,08,china,94560269.078,2971260.5,3658632.759,0.03142187018893838,0.038691014679559564
2011,08,us,94560269.078,11130298.706,10390122.174,0.11770586964826574,0.10987830592391286
2011,09,aus,50743162.217,43685.62,585916.306,0.0008609163893487983,0.01154670462779527
2011,09,china,50743162.217,2117785.074,261345.457,0.041735378353903584,0.0051503581089876165
2011,09,us,50743162.217,959458.487,9004233.869,0.01890813353131078,0.17744723575747903
2011,10,aus,127611139.91700001,9136594.536,164075.106,0.07159715477772993,0.0012857428129449877
2011,10,china,127611139.91700001,766567.9149999999,2238855.2630000003,0.006007061103745221,0.017544355958705342
2011,10,us,127611139.91700001,30725789.329,2356453.1010000003,0.24077670138347218,0.018465888656215037
2011,11,aus,19859385.416,782997.255,86090.757,0.0394270637584367,0.004335016174802657
2011,11,china,19859385.416,738206.098,672583.285,0.03717164869589839,0.033867275895563397
2011,11,us,19859385.416,1030107.0430000001,1279076.963,0.051870036329023525,0.06440667403380435
2011,12,aus,86663211.61,1596846.939,196176.485,0.018425891555762988,0.0022636650702818326
2011,12,china,86663211.61,2804258.1599999997,29762565.700999998,0.03235811491293058,0.3434279107372213
2011,12,us,86663211.61,23735309.749999996,2155275.056,0.2738798771595628,0.02486954978888994
2011,13,aus,7414463.1790000005,29057.287999999997,91290.79299999999,0.003919000917328582,0.012312529012021138
2011,13,china,7414463.1790000005,669295.041,215036.93899999998,0.09026884682570759,0.029002361170131583
2011,13,us,7414463.1790000005,609994.819,1847397.5720000002,0.08227093509988553,0.2491613387780235
2011,14,aus,1146215.909,831.889,4812.67,0.0007257698950678236,0.0041987464684544
2011,14,china,1146215.909,154178.775,259158.66,0.13451111068115526,0.22609933954423939
2011,14,us,1146215.909,93747.038,83972.825,0.08178828898107712,0.0732609138824996
2011,15,aus,116517296.518,837635.473,592296.902,0.0071889367332737516,0.005083338866418857
2011,15,china,116517296.518,691053.877,11486323.658,0.005930912385125959,0.09858041682442874
2011,15,us,116517296.518,5305809.493000001,6880588.21,0.04553666838794479,0.059052075662749885
2011,16,aus,44169905.919,192669.74099999998,697090.267,0.004362013841580806,0.015782018378720196
2011,16,china,44169905.919,5810960.072000001,237334.323,0.13155925852901523,0.005373213233354635
2011,16,us,44169905.919,2121982.97,4689383.901,0.04804137400453946,0.10616694338447363
2011,17,aus,59556747.79,1546562.239,388884.966,0.02596787595678082,0.006529654160620513
2011,17,china,59556747.79,1317830.628,2144191.4719999996,0.02212731011852318,0.03600249428596275
2011,17,us,59556747.79,2345263.293,4936561.765,0.03937863264914184,0.08288837030535243
2011,18,aus,47595285.664,231990.942,630965.247,0.004874242033922127,0.013256885386807289
2011,18,china,47595285.664,364331.219,581967.807,0.007654775339978092,0.012227425445209323
2011,18,us,47595285.664,1445745.615,4977722.389,0.030375815479000885,0.10458435787402023
2011,19,aus,60001466.769,861585.248,829122.2829999999,0.014359403101211211,0.013818366910796409
2011,19,china,60001466.769,1711126.419,1518121.115,0.028518076492824344,0.02530140006151222
2011,19,us,60001466.769,3576093.815,5117263.204,0.059600106590187614,0.08528563516123666
2011,20,aus,56655408.338,226526.176,931190.453,0.00399831512374899,0.016436038152697074
2011,20,china,56655408.338,6362260.48,624096.835,0.1122974958020503,0.01101566211078572
2011,20,us,56655408.338,4639577.7299999995,7186041.789,0.08189117095972169,0.12683770181531226
2011,21,aus,57954293.683,570577.308,1198810.2,0.009845298281451923,0.020685442334217465
2011,21,china,57954293.683,2107324.909,861838.5769999999,0.03636184267082443,0.014871004756163684
2011,21,us,57954293.683,6752932.594,3845480.051,0.11652169606168229,0.06635366953196105
2011,22,aus,104383134.839,2767452.159,1639326.167,0.026512445360723298,0.015704894948101414
2011,22,china,104383134.839,1209875.826,2856467.279,0.011590721315910909,0.027365218369862145
2011,22,us,104383134.839,7383580.21,17688744.913,0.070735375225015,0.16945979769895803
2011,23,aus,68776035.862,615961.417,575841.4010000001,0.008956047106813985,0.008372704151711116
2011,23,china,68776035.862,2018913.222,3049336.408,0.029354893702378766,0.04433719346835477
2011,23,us,68776035.862,9854551.882,2111746.201,0.1432846740654446,0.030704680409863194
2011,24,aus,43096046.872,111613.552,290633.608,0.002589879121198854,0.006743857710736528
2011,24,china,43096046.872,1411522.945,1070791.381,0.03275295641830858,0.024846626517285177
2011,24,us,43096046.872,1647849.181,1476045.6400000001,0.03823666671549466,0.03425014002755329
2011,25,aus,57961687.629,1156548.872,392928.83400000003,0.019953678357380045,0.006779113067153099
2011,25,china,57961687.629,5020179.068,5593483.643,0.08661202379290715,0.09650311907414873
2011,25,us,57961687.629,2783497.907,3403288.4220000003,0.04802306524986914,0.05871617203045743
2011,26,aus,284951199.177,83201119.376,1475043.596,0.29198374885349715,0.005176477938188158
2011,26,china,284951199.177,870009.668,134158495.67899999,0.0030531883021119896,0.4708121814067757
2011,26,us,284951199.177,7274475.069,6024877.169,0.025528845254942742,0.021143540319890332
2011,27,aus,3206994028.25,75152209.12,36151875.435,0.02343384754009325,0.011272822810564272
2011,27,china,3206994028.25,20606795.316,269675573.901,0.0064255795721717525,0.08408982727297351
2011,27,us,3206994028.25,127996926.612,451875291.702,0.03991180697079304,0.14090306614901318
2011,28,aus,152783262.817,4802312.681,1702398.174,0.03143219088567372,0.011142569824805288
2011,28,china,152783262.817,19795929.846,10739176.36,0.129568707206568,0.07029026715356326
2011,28,us,152783262.817,16155305.37,18417879.675,0.10574002068112934,0.12054906627475602
2011,29,aus,470715501.388,435871.499,3580841.243,0.0009259765138703625,0.007607230338582783
2011,29,china,470715501.388,40207099.19,62394979.61,0.0854169855707773,0.1325534838474955
2011,29,us,470715501.388,45564235.553,59818697.526,0.09679782250349654,0.12708036457183255
2011,30,aus,445356366.386,2591043.663,9443893.189,0.005817910910370341,0.021205250226095956
2011,30,china,445356366.386,5152091.429,9341745.202,0.011568469248140423,0.020975887866624337
2011,30,us,445356366.386,53805357.298999995,64982423.659,0.12081416447601813,0.14591106934503398
2011,31,aus,87590559.362,526543.471,1729855.108,0.0060114180664592705,0.01974933281166457
2011,31,china,87590559.362,8489772.213,3991142.889,0.09692565357315407,0.04556590251359331
2011,31,us,87590559.362,5483190.196,9506511.283,0.0626002418061827,0.10853351493864614
2011,32,aus,81197630.111,803055.554,653986.375,0.009890135375899457,0.008054254466614084
2011,32,china,81197630.111,6272338.129,4445304.701,0.07724779800131475,0.05474672961419087
2011,32,us,81197630.111,8525301.717,3653386.324,0.10499446480575375,0.044993755593675494
2011,33,aus,96196207.146,460725.263,1423302.45,0.004789432729928144,0.01479582711447042
2011,33,china,96196207.146,4172446.28,1919132.051,0.04337433256248188,0.019950184190601954
2011,33,us,96196207.146,9691034.016,8381654.203,0.10074237127968688,0.08713081785312908
2011,34,aus,54601486.71,200699.166,633165.6039999999,0.003675708814779267,0.011596123881440734
2011,34,china,54601486.71,2688982.239,3043989.795,0.049247417992146464,0.05574921084415285
2011,34,us,54601486.71,6745712.59,2740304.6130000004,0.12354448562596657,0.05018736261806085
2011,35,aus,26399300.221,299423.639,292726.184,0.011342105150265151,0.01108840694826992
2011,35,china,26399300.221,1749921.31,1711614.466,0.06628665515186574,0.06483559987088038
2011,35,us,26399300.221,3262651.88,2367274.634,0.1235885744200386,0.08967187062469523
2011,36,aus,4734708.788,49026.735,148910.483,0.010354751938336107,0.0314508219338452
2011,36,china,4734708.788,936675.699,131964.479,0.19783174445152382,0.02787172029132196
2011,36,us,4734708.788,809889.973,703600.8809999999,0.1710538090648037,0.14860489050208509
2011,37,aus,18711854.877,16881.323,224022.281,0.0009021726125478865,0.011972211331938067
2011,37,china,18711854.877,1037252.4940000001,1755431.67,0.0554329060811046,0.09381387796875867
2011,37,us,18711854.877,3058690.363,1803390.9980000001,0.16346270228718168,0.09637692307119533
2011,38,aus,188904775.239,567940.831,1721649.985,0.0030064927171981133,0.009113851054436236
2011,38,china,188904775.239,14207901.283,13103619.941,0.07521197526650313,0.06936627157477337
2011,38,us,188904775.239,28603808.611,11277994.981,0.1514191929495208,0.05970201106208787
2011,39,aus,569096504.717,1239242.842,5400589.94,0.0021775618576611185,0.009489761218416905
2011,39,china,569096504.717,54163320.324,62960732.423,0.09517422770138838,0.11063278706009463
2011,39,us,569096504.717,60666382.181,42148996.324999996,0.10660122084420137,0.07406300333185112
2011,40,aus,230447404.798,250030.472,4029737.962,0.0010849784670787057,0.01748658426217596
2011,40,china,230447404.798,21321315.375,21707996.246000003,0.09252139503887805,0.0941993521907017
2011,40,us,230447404.798,15705116.453,28793512.113,0.06815054596412752,0.12494613310242794
2011,41,aus,33419149.011,1098847.37,108822.004,0.03288077053183825,0.0032562769316531954
2011,41,china,33419149.011,943924.881,6398299.785,0.028245030437169562,0.19145609551260515
2011,41,us,33419149.011,3524607.887,887210.556,0.10546671567968012,0.02654796971963506
2011,42,aus,66157686.545,49928.746,995926.1869999999,0.0007546930463785007,0.015053824264586063
2011,42,china,66157686.545,35313354.295,955583.56,0.5337755314490947,0.014444029256525147
2011,42,us,66157686.545,910923.577,11216981.963,0.013768975678742879,0.1695491869318962
2011,43,aus,8346529.915,3505.919,37062.249,0.00042004510086273377,0.004440438047600289
2011,43,china,8346529.915,1725221.76,1550411.405,0.2066992843216809,0.18575520854644897
2011,43,us,8346529.915,354900.61,407905.59500000003,0.042520737793341985,0.0488712793405234
2011,44,aus,126542770.367,1530850.208,1430904.6700000002,0.012097492441174003,0.011307676178181361
2011,44,china,126542770.367,13185520.583,14393051.721,0.10419813431268563,0.1137406086436799
2011,44,us,126542770.367,8046690.0540000005,12030154.51,0.06358869835600207,0.09506789265882265
2011,45,aus,1966965.053,3472.412,28084.09,0.0017653653758128054,0.014277879496214924
2011,45,china,1966965.053,83023.692,51642.946,0.042209032577052094,0.02625514160571108
2011,45,us,1966965.053,27177.816000000003,286707.28099999996,0.013817132113531251,0.14576124805202625
2011,46,aus,2121972.123,896.088,29571.35,0.0004222901848178521,0.013935786280826649
2011,46,china,2121972.123,1367261.2380000001,8864.878,0.6443351555754627,0.004177659972020283
2011,46,us,2121972.123,11628.831,547372.908,0.005480199703829945,0.25795480631768886
2011,47,aus,55697770.794,311338.896,181782.676,0.005589790965808972,0.003263733420720357
2011,47,china,55697770.794,270252.10099999997,16902536.473,0.0048521170084083985,0.30346881449734453
2011,47,us,55697770.794,10800714.785999998,4115114.59,0.1939164643760482,0.07388293160277247
2011,48,aus,193653640.209,1174205.545,2393458.897,0.0060634313082508695,0.012359483118504088
2011,48,china,193653640.209,14498867.795,4844855.261,0.07487010199938482,0.025018147119626605
2011,48,us,193653640.209,17879957.108,17091201.963,0.09232956885655813,0.08825654888053941
2011,49,aus,50266280.725,277563.579,932431.8089999999,0.005521864259631873,0.018549846846660643
2011,49,china,50266280.725,5965001.436,1179483.254,0.11866804844053835,0.02346470112743755
2011,49,us,50266280.725,6780364.276,4445599.783,0.13488891913635806,0.08844099302515085
2011,50,aus,2849050.676,1354.434,16330.75,0.00047539835335663223,0.005731997025383904
2011,50,china,2849050.676,1498061.233,83592.348,0.5258106658542285,0.029340421602244607
2011,50,us,2849050.676,22620.597,185446.485,0.007939696261127508,0.06509062354073761
2011,51,aus,15551872.558,2876109.095,110742.74600000001,0.18493651386826135,0.00712086249337435
2011,51,china,15551872.558,2697399.895,3637940.244,0.17344534460015473,0.23392297168282902
2011,51,us,15551872.558,107229.102,302158.936,0.006894931886825458,0.019429103143246064
2011,52,aus,70930380.065,2566678.103,136731.031,0.03618587833094815,0.0019276793790573353
2011,52,china,70930380.065,11402801.660999998,13329104.282,0.16076047598434645,0.18791812859010937
2011,52,us,70930380.065,12228365.653,1372801.632,0.17239955068327606,0.019354212267606294
2011,53,aus,4020461.236,1290.981,20112.595,0.00032110271041548726,0.005002559114339388
2011,53,china,4020461.236,781473.423,601780.856,0.1943740723085534,0.1496795568159036
2011,53,us,4020461.236,18106.135000000002,231641.901,0.004503496971410671,0.05761575287079823
2011,54,aus,47685509.448,32778.957,241896.668,0.0006873986957347018,0.00507274999890235
2011,54,china,47685509.448,11901255.002,3817845.819,0.24957801939765492,0.08006301837171892
2011,54,us,47685509.448,1899054.584,2374815.277,0.03982456318456401,0.04980161278531969
2011,55,aus,43779074.838,41702.029,170360.476,0.0009525561961808034,0.003891367659787274
2011,55,china,43779074.838,9645209.75,3305765.392,0.22031552255709183,0.07551017019506802
2011,55,us,43779074.838,2795542.35,2059814.241,0.06385567443680844,0.04705020032109249
2011,56,aus,22383055.5,52407.25,239147.291,0.0023413805143806215,0.010684300496864692
2011,56,china,22383055.5,3156107.592,1100938.051,0.14100432320332673,0.04918622709933414
2011,56,us,22383055.5,2117555.232,1823254.045,0.09460527996278255,0.0814568880017297
2011,57,aus,14933200.186,59211.511,408445.53,0.003965091893398127,0.027351507038854344
2011,57,china,14933200.186,2195588.301,157100.39200000002,0.1470273132116974,0.010520209335121815
2011,57,us,14933200.186,1077097.736,1919770.72,0.07212772363487018,0.1285572212311063
2011,58,aus,11906840.976,10309.085000000001,61925.645000000004,0.0008658119328862699,0.005200845893954602
2011,58,china,11906840.976,3621827.971,610431.832,0.3041804268907538,0.05126732046144025
2011,58,us,11906840.976,476568.148,913054.632,0.040024734432969555,0.07668319698233954
2011,59,aus,22873546.732,39999.27,195848.626,0.001748713064425692,0.00856223253414428
2011,59,china,22873546.732,4909782.166,1715393.8260000001,0.21464892277205241,0.07499465850655207
2011,59,us,22873546.732,1819669.73,2107392.748,0.07955345759537541,0.09213231217228617
2011,60,aus,26892127.916,31372.078999999998,105586.353,0.001166589683716868,0.003926292234285384
2011,60,china,26892127.916,8509326.331,1950051.073,0.3164244331121603,0.07251382557346006
2011,60,us,26892127.916,1140682.9340000001,969630.3439999999,0.04241698305031966,0.036056289298813694
2011,61,aus,199593730.802,62054.708,2641233.235,0.0003109050958196639,0.013233047072105403
2011,61,china,199593730.802,81282208.905,954827.5,0.40723828638502274,0.004783855165006176
2011,61,us,199593730.802,1728834.457,42962004.435,0.00866176733133482,0.21524726384126244
2011,62,aus,202939798.16300002,75134.644,2826868.286,0.00037023119506432304,0.013929590507079722
2011,62,china,202939798.16300002,83006836.16,1943737.985,0.40902197061085777,0.009577904396252536
2011,62,us,202939798.16300002,1673727.689,38056335.671,0.00824740984346339,0.18752524647941837
2011,63,aus,54777985.67,101854.882,1091218.454,0.001859412695706012,0.019920748100776226
2011,63,china,54777985.67,21873481.623,390659.364,0.39931153647694906,0.007131685461262782
2011,63,us,54777985.67,1768234.7889999999,12398002.556,0.03228002576897238,0.22633184488910396
2011,64,aus,119151960.912,54650.833,1395213.2950000002,0.00045866499033417096,0.01170952860801375
2011,64,china,119151960.912,55147566.736,1270357.761,0.4628338997855804,0.010661660549071668
2011,64,us,119151960.912,867907.8960000001,22153977.083,0.007284042069949615,0.1859304447315129
2011,65,aus,7970264.662,12106.963,157850.551,0.0015190164333842796,0.01980493216901409
2011,65,china,7970264.662,4590765.421,30968.202,0.5759865720504226,0.003885467210097521
2011,65,us,7970264.662,192457.383,2087524.4109999998,0.024146924997056014,0.2619140642785345
2011,66,aus,3305145.986,2639.617,37125.645,0.0007986385506664274,0.011232679330128687
2011,66,china,3305145.986,2708748.479,10291.723,0.8195548670085279,0.0031138482365359577
2011,66,us,3305145.986,20805.716,530463.386,0.006294946150073022,0.16049620447839427
2011,67,aus,5308921.674,1881.537,38529.719999999994,0.00035441038981883465,0.007257541618799177
2011,67,china,5308921.674,3774156.414,260793.153,0.7109082871731967,0.04912356388251359
2011,67,us,5308921.674,106853.324,1934195.228,0.020127123841985693,0.36432920784508077
2011,68,aus,43841278.073,75893.613,606679.606,0.001731099464610264,0.013838091238805113
2011,68,china,43841278.073,7758716.206,1245636.595,0.17697285633600784,0.028412415188396052
2011,68,us,43841278.073,3154069.035,5501802.511,0.07194290799981168,0.12549366151778155
2011,69,aus,43065571.769999996,76006.032,647821.648,0.0017648908136161502,0.015042680762717297
2011,69,china,43065571.769999996,13076947.988,666704.3269999999,0.3036520229625643,0.015481144208665408
2011,69,us,43065571.769999996,1654596.5,4514303.046,0.03842040014786503,0.104823943128156
2011,70,aus,71360803.106,164264.142,630868.615,0.0023018819134644616,0.008840548137650606
2011,70,china,71360803.106,12885212.975,4366062.597,0.18056429319973016,0.06118292405586593
2011,70,us,71360803.106,6274957.171,6170546.756,0.08793282723681121,0.08646969326892541
2011,71,aus,639765517.513,16053038.765,12331356.203,0.02509206627359969,0.019274805949117797
2011,71,china,639765517.513,22838574.43,35585985.1,0.03569835166918936,0.055623480987746256
2011,71,us,639765517.513,48437871.636,65781833.139,0.07571191367783547,0.10282178601109634
2011,72,aus,498843756.91,3553644.773,2241967.362,0.007123763149833583,0.004494327794914129
2011,72,china,498843756.91,38727637.151,28221892.22,0.07763480371267256,0.05657461244942815
2011,72,us,498843756.91,25733813.558,29510191.271,0.05158692115824719,0.059157182709463366
2011,73,aus,304104357.056,964904.113,5258620.494,0.003172937482189101,0.01729215768201453
2011,73,china,304104357.056,56723228.956,8894070.737,0.18652553848662737,0.029246771809198973
2011,73,us,304104357.056,21017400.017,34361157.919,0.06911245935594966,0.11299133709114363
2011,74,aus,201629530.725,5940796.145,1171949.83,0.02946391891921118,0.005812391794922183
2011,74,china,201629530.725,6755226.599,52448973.299,0.033503160845091536,0.2601254543935556
2011,74,us,201629530.725,9448617.848000001,11573766.2,0.04686127976405824,0.057401146341928035
2011,75,aus,37985435.878,4227704.365,239987.64299999998,0.11129803481993364,0.0063178857225906805
2011,75,china,37985435.878,455903.67999999993,5267669.911,0.012002065251120244,0.13867604225784003
2011,75,us,37985435.878,2363197.0659999996,4150816.33,0.06221324071652133,0.10927388969107567
2011,76,aus,177647664.252,5589855.509000001,1534188.607,0.03146596681997787,0.008636131600490366
2011,76,china,177647664.252,18046372.776,8306559.635,0.10158519591003758,0.04675862004702087
2011,76,us,177647664.252,11241088.454,17335658.543,0.06327743458565313,0.09758450028596327
2011,78,aus,9043772.506,1103079.243,34275.28,0.1219711400599886,0.003789931688049474
2011,78,china,9043772.506,367779.21499999997,303284.363,0.04066657080947144,0.03353516055371684
2011,78,us,9043772.506,161053.87900000002,814780.827,0.017808262966936692,0.09009302550008218
2011,79,aus,16541448.912999999,1016330.302,22157.545,0.06144143160284233,0.0013395165753942078
2011,79,china,16541448.912999999,478865.78,1562172.0829999999,0.028949445874941297,0.09443985779095093
2011,79,us,16541448.912999999,310948.211,2415703.209,0.018798124193076245,0.14603939604719196
2011,80,aus,10012757.878,28693.38,43527.655,0.00286568199786844,0.004347219370563112
2011,80,china,10012757.878,633762.61,626677.3520000001,0.06329550936136198,0.06258788633818196
2011,80,us,10012757.878,201092.16800000003,1062998.1840000001,0.020083594395290342,0.10616437518534393
2011,81,aus,21539861.047,212642.613,107113.814,0.009872051288353886,0.004972818244568874
2011,81,china,21539861.047,5010390.540999999,1511461.329,0.23261016076507282,0.07017043079813699
2011,81,us,21539861.047,2826481.055,2922703.205,0.13122095118592528,0.13568811788630664
2011,82,aus,61191283.696,234215.725,993634.941,0.003827599469290271,0.016238177743359755
2011,82,china,61191283.696,13122276.345999999,2596892.122,0.21444682238064872,0.04243892210043235
2011,82,us,61191283.696,5597182.601,8257329.117,0.09147025953576915,0.13494289739078918
2011,83,aus,59641006.04,122783.897,936860.151,0.002058716060518016,0.015708322397708502
2011,83,china,59641006.04,14301866.964,1768751.088,0.23979922395018002,0.02965662730125201
2011,83,us,59641006.04,3870558.4699999997,8685604.94,0.06489760530538495,0.14563142905696028
2011,84,aus,2131850300.96,6226773.267,34590649.986999996,0.0029208304467701145,0.016225646787404995
2011,84,china,2131850300.96,435025458.86899996,171885348.57999998,0.20406004055402122,0.08062730694673907
2011,84,us,2131850300.96,214152375.417,301783948.72,0.10045375855920295,0.141559634175112
2011,85,aus,2140875489.602,2936465.055,23432521.573,0.0013716187929947781,0.010945298634511541
2011,85,china,2140875489.602,559282868.838,183518852.753,0.26124025967618214,0.08572140399772483
2011,85,us,2140875489.602,146586572.345,271462847.60899997,0.0684703865577214,0.1267999231751055
2011,86,aus,38741829.172,132545.109,999700.062,0.0034212403449394883,0.025804152342980138
2011,86,china,38741829.172,7567912.215,1891017.399,0.19534215024802135,0.048810741243129036
2011,86,us,38741829.172,3325294.003,5669299.391,0.0858321373582252,0.14633535669754566
2011,87,aus,1271190341.807,2784551.64,26554091.524,0.002190507234378255,0.020889154559067293
2011,87,china,1271190341.807,48799766.857,66178575.508999996,0.038389032115860026,0.05206031963311411
2011,87,us,1271190341.807,113674722.669,207413676.072,0.08942384073451276,0.16316492444173308
2011,88,aus,210069794.754,961891.813,3796728.6890000002,0.004578915374894392,0.01807365353713093
2011,88,china,210069794.754,1797229.391,14016317.156000001,0.008555391759698848,0.06672219189062216
2011,88,us,210069794.754,55862480.288,24184218.954,0.26592342965544935,0.11512468502347362
2011,89,aus,203391815.812,530974.523,2940536.4639999997,0.002610599255826462,0.014457496493949437
2011,89,china,203391815.812,29697449.356000002,2863339.079,0.14601103410891456,0.014077946389183396
2011,89,us,203391815.812,3729543.141,6188205.604,0.018336741456929158,0.03042504723847841
2011,90,aus,516017268.26600003,2923888.166,7375351.2979999995,0.005666260309127436,0.014292838150133581
2011,90,china,516017268.26600003,58271809.5,81313272.719,0.1129260842293395,0.15757858839151112
2011,90,us,516017268.26600003,83697693.515,66286734.257,0.16219940428787152,0.12845836434843896
2011,91,aus,45441246.091000006,43517.353,389279.427,0.0009576619644816244,0.008566653876974115
2011,91,china,45441246.091000006,8081696.711999999,2693888.981,0.17784936389762962,0.059282902929317906
2011,91,us,45441246.091000006,774685.4720000001,4840354.191000001,0.017048068410109744,0.10651895815767848
2011,92,aus,7045995.461,7537.874,158936.956,0.0010698096587944991,0.02255706193393473
2011,92,china,7045995.461,2187671.273,281502.141,0.3104843432143676,0.0399520752685878
2011,92,us,7045995.461,724494.775,1282303.97,0.10282362215674438,0.18199046211392386
2011,93,aus,10969911.431,64792.161,502280.865,0.005906352244276383,0.04578713950056139
2011,93,china,10969911.431,448499.94299999997,16024.917000000001,0.04088455461295511,0.00146080641587634
2011,93,us,10969911.431,3082356.607,2589299.856,0.2809828161683724,0.23603653249951204
2011,94,aus,192392124.643,253140.367,3891876.47,0.0013157522298260572,0.020228876193460147
2011,94,china,192392124.643,65712502.037,2612682.5670000003,0.34155505148111,0.013579987080282291
2011,94,us,192392124.643,8048875.603999999,42902853.081,0.04183578521696444,0.22299692963321602
2011,95,aus,113043619.703,267252.182,2370351.97,0.0023641509596220717,0.02096847196000656
2011,95,china,113043619.703,70730832.557,1769744.278,0.6256950435843388,0.015655410563193722
2011,95,us,113043619.703,4616132.178,29063245.952999998,0.040834964327292285,0.2570976232834546
2011,96,aus,29469803.695,30027.193,384530.162,0.001018913913060594,0.013048277008551686
2011,96,china,29469803.695,11002667.809,897827.1510000001,0.37335395657442977,0.0304660037878817
2011,96,us,29469803.695,1374202.476,4043479.8550000004,0.04663086630038036,0.13720755987546798
2011,97,aus,20903590.335,85901.044,128562.682,0.0041093918615584075,0.0061502679654384836
2011,97,china,20903590.335,713655.792,265967.521,0.03414034529776867,0.012723532978670958
2011,97,us,20903590.335,5325391.151000001,6423915.114999999,0.2547596401218892,0.3073115676326709
2012,01,aus,22355223.781,1314638.6300000001,109476.443,0.058806775672598226,0.004897130266843738
2012,01,china,22355223.781,611730.532,374963.35000000003,0.0273640978946459,0.016772963387585785
2012,01,us,22355223.781,1237398.699,2675026.669,0.05535165789982749,0.1196600264531255
2012,02,aus,114597666.581,7477443.426,564275.93,0.0652495260077114,0.004923973993843567
2012,02,china,114597666.581,844524.1140000001,4535916.154999999,0.007369470419391768,0.039581226130760004
2012,02,us,114597666.581,16789217.301,5762840.589,0.14650575183512166,0.05028759102112001
2012,03,aus,100843392.756,798243.022,843161.981,0.007915670032358229,0.008361102874038651
2012,03,china,100843392.756,9484860.197,5997887.319,0.09405534599524537,0.05947724640237411
2012,03,us,100843392.756,5335621.833000001,13141374.436,0.05290997939656826,0.13031467979064115
2012,04,aus,83761686.936,2258175.818,647090.699,0.026959531267862477,0.00772537806568323
2012,04,china,83761686.936,584295.0009999999,3263296.806,0.006975683303112599,0.03895930138672344
2012,04,us,83761686.936,4506327.052999999,2593604.2399999998,0.05379938272307194,0.030964087936549096
2012,05,aus,9940069.088,261844.785,79696.417,0.026342350609625864,0.008017692462139153
2012,05,china,9940069.088,1961261.71,740237.144,0.19730865979268736,0.0744700200216556
2012,05,us,9940069.088,917665.4579999999,709761.446,0.09231982694243422,0.07140407573794924
2012,06,aus,18529321.453,18574.791,60690.423,0.0010024539240206575,0.0032753721259541255
2012,06,china,18529321.453,323717.131,146741.161,0.01747053349045269,0.007919402843337352
2012,06,us,18529321.453,357931.94299999997,2069052.003,0.01931705615383173,0.11166366821624808
2012,07,aus,60826031.995,1357026.584,275454.11,0.022309963998827835,0.004528556293506747
2012,07,china,60826031.995,6586655.153,2246117.9000000004,0.10828678013291142,0.03692691806995786
2012,07,us,60826031.995,3500619.069,7959747.727,0.05755133047784141,0.1308608742989236
2012,08,aus,96905551.89999999,699970.621,713064.122,0.007223225163841207,0.007358341271672795
2012,08,china,96905551.89999999,3478171.586,4484988.868,0.03589238715227833,0.04628206310231024
2012,08,us,96905551.89999999,12389086.635,10940277.069,0.12784702622389174,0.11289628772033238
2012,09,aus,48147147.799,43183.421,612915.799,0.000896905070686179,0.012730054157283436
2012,09,china,48147147.799,2083280.6120000002,359899.536,0.0432690347660276,0.007474991820958395
2012,09,us,48147147.799,1069411.848,7992013.856,0.022211322931619457,0.16599142880413761
2012,10,aus,128084911.62,9278517.868999999,148609.382,0.07244036593886513,0.0011602411253629282
2012,10,china,128084911.62,783280.443,4865436.914,0.0061153217275413535,0.03798602702271982
2012,10,us,128084911.62,21951498.542999998,3276292.0250000004,0.1713823920816318,0.02557906301032587
2012,11,aus,19688710.152,819961.059,88727.511,0.041646255781601194,0.004506517202752714
2012,11,china,19688710.152,658173.89,771172.508,0.03342899991511847,0.039168259476950226
2012,11,us,19688710.152,1075498.003,1365950.264,0.05462511229516728,0.06937733622236525
2012,12,aus,92569543.531,2249857.38,204233.644,0.02430450982235383,0.0022062725623315355
2012,12,china,92569543.531,3258954.065,34568870.377,0.03520546759430255,0.3734367596338363
2012,12,us,92569543.531,27745298.319999997,2410742.944,0.2997238320691141,0.026042506552845672
2012,13,aus,10597911.22,36486.342,140261.78300000002,0.003442786153100082,0.013234851669195245
2012,13,china,10597911.22,755343.534,330638.869,0.07127286861721795,0.03119849394246954
2012,13,us,10597911.22,690332.174,4574725.22,0.06513851264362638,0.4316629121563824
2012,14,aus,1056940.777,1236.354,4506.51,0.001169747659380919,0.004263729906221605
2012,14,china,1056940.777,161580.191,184452.493,0.15287534979833595,0.1745154478035622
2012,14,us,1056940.777,52257.48,91012.75,0.04944220256912276,0.08610960233583646
2012,15,aus,112396398.333,650279.964,619607.009,0.005785594321922995,0.005512694518593671
2012,15,china,112396398.333,702451.354,12634598.541,0.006249767469584101,0.11241106235065572
2012,15,us,112396398.333,4459702.159,6233490.467,0.03967833689641116,0.05545987735774113
2012,16,aus,45503585.6,206776.725,751133.039,0.004544185304816946,0.016507117606134318
2012,16,china,45503585.6,6260129.351,266126.68700000003,0.13757441899259912,0.0058484772901061235
2012,16,us,45503585.6,2420323.373,4755344.85,0.05318972870129162,0.10450483818576264
2012,17,aus,56369076.603,1654181.0760000001,349287.942,0.029345541486339756,0.006196446048956755
2012,17,china,56369076.603,1306168.158,2513724.1659999997,0.023171714647716703,0.04459402774510267
2012,17,us,56369076.603,2626748.803,4560142.789,0.0465991100315488,0.08089795085905853
2012,18,aus,43722558.555,230573.063,581467.493,0.005273549184226143,0.013299027143357896
2012,18,china,43722558.555,355361.816,613159.142,0.008127653727148174,0.014023862332500225
2012,18,us,43722558.555,1575602.893,4328359.46,0.036036383621466224,0.0989960240902924
2012,19,aus,57767821.399,866786.0430000001,857954.6039999999,0.015004651759552158,0.014851773586442569
2012,19,china,57767821.399,1745767.08,1824002.142,0.030220407100729277,0.031574708857405084
2012,19,us,57767821.399,4009217.363,5370518.768,0.06940226004557967,0.09296730667590951
2012,20,aus,56475666.683,204065.46,897110.204,0.003613334237299525,0.015884897986871278
2012,20,china,56475666.683,6502847.394,658459.103,0.11514423425049097,0.011659164763754898
2012,20,us,56475666.683,4813360.7809999995,7494115.639,0.0852289324536454,0.13269636427781806
2012,21,aus,59718543.417,567004.911,1826401.1469999999,0.009494620574395847,0.030583484500730146
2012,21,china,59718543.417,2257238.039,968116.291,0.03779794197655254,0.016211317885633618
2012,21,us,59718543.417,7784318.649,4116284.626,0.13035010908829447,0.06892808147139474
2012,22,aus,107364629.987,2427678.371,1713519.716,0.022611528315181168,0.015959815781114113
2012,22,china,107364629.987,1424381.213,3625179.78,0.013266764046711359,0.03376512153433534
2012,22,us,107364629.987,7194878.02,19513777.649,0.06701348498915495,0.1817523857844318
2012,23,aus,74733249.902,629561.567,638158.391,0.00842411601028409,0.008539149466092223
2012,23,china,74733249.902,2793127.577,2947593.6739999996,0.037374630176831784,0.03944152941114256
2012,23,us,74733249.902,11397171.602,2696822.693,0.15250469659683555,0.03608598176228688
2012,24,aus,45111675.166,74841.761,356838.472,0.0016590330712526304,0.007910113527970778
2012,24,china,45111675.166,1482089.1380000003,1215258.773,0.03285378192111626,0.02693889704889351
2012,24,us,45111675.166,1568371.1199999999,1869738.038,0.03476641277959143,0.04144687669255948
2012,25,aus,58129419.242,1168744.649,423758.86100000003,0.020105906170064605,0.00728992077549991
2012,25,china,58129419.242,4570364.67,6024241.243000001,0.07862395202974597,0.10363498073015895
2012,25,us,58129419.242,2803322.1670000004,3399376.846,0.04822553198629805,0.05847945653556199
2012,26,aus,253354262.046,77179262.437,1095527.327,0.30462981681747686,0.004324092747257955
2012,26,china,253354262.046,1034882.806,116050376.192,0.004084726255017974,0.45805574871651233
2012,26,us,253354262.046,6936472.896,5201027.905,0.027378552229528258,0.020528677366618293
2012,27,aus,3385716204.7339997,77929161.921,37447250.268,0.02301703899814088,0.01106036300846487
2012,27,china,3385716204.7339997,19178606.494,302825203.635,0.005664564108233275,0.08944199257208316
2012,27,us,3385716204.7339997,139112436.899,424674000.505,0.04108803824268827,0.12543106829544937
2012,28,aus,141288882.666,6958467.854,1848897.883,0.04924993193165436,0.013085940295604883
2012,28,china,141288882.666,16135799.523,10099874.362,0.1142043111852207,0.07148385755074309
2012,28,us,141288882.666,14503104.774,16582231.335,0.10264859131404294,0.11736402059459683
2012,29,aus,459832460.162,513739.044,3365780.994,0.0011172309232345375,0.007319581120511213
2012,29,china,459832460.162,42249454.796000004,60218653.104,0.0918801051607262,0.13095781251020172
2012,29,us,459832460.162,45020733.84,58343089.418,0.09790681985377696,0.1268790145816274
2012,30,aus,450029205.931,3113550.377,10019498.909,0.006918551809451629,0.022264108144430573
2012,30,china,450029205.931,5283585.949,11785563.707,0.011740540123544998,0.026188441887051665
2012,30,us,450029205.931,56427558.478,64389536.522,0.12538643655641243,0.14307857284238665
2012,31,aus,84799729.272,412031.396,1699379.566,0.004858876314078617,0.020039917351022934
2012,31,china,84799729.272,8272638.153000001,3861215.0470000003,0.09755500664943209,0.045533341676303365
2012,31,us,84799729.272,4970486.881999999,9467823.470999999,0.058614419228354815,0.1116492181317161
2012,32,aus,79269068.321,723634.848,632382.4299999999,0.009128842603140503,0.007977669517183778
2012,32,china,79269068.321,6640481.317,4403136.005,0.08377140614431569,0.055546710693880064
2012,32,us,79269068.321,8519183.385000002,4009684.375,0.10747172340289883,0.05058321562154343
2012,33,aus,99607601.154,461062.119,1480479.189,0.004628784486910464,0.014863114580091938
2012,33,china,99607601.154,4461447.038000001,2094058.513,0.04479022671274159,0.021023079451160016
2012,33,us,99607601.154,10501395.241,8996543.219,0.10542764928917565,0.09031984622429311
2012,34,aus,55782699.761,190064.002,712712.722,0.003407221285709116,0.012776590682301235
2012,34,china,55782699.761,2856701.943,3119193.073,0.05121125286584352,0.05591685390567556
2012,34,us,55782699.761,7044907.561000001,2957591.459,0.1262919792549264,0.05301986945185064
2012,35,aus,26777942.691999998,291570.712,296224.681,0.010888465755328834,0.01106226435716804
2012,35,china,26777942.691999998,1921612.971,1799306.353,0.07176103829567491,0.067193599362566
2012,35,us,26777942.691999998,3501281.207,2529518.36,0.13075243484056076,0.09446275948434613
2012,36,aus,4862502.834,51649.512,140260.332,0.010622001418457169,0.028845295681734096
2012,36,china,4862502.834,984734.175,129052.10500000001,0.20251590767504735,0.02654026319483684
2012,36,us,4862502.834,810161.149,709381.738,0.1666140209389953,0.14588819013940754
2012,37,aus,18124297.533,21509.617,216471.38,0.0011867834855853665,0.011943711451760132
2012,37,china,18124297.533,1087688.9070000001,1834626.6030000001,0.06001274835725796,0.10122470124205284
2012,37,us,18124297.533,2699303.21,1736664.857,0.14893284581569113,0.09581970577551763
2012,38,aus,183498999.953,604253.074,1809033.314,0.0032929502294550307,0.009858545901957784
2012,38,china,183498999.953,12947209.897,12780745.415000001,0.07055738669047895,0.06965021835690419
2012,38,us,183498999.953,29400425.024,11752646.894,0.16022117303925576,0.06404747108709165
2012,39,aus,557624483.451,1263086.5320000001,5298631.351,0.0022651202905996344,0.009502149758934689
2012,39,china,557624483.451,59386727.92,61019746.436,0.10649949864552258,0.10942802593308651
2012,39,us,557624483.451,60908658.568,45118710.111,0.10922880966605229,0.08091235490911637
2012,40,aus,217533575.53,308543.887,4402075.719,0.0014183736292122352,0.020236304709628193
2012,40,china,217533575.53,22602751.651,17794643.1,0.10390465745773052,0.08180182326633963
2012,40,us,217533575.53,16006638.04,29264216.087,0.07358237918446078,0.1345273529187414
2012,41,aus,32082965.41,1064992.635,102063.672,0.0331949563075005,0.0031812418426941168
2012,41,china,32082965.41,863369.794,6688354.155,0.026910535948491052,0.20847057214091858
2012,41,us,32082965.41,3469668.6859999998,1014058.338,0.10814675768464134,0.03160737559764118
2012,42,aus,65501751.016,43026.549,1068317.369,0.0006568763175428696,0.016309752829951736
2012,42,china,65501751.016,33766878.426,1028315.638,0.5155110802725231,0.015699055705378245
2012,42,us,65501751.016,923666.534,11666761.485000001,0.014101402171285124,0.17811373442749923
2012,43,aus,9898071.42,8766.354,36518.153,0.0008856628355183155,0.00368942104481198
2012,43,china,9898071.42,2497957.304,1924835.8360000001,0.2523680824279201,0.1944657453279924
2012,43,us,9898071.42,419350.67,386346.864,0.04236690686558008,0.0390325395328376
2012,44,aus,124770839.506,1303041.55,1444389.868,0.010443478261099134,0.011576341665398044
2012,44,china,124770839.506,14041457.905000001,13907317.269,0.11253797730778892,0.11146288126346399
2012,44,us,124770839.506,8051934.841,13738474.696,0.06453378748495796,0.11010965984034549
2012,45,aus,1867775.284,2717.836,25240.048000000003,0.0014551193729148842,0.013513428631492696
2012,45,china,1867775.284,86842.598,45714.727999999996,0.04649520675421894,0.0244754968071416
2012,45,us,1867775.284,32848.799,246072.39200000002,0.017587125861121523,0.13174625133330548
2012,46,aus,2098284.281,474.277,40156.406,0.00022603085973363398,0.01913773379690109
2012,46,china,2098284.281,1323107.413,13220.323,0.6305663274422633,0.006300539502540362
2012,46,us,2098284.281,13595.357,559985.726,0.00647927314859392,0.26687791119186294
2012,47,aus,49390430.379,281950.772,150710.04700000002,0.005708611361278618,0.003051401776488254
2012,47,china,49390430.379,175553.228,15974336.912,0.0035543976161552613,0.3234297978256133
2012,47,us,49390430.379,9912831.396,3451970.0500000003,0.2007034828393553,0.06989147540345632
2012,48,aus,185350022.329,1124714.012,2541126.261,0.0060680543647500095,0.013709878364565017
2012,48,china,185350022.329,15375373.712000001,4694977.647,0.08295317971264339,0.02533033224385763
2012,48,us,185350022.329,17643740.02,17112305.626,0.09519146422697489,0.09232427064737718
2012,49,aus,42517037.965,253824.116,961454.0530000001,0.005969938832732135,0.022613382752379608
2012,49,china,42517037.965,5986519.461999999,1238900.035,0.14080283454666098,0.029138907466222403
2012,49,us,42517037.965,6239207.627,4267953.963,0.14674605583145542,0.1003822036359489
2012,50,aus,2717899.768,1671.3529999999998,12942.322999999999,0.0006149428392018612,0.004761883845894643
2012,50,china,2717899.768,1429819.4330000002,67612.806,0.5260751149966617,0.024876857784109422
2012,50,us,2717899.768,14417.842,170038.693,0.00530477325534692,0.06256253265922498
2012,51,aus,13974822.408,2660680.151,81504.948,0.19039098124616397,0.005832270752388369
2012,51,china,13974822.408,2473691.3649999998,3391022.292,0.17701057607600904,0.24265226369236592
2012,51,us,13974822.408,98160.341,329573.734,0.007024085039091969,0.02358339336114446
2012,52,aus,64644033.746,2628827.688,157269.42799999999,0.04066620746980637,0.002432852946923836
2012,52,china,64644033.746,10421330.923,17172634.455,0.16121102473195903,0.2656491784295963
2012,52,us,64644033.746,8720252.501,1283414.894,0.13489647838598232,0.01985357069521384
2012,53,aus,3817296.676,933.315,19156.041,0.0002444963227165213,0.005018221696112152
2012,53,china,3817296.676,714795.327,625072.368,0.18725170917263023,0.16374739011770748
2012,53,us,3817296.676,16850.783,253571.661,0.004414323651065364,0.06642702480900911
2012,54,aus,45813134.753,35149.026,213890.758,0.0007672259536376371,0.0046687649547053475
2012,54,china,45813134.753,12246089.717999998,3553456.656,0.26730521244670086,0.07756414563548956
2012,54,us,45813134.753,1879548.454,2468769.832,0.041026410092510006,0.05388781722338563
2012,55,aus,40778241.648,42238.449,152354.469,0.0010358084922985299,0.0037361706351914845
2012,55,china,40778241.648,9860459.817000002,3103755.348,0.2418068905990608,0.07611302553925167
2012,55,us,40778241.648,2767969.8800000004,1925715.055,0.0678785981968832,0.04722408267680782
2012,56,aus,21480083.443,47031.851,223528.827,0.002189556252181455,0.010406329546771119
2012,56,china,21480083.443,3409868.4390000002,1071084.395,0.15874558625661295,0.049864070493126904
2012,56,us,21480083.443,2118676.821,1872156.487,0.09863447814912663,0.08715778465051095
2012,57,aus,14445572.311999999,56916.151,467434.669,0.0039400412645970075,0.032358335059643153
2012,57,china,14445572.311999999,2356192.289,171105.42,0.16310826861755423,0.011844834964265279
2012,57,us,14445572.311999999,1129885.908,2017009.517,0.07821676314349961,0.13962821779822884
2012,58,aus,11447750.82,12447.979,56747.026,0.001087373336101318,0.004957045876720087
2012,58,china,11447750.82,3671500.125,645703.47,0.3207180329768918,0.056404395951029265
2012,58,us,11447750.82,475763.14,1004398.754,0.041559529682355545,0.08773764993602472
2012,59,aus,22401574.145,48554.106,189099.038,0.0021674417023429225,0.008441328130604012
2012,59,china,22401574.145,5264299.126,1664076.985,0.23499683959374723,0.07428393086257377
2012,59,us,22401574.145,1881807.065,2182927.123,0.0840033406946992,0.09744525580525895
2012,60,aus,26177498.66,29443.217,96809.712,0.0011247528796550037,0.0036982033026680327
2012,60,china,26177498.66,8982807.985,1819954.0059999998,0.34314997401665415,0.06952360229821897
2012,60,us,26177498.66,994346.5759999999,1091021.333,0.0379847818508111,0.0416778297716853
2012,61,aus,194528593.271,69101.974,2755050.577,0.00035522785025095645,0.014162702411372028
2012,61,china,194528593.271,79770530.951,1092310.506,0.4100709803615902,0.005615166838112533
2012,61,us,194528593.271,1796772.875,44094596.884,0.009236548955540408,0.2266741158333023
2012,62,aus,194584165.743,72776.382,2928236.339,0.00037400978503112384,0.01504868768647657
2012,62,china,194584165.743,77741858.052,2245538.8959999997,0.39952818234284665,0.011540193352453093
2012,62,us,194584165.743,1781907.997,38164113.663,0.009157517983007324,0.19613165088368925
2012,63,aus,53785341.037,112704.24100000001,1166508.558,0.002095445317014324,0.021688224626065598
2012,63,china,53785341.037,22371162.503,371385.086,0.4159341945533158,0.006904949914596932
2012,63,us,53785341.037,1913902.1119999997,12841313.787,0.035584084345275206,0.23875118274635845
2012,64,aus,118998240.582,49598.096,1543974.756,0.00041679688504152844,0.01297476961380844
2012,64,china,118998240.582,56866634.895,1476068.466,0.4778779469080806,0.012404120084303786
2012,64,us,118998240.582,901904.341,24990902.292,0.007579140133408195,0.2100106872990204
2012,65,aus,7819535.312,11279.696,175767.948,0.001442502086113733,0.0224780554069835
2012,65,china,7819535.312,4528705.799000001,31963.63,0.5791528036263442,0.004087663617420851
2012,65,us,7819535.312,259726.304,2073768.552,0.033215056091813966,0.2652035535689131
2012,66,aus,3187252.3359999997,2056.755,40615.854999999996,0.0006453066099501952,0.012743219148745806
2012,66,china,3187252.3359999997,2631914.4,14632.548,0.8257627958328054,0.004590960004868596
2012,66,us,3187252.3359999997,21568.906000000003,553833.159,0.006767241412416367,0.17376508058193482
2012,67,aus,5257330.511,987.422,45324.136,0.0001878181327831683,0.008621131181531683
2012,67,china,5257330.511,3702664.9560000002,276915.305,0.7042861292918245,0.05267222679278115
2012,67,us,5257330.511,124231.12299999999,1936376.681,0.023630076659641078,0.3683193736723394
2012,68,aus,44226960.492,71044.10800000001,687124.651,0.0016063529396927658,0.015536329952502401
2012,68,china,44226960.492,8026194.655,1276206.477,0.18147741933230568,0.028855848622716156
2012,68,us,44226960.492,3300663.144,5928198.429,0.07463011491818528,0.13404037634628593
2012,69,aus,43404672.434,83843.075,649320.7930000001,0.0019316601254735781,0.014959698036826338
2012,69,china,43404672.434,14221683.223,593537.02,0.3276532784488839,0.013674496009675382
2012,69,us,43404672.434,1542897.067,4730318.212,0.035546796703651865,0.10898177423623684
2012,70,aus,70102162.643,160058.22,657861.441,0.0022832137264453206,0.009384324480119163
2012,70,china,70102162.643,13916982.739,5133438.296,0.19852429959790505,0.07322795905944272
2012,70,us,70102162.643,6303510.914000001,6447950.846,0.08991892227492404,0.09197934276060248
2012,71,aus,750123136.23,18884361.580000002,9843498.973,0.025175015498001847,0.01312251082198566
2012,71,china,750123136.23,34429000.041,62645176.976,0.045897797812282794,0.08351319130195708
2012,71,us,750123136.23,50286320.620000005,62344989.074,0.06703742117958271,0.08311300646895926
2012,72,aus,447670772.023,2081665.73,2255826.674,0.004649992494692171,0.00503903049959246
2012,72,china,447670772.023,38410515.708000004,23353204.326,0.0858008119101119,0.05216602419780084
2012,72,us,447670772.023,23118313.99,29965361.369000003,0.051641329822649774,0.06693615764457472
2012,73,aus,312233278.432,1023559.428,6753970.967,0.003278188132732677,0.02163116949262319
2012,73,china,312233278.432,61736988.966000006,8398080.897,0.19772712657675742,0.026896815545012394
2012,73,us,312233278.432,23182900.441,39395285.43,0.07424865330634162,0.12617260283028972
2012,74,aus,190023213.107,4649289.433999999,1412837.8290000001,0.0244669551576419,0.007435080198356854
2012,74,china,190023213.107,6515936.097999999,52201060.578,0.03429021113505194,0.27470886174630754
2012,74,us,190023213.107,10016217.974,10720935.327,0.052710496839983315,0.05641908244632806
2012,75,aus,32290371.024,3624952.023,127888.74600000001,0.11226108304254956,0.003960584593622228
2012,75,china,32290371.024,463157.952,5009710.437,0.014343531440247474,0.15514564491304558
2012,75,us,32290371.024,2393893.094,3396950.8099999996,0.07413643814190693,0.10520011700934612
2012,76,aus,162470128.823,4586616.999,1421080.723,0.028230524787709144,0.008746719986590084
2012,76,china,162470128.823,17810187.065,7467937.825,0.10962130204502374,0.045964989866757615
2012,76,us,162470128.823,11712518.173,17019936.977,0.07209028673670827,0.10475733047237284
2012,78,aus,7671486.244,987767.006,14038.317000000001,0.12875823205347586,0.0018299344551363313
2012,78,china,7671486.244,132001.32,263234.499,0.017206746620088184,0.034313363881201014
2012,78,us,7671486.244,133235.798,808660.364,0.017367664330260123,0.1054111730477868
2012,79,aus,15227522.632,864998.723,24235.694,0.05680495402333151,0.0015915716946018328
2012,79,china,15227522.632,428167.179,2010552.8869999999,0.02811798014341641,0.1320341420983941
2012,79,us,15227522.632,433141.27100000007,1957843.031,0.028444631570586004,0.12857265612501373
2012,80,aus,8265463.239,27979.034,23456.976000000002,0.003385053346796453,0.002837950556639092
2012,80,china,8265463.239,141689.459,762577.7100000001,0.01714234942470597,0.09226073457103183
2012,80,us,8265463.239,164149.563,1116722.4039999999,0.01985969306904324,0.13510705591561095
2012,81,aus,19927632.698,225300.83000000002,112289.44,0.011305950556917478,0.005634860984329048
2012,81,china,19927632.698,4111765.841,1474435.893,0.2063348870040479,0.07398951573148872
2012,81,us,19927632.698,2948454.835,2977196.389,0.14795810820499097,0.14940040466014817
2012,82,aus,61753106.635,198521.337,1040955.575,0.003214758703127066,0.016856732101798656
2012,82,china,61753106.635,13762346.948,2529619.652,0.22286080325228325,0.04096343957157743
2012,82,us,61753106.635,5727047.764,8772509.67,0.09274104698651815,0.14205778701711466
2012,83,aus,60253019.585,136472.203,850206.495,0.0022649852893675522,0.014110603930822066
2012,83,china,60253019.585,15619589.139,1754811.028,0.25923330061433963,0.029124034614140076
2012,83,us,60253019.585,4310037.105,9379106.546,0.07153230053341567,0.15566201678521238
2012,84,aus,2134469554.909,6220489.544,38688261.338,0.002914302305082633,0.018125468807471193
2012,84,china,2134469554.909,471842485.269,144540079.93600002,0.22105842839679965,0.06771709608299487
2012,84,us,2134469554.909,225924739.14699998,320715649.815,0.10584584756779629,0.15025543422598653
2012,85,aus,2342907368.164,2868979.017,22107943.469,0.001224537963380196,0.00943611504637706
2012,85,china,2342907368.164,612844811.064,278455317.918,0.26157449474592365,0.11885033172959339
2012,85,us,2342907368.164,150476133.838,293716716.079,0.06422624124312665,0.12536420349779712
2012,86,aus,41509461.794,196344.14800000002,1906401.968,0.00473010584850273,0.045926925708190264
2012,86,china,41509461.794,7808790.256,1195574.693,0.1881207300338624,0.02880246192863948
2012,86,us,41509461.794,3301177.2320000003,4050243.933,0.07952830726601158,0.09757399296334515
2012,87,aus,1315531348.501,3383551.156,33049144.003999997,0.0025720034416933,0.02512227780938728
2012,87,china,1315531348.501,56006391.897,68160072.356,0.04257320964705041,0.051811819181402194
2012,87,us,1315531348.501,125028059.984,244660155.025,0.0950399700672013,0.18597820211869626
2012,88,aus,243150270.664,990097.919,2296378.886,0.004071958942493542,0.00944427855140362
2012,88,china,243150270.664,1625696.274,18041049.665,0.006685973532172157,0.07419711940164866
2012,88,us,243150270.664,72459710.043,26923298.509,0.2980038222664752,0.11072699378650608
2012,89,aus,169533473.696,503760.453,1807673.5320000001,0.002971451253947177,0.01066263489204168
2012,89,china,169533473.696,23220700.841,2044664.8839999998,0.1369682360348396,0.012060537895108569
2012,89,us,169533473.696,4712027.181,7506562.669000001,0.02779408147708576,0.044277761231156273
2012,90,aus,531725321.711,2858496.768,8108916.008,0.005375889865093978,0.01525019719186386
2012,90,china,531725321.711,60370756.008,84487264.77600001,0.11353748550800132,0.15889268636696596
2012,90,us,531725321.711,88586025.33000001,70084731.53299999,0.16660110345120582,0.1318062704019426
2012,91,aus,48872550.183,38893.493,419031.522,0.0007958146823598506,0.008573964739530973
2012,91,china,48872550.183,8958415.138,3726798.383,0.18330156917238435,0.07625545155808838
2012,91,us,48872550.183,759155.698,4775782.397000001,0.015533375998538898,0.09771911592739488
2012,92,aus,7167063.46,8694.56,153621.717,0.0012131272519805482,0.021434401670555322
2012,92,china,7167063.46,2236246.095,302152.86,0.3120170635408327,0.0421585300153042
2012,92,us,7167063.46,776899.087,1290012.425,0.1083985221194065,0.17999176820460303
2012,93,aus,11087212.021,39409.16,395054.93500000006,0.003554469773407069,0.03563158477097189
2012,93,china,11087212.021,547198.7679999999,14037.753999999999,0.04935404563054851,0.0012661211829819304
2012,93,us,11087212.021,3063043.516,3135738.429,0.27626814659973753,0.28282479157615814
2012,94,aus,199217921.443,232845.954,4373747.516,0.0011688002380178513,0.02195458864503519
2012,94,china,199217921.443,72229601.638,2575588.856,0.3625657828111928,0.01292849979230872
2012,94,us,199217921.443,9111454.676,47628050.498,0.045736119571988205,0.2390751301540273
2012,95,aus,105624787.28,210472.691,2324689.775,0.001992644874560168,0.02200894160229167
2012,95,china,105624787.28,67518809.516,1017107.981,0.6392326200574007,0.009629444065091992
2012,95,us,105624787.28,4173539.6840000004,28002883.101,0.039512881317681554,0.26511658695006274
2012,96,aus,29824642.449,31373.847999999998,396470.44499999995,0.0010519438096751412,0.013293384679395991
2012,96,china,29824642.449,11734451.881,850659.676,0.3934481997920296,0.028522041042222855
2012,96,us,29824642.449,1503971.507,4375476.9690000005,0.05042714290948447,0.14670677029848878
2012,97,aus,21481005.169,89901.134,122139.616,0.004185145587588215,0.005685935785549924
2012,97,china,21481005.169,841764.9709999999,133311.52,0.039186479607331445,0.0062060187105390475
2012,97,us,21481005.169,5550818.486,7141638.811,0.25840590057724966,0.3324629715794842
2013,01,aus,22578026.623,1180872.677,94080.80200000001,0.05230185510531098,0.004166918729033691
2013,01,china,22578026.623,608169.856,389063.069,0.02693636012371709,0.017231934194092302
2013,01,us,22578026.623,987720.141,2660272.3619999997,0.043746965024561525,0.11782572526909894
2013,02,aus,120216600.988,8512218.311,567161.0769999999,0.0708073447514099,0.004717826592490449
2013,02,china,120216600.988,845131.424,5951944.923,0.007030072527872925,0.04951017475193898
2013,02,us,120216600.988,16452773.245000003,6022274.592,0.1368594113440482,0.05009519935271787
2013,03,aus,105152230.979,903830.184,907606.15,0.008595444676589927,0.008631354195245354
2013,03,china,105152230.979,9783909.0,6877227.44,0.09304518704842267,0.06540258229398342
2013,03,us,105152230.979,5559405.703000001,14295527.049999999,0.05287006895850143,0.1359507726740954
2013,04,aus,95120233.031,2265438.113,688365.689,0.02381657446383343,0.007236795653934734
2013,04,china,95120233.031,544301.005,5638099.816,0.00572224213141499,0.05927340205487642
2013,04,us,95120233.031,5975823.675,2389918.66,0.06282389650004809,0.02512523975021295
2013,05,aus,10740905.098,283857.586,91140.143,0.026427715672942262,0.008485331745177663
2013,05,china,10740905.098,1975826.387,818619.287,0.18395343492681143,0.07621511218383545
2013,05,us,10740905.098,975465.8709999999,740226.222,0.09081784655016044,0.06891655919554053
2013,06,aus,19555865.03,13656.201,78438.854,0.0006983174090765341,0.004011014285467279
2013,06,china,19555865.03,335191.14800000004,188035.445,0.017140185181570566,0.009615296726150498
2013,06,us,19555865.03,399472.72500000003,2174017.517,0.02042725925890684,0.11116959099814364
2013,07,aus,68921853.908,1245864.143,265473.468,0.018076474620996635,0.0038518039336893914
2013,07,china,68921853.908,7275886.878,2472660.937,0.10556719625842016,0.03587629752822115
2013,07,us,68921853.908,3870934.5859999997,8651236.763999999,0.05616411002476946,0.12552240361305514
2013,08,aus,105574997.926,1019433.075,730643.007,0.009656008477637335,0.0069206064063778135
2013,08,china,105574997.926,3425674.41,4982791.817,0.03244778098315603,0.047196702958900896
2013,08,us,105574997.926,13532896.917000001,11597706.726,0.12818278174616235,0.10985277720894776
2013,09,aus,45053194.946,42904.629,626038.069,0.0009523104643616233,0.013895531043921716
2013,09,china,45053194.946,2255020.3559999997,358478.004,0.0500523960332409,0.007956772087521555
2013,09,us,45053194.946,1003933.721,6980700.872,0.02228329693828147,0.15494352576697282
2013,10,aus,133094261.801,8853551.732,166817.819,0.06652091241347176,0.0012533810003726744
2013,10,china,133094261.801,810497.252,5249122.271,0.006089648351721128,0.039439132836909134
2013,10,us,133094261.801,20447338.117,4308694.5540000005,0.15363050097210404,0.032373255583642506
2013,11,aus,20467976.203,848157.341,102364.145,0.04143826104681933,0.005001185460876021
2013,11,china,20467976.203,711546.243,1021545.44,0.03476387875102709,0.04990945024893431
2013,11,us,20467976.203,1051360.9360000002,1516889.707,0.0513661402364686,0.07411039039500489
2013,12,aus,100156085.908,3094711.0390000003,226961.25999999998,0.030898881590108236,0.0022660755753622294
2013,12,china,100156085.908,2998169.5179999997,39633531.528,0.029934970908847384,0.39571765578385343
2013,12,us,100156085.908,26321110.779,2971165.2150000003,0.262800912599337,0.029665348721087326
2013,13,aus,8759301.193,42865.248,102592.405,0.004893683531998624,0.011712396084973853
2013,13,china,8759301.193,832454.837,490444.166,0.09503667229359081,0.055991243501472325
2013,13,us,8759301.193,616637.0650000001,2737585.357,0.07039797483990913,0.3125346756186147
2013,14,aus,1161831.741,760.808,6765.262000000001,0.0006548349241561993,0.0058229275042675915
2013,14,china,1161831.741,157658.244,197260.625,0.1356980003527034,0.16978415896110383
2013,14,us,1161831.741,67632.78,93677.684,0.05821219855965357,0.08062930344747743
2013,15,aus,108092125.199,530975.016,556693.337,0.0049122451336992695,0.005150174778922287
2013,15,china,108092125.199,630726.411,10976249.166,0.005835081971409283,0.10154531743910558
2013,15,us,108092125.199,4146369.7169999992,6171861.124,0.03835959103742702,0.05709815689753039
2013,16,aus,47533616.077,211929.107,785153.385,0.004458510092240715,0.016517855147568095
2013,16,china,47533616.077,6161702.251,259778.09100000001,0.12962830854312915,0.0054651447215626064
2013,16,us,47533616.077,2471938.69,4877510.815,0.052004010929774226,0.10261181911973392
2013,17,aus,54884228.73,1490029.916,355788.07,0.027148598977861597,0.006482519263416823
2013,17,china,54884228.73,1395507.724,2542453.673,0.02542638853258055,0.046323939168526236
2013,17,us,54884228.73,2488795.099,4077265.786,0.045346270806564365,0.07428847740683192
2013,18,aus,44344591.26,216471.041,626982.868,0.0048815658200747165,0.014138880305016031
2013,18,china,44344591.26,434874.245,657982.603,0.009806703199726369,0.014837944928664115
2013,18,us,44344591.26,1663160.385,4401725.014,0.03750537185580544,0.09926182402250426
2013,19,aus,64071895.377,915992.238,1002180.457,0.014296318730861447,0.015641498524480275
2013,19,china,64071895.377,1832524.8220000002,2485788.786,0.028601070894147842,0.038796866728751836
2013,19,us,64071895.377,4228608.378,5648197.79,0.06599786619576031,0.08815406125830864
2013,20,aus,59593368.951,211704.714,878946.92,0.003552487763765662,0.014749072513801068
2013,20,china,59593368.951,6303020.3379999995,685976.332,0.10576714236751054,0.011510950699297378
2013,20,us,59593368.951,5215629.723,7689631.222,0.08752030326207091,0.12903501442119703
2013,21,aus,65475596.529,515451.321,1900810.241,0.007872418860234437,0.029030819752182115
2013,21,china,65475596.529,2547612.8310000002,1235967.914,0.03890934891859487,0.018876772103215183
2013,21,us,65475596.529,8925030.357,4311672.006,0.13631079104482824,0.06585158798958485
2013,22,aus,112340660.252,2352664.642,1791020.666,0.02094223620123432,0.01594276428483172
2013,22,china,112340660.252,1420925.8360000001,3457102.412,0.01264836643128687,0.03077338520394225
2013,22,us,112340660.252,6959481.277000001,19580902.595,0.061949798598198116,0.17429933695490632
2013,23,aus,84362652.666,677413.1680000001,699298.572,0.008029775577137731,0.00828919610634568
2013,23,china,84362652.666,2703532.729,3591120.612,0.03204655903487946,0.0425676587745243
2013,23,us,84362652.666,13429254.581,2930039.233,0.15918483068767095,0.03473147347085342
2013,24,aus,44922300.653,52184.227999999996,379971.198,0.001161655285714202,0.008458409130357503
2013,24,china,44922300.653,1427195.073,1323928.18,0.03177030232766338,0.029471513274144507
2013,24,us,44922300.653,1719464.1130000001,2207042.0870000003,0.03827640365710368,0.04913021049496515
2013,25,aus,58136716.358,1078705.745,387495.792,0.018554638317675867,0.006665250744707359
2013,25,china,58136716.358,4547982.981000001,5589418.875,0.0782290997137503,0.09614266551590092
2013,25,us,58136716.358,2734783.395,3457344.397,0.04704055485623717,0.05946920661480128
2013,26,aus,261674900.92200002,80591622.422,1318460.277,0.3079837697006437,0.0050385431401883144
2013,26,china,261674900.92200002,679910.1980000001,128412303.511,0.0025983011576745283,0.49073221412731943
2013,26,us,261674900.92200002,7196316.438,4597695.307,0.02750098084548459,0.017570257180953244
2013,27,aus,3266050989.171,68618448.496,36449719.39,0.02100960723623515,0.011160180753715603
2013,27,china,3266050989.171,22271908.248,306759173.853,0.006819216332459381,0.09392357157622411
2013,27,us,3266050989.171,145622531.551,380038109.19,0.044586729366390694,0.11636012739852006
2013,28,aus,134615575.007,7091713.1219999995,1513562.278,0.0526812229686738,0.011243589591481482
2013,28,china,134615575.007,15282050.290000001,9198552.178,0.11352364159351795,0.06833200524918216
2013,28,us,134615575.007,13003396.888,15423438.118999999,0.09659652597646168,0.11457394969488473
2013,29,aus,469143374.937,437335.248,2595600.242,0.0009321995606539869,0.0055326375275970945
2013,29,china,469143374.937,44616539.96,66983173.84,0.09510214220970602,0.1427776185670212
2013,29,us,469143374.937,45008665.799,58392264.697000004,0.0959379759013843,0.12446571307724712
2013,30,aus,460708890.428,2476078.793,9057716.242999999,0.00537449752857974,0.019660389524034042
2013,30,china,460708890.428,5625197.83,13555032.286,0.012209874710197527,0.02942212005808556
2013,30,us,460708890.428,53589034.419,61765668.843,0.11631864618287618,0.13406658765716353
2013,31,aus,78057622.575,284798.04,1452524.616,0.003648561544727523,0.018608363515099022
2013,31,china,78057622.575,7806548.277,3468181.962,0.1000100697340512,0.04443104782838692
2013,31,us,78057622.575,4611163.098,8493544.763,0.059073834763151575,0.10881121513583326
2013,32,aus,81111646.468,673843.145,612451.789,0.008307600379753644,0.007550725643839855
2013,32,china,81111646.468,6702090.307999999,4571598.958,0.08262796527800843,0.05636180692995275
2013,32,us,81111646.468,8480335.145,3994938.886,0.10455138706061952,0.04925234611747248
2013,33,aus,106759140.638,467726.69,1564046.8020000001,0.004381139518404073,0.01465023784055537
2013,33,china,106759140.638,4761781.01,2389622.031,0.04460302866380591,0.022383301483315188
2013,33,us,106759140.638,11313873.34,9896961.704,0.10597568763093737,0.09270364715241312
2013,34,aus,57788540.989,186362.274,725816.7019999999,0.003224900141283614,0.01255987241723508
2013,34,china,57788540.989,2934396.472,3430014.161,0.05077817196593629,0.059354572763013695
2013,34,us,57788540.989,7420697.225,2968851.417,0.12841122302105745,0.051374396483986645
2013,35,aus,28327554.029,309486.139,298314.63,0.010925268686564581,0.010530899692031437
2013,35,china,28327554.029,2138233.3680000002,1893431.348,0.07548245661489196,0.06684062259881746
2013,35,us,28327554.029,3547048.999,2512257.407,0.12521550555931338,0.08868599824849355
2013,36,aus,5007390.665,36732.15,143976.506,0.007335587026741402,0.02875280073638912
2013,36,china,5007390.665,976327.3319999999,144783.171,0.19497726407172586,0.028913895616730356
2013,36,us,5007390.665,839076.48,711487.5160000001,0.16756760878771979,0.1420874790083909
2013,37,aus,17049790.742,8800.047999999999,173849.804,0.0005161381821726525,0.01019659458762406
2013,37,china,17049790.742,1142843.46,1902403.279,0.06702976460495494,0.11157927436104366
2013,37,us,17049790.742,2689867.646,1684170.2,0.15776543458529682,0.0987795231909363
2013,38,aus,186206992.633,483017.98,1866528.9980000001,0.0025939841096730035,0.010023946854019541
2013,38,china,186206992.633,13747022.468,13269221.135,0.0738265640490438,0.0712605952513966
2013,38,us,186206992.633,30858153.766000003,12477963.597,0.16571962915925026,0.06701125140661678
2013,39,aus,588800008.905,1088532.824,5703450.438,0.0018487309910615668,0.009686566494125554
2013,39,china,588800008.905,64741856.403,64549274.911000006,0.10995559684756354,0.10962852230767327
2013,39,us,588800008.905,62763353.505,47551939.815,0.10659536779172597,0.08076076612742082
2013,40,aus,208568413.603,254402.57200000001,3691328.615,0.001219755990877138,0.017698406730111433
2013,40,china,208568413.603,23436844.785,16739825.512,0.11237005824674351,0.08026059757957146
2013,40,us,208568413.603,14882700.305,27992206.156999998,0.07135644390204027,0.13421114766822662
2013,41,aus,35693971.075,1196875.94,101275.116,0.03353159942571618,0.002837317142079854
2013,41,china,35693971.075,835025.8690000001,7671520.712,0.02339403108848404,0.2149248313078037
2013,41,us,35693971.075,3594346.306,976127.653,0.1006989751419806,0.02734712960205423
2013,42,aus,68845590.374,71745.07,1152931.0289999999,0.001042115691219274,0.01674662128303009
2013,42,china,68845590.374,34501696.342999995,1219455.098,0.5011460596905535,0.017712900584850463
2013,42,us,68845590.374,954284.187,12277585.09,0.01386122454344428,0.17833509776447082
2013,43,aus,10822650.662,4705.303,36911.746,0.00043476437953606374,0.003410601261445391
2013,43,china,10822650.662,2619993.6210000003,1353318.456,0.24208428256852113,0.12504500960672327
2013,43,us,10822650.662,522204.815,449311.591,0.04825110144537344,0.041515854575035156
2013,44,aus,135244007.822,1139247.3360000001,1390902.7829999998,0.00842364371144198,0.01028439489038673
2013,44,china,135244007.822,14103515.881000001,17579932.392,0.10428200190253308,0.12998677483099766
2013,44,us,135244007.822,9085823.838,16135923.117,0.06718097152191921,0.1193097082588467
2013,45,aus,1861500.8900000001,1492.32,25367.129,0.0008016756843989475,0.013627245163444428
2013,45,china,1861500.8900000001,78118.378,41113.517,0.04196526492125394,0.02208621936248443
2013,45,us,1861500.8900000001,41942.302,249564.387,0.022531443431112193,0.1340662195439509
2013,46,aus,2022701.584,480.21700000000004,42556.333,0.00023741366684963255,0.021039353178259043
2013,46,china,2022701.584,1262875.704,11479.004,0.6243509739595873,0.005675085287321356
2013,46,us,2022701.584,10405.958,556724.87,0.005144583898244478,0.2752382627293182
2013,47,aus,50775444.815,278695.381,166507.295,0.005488782658929425,0.003279287766097732
2013,47,china,50775444.815,140929.20799999998,16658167.694,0.0027755386193754608,0.3280752685612883
2013,47,us,50775444.815,9713356.219999999,3680950.89,0.19130026837560063,0.07249470493880499
2013,48,aus,189801279.889,1074979.524,2505336.441,0.005663710616855017,0.013199786863740732
2013,48,china,189801279.889,16604592.638999999,4637813.35,0.08748409203937262,0.02443510050465569
2013,48,us,189801279.889,18035579.018,17411466.969,0.09502348471278806,0.0917352453006777
2013,49,aus,41524921.638000004,224889.348,934409.396,0.00541576814907703,0.02250237590201518
2013,49,china,41524921.638000004,6016729.505,1037546.821,0.14489442165482647,0.024986123515053842
2013,49,us,41524921.638000004,5885400.498,4295922.17,0.14173176651137115,0.10345407048447612
2013,50,aus,2601318.988,2031.019,11156.327,0.0007807650693241317,0.004288719319493162
2013,50,china,2601318.988,1381978.954,67756.881,0.5312608566558467,0.026047125059466176
2013,50,us,2601318.988,11833.734999999999,147864.272,0.0045491287514486094,0.05684203770552725
2013,51,aus,14198551.973000001,2446614.798,63699.643,0.17231438830188375,0.004486347841746918
2013,51,china,14198551.973000001,2506998.711,3580152.8260000004,0.17656721021744431,0.2521491510407559
2013,51,us,14198551.973000001,111437.29299999999,319738.542,0.007848497030676749,0.022519095088570692
2013,52,aus,65987961.182,2587511.6569999997,93249.997,0.03921187457002102,0.0014131365074730702
2013,52,china,65987961.182,11220414.593,16060576.351,0.17003729759210492,0.2433864611562049
2013,52,us,65987961.182,8085559.604,1197649.403,0.12253082924776824,0.018149513661996443
2013,53,aus,3674760.1629999997,728.4639999999999,19829.252,0.0001982344337284033,0.005396066986807596
2013,53,china,3674760.1629999997,735643.4539999999,623321.164,0.2001881541568241,0.16962227093784896
2013,53,us,3674760.1629999997,15109.512,234122.152,0.004111700173560415,0.06371086591100612
2013,54,aus,46647488.097,27210.021,236301.416,0.0005833116017612518,0.005065683612129954
2013,54,china,46647488.097,12680825.412,3567105.766,0.2718436925399104,0.0764694072826058
2013,54,us,46647488.097,1945235.0269999998,2582172.1040000003,0.04170074544968053,0.05535500858332531
2013,55,aus,41125569.162,34251.421,142523.097,0.0008328497744329893,0.0034655592592185026
2013,55,china,41125569.162,9363555.468,3138698.7890000003,0.22768208826765418,0.0763198869451795
2013,55,us,41125569.162,2888474.264,1901017.113,0.0702354842220384,0.046224700392877204
2013,56,aus,22718986.109,40824.816,227989.209,0.001796947091042389,0.010035184136570396
2013,56,china,22718986.109,3646443.281,1064363.215,0.16050202520065285,0.04684906315332261
2013,56,us,22718986.109,2314897.0640000002,1983739.324,0.1018926220075889,0.08731636678162115
2013,57,aus,15307191.559,44082.572,475029.64499999996,0.002879860216688884,0.03103310252367633
2013,57,china,15307191.559,2388158.934,194234.544,0.15601548623698125,0.012689103892856038
2013,57,us,15307191.559,1119235.7010000001,2192468.354,0.07311829192742646,0.14323126130285593
2013,58,aus,12099337.817,11804.676,74585.827,0.0009756464509499032,0.006164455289049312
2013,58,china,12099337.817,4039132.2939999998,603705.662,0.33383085546424496,0.049895760506147045
2013,58,us,12099337.817,494866.638,908896.293,0.04090030756102162,0.07511950709591465
2013,59,aus,23214413.948,44205.817,190039.978,0.001904240059603507,0.008186292293472806
2013,59,china,23214413.948,5637989.438,1666386.533,0.24286589575894643,0.0717824079786242
2013,59,us,23214413.948,1901898.7619999999,2253612.185,0.08192749411035014,0.0970781424871661
2013,60,aus,28396893.232,27322.259000000002,92591.304,0.0009621566266696734,0.003260613872212625
2013,60,china,28396893.232,10254021.633000001,1701357.935,0.36109660128048476,0.05991352367669458
2013,60,us,28396893.232,1184096.348,1121074.106,0.04169809486995785,0.03947875906145534
2013,61,aus,203018530.725,55241.489,2889569.306,0.000272100723036104,0.01423303230341118
2013,61,china,203018530.725,80167760.843,1354086.83,0.3948790317647985,0.006669769627257262
2013,61,us,203018530.725,1800009.0690000001,46409103.739,0.008866230400604237,0.22859540739098214
2013,62,aus,203461219.245,62766.016,3009080.2569999998,0.0003084912998797065,0.014789453578259469
2013,62,china,203461219.245,78589995.571,2659653.854,0.38626523453771805,0.013072043231970164
2013,62,us,203461219.245,1811636.4810000001,39622956.075,0.008904087411461438,0.19474451309213672
2013,63,aus,55996465.338,100148.19099999999,1191823.4749999999,0.001788473440162624,0.02128390547164075
2013,63,china,55996465.338,22801774.367,388349.06799999997,0.40720024432553587,0.006935242531039915
2013,63,us,55996465.338,1943082.094,13309601.749,0.03470008476912554,0.23768646232689825
2013,64,aus,126523491.735,45578.638,1574383.6230000001,0.0003602385404875105,0.012443409531389662
2013,64,china,126523491.735,58131987.029,1556247.75,0.4594560759574661,0.012300069565417293
2013,64,us,126523491.735,840222.416,25957368.045,0.006640841194612483,0.2051584862941263
2013,65,aus,8172382.884000001,11945.927,179774.619,0.0014617434314522749,0.021997821388418444
2013,65,china,8172382.884000001,4663688.955,37017.618,0.5706645199077287,0.004529599080884179
2013,65,us,8172382.884000001,264096.638,2025334.528,0.032315744593544665,0.24782668124436835
2013,66,aus,3154767.059,2455.106,37388.001,0.0007782210077907373,0.011851271520456178
2013,66,china,3154767.059,2601678.594,11782.351,0.824681678660827,0.0037347768566262313
2013,66,us,3154767.059,21589.44,557377.274,0.006843433951298906,0.1766777906501527
2013,67,aus,5371524.6389999995,1069.662,43714.501,0.0001991356406026159,0.008138192401205889
2013,67,china,5371524.6389999995,3653161.3170000003,316812.69200000004,0.6800976561619381,0.058980031423439605
2013,67,us,5371524.6389999995,110626.015,1915302.3909999998,0.020594900411849346,0.3565658764913654
2013,68,aus,46649352.25,72888.891,699418.732,0.0015624845251736587,0.014993107047911902
2013,68,china,46649352.25,8305593.669,1404094.742,0.17804306530322722,0.030098911866455767
2013,68,us,46649352.25,3437722.025,6651573.503,0.07369281370889774,0.14258662086781707
2013,69,aus,46332503.866,73515.764,655882.796,0.0015866995708373056,0.014155997221667615
2013,69,china,46332503.866,14836895.958,638119.111,0.32022650882219433,0.013772601473158641
2013,69,us,46332503.866,1482067.7959999999,5346878.517,0.03198764738219943,0.11540232171487885
2013,70,aus,70784566.23,151417.063,676049.395,0.002139125392221818,0.009550802258267932
2013,70,china,70784566.23,14313649.080000002,4999174.6559999995,0.20221426565631156,0.07062520719214696
2013,70,us,70784566.23,6371266.254,6877811.859,0.09000925757315331,0.09716541649279807
2013,71,aus,794209366.189,25215784.425,6995078.87,0.031749543002744365,0.008807600574601337
2013,71,china,794209366.189,35890927.884,101399665.184,0.04519076381108675,0.1276737211883619
2013,71,us,794209366.189,52315109.029,62425621.669,0.06587067750161793,0.07860096383469799
2013,72,aus,419021209.978,2052332.303,1716234.9810000001,0.004897919852572032,0.004095818875350267
2013,72,china,419021209.978,41312132.175000004,21829997.945,0.09859198339188852,0.05209759655399341
2013,72,us,419021209.978,19863635.911,26705329.906999998,0.04740484595527493,0.06373264472316835
2013,73,aus,313664534.364,873858.137,6825848.989,0.002785964115362526,0.021761621864073318
2013,73,china,313664534.364,62634616.188999996,9032045.889,0.19968663756009486,0.028795241091932097
2013,73,us,313664534.364,23589401.872,36585685.143,0.07520583071283755,0.11663953407159257
2013,74,aus,179836348.428,4497791.528,1235240.4309999999,0.02501046961482736,0.006868691684398528
2013,74,china,179836348.428,7789295.205,48174358.349,0.043313241583742196,0.2678788730426612
2013,74,us,179836348.428,8992486.128,10809378.462,0.05000371841736026,0.06010675014527269
2013,75,aus,31971461.493,4177367.847,163467.568,0.13065927085987655,0.005112921348177669
2013,75,china,31971461.493,722084.233,4675511.4180000005,0.02258527446917298,0.14624015292587364
2013,75,us,31971461.493,2301392.101,2926825.782,0.07198269936780584,0.0915449480669132
2013,76,aus,165595416.428,4296114.328,1419517.037,0.025943437449356743,0.008572200050097392
2013,76,china,165595416.428,18259338.402,7869087.89,0.11026475729742835,0.047519961963569425
2013,76,us,165595416.428,11876359.222000001,16925434.252,0.07171913014370043,0.10220955758977235
2013,78,aus,8387742.301,1127338.199,15864.867,0.13440305609598865,0.0018914347187453011
2013,78,china,8387742.301,214004.333,188150.163,0.025513937519812225,0.022431562183016573
2013,78,us,8387742.301,169859.134,1187853.905,0.02025087656540773,0.1416178349754954
2013,79,aus,14672798.875,1048720.036,23038.845,0.0714737552756103,0.0015701738431959527
2013,79,china,14672798.875,426522.32,1923780.737,0.02906891341138212,0.13111204981333188
2013,79,us,14672798.875,283650.025,1872369.942,0.019331691752641163,0.12760823329966076
2013,80,aus,8342518.373,10847.48,30587.577,0.0013002644423423914,0.0036664680414723017
2013,80,china,8342518.373,266536.316,482355.444,0.0319491434220423,0.057818924985662726
2013,80,us,8342518.373,152240.424,1147415.88,0.018248737035175842,0.13753831021979337
2013,81,aus,18733888.763,175570.896,93553.906,0.009371834018079464,0.004993832683835073
2013,81,china,18733888.763,3860060.601,1407422.83,0.2060469478511977,0.07512710509841944
2013,81,us,18733888.763,2969843.021,2518545.783,0.158527845370019,0.13443795972431544
2013,82,aus,62595035.661,170320.007,954383.925,0.0027209826658205474,0.015246958723192029
2013,82,china,62595035.661,14148854.998,2564568.448,0.22603797327677666,0.0409707961808521
2013,82,us,62595035.661,5500892.4860000005,9093261.15,0.08788065104382305,0.14527128316128718
2013,83,aus,62575212.441,127314.717,992913.142,0.002034587051862439,0.015867515319043998
2013,83,china,62575212.441,16307459.800999999,1781541.4780000001,0.2606057441095504,0.028470402392636762
2013,83,us,62575212.441,4365036.842999999,10000561.044,0.0697566444079697,0.15981665349405216
2013,84,aus,2119504000.0049999,5696380.261,34524285.796000004,0.002687600618345878,0.01628885144633771
2013,84,china,2119504000.0049999,460142058.14199996,138189856.64,0.21709893359055443,0.06519914878182537
2013,84,us,2119504000.0049999,223743294.0,318576439.224,0.10556398761194703,0.1503070714767457
2013,85,aus,2265412832.719,2530269.267,21815900.044,0.0011169130987763998,0.009629988728286694
2013,85,china,2265412832.719,645466582.585,271385735.08,0.2849222769742574,0.11979526696433368
2013,85,us,2265412832.719,148196486.914,291941101.995,0.06541698924523669,0.12886883034232913
2013,86,aus,35416603.8,127542.274,1814019.4489999998,0.003601200011165385,0.05121946359520785
2013,86,china,35416603.8,4863322.331,954854.164,0.13731758015148818,0.02696063601671485
2013,86,us,35416603.8,3811382.359,3230865.217,0.10761569292536176,0.09122459158548682
2013,87,aus,1350870391.296,3014783.07,29600289.366,0.002231733769149883,0.021912012844993983
2013,87,china,1350870391.296,56974156.389,75002018.45099999,0.04217588656624567,0.055521254247821984
2013,87,us,1350870391.296,125605586.614,255129204.667,0.09298122708389242,0.18886282970658183
2013,88,aus,257035741.98999998,1021735.188,2189850.426,0.00397507047109328,0.008519633919570595
2013,88,china,257035741.98999998,2056362.699,23875059.41,0.00800029864749317,0.09288614581441698
2013,88,us,257035741.98999998,72412271.663,31674845.064,0.2817206319338157,0.12323128611908112
2013,89,aus,166059795.322,404673.952,1495762.368,0.002436917082881577,0.009007372104124459
2013,89,china,166059795.322,20505438.679,3506993.033,0.1234822591418875,0.021118856772042432
2013,89,us,166059795.322,3952207.6110000005,5265582.497,0.02379990655375933,0.03170895451719495
2013,90,aus,547824892.973,2683856.297,7594193.306,0.004899113441952109,0.013862446565337595
2013,90,china,547824892.973,71097490.12,87946802.852,0.12978141561651177,0.16053816462176448
2013,90,us,547824892.973,89007168.298,72047634.895,0.16247375655926385,0.13151581065256726
2013,91,aus,47809773.361,42065.722,462734.267,0.0008798561265365543,0.009678654268155713
2013,91,china,47809773.361,8970647.572,2445912.8699999996,0.18763208736140238,0.05115926510530608
2013,91,us,47809773.361,731070.0,4122763.0709999995,0.015291224965236036,0.08623264201379947
2013,92,aus,6734949.849,8518.745,149764.213,0.0012648564860902203,0.02223687129938122
2013,92,china,6734949.849,2031110.7850000001,294628.64,0.3015777148365222,0.04374622626829897
2013,92,us,6734949.849,731617.496,1260473.417,0.10862998424682108,0.18715409101185124
2013,93,aus,11330744.062,82164.878,397649.887,0.007251498891017841,0.0350947726666602
2013,93,china,11330744.062,478295.833,8259.722,0.042212217519241674,0.0007289655431985875
2013,93,us,11330744.062,2463182.556,3776369.751,0.21738930316684085,0.3332852397279751
2013,94,aus,210380270.102,255032.585,4379680.058999999,0.0012122457342428115,0.02081792202698747
2013,94,china,210380270.102,75793578.05399999,2830922.278,0.36026942078386204,0.013456215626244163
2013,94,us,210380270.102,9452297.828,51110669.248,0.0449295830992953,0.24294421346269635
2013,95,aus,103464785.023,216450.52899999998,2276098.916,0.0020920212510167928,0.021998778768003317
2013,95,china,103464785.023,65274436.94,888081.751,0.6308855416409518,0.00858342044399533
2013,95,us,103464785.023,4091999.321,27481140.027,0.03954968175974422,0.2656086321630205
2013,96,aus,30313790.0,28958.84,417281.478,0.000955302520733963,0.013765401093033897
2013,96,china,30313790.0,11791427.236000001,853065.306,0.388978984020144,0.028141163015248175
2013,96,us,30313790.0,1446286.189,4402689.568,0.04771050366846244,0.1452371863762334
2013,97,aus,22203694.958,100490.30099999999,129673.97499999999,0.00452583685688734,0.005840198005119792
2013,97,china,22203694.958,979656.678,318774.95300000004,0.044121335653957414,0.014356842570706697
2013,97,us,22203694.958,4435518.394,8525268.84,0.1997648770796989,0.38395721325329873
2014,01,aus,24148163.044999998,1786333.423,96327.485,0.0739738844595001,0.003989019157295491
2014,01,china,24148163.044999998,639051.0430000001,685280.8659999999,0.026463753860247307,0.028378177864833112
2014,01,us,24148163.044999998,880157.554,3556519.0609999998,0.03644821978217681,0.14727907271341684
2014,02,aus,128378540.63,10453222.827,588140.098,0.08142500121673178,0.0045812960259073165
2014,02,china,128378540.63,1017367.604,6078643.178,0.007924748162795812,0.04734937122800973
2014,02,us,128378540.63,17601021.739,8510539.824000001,0.13710252237348555,0.0662925422133302
2014,03,aus,113522216.101,1069466.981,989738.274,0.009420772582949773,0.008718454484005458
2014,03,china,113522216.101,10526745.390999999,7065651.142,0.09272850506754043,0.0622402502758908
2014,03,us,113522216.101,5770649.975,16519413.18,0.05083278122289199,0.1455170075723573
2014,04,aus,101009497.991,2463661.397,794883.4079999999,0.02439039343824393,0.007869392718601815
2014,04,china,101009497.991,618152.252,6127131.334000001,0.00611974382899198,0.06065896233387806
2014,04,us,101009497.991,6284320.7299999995,2675811.379,0.06221514664452581,0.026490690798586253
2014,05,aus,11137155.437,359868.561,101751.385,0.032312430497687054,0.009136209472479862
2014,05,china,11137155.437,2108414.446,792784.727,0.1893135511959722,0.07118377142930055
2014,05,us,11137155.437,1137797.011,834696.511,0.10216226373387913,0.0749470109959102
2014,06,aus,19921747.699,12238.265000000001,86192.206,0.0006143168352952446,0.004326538379176769
2014,06,china,19921747.699,393579.453,200237.52800000002,0.019756271334555462,0.010051202887688977
2014,06,us,19921747.699,412286.752,2243401.211,0.02069531038286843,0.11261066272376347
2014,07,aus,69506317.82699999,1073124.736,271832.92000000004,0.015439240194984702,0.003910909518708607
2014,07,china,69506317.82699999,6991688.130000001,2593905.1279999996,0.10059068511444082,0.03731898349810709
2014,07,us,69506317.82699999,3929765.058,8897812.062,0.05653824257790661,0.12801443581210128
2014,08,aus,111293999.47,1192849.064,865800.6429999999,0.010717999799454956,0.007779400930176671
2014,08,china,111293999.47,3322209.504,5693462.473,0.029850751341679683,0.05115695814790724
2014,08,us,111293999.47,14017138.562,13208542.016,0.12594693899717754,0.11868152891351925
2014,09,aus,49178041.688,42053.488,684961.52,0.000855127340506963,0.013928198368401855
2014,09,china,49178041.688,2401420.904,380962.007,0.048831161664291606,0.007746587581037393
2014,09,us,49178041.688,1005253.0630000001,7960226.654,0.020441095832518543,0.1618654663905087
2014,10,aus,137514200.277,8267119.473,192538.979,0.06011829655662638,0.0014001388846545412
2014,10,china,137514200.277,717744.051,5970144.142000001,0.00521941770052999,0.04341474647690286
2014,10,us,137514200.277,25019855.174000002,3497043.628,0.18194379288540072,0.025430418247393897
2014,11,aus,20564682.031,875929.791,100674.946,0.04259388935260897,0.004895526507447997
2014,11,china,20564682.031,706217.303,1219197.426,0.034341270238723874,0.05928598478508612
2014,11,us,20564682.031,1011449.8829999999,1657552.79,0.04918383281955447,0.08060191679605552
2014,12,aus,104239348.278,2219941.206,236434.69700000001,0.021296576030766727,0.0022681904761093006
2014,12,china,104239348.278,3157463.069,41952188.836,0.03029051045656232,0.40246019885040024
2014,12,us,104239348.278,30116021.933999997,3550380.125,0.288912223949083,0.03405988413829442
2014,13,aus,8082287.2469999995,21304.08,96813.866,0.0026358974073716194,0.011978523286948947
2014,13,china,8082287.2469999995,937999.711,282406.919,0.11605622051457881,0.03494146030318638
2014,13,us,8082287.2469999995,566231.125,2305553.9420000003,0.0700582777740515,0.28526008437225253
2014,14,aus,1170739.16,1205.96,6183.554,0.0010300842759885132,0.005281752085579849
2014,14,china,1170739.16,176129.187,193474.438,0.15044272286920002,0.16525836378446587
2014,14,us,1170739.16,41975.768,103774.911,0.03585407359227653,0.08864050554181514
2014,15,aus,104828053.569,506607.27400000003,597421.679,0.004832745212297017,0.005699062976560608
2014,15,china,104828053.569,642905.511,8975559.610000001,0.006132952860531998,0.08562173296570942
2014,15,us,104828053.569,3602382.271,6194569.649999999,0.034364677663587806,0.05909267070310148
2014,16,aus,47471324.796000004,207590.875,777341.66,0.004372974124739234,0.01637497296189846
2014,16,china,47471324.796000004,5733117.970000001,338746.495,0.1207701279590807,0.007135812966158114
2014,16,us,47471324.796000004,2616308.487,5146811.333,0.05511345002995269,0.10841937433003085
2014,17,aus,50561267.735,1452903.05,362779.864,0.028735494877519807,0.007175054745489957
2014,17,china,50561267.735,1487976.4479999999,1911373.339,0.029429176020639585,0.0378031134230618
2014,17,us,50561267.735,2230090.775,4152798.537,0.04410670212401074,0.08213398759630607
2014,18,aus,49582782.303,221293.09,707367.174,0.0044631035154033835,0.014266387264782453
2014,18,china,49582782.303,521984.073,820484.176,0.010527526870318799,0.016547763919056165
2014,18,us,49582782.303,1854339.869,4955035.272,0.03739886676121044,0.09993459507213244
2014,19,aus,66686500.107,687345.393,1126638.009,0.010307114511889795,0.016894543981049896
2014,19,china,66686500.107,1876319.935,2567119.594,0.028136428392394296,0.03849534148412345
2014,19,us,66686500.107,4314075.39,5816638.201,0.06469188491040867,0.08722362384691164
2014,20,aus,61041262.004,176136.62900000002,906449.845,0.0028855338703262373,0.014849788737012036
2014,20,china,61041262.004,5931349.159,755065.5109999999,0.09716950410709599,0.012369755902991011
2014,20,us,61041262.004,5443014.866,7649713.121,0.08916943535085042,0.12532036314220893
2014,21,aus,67168223.364,592322.835,1904832.36,0.00881849787495594,0.0283591297283133
2014,21,china,67168223.364,2594045.632,1460791.018,0.0386201316944513,0.021748245596487473
2014,21,us,67168223.364,8906405.782,4331509.465,0.13259850173100673,0.06448748006220974
2014,22,aus,113420377.198,2236099.7399999998,1892797.157,0.019715149916107226,0.01668833417557508
2014,22,china,113420377.198,1583345.775,3295851.273,0.01395997627689004,0.029058722554293513
2014,22,us,113420377.198,7640051.5479999995,20115300.713999998,0.06736048439217077,0.177351735296069
2014,23,aus,86555674.196,624637.252,733580.049,0.007216595073657995,0.008475239270147133
2014,23,china,86555674.196,3122284.108,3793490.1,0.03607255257384721,0.04382716829644091
2014,23,us,86555674.196,13564869.326000001,3171304.842,0.15671842951951584,0.03663890174107795
2014,24,aus,44517215.604,50781.544,631933.5819999999,0.001140716985799919,0.014195262965710255
2014,24,china,44517215.604,1529259.19,1513809.977,0.03435208535060741,0.034005046282903184
2014,24,us,44517215.604,1627720.992,2035735.166,0.03656385445305669,0.04572916653433022
2014,25,aus,59802311.587,1017005.111,454771.817,0.017006117054864475,0.007604585925385193
2014,25,china,59802311.587,4899435.034,5824541.32,0.0819271848191409,0.0973965916271731
2014,25,us,59802311.587,2994157.142,3481587.938,0.05006758204729462,0.05821828363498975
2014,26,aus,247730548.687,81894744.69600001,795680.389,0.3305799189080694,0.0032118783622657613
2014,26,china,247730548.687,693066.022,120021931.562,0.002797660707059862,0.4844857939326815
2014,26,us,247730548.687,6994565.266,4241226.968,0.028234568982598185,0.01712032282848839
2014,27,aus,3067605919.951,70006938.451,34551534.329,0.022821359808863014,0.01126335495191374
2014,27,china,3067605919.951,23736498.142,311074715.291,0.0077377925200963074,0.10140634860163815
2014,27,us,3067605919.951,154533679.776,349401864.064,0.05037598824899529,0.11390050520882458
2014,28,aus,133592337.898,6673762.593,1556081.57,0.0499561778617538,0.011647985165048122
2014,28,china,133592337.898,16349530.738000002,10269829.521,0.1223837459187453,0.07687439027260072
2014,28,us,133592337.898,12914294.437,14266989.477,0.09666942461071594,0.1067949681956542
2014,29,aus,452483900.67,448057.325,2620084.782,0.0009902171642716005,0.005790448628383019
2014,29,china,452483900.67,47765082.803,59080382.065,0.10556194978931514,0.1305690257211776
2014,29,us,452483900.67,43282519.045,54804540.899,0.0956553790773791,0.12111931677093937
2014,30,aus,482137818.956,2264664.239,7890854.307,0.004697130467599087,0.01636638736219969
2014,30,china,482137818.956,6056918.524,15312868.072,0.012562628953512473,0.031760354549987
2014,30,us,482137818.956,54603249.697,72359352.678,0.11325236799559817,0.15008022568045742
2014,31,aus,77310544.31300001,309548.189,1558939.341,0.004003958214894479,0.02016464060437173
2014,31,china,77310544.31300001,10820370.963000001,3853568.5489999996,0.13995983418759247,0.049845316486175746
2014,31,us,77310544.31300001,4279104.564,8601719.582,0.05534955939096209,0.11126191981232235
2014,32,aus,82745163.83,741386.843,624761.812,0.008959881262948248,0.007550432956826016
2014,32,china,82745163.83,7618582.108,4166529.077,0.0920728385244651,0.05035374738709971
2014,32,us,82745163.83,8620717.701000001,4229660.341,0.10418394625106155,0.05111670755392835
2014,33,aus,110758457.723,481294.56700000004,1573561.917,0.0043454430198340945,0.014207149046218935
2014,33,china,110758457.723,5063735.39,2763037.071,0.04571872427714808,0.024946510883260792
2014,33,us,110758457.723,11494831.32,10679875.657,0.10378287632668068,0.09642492209226769
2014,34,aus,59880043.943,214186.227,760741.196,0.0035769216736695206,0.012704419467763782
2014,34,china,59880043.943,3272962.441,3595614.9620000003,0.05465865128815776,0.06004696598791205
2014,34,us,59880043.943,7749612.669,3198457.4699999997,0.1294189542742634,0.053414414208590444
2014,35,aus,29657158.037,278527.489,261913.604,0.009391577192005776,0.008831379044250935
2014,35,china,29657158.037,2258629.548,2095044.479,0.07615799009406614,0.07064211872176834
2014,35,us,29657158.037,3732650.643,2700931.262,0.12586002469768612,0.09107181674759068
2014,36,aus,7023126.784,41903.958,132663.447,0.005966567212692938,0.01888951332933818
2014,36,china,7023126.784,1058502.989,170644.175,0.15071677068559666,0.024297464683217654
2014,36,us,7023126.784,845429.395,943923.9430000001,0.12037792012042937,0.13440223593149933
2014,37,aus,16235243.179,8664.831,151153.822,0.0005337050332087299,0.009310228392237128
2014,37,china,16235243.179,1076988.492,1867883.3820000002,0.06633645582796478,0.11505114899763709
2014,37,us,16235243.179,2435403.62,1649053.816,0.15000721536158768,0.1015724740195467
2014,38,aus,194370636.014,455408.263,2078785.1130000001,0.0023429890046107486,0.010694954524150813
2014,38,china,194370636.014,15469777.049,14324956.118,0.07958906430643028,0.0736991780845344
2014,38,us,194370636.014,30910982.751000002,12670241.879999999,0.15903113445990663,0.06518598765652747
2014,39,aus,614600964.3379999,1100811.089,5633743.996,0.0017910988639363876,0.009166506925462163
2014,39,china,614600964.3379999,70664805.213,66598305.835,0.11497672361955143,0.10836023647755659
2014,39,us,614600964.3379999,64197033.32599999,50970579.218,0.10445319329290023,0.08293280059021958
2014,40,aus,200624557.792,220985.728,3373777.6319999998,0.001101488922553089,0.01681637417238724
2014,40,china,200624557.792,25198237.155,15144176.061999999,0.1255989667083757,0.07548515609789362
2014,40,us,200624557.792,14935070.722,28394429.926,0.07444288419309125,0.14153018074406562
2014,41,aus,37744984.356,1220463.993,96505.405,0.03233446811075425,0.002556774274690072
2014,41,china,37744984.356,1058449.109,7701750.133,0.028042112801452183,0.20404698172237337
2014,41,us,37744984.356,3889789.1689999998,1117182.805,0.10305446499361638,0.029598179044480408
2014,42,aus,73514075.424,58937.666,1186497.574,0.0008017194756251907,0.016139733338911673
2014,42,china,73514075.424,36128076.730000004,1273461.091,0.4914443461558566,0.017322683903118988
2014,42,us,73514075.424,956299.358,13807872.909,0.013008384482623838,0.18782624727797598
2014,43,aus,10113190.225,6319.216,67871.842,0.0006248489210040545,0.0067112197526176766
2014,43,china,10113190.225,2156095.579,1909946.943,0.21319638324117451,0.18885701746997446
2014,43,us,10113190.225,513170.923,510616.211,0.05074273415043966,0.05049012226999814
2014,44,aus,145880976.513,1503320.039,1614784.369,0.010305113627108422,0.011069190840356765
2014,44,china,145880976.513,15323067.787,21310803.977,0.1050381492725647,0.1460835023619472
2014,44,us,145880976.513,10034651.365,17471106.05,0.06878656562945186,0.11976274403704093
2014,45,aus,1926784.205,2309.168,23968.745,0.0011984569906727048,0.012439766185440574
2014,45,china,1926784.205,77178.799,45144.179,0.040055756529309934,0.023429805415080197
2014,45,us,1926784.205,30950.451999999997,280441.33599999995,0.016063268486259982,0.14554890748650284
2014,46,aus,2031055.953,423.009,36816.307,0.0002082704808674466,0.018126682795528086
2014,46,china,2031055.953,1247856.028,11654.474,0.6143878144552525,0.005738135368838852
2014,46,us,2031055.953,10254.97,569346.838,0.005049082958474261,0.28032060719894897
2014,47,aus,50807508.541,266514.134,186691.924,0.005245565894752186,0.0036744947619178317
2014,47,china,50807508.541,153657.528,16354342.327,0.0030243074776241663,0.3218882955814017
2014,47,us,50807508.541,9542211.018000001,3688428.025,0.18781103998240237,0.07259612074903375
2014,48,aus,194880057.763,1124109.888,2739785.122,0.00576821405383134,0.014058827534482477
2014,48,china,194880057.763,18610139.701,4763364.614999999,0.09549535193402087,0.024442545172030285
2014,48,us,194880057.763,18072994.016,18299276.795,0.09273906331646903,0.0939002020271071
2014,49,aus,41277703.1,202502.41400000002,930247.096,0.004905854705854503,0.02253630958453209
2014,49,china,41277703.1,6109228.3889999995,1089148.46,0.1480031089472127,0.02638587853014525
2014,49,us,41277703.1,5886487.88,4232566.398,0.14260696303133202,0.10253880618662621
2014,50,aus,2430138.551,1790.278,8941.786,0.0007366979134845222,0.003679537529380974
2014,50,china,2430138.551,1286781.435,44734.878,0.5295094942099045,0.018408365227403037
2014,50,us,2430138.551,11378.541000000001,139738.91199999998,0.004682260192661748,0.05750244649322465
2014,51,aus,14288762.031,2238516.916,63944.256,0.15666276134653614,0.004475143183242227
2014,51,china,14288762.031,2496330.3740000003,3294728.7199999997,0.17470585405398445,0.23058181757467605
2014,51,us,14288762.031,100648.228,333367.838,0.007043873204805282,0.023330771222639587
2014,52,aus,60082288.868,1881521.3309999998,95264.63500000001,0.03131573990354591,0.0015855693382336876
2014,52,china,60082288.868,11479155.393,11612991.885,0.19105722517029192,0.19328477832316926
2014,52,us,60082288.868,6971824.562,1175534.528,0.11603793219857197,0.01956540854464839
2014,53,aus,4219631.3549999995,569.933,21560.589,0.00013506701226984318,0.005109590669443683
2014,53,china,4219631.3549999995,1022550.147,801719.214,0.2423316306502325,0.18999745393635226
2014,53,us,4219631.3549999995,15946.916,243407.478,0.003779220187352125,0.057684536283383464
2014,54,aus,47438161.205,19324.178,268180.785,0.0004073551231569074,0.005653271083613031
2014,54,china,47438161.205,13836983.944,3257878.263,0.2916846604615353,0.06867631839525472
2014,54,us,47438161.205,1961254.8530000001,2466568.998,0.04134339955810267,0.051995459675195484
2014,55,aus,41206923.359,25723.502,141368.936,0.0006242519436817341,0.003430708348895056
2014,55,china,41206923.359,9810069.078,2828353.891,0.2380684671003807,0.06863783220016254
2014,55,us,41206923.359,2522329.218,2009242.766,0.06121129684992846,0.048759834567002724
2014,56,aus,24189908.341000002,55288.087,248824.755,0.0022855848075410447,0.010286304168348645
2014,56,china,24189908.341000002,4146655.114,1232726.415,0.17142086921312322,0.05096035907298686
2014,56,us,24189908.341000002,2297410.696,2100006.364,0.09497393142685326,0.08681332456480018
2014,57,aus,16007563.998,47744.086,457234.905,0.0029825953534194957,0.028563678087254712
2014,57,china,16007563.998,2523193.2070000004,196362.44,0.15762505821093395,0.012266853346613746
2014,57,us,16007563.998,1085356.186,2457420.6,0.06780270790331405,0.1535162127296216
2014,58,aus,12629332.562,9515.633,128374.85500000001,0.0007534549393870019,0.010164817053457207
2014,58,china,12629332.562,4497623.494,483015.718,0.35612519283344846,0.038245545885245806
2014,58,us,12629332.562,459411.87499999994,917670.0090000001,0.03637657593896211,0.0726617978024546
2014,59,aus,24140717.678,57291.482,203615.293,0.0023732302727773116,0.008434516973186732
2014,59,china,24140717.678,6102912.199999999,1670565.459,0.252805748420716,0.06920115140248814
2014,59,us,24140717.678,2016207.556,2405198.266,0.08351895676396635,0.09963242593205558
2014,60,aus,29453377.03,24009.464,98070.871,0.0008151684601580642,0.0033296986929583334
2014,60,china,29453377.03,11102244.282,1559787.783,0.376942999462904,0.052957858836060266
2014,60,us,29453377.03,956838.785,1316058.692,0.03248655609254597,0.044682777484548436
2014,61,aus,211049561.192,49233.607,3004747.028,0.00023327983589224464,0.014237163114811997
2014,61,china,211049561.192,79371667.243,1641543.771,0.3760807025359911,0.007778001345885878
2014,61,us,211049561.192,1667865.7950000002,47367505.098,0.007902720979754503,0.22443782792283531
2014,62,aus,212603229.223,60067.502,3170016.2029999997,0.0002825333473039352,0.014910480026975332
2014,62,china,212603229.223,79802205.251,3097337.298,0.37535744655738645,0.014568627717085125
2014,62,us,212603229.223,1773573.252,39124521.521,0.008342174568476076,0.18402599840081546
2014,63,aus,60626524.677,112649.216,1277950.378,0.0018580846683883226,0.02107906373998077
2014,63,china,60626524.677,24194607.770999998,452006.98600000003,0.3990762772549084,0.007455597832931347
2014,63,us,60626524.677,2028369.62,13964539.215,0.03345680180096991,0.23033712206660187
2014,64,aus,134543035.35,59245.776,1630371.457,0.0004403481447098183,0.012117843578887266
2014,64,china,134543035.35,59098726.096,1901482.467,0.43925518658220164,0.014132894074029824
2014,64,us,134543035.35,999454.2999999999,27306342.917999998,0.0074285101224305025,0.2029561979701538
2014,65,aus,9063771.732,11424.071,196644.19,0.0012604102726535874,0.0216956247150113
2014,65,china,9063771.732,5189933.886,47632.741,0.5726020071397799,0.005255289123382349
2014,65,us,9063771.732,253346.515,2220409.654,0.02795155510211607,0.24497634314429576
2014,66,aus,3316019.988,1873.325,42770.687,0.0005649317575826386,0.012898199394086403
2014,66,china,3316019.988,2686398.4,13456.099999999999,0.8101273242385534,0.004057906782436439
2014,66,us,3316019.988,24434.74,564181.1680000001,0.007368695028505359,0.17013804803398552
2014,67,aus,5742685.902,1607.526,48486.625,0.00027992580953106776,0.008443196411475963
2014,67,china,5742685.902,4045564.913,258867.939,0.7044726077724458,0.04507785092509488
2014,67,us,5742685.902,117564.529,1845824.4949999999,0.02047204583469486,0.3214218096722226
2014,68,aus,50043775.804,59462.63,880644.0549999999,0.0011882123010239997,0.0175974742283457
2014,68,china,50043775.804,9440463.57,1631147.139,0.18864411044790558,0.03259440585355716
2014,68,us,50043775.804,3716792.3559999997,7271801.678,0.0742708218212207,0.14530881335733994
2014,69,aus,49084781.399,87200.985,772114.765,0.0017765381145565526,0.015730227231199004
2014,69,china,49084781.399,16052841.088,737056.8740000001,0.3270431410809348,0.015015995854369153
2014,69,us,49084781.399,1672503.759,5358284.836,0.03407377421943809,0.10916387285997294
2014,70,aus,75253503.254,138860.41700000002,732096.995,0.0018452352514581319,0.009728410816025185
2014,70,china,75253503.254,16073499.934,6428996.714,0.2135913843073563,0.08543119504085381
2014,70,us,75253503.254,7081905.830999999,7534192.218,0.0941073242410621,0.10011749476393354
2014,71,aus,703891601.446,22251174.658999998,5979016.052,0.03161164959674125,0.008494228429089572
2014,71,china,703891601.446,32401001.835,92363547.278,0.04603123800374778,0.13121842495102679
2014,71,us,703891601.446,46672947.502,62773997.34,0.06630701006535675,0.0891813415745319
2014,72,aus,437426751.614,2016116.132,1655914.3900000001,0.0046090371120673665,0.003785580977592414
2014,72,china,437426751.614,57795931.386999995,21087765.797,0.13212710739283054,0.04820867886838468
2014,72,us,437426751.614,18498442.53,35627943.194,0.04228923462441466,0.08144893530754901
2014,73,aus,324618813.715,818996.27,6742027.557,0.0025229476401174952,0.020769059808465638
2014,73,china,324618813.715,65610482.606000006,10235778.543,0.2021154653827394,0.03153168612089911
2014,73,us,324618813.715,24644503.101,40189150.22,0.07591828341359387,0.12380413125187556
2014,74,aus,173040175.458,4737953.826,1746128.596,0.027380657777649954,0.01009088549164016
2014,74,china,173040175.458,7503138.693,44761553.489,0.04336067432398754,0.2586772312876234
2014,74,us,173040175.458,8283245.572000001,10023062.08,0.047868915701663135,0.05792332360661978
2014,75,aus,35328912.026,4276911.774999999,216757.078,0.12105982125496659,0.006135402014092015
2014,75,china,35328912.026,1153949.119,4088267.261,0.032663024498200265,0.11572015741643206
2014,75,us,35328912.026,2415185.381,3509914.5870000003,0.06836285757179744,0.09934963704562738
2014,76,aus,173476458.838,4301451.384,1556035.9409999999,0.02479559136042133,0.008969723911952198
2014,76,china,173476458.838,20615658.987,7459276.107,0.11883836645669495,0.042998780105177284
2014,76,us,173476458.838,11858661.366,17754049.737999998,0.06835890843883402,0.10234270319397928
2014,78,aus,8494890.082,804475.771,7321.568,0.09470113953618074,0.0008618790742818231
2014,78,china,8494890.082,218179.91900000002,141674.978,0.025683665932571157,0.01667767053280631
2014,78,us,8494890.082,188436.06,1313369.9139999999,0.022182283488197344,0.15460705215985393
2014,79,aus,16348604.407,1222246.805,43946.833,0.07476153771735214,0.0026881091441164993
2014,79,china,16348604.407,515969.878,1628490.064,0.03156048462332826,0.09961034125351566
2014,79,us,16348604.407,318857.586,1836110.0710000002,0.019503657808459442,0.11230989663030999
2014,80,aus,8047987.198000001,39502.526,28933.515,0.0049083733644378486,0.0035951243818069497
2014,80,china,8047987.198000001,363139.543,373502.657,0.04512178437488613,0.046409449693560506
2014,80,us,8047987.198000001,163186.615,1135125.157,0.02027669912801966,0.14104460271533348
2014,81,aus,19858825.069,198742.28,98100.751,0.010007756214653427,0.004939907102215082
2014,81,china,19858825.069,4128070.252,1472063.401,0.20787082003375898,0.07412640958794278
2014,81,us,19858825.069,3148055.7199999997,2954430.689,0.15852175086199707,0.14877167600473615
2014,82,aus,65586609.511,162124.736,963168.709,0.0024719182346635694,0.01468544747443394
2014,82,china,65586609.511,15245294.432,2906432.058,0.23244522846455576,0.04431441234224101
2014,82,us,65586609.511,5564338.096999999,9637967.672,0.08483954481694567,0.14695023487048142
2014,83,aus,65568039.828,120154.036,942806.98,0.0018325091967853785,0.014379063069037886
2014,83,china,65568039.828,17567462.565,1932220.631,0.26792721897868965,0.029468939990712817
2014,83,us,65568039.828,4518479.797,10361440.43,0.06891283937804163,0.15802577684464006
2014,84,aus,2176448827.458,5242196.5709999995,34131569.802999996,0.002408600884553147,0.0156822294061764
2014,84,china,2176448827.458,472035291.22599995,146059800.975,0.21688324819348825,0.06710922817587751
2014,84,us,2176448827.458,234174363.388,344495634.268,0.1075947021743239,0.15828336045481772
2014,85,aus,2317960882.8,2336829.249,21314716.081,0.0010081400710167325,0.009195459785004098
2014,85,china,2317960882.8,673928448.485,259658078.19099998,0.29074194197398295,0.11202004318439741
2014,85,us,2317960882.8,151565709.61699998,312947348.305,0.06538751828888283,0.135009762514617
2014,86,aus,40420200.379999995,105316.281,1264854.615,0.002605535846183255,0.03129263593719968
2014,86,china,40420200.379999995,8674788.616,1576021.347,0.21461518088594891,0.03899093354766789
2014,86,us,40420200.379999995,3830301.4949999996,7076320.148,0.09476206102370639,0.1750689032086387
2014,87,aus,1396742326.293,2794581.588,26498225.395,0.0020007853527406957,0.018971448703303178
2014,87,china,1396742326.293,61500540.037,89770228.326,0.04403141429831546,0.06427114481756499
2014,87,us,1396742326.293,130110098.091,266101695.97500002,0.09315254191252045,0.19051595341944183
2014,88,aus,286862113.564,1041677.62,2067629.4710000001,0.003631283361396547,0.007207746764853646
2014,88,china,286862113.564,2595808.3789999997,28211358.742999997,0.00904897599320262,0.09834466598777931
2014,88,us,286862113.564,89236957.946,36975652.981,0.3110796223220704,0.12889695513154822
2014,89,aus,165981944.996,570168.605,1746713.007,0.003435124254109328,0.010523512102729572
2014,89,china,165981944.996,19198632.751000002,1873132.716,0.11566699469308346,0.011285159455416315
2014,89,us,165981944.996,6542964.565,5673117.336,0.0394197366777313,0.03417912313376444
2014,90,aus,548475511.349,2979522.5810000002,8074951.1110000005,0.0054323712168511075,0.014722537185186806
2014,90,china,548475511.349,61763179.197000004,89200557.895,0.11260881829544352,0.1626336200053987
2014,90,us,548475511.349,88992594.796,76088534.338,0.16225445430939797,0.13872731373340053
2014,91,aus,52480907.018,47417.666,486360.52900000004,0.0009035222273070966,0.00926738039861215
2014,91,china,52480907.018,9545386.952,2614898.809,0.18188304079283737,0.04982571677168493
2014,91,us,52480907.018,812324.444,5548020.578,0.015478475700151055,0.10571502844066946
2014,92,aus,6892294.154,8364.479,139182.113,0.0012135986673095787,0.020193873025460544
2014,92,china,6892294.154,2128214.751,345063.553,0.308781764597913,0.05006512277189149
2014,92,us,6892294.154,723597.8200000001,1320387.075,0.10498649706934723,0.1915743938806939
2014,93,aus,11836388.635,66381.319,376984.57399999996,0.005608240912579668,0.03184962792496209
2014,93,china,11836388.635,436374.75399999996,13081.416000000001,0.03686722086073173,0.0011051864215845767
2014,93,us,11836388.635,2930488.698,3222928.379,0.24758300765273916,0.2722898409629653
2014,94,aus,226264871.435,222886.526,4417869.987,0.000985069067886791,0.019525213785866618
2014,94,china,226264871.435,83293361.63,3092520.626,0.3681232579398787,0.013667701072582982
2014,94,us,226264871.435,9735645.921,55600428.818,0.04302765099706075,0.24573159971928102
2014,95,aus,107309105.284,196894.49,2506222.673,0.0018348348863678147,0.023355172577081237
2014,95,china,107309105.284,66607892.626,1258665.7889999999,0.6207105394245737,0.011729347529912445
2014,95,us,107309105.284,3975625.6499999994,28519897.395999998,0.03704835334781953,0.2657733220356313
2014,96,aus,31921944.127,25678.35,440588.00299999997,0.0008044105928460952,0.013802041669114534
2014,96,china,31921944.127,12531086.095,834140.438,0.39255397619724053,0.02613062771745387
2014,96,us,31921944.127,1567624.521,4544661.828,0.04910805290439947,0.14236795258832827
2014,97,aus,22770417.471,96325.867,164206.599,0.004230307464616268,0.0072114004589125605
2014,97,china,22770417.471,750765.935,452048.98099999997,0.032971109816329114,0.01985246785992051
2014,97,us,22770417.471,4738681.138,8596382.925,0.20810690642958568,0.37752416862572685
2015,01,aus,21399992.317,1847209.516,78639.54000000001,0.08631823267210194,0.0036747461791156494
2015,01,china,21399992.317,636510.3089999999,502179.85599999997,0.029743483061643934,0.023466356836075678
2015,01,us,21399992.317,722082.133,3246886.094,0.03374216786173251,0.15172370372398203
2015,02,aus,113364697.163,10487250.727,537548.623,0.09250896433764595,0.004741763851114007
2015,02,china,113364697.163,1005267.966,7006279.944,0.008867557459749468,0.06180301380707707
2015,02,us,113364697.163,14506053.827,9319612.903,0.12795918120914354,0.08220912802863058
2015,03,aus,102332303.265,1050110.51,808225.272,0.010261769514565025,0.007898046327629485
2015,03,china,102332303.265,9659222.341,6871001.965,0.09439074498290587,0.06714401753673847
2015,03,us,102332303.265,5456602.817,15132230.354,0.053322388365182855,0.14787344632333288
2015,04,aus,79469280.059,2040743.988,741194.88,0.02567965868678941,0.00932681005099981
2015,04,china,79469280.059,604001.205,3509985.197,0.007600436351651534,0.04416782427617437
2015,04,us,79469280.059,4416522.478,2818964.676,0.055575216923081,0.03547238220740303
2015,05,aus,9661685.967,355520.632,88886.814,0.03679695585369878,0.009199927870104412
2015,05,china,9661685.967,1773060.387,784204.385,0.1835145949740016,0.08116641212294537
2015,05,us,9661685.967,1157141.286,1012481.6229999999,0.11976597976298106,0.10479347253245287
2015,06,aus,18016074.811,13092.361,83671.662,0.0007267044091094833,0.004644278117057603
2015,06,china,18016074.811,329780.042,210141.885,0.01830476646326133,0.011664132570747016
2015,06,us,18016074.811,424764.671,2239229.511,0.023576981970604004,0.1242906423563918
2015,07,aus,68418246.507,1411177.659,240135.879,0.020625750162357927,0.0035098221784364385
2015,07,china,68418246.507,7381225.7190000005,2603749.922,0.10788387741338581,0.0380563673424984
2015,07,us,68418246.507,3895559.944,9268448.290000001,0.05693744202581161,0.13546749241887876
2015,08,aus,112399833.761,1446457.939,793109.793,0.012868861906643544,0.007056147384402891
2015,08,china,112399833.761,3344768.875,6650702.371,0.02975777421621555,0.05917003743209833
2015,08,us,112399833.761,13914573.336,14423897.662,0.12379531953389789,0.1283266814492811
2015,09,aus,49108337.336,42992.46,680922.781,0.0008754615271505717,0.013865726634993072
2015,09,china,49108337.336,2375086.507,423564.418,0.04836422155263823,0.008625101988323607
2015,09,us,49108337.336,994393.09,8126446.179,0.02024896675276027,0.165479969794105
2015,10,aus,118548139.375,7128647.617,158800.19400000002,0.06013293548581264,0.00133954185056985
2015,10,china,118548139.375,432496.355,8761293.864,0.0036482761963213643,0.07390494621164526
2015,10,us,118548139.375,21194785.422,2792060.155,0.17878631865283967,0.02355212127090375
2015,11,aus,19275834.22,690820.269,94338.21800000001,0.035838670384663644,0.004894118559191469
2015,11,china,19275834.22,656139.156,1234037.452,0.034039468720851035,0.06401992452910814
2015,11,us,19275834.22,945280.8289999999,1638284.948,0.04903968451955279,0.0849916496117282
2015,12,aus,92768762.288,1800238.0289999999,236188.94100000002,0.01940564889085372,0.002545996466642004
2015,12,china,92768762.288,3242288.3759999997,36993944.921,0.03495021703463432,0.39877588111127904
2015,12,us,92768762.288,25453589.972,2608706.849,0.27437673354937625,0.02812053092722405
2015,13,aus,7152049.908,23018.725,98742.77100000001,0.003218479358519599,0.013806219513310479
2015,13,china,7152049.908,926697.079,277296.335,0.1295708350641448,0.03877158836515211
2015,13,us,7152049.908,480698.424,1684695.66,0.06721127930921032,0.2355542371307513
2015,14,aus,1170356.226,1316.5620000000001,6561.814,0.0011249241647559708,0.005606680986716945
2015,14,china,1170356.226,185277.22100000002,185649.921,0.1583083995145936,0.15862684956571504
2015,14,us,1170356.226,36716.763,115378.89099999999,0.03137229689928611,0.09858442108206462
2015,15,aus,94244229.91399999,460272.126,536198.03,0.004883822876159196,0.005689452080931565
2015,15,china,94244229.91399999,659177.981,8125676.497,0.006994359035046654,0.08621935267989209
2015,15,us,94244229.91399999,3216912.4790000003,6020853.526,0.03413378709694489,0.06388564617159231
2015,16,aus,43003980.285,187462.08000000002,674194.496,0.004359179749354218,0.015677490584171866
2015,16,china,43003980.285,5178303.891,304875.219,0.12041452574114908,0.007089465137401293
2015,16,us,43003980.285,2561559.674,4979549.477,0.059565641529546624,0.11579275787959775
2015,17,aus,43967098.536,1471589.282,324599.998,0.033470238678476164,0.007382793243320787
2015,17,china,43967098.536,1426076.65,2256929.955,0.032435086632617724,0.05133224684253475
2015,17,us,43967098.536,2002443.429,4229340.342999999,0.04554413403832894,0.09619330098703331
2015,18,aus,47401758.858,190271.01499999998,721276.382,0.004014007487991933,0.015216236683552303
2015,18,china,47401758.858,451293.11199999996,803495.017,0.00952059845188287,0.016950742680393052
2015,18,us,47401758.858,1795510.662,5060701.737,0.03787856622322299,0.10676189784771888
2015,19,aus,63980669.452,624830.028,1075422.13,0.009765918883808556,0.016808547631825113
2015,19,china,63980669.452,1680463.609,3466391.951,0.026265177019767327,0.05417873837035387
2015,19,us,63980669.452,4374088.775,6242683.704,0.06836578629865006,0.09757140332336516
2015,20,aus,57605183.287,155149.948,841389.349,0.002693333119469708,0.014606139603931785
2015,20,china,57605183.287,5683811.989,864843.6329999999,0.09866841253993006,0.015013295395506063
2015,20,us,57605183.287,5436624.1959999995,8003710.097,0.09437734394340352,0.1389407973432528
2015,21,aus,63679935.151,704190.5109999999,1837574.608,0.011058279336029469,0.02885641456202305
2015,21,china,63679935.151,2600189.425,1605744.476,0.04083216194919708,0.02521586229936329
2015,21,us,63679935.151,8879846.126,4409341.001,0.13944496182264965,0.06924223447376984
2015,22,aus,107034576.769,2260353.579,1674599.404,0.021117975585387257,0.01564540594778161
2015,22,china,107034576.769,1902886.104,4204994.922,0.017778237289682315,0.03928632269061185
2015,22,us,107034576.769,7581906.423,21450935.95,0.07083604804981038,0.20041127453883434
2015,23,aus,76019674.365,532690.215,634096.715,0.007007267782315763,0.008341218510822018
2015,23,china,76019674.365,2659756.679,4400037.681,0.03498774101858783,0.05788024899809106
2015,23,us,76019674.365,13038469.472,2986043.106,0.17151440835430629,0.039279872361237
2015,24,aus,41553283.509,44899.715,602674.3509999999,0.001080533503213415,0.014503651699858256
2015,24,china,41553283.509,1622990.6609999998,1397232.477,0.03905806049354625,0.03362507987358867
2015,24,us,41553283.509,2088021.8190000001,2056554.323,0.05024926173518289,0.049491981122372006
2015,25,aus,53996391.505,1071831.739,416983.006,0.019850062367607467,0.007722423561607591
2015,25,china,53996391.505,4639680.981000001,5249382.701,0.08592576006806625,0.09721728720545916
2015,25,us,53996391.505,2777272.947,3775700.613,0.051434417552566045,0.06992505439276205
2015,26,aus,176399429.265,54235850.538,609891.0819999999,0.307460464945853,0.003457443624059449
2015,26,china,176399429.265,569821.209,83677196.68,0.0032302894140545852,0.4743620601759095
2015,26,us,176399429.265,5730354.813,3467421.26,0.03248510971309009,0.019656646704854064
2015,27,aus,1886855626.591,52970187.523,21359509.360999998,0.028073259435700305,0.011320160938646072
2015,27,china,1886855626.591,20774246.208,195490592.326,0.011009981853001137,0.10360654496878212
2015,27,us,1886855626.591,108563818.558,195930120.07099998,0.057536897379977754,0.1038394868742495
2015,28,aus,122049664.085,6399047.845,1353761.75,0.05242986855370172,0.011091892469750586
2015,28,china,122049664.085,14861928.662999999,10028920.814,0.12176951714221508,0.08217081865145881
2015,28,us,122049664.085,12669213.579,13138745.397,0.10380375623300922,0.10765081162246937
2015,29,aus,379900520.506,426453.392,2461128.218,0.0011225396359867972,0.00647834916025373
2015,29,china,379900520.506,46206919.789000005,48502960.018,0.12162899836898285,0.12767279169135534
2015,29,us,379900520.506,37245654.843,51956029.191,0.09804054701844443,0.13676219532892014
2015,30,aus,478570906.71500003,2179883.549,6917351.379,0.0045549855171162145,0.014454182822106738
2015,30,china,478570906.71500003,6149267.506,16846156.954,0.01284922969557368,0.03520096336326661
2015,30,us,478570906.71500003,59915724.819,86310277.314,0.1251971734560145,0.18035002985544993
2015,31,aus,73796844.61,375209.093,1379487.345,0.005084351437827688,0.018693039686050066
2015,31,china,73796844.61,11249329.642,4146801.844,0.1524364585159463,0.05619212943202288
2015,31,us,73796844.61,3900453.6109999996,8462755.742,0.052853934766629036,0.11467639011835523
2015,32,aus,74554790.182,697794.242,653240.185,0.009359482339049902,0.008761880804779113
2015,32,china,74554790.182,7507825.771,4118411.09,0.1007021246075834,0.055240060094680826
2015,32,us,74554790.182,8082833.755,3976159.181,0.10841468046880058,0.05333204172788319
2015,33,aus,108015063.024,465047.896,1652264.8639999998,0.004305398552576602,0.015296615284415295
2015,33,china,108015063.024,5325173.257999999,3832248.585,0.04930028376520775,0.03547883487461844
2015,33,us,108015063.024,11789032.407,11186984.447999999,0.10914248510303215,0.10356874434739115
2015,34,aus,54841780.823,179290.733,730079.66,0.0032692361609965733,0.013312471787820085
2015,34,china,54841780.823,3257152.192,3425271.1259999997,0.059391802073538585,0.06245732860234694
2015,34,us,54841780.823,7492571.143,3185781.25,0.1366215872380589,0.05809040483718065
2015,35,aus,27071459.937,205763.499,255062.85,0.0076007536896365215,0.009421835785494232
2015,35,china,27071459.937,2259677.141,1942667.174,0.08347082670305414,0.07176070956353757
2015,35,us,27071459.937,3637290.677,2753769.222,0.1343588666981614,0.10172222807371677
2015,36,aus,4806132.672,32828.248999999996,143457.87900000002,0.006830491632337525,0.029848921948361896
2015,36,china,4806132.672,1042963.844,164059.843,0.21700687749969794,0.034135521051217456
2015,36,us,4806132.672,847771.4110000001,891265.308,0.17639367634169215,0.18544334266767407
2015,37,aus,14585931.403,10728.077,132065.576,0.0007355085324063346,0.009054312155399076
2015,37,china,14585931.403,1031306.194,1817114.685,0.07070554258796825,0.12457995549233558
2015,37,us,14585931.403,2411098.875,1654686.419,0.1653030449947194,0.11344400115988945
2015,38,aus,175687003.522,437140.367,1743396.685,0.002488177032089116,0.009923310489962834
2015,38,china,175687003.522,15130334.120000001,11934287.606999999,0.08612096408204344,0.06792925696126154
2015,38,us,175687003.522,29074626.718000002,13255979.876,0.16549105019233365,0.07545225093636508
2015,39,aus,556914640.168,998185.519,5398020.482,0.0017923492165673456,0.009692725047363852
2015,39,china,556914640.168,68554360.924,59339431.596999995,0.12309671173901937,0.10655031726064795
2015,39,us,556914640.168,60951188.405,50967969.622,0.10944439957012685,0.0915184589268921
2015,40,aus,176609619.47,208176.883,2848625.679,0.0011787403405586422,0.016129504652966455
2015,40,china,176609619.47,21660215.441,12981953.572,0.12264459606448186,0.0735064919507694
2015,40,us,176609619.47,13640094.346,27128506.1,0.07723302041493267,0.15360718278773156
2015,41,aus,32001775.083,980538.311,122810.557,0.03064012256997838,0.0038376170284766323
2015,41,china,32001775.083,918978.5599999999,6942794.528,0.028716487057875117,0.21695029447563846
2015,41,us,32001775.083,3405791.529,1040192.249,0.10642508173895723,0.032504204729336135
2015,42,aus,68943711.343,37896.17,1182648.4510000001,0.0005496682621488679,0.017153826331109994
2015,42,china,68943711.343,31901647.971,1415930.08,0.46272020100987854,0.020537479813867932
2015,42,us,68943711.343,962530.0279999999,11652560.614,0.01396109970366032,0.1690155691797278
2015,43,aus,8850465.927000001,9924.0,35547.248,0.0011212968991525048,0.004016426738795352
2015,43,china,8850465.927000001,1671558.718,2014667.851,0.18886674800934464,0.2276341005792564
2015,43,us,8850465.927000001,407687.27,469902.121,0.04606393305874144,0.05309348963950877
2015,44,aus,129624928.598,1516542.932,1541944.709,0.011699469757882658,0.011895433429953618
2015,44,china,129624928.598,15087634.889,16802148.914,0.11639454734660343,0.12962127806533075
2015,44,us,129624928.598,9128372.741,17903252.276,0.07042142927082656,0.13811581205589363
2015,45,aus,1726862.705,891.833,20723.589,0.0005164469632807316,0.012000716061558581
2015,45,china,1726862.705,80727.00200000001,41685.217000000004,0.0467477824185218,0.02413927689752267
2015,45,us,1726862.705,36254.327000000005,291536.97599999997,0.020994330872412932,0.1688246408680185
2015,46,aus,1937092.517,383.992,38111.741,0.00019823111009415975,0.019674713863963578
2015,46,china,1937092.517,1166949.535,12207.841,0.6024232321165897,0.006302146589728425
2015,46,us,1937092.517,17366.48,593522.144,0.008965230027781889,0.3063984496306843
2015,47,aus,49149409.451,257449.022,162936.87300000002,0.005238089834154903,0.0033151338911292837
2015,47,china,49149409.451,140284.576,16766566.658,0.0028542474379037682,0.3411346513677972
2015,47,us,49149409.451,9142143.128,3360294.485,0.186007181573857,0.06836896968925088
2015,48,aus,175233167.824,1006584.145,2271895.3249999997,0.005744255824964535,0.012964984615708351
2015,48,china,175233167.824,17941668.297,5191888.244,0.1023873991424967,0.02962845623617675
2015,48,us,175233167.824,17163739.2,18034433.019,0.09794800501032343,0.10291677793049632
2015,49,aus,37926961.085,183859.784,866833.277,0.004847733083279272,0.02285533172713988
2015,49,china,37926961.085,5729324.754000001,1113010.8560000001,0.15106205691407032,0.029346164948612048
2015,49,us,37926961.085,5553985.118,4478004.681,0.14643897003908873,0.11806916644241865
2015,50,aus,2066220.952,1963.7740000000001,6964.423,0.0009504182009669216,0.003370609030587354
2015,50,china,2066220.952,1074235.115,43398.909999999996,0.5199033113860322,0.021004002479982593
2015,50,us,2066220.952,11137.306,121407.12,0.005390181524013507,0.0587580528996591
2015,51,aus,12666871.066,2190697.6720000003,58229.043,0.17294702540078735,0.004596955530422701
2015,51,china,12666871.066,2053421.223,3017390.654,0.16210958588753036,0.23821120766747056
2015,51,us,12666871.066,100429.19499999999,344201.364,0.007928492717476912,0.027173353404053666
2015,52,aus,54089969.863,797362.845,83528.223,0.01474141780850635,0.001544246062838669
2015,52,china,54089969.863,11258401.332,9181033.783,0.20814212617451022,0.16973634494997647
2015,52,us,54089969.863,6122953.992000001,1147826.605,0.11319943434075344,0.02122069226341288
2015,53,aus,3871816.668,699.761,22390.191,0.00018073195608237926,0.005782864458705305
2015,53,china,3871816.668,763676.663,668979.271,0.197239882071813,0.17278175295049894
2015,53,us,3871816.668,16396.462,271051.253,0.004234823961453125,0.07000622091438344
2015,54,aus,44436443.563999996,14861.293,266437.843,0.0003344392981989183,0.005995930853833081
2015,54,china,44436443.563999996,13741663.396000002,2904278.455,0.3092430962934386,0.06535803097781862
2015,54,us,44436443.563999996,1873184.42,2487332.259,0.042154238047924085,0.05597505244580604
2015,55,aus,38300536.509,24508.738999999998,121164.175,0.0006399058925516838,0.0031635111683495187
2015,55,china,38300536.509,9818140.103,2403139.039,0.2563447146671926,0.06274426569547664
2015,55,us,38300536.509,2496930.785,2062775.637,0.06519310204475234,0.05385761728207858
2015,56,aus,22778657.998,60937.325,240123.487,0.0026751938154280373,0.010541599378729125
2015,56,china,22778657.998,4267721.319,1104501.774,0.1873561348247431,0.04848844800676918
2015,56,us,22778657.998,2165477.1900000004,2262835.84,0.09506605657761456,0.09934017360455037
2015,57,aus,14786076.939,35344.605,444939.239,0.0023903977468678317,0.03009177084872465
2015,57,china,14786076.939,2450405.701,164456.087,0.16572385705208725,0.01112236110216821
2015,57,us,14786076.939,991160.8230000001,2520230.3910000003,0.06703338736089612,0.17044618402820558
2015,58,aus,11376572.244,8141.845,94251.58799999999,0.0007156676743554286,0.008284708783852556
2015,58,china,11376572.244,3954297.129,427023.05100000004,0.3475824742453066,0.037535299898896334
2015,58,us,11376572.244,430745.554,1006665.849,0.03786250768346986,0.08848586616508458
2015,59,aus,21912414.825999998,53882.648,181753.819,0.0024590009101172175,0.008294559063583512
2015,59,china,21912414.825999998,5565086.5370000005,1530630.635,0.25396956844741697,0.06985221150449573
2015,59,us,21912414.825999998,1904250.213,2418462.392,0.08690280044993158,0.11036950565258527
2015,60,aus,28825545.384999998,17159.611,91345.238,0.0005952918070000985,0.0031688988631428804
2015,60,china,28825545.384999998,12204916.02,1423059.6130000001,0.4234062480688082,0.04936800306788021
2015,60,us,28825545.384999998,810243.7209999999,1284132.696,0.028108530478026198,0.0445484267114067
2015,61,aus,204651843.35,53679.468,3193182.711,0.0002622965281978732,0.015602999996139542
2015,61,china,204651843.35,74837591.59799999,1983407.913,0.36568247015498967,0.009691620073062
2015,61,us,204651843.35,1847439.275,50236481.447000004,0.009027230074055426,0.24547289985111198
2015,62,aus,205147925.549,66156.784,3123620.709,0.0003224833194045548,0.015226187155638173
2015,62,china,205147925.549,75985717.815,3185974.96,0.37039476568750707,0.01553013490862243
2015,62,us,205147925.549,1764725.975,40489784.928,0.008602212136814865,0.19736872707654524
2015,63,aus,57270041.505,94390.08099999999,1329996.502,0.0016481580686781795,0.023223250185419958
2015,63,china,57270041.505,24058580.436,426875.036,0.42009015191475896,0.007453723182001385
2015,63,us,57270041.505,2003531.834,14928404.415000001,0.03498394241298184,0.2606669040687995
2015,64,aus,131100184.615,56960.347,1696427.563,0.00043447953309352406,0.012939932678065055
2015,64,china,131100184.615,56653815.962,2378923.057,0.43214138964315296,0.018145840633147458
2015,64,us,131100184.615,1137434.011,28872027.229000002,0.00867606719502559,0.22022873052229533
2015,65,aus,8841703.258,9693.103,208522.75900000002,0.0010962936345131975,0.023584003321003563
2015,65,china,8841703.258,5179087.986,43448.135,0.5857568202499835,0.0049140005870122365
2015,65,us,8841703.258,318252.14099999995,2460016.468,0.0359944381431309,0.278228797802524
2015,66,aus,3259523.0379999997,912.3580000000001,38344.780999999995,0.00027990536939410954,0.011763923909409717
2015,66,china,3259523.0379999997,2668739.582,9673.037,0.8187515630009179,0.002967623448961799
2015,66,us,3259523.0379999997,27672.174,608792.1140000001,0.008489639029205721,0.1867733735588342
2015,67,aus,6108038.436,1908.6570000000002,59715.64100000001,0.0003124828076965952,0.009776566016357008
2015,67,china,6108038.436,4341148.231,256970.78199999998,0.7107270650776893,0.042070917642797884
2015,67,us,6108038.436,145998.62099999998,2165784.65,0.023902701747831632,0.35457940756154077
2015,68,aus,46109939.909,57555.408,710462.519,0.0012482212753603267,0.015408012250766951
2015,68,china,46109939.909,9161688.112,1303347.123,0.19869225876418392,0.0282660772400097
2015,68,us,46109939.909,3676479.0429999996,7655748.126,0.07973289599283133,0.16603248976487406
2015,69,aus,46275305.233,86447.62700000001,750812.775,0.0018681157599010753,0.016224912428337217
2015,69,china,46275305.233,16258904.797,647557.564,0.35135164890074877,0.013993588172773663
2015,69,us,46275305.233,1704194.407,5728364.97,0.036827296944217644,0.12378881006094301
2015,70,aus,69761398.955,132690.463,732739.373,0.0019020613833388399,0.010503507440736071
2015,70,china,69761398.955,15626039.154,6507267.686,0.22399262899070685,0.0932789161839709
2015,70,us,69761398.955,6700534.205,8025289.353,0.09604930958053493,0.11503911150315034
2015,71,aus,631114307.749,21848190.208,5300266.388,0.03461843589939531,0.008398266879583985
2015,71,china,631114307.749,20423453.156,77973860.431,0.03236094144156624,0.12354950517460131
2015,71,us,631114307.749,45684603.213,57199537.889,0.07238720886544882,0.09063261153595774
2015,72,aus,356855996.102,1548543.215,1251095.359,0.004339406460631197,0.0035058829686650406
2015,72,china,356855996.102,54780985.503,18108148.229,0.15351006036435486,0.0507435728327349
2015,72,us,356855996.102,14239159.455,27517097.8,0.03990169595169147,0.07710980928042134
2015,73,aus,290961230.343,612779.534,7584886.159,0.0021060521818581264,0.026068373955040497
2015,73,china,290961230.343,65668875.430999994,8644182.242999999,0.22569630790186776,0.029709051727646995
2015,73,us,290961230.343,21488299.389,38570901.217,0.07385279256507299,0.13256371363129943
2015,74,aus,147913701.872,3293197.113,1283781.061,0.022264314065033892,0.008679257193569158
2015,74,china,147913701.872,6438524.708000001,36666630.321,0.04352892684392216,0.24789204689590003
2015,74,us,147913701.872,7012880.02,8524520.776,0.0474119701639861,0.05763171814452227
2015,75,aus,32685370.896,2383709.74,171462.359,0.07292894878215123,0.005245844067230192
2015,75,china,32685370.896,672509.3459999999,6054215.821,0.020575239856993662,0.1852270803431791
2015,75,us,32685370.896,2420480.717,2630095.53,0.07405394678560052,0.08046705476797474
2015,76,aus,165435493.812,3963022.072,1508843.483,0.023955089568043705,0.009120433881707643
2015,76,china,165435493.812,22206069.353,6394539.948,0.1342279630647753,0.03865276912865337
2015,76,us,165435493.812,11198382.197999999,18438976.009,0.06769032412552158,0.11145719448786456
2015,78,aus,7440039.371,952993.985,5968.591,0.12808991155538874,0.0008022257278993101
2015,78,china,7440039.371,199572.171,103653.513,0.026824074584591334,0.013931850065743422
2015,78,us,7440039.371,156093.607,1050144.582,0.020980212498394317,0.14114771839693266
2015,79,aus,15551444.033,1011694.64,45476.204,0.0650547073219178,0.002924243170184066
2015,79,china,15551444.033,529618.189,1609220.864,0.034055884963232724,0.10347726298504822
2015,79,us,15551444.033,271194.96400000004,1842686.926,0.017438571197923948,0.11848976352870112
2015,80,aus,5704200.942,9080.032,25899.094,0.0015918148908717037,0.00454035442708638
2015,80,china,5704200.942,235307.059,276909.795,0.04125153748835099,0.04854488784942948
2015,80,us,5704200.942,124581.97200000001,732071.7790000001,0.021840389787586838,0.12833905860674713
2015,81,aus,17698082.247,220809.152,90494.458,0.012476445126557672,0.005113235249844072
2015,81,china,17698082.247,3522276.6350000002,1656571.052,0.19902024331461454,0.09360172638370494
2015,81,us,17698082.247,3005919.673,2533832.438,0.16984437246072426,0.14316988714579568
2015,82,aus,60018445.96,126275.828,860689.6020000001,0.00210395031027891,0.014340417987057125
2015,82,china,60018445.96,14975397.167,2782653.283,0.24951324426128144,0.04636330112336683
2015,82,us,60018445.96,5058354.875,9887297.348,0.0842800041569087,0.16473764340032238
2015,83,aus,62348470.791,118315.653,924169.052,0.0018976512414652336,0.014822641843100405
2015,83,china,62348470.791,18005488.744,1660202.017,0.2887879769233906,0.026627790480462755
2015,83,us,62348470.791,4484433.749,11028622.204,0.07192532057494067,0.17688681156221686
2015,84,aus,2008313768.67,4642813.093,31792309.349,0.0023117966751155074,0.015830349741641398
2015,84,china,2008313768.67,450707379.08599997,128978702.722,0.2244207982423382,0.06422238632931136
2015,84,us,2008313768.67,222366000.37199998,336432990.268,0.11072273856851622,0.1675201333160215
2015,85,aus,2247022595.1809998,2035933.173,18103743.053,0.0009060581666451839,0.008056769474337096
2015,85,china,2247022595.1809998,670827454.615,267063010.416,0.29854059147142853,0.11885194701145754
2015,85,us,2247022595.1809998,147072379.362,318036029.379,0.06545211413423868,0.1415366405576273
2015,86,aus,34235658.503,101743.923,815744.243,0.002971869899656944,0.023827327373548784
2015,86,china,34235658.503,7065534.527,1371013.455,0.20637939610189948,0.04004635853228473
2015,86,us,34235658.503,3966795.74,4864450.028,0.11586737084821658,0.14208723420855884
2015,87,aus,1338096116.678,2587322.319,25186904.349,0.001933584805121002,0.018822941069083894
2015,87,china,1338096116.678,61345536.84899999,68696289.65900001,0.04584538889575315,0.051338830449301064
2015,87,us,1338096116.678,121901044.03799999,286670962.189,0.09110036455425594,0.2142379449547305
2015,88,aus,282365299.151,853603.697,2042287.175,0.003023047447992254,0.007232783848230053
2015,88,china,282365299.151,3276017.842,26884328.741,0.011602055393669637,0.09521116377201545
2015,88,us,282365299.151,93501910.084,39231622.904,0.33113810501905244,0.1389392500493489
2015,89,aus,169197220.033,783528.484,1012090.754,0.004630859087679938,0.005981722121690907
2015,89,china,169197220.033,23810812.825,1915614.098,0.14072815629214222,0.01132178234149699
2015,89,us,169197220.033,5879932.99,7070954.115999999,0.03475194798622097,0.04179119559187137
2015,90,aus,531224902.093,2922930.8,7626109.925999999,0.0055022473315610694,0.01435570865739445
2015,90,china,531224902.093,71936860.793,80491417.793,0.1354169590122231,0.1515204153191384
2015,90,us,531224902.093,87440526.893,77816944.884,0.16460170927320733,0.1464858755254226
2015,91,aus,51251662.613,53988.987,540930.3659999999,0.0010534094748822,0.010554396451185425
2015,91,china,51251662.613,10186337.51,2321015.79,0.19875135733482005,0.045286643821214764
2015,91,us,51251662.613,751854.0249999999,5816087.36,0.01466984653116974,0.11348094995311915
2015,92,aus,6499841.415,7985.265,132706.33299999998,0.0012285322810448908,0.02041685704727305
2015,92,china,6499841.415,1974204.3699999999,339836.199,0.3037311595701447,0.05228376775712458
2015,92,us,6499841.415,705053.369,1316075.209,0.10847239555305364,0.20247804907406344
2015,93,aus,13006998.188,50003.65,318301.38499999995,0.0038443651084792483,0.024471548346463104
2015,93,china,13006998.188,714967.791,14302.341,0.05496793192910684,0.0010995881442649126
2015,93,us,13006998.188,2852883.416,3091280.772,0.2193344978422473,0.23766288941686445
2015,94,aus,221323899.016,204637.489,4612164.916,0.0009246063796535877,0.02083898276013372
2015,94,china,221323899.016,85952065.94,2995619.445,0.3883542008890162,0.013535002131800686
2015,94,us,221323899.016,9656719.554,60801039.569000006,0.043631616815597005,0.2747152017442299
2015,95,aus,106167318.67899999,225937.438,2285428.836,0.0021281260637572327,0.02152667001895434
2015,95,china,106167318.67899999,66527127.186000004,1277557.028,0.6266252931106486,0.012033430286232726
2015,95,us,106167318.67899999,4572940.85,30899555.755,0.04307296168820483,0.2910458334963296
2015,96,aus,30917667.146,53469.261,437998.54099999997,0.0017294080031170019,0.014166610272750362
2015,96,china,30917667.146,12670236.32,850561.459,0.4098057030036699,0.027510531599407625
2015,96,us,30917667.146,1581590.036,4916860.441,0.05115489563075329,0.15903077091106216
2015,97,aus,23449673.44,86468.62299999999,144726.453,0.003687412672131437,0.006171789699771614
2015,97,china,23449673.44,687642.221,187591.817,0.029324170452072616,0.007999762447864604
2015,97,us,23449673.44,5863829.795,8046510.7069999995,0.25006018996399293,0.34313956343948127
2016,01,aus,21207056.267,1648073.901,153301.947,0.07771346858566809,0.007228817855241464
2016,01,china,21207056.267,634458.546,465106.57399999996,0.029917332137571206,0.02193168953504149
2016,01,us,21207056.267,736473.998,2787160.838,0.03472778063714655,0.13142610661796855
2016,02,aus,113014700.229,8660296.421,501933.474,0.07662982252266096,0.004441311377926409
2016,02,china,113014700.229,864193.6810000001,9971548.143,0.007646736922266726,0.08823231068874049
2016,02,us,113014700.229,14692669.435999999,7866654.297,0.13000671068656078,0.06960735445088043
2016,03,aus,110218311.398,1056049.426,841971.377,0.009581433544074083,0.007639124264566425
2016,03,china,110218311.398,10135564.125,7246203.794,0.09195898572969716,0.06574410097641441
2016,03,us,110218311.398,5419091.7,16026128.444,0.04916689097541676,0.1454035018385412
2016,04,aus,76888924.97399999,1870167.317,802443.05,0.024322973921567997,0.010436393151176795
2016,04,china,76888924.97399999,536784.598,3917656.795,0.006981299298715827,0.05095215983738564
2016,04,us,76888924.97399999,3964820.4109999994,2528451.3649999998,0.0515655591795659,0.03288446763763437
2016,05,aus,8848083.883,281099.312,70385.869,0.03176951255402107,0.007954927861300433
2016,05,china,8848083.883,1644732.674,666412.218,0.18588574608340433,0.07531712253320644
2016,05,us,8848083.883,959662.6710000001,858833.969,0.10845994270508885,0.09706440177970001
2016,06,aus,18617485.528,15699.197,77007.48300000001,0.0008432501250713474,0.004136298797395794
2016,06,china,18617485.528,365875.045,237826.27399999998,0.019652226636606627,0.012774349878898424
2016,06,us,18617485.528,431812.07599999994,2370426.52,0.0231938988404514,0.12732259232510038
2016,07,aus,72436546.848,1762615.326,252236.78,0.024333232362644938,0.0034821756554642325
2016,07,china,72436546.848,8474509.797,1973498.9249999998,0.11699218372160688,0.027244519664102247
2016,07,us,72436546.848,4100690.257,10523336.155000001,0.05661079158846211,0.14527661260664518
2016,08,aus,117168355.45899999,1475612.58,783844.499,0.01259395144891619,0.00668989929857201
2016,08,china,117168355.45899999,3972147.348,7849254.217,0.03390119569775774,0.06699124679399159
2016,08,us,117168355.45899999,13403048.299999999,15600897.758,0.11439136657243641,0.13314941305512415
2016,09,aus,48670865.954,42362.907,654283.525,0.0008703955881951677,0.01344302206618594
2016,09,china,48670865.954,2425427.175,715678.2339999999,0.04983324474424451,0.01470444833828115
2016,09,us,48670865.954,976990.658,7948961.783,0.020073418437292184,0.1633207387456955
2016,10,aus,112404594.049,5689539.247,146371.53100000002,0.05061660775643909,0.0013021845969764633
2016,10,china,112404594.049,520219.961,5748170.599,0.004628102306683506,0.051138217682581796
2016,10,us,112404594.049,20047767.164,2296505.494,0.17835362810225242,0.02043070849042785
2016,11,aus,19134700.859,685361.017,93666.851,0.035817702197191166,0.004895130145499181
2016,11,china,19134700.859,647481.264,1152896.4039999999,0.033838065657318984,0.06025160322575596
2016,11,us,19134700.859,967386.3929999999,1638709.55,0.05055665098338812,0.08564071955320031
2016,12,aus,92360991.392,1436985.737,232424.024,0.015558361980991758,0.002516473897660347
2016,12,china,92360991.392,3195412.989,36613168.445,0.03459699750772463,0.3964137661711079
2016,12,us,92360991.392,27286058.644,2404550.671,0.2954283862999269,0.0260342665746686
2016,13,aus,6770777.432,19719.717,86838.628,0.0029124745567327046,0.012825503256034366
2016,13,china,6770777.432,949131.4280000001,277185.168,0.14018056826299177,0.04093845511594717
2016,13,us,6770777.432,505870.25999999995,1304013.713,0.07471376294384742,0.1925943846325504
2016,14,aus,1223991.095,444.19500000000005,6521.981,0.00036290705203210653,0.0053284546159218585
2016,14,china,1223991.095,194413.19400000002,193398.168,0.15883546440343999,0.15800618876234554
2016,14,us,1223991.095,30491.284,127834.705,0.024911360976854167,0.10444087830557297
2016,15,aus,95387696.262,413506.122,566089.238,0.004335004808840637,0.005934614842202824
2016,15,china,95387696.262,589103.025,7182582.903,0.006175880622820781,0.07529884025369167
2016,15,us,95387696.262,3345359.8,6405124.496,0.035071187701308446,0.06714832988949788
2016,16,aus,42654354.941,191193.709,672825.432,0.004482395977256282,0.015773897716438567
2016,16,china,42654354.941,5224657.242000001,251353.721,0.12248824883711891,0.0058928032400835835
2016,16,us,42654354.941,2372325.971,4940111.052,0.05561743869486314,0.11581727255829374
2016,17,aus,50280750.915,1900549.325,310866.675,0.037798745850333326,0.006182617986861861
2016,17,china,50280750.915,1650801.36,2643453.155,0.032831676734317125,0.05257385991447856
2016,17,us,50280750.915,1922395.628,4326563.003,0.038233232261185295,0.0860480984127323
2016,18,aus,48243633.433,213854.52599999998,680648.009,0.004432803061921068,0.014108556105030381
2016,18,china,48243633.433,416929.462,668643.379,0.00864216544923021,0.013859722649800028
2016,18,us,48243633.433,1792302.548,5273556.81,0.0371510688656799,0.1093109377286815
2016,19,aus,65860550.02,766350.7220000001,1203658.776,0.011635959945176298,0.018275868871949638
2016,19,china,65860550.02,1722967.2219999998,4199045.87,0.026160838642810953,0.06375661710576161
2016,19,us,65860550.02,4161285.752,6849811.263,0.06318328271987303,0.10400476857420572
2016,20,aus,58835988.57,160857.851,879653.061,0.0027340043893138584,0.014950935343823355
2016,20,china,58835988.57,5933987.91,1001634.89,0.10085643250372262,0.01702418731026006
2016,20,us,58835988.57,5224530.938,8165313.5879999995,0.08879821797817036,0.1387809364040061
2016,21,aus,67011690.804,940501.4260000001,1933900.182,0.014034885774645468,0.028859146199674213
2016,21,china,67011690.804,2894779.865,2106844.174,0.04319813200157618,0.0314399494882502
2016,21,us,67011690.804,9510649.45,4522426.337,0.14192522731320634,0.06748712475003021
2016,22,aus,109357818.615,2317232.187,1688344.689,0.02118945143883986,0.01543871952076794
2016,22,china,109357818.615,2226425.622,4731184.257,0.020359089548395708,0.04326333788401893
2016,22,us,109357818.615,7581693.069,22753257.103,0.069329227347628,0.20806246312487311
2016,23,aus,72009213.907,524855.0480000001,679299.329,0.007288720700073897,0.009433505688276448
2016,23,china,72009213.907,2757039.175,3119828.744,0.03828731110105881,0.043325410384694146
2016,23,us,72009213.907,11277622.408,2834597.546,0.15661360256709736,0.039364372865684755
2016,24,aus,42363809.866,39454.833999999995,626973.705,0.0009313334689396134,0.014799747874026586
2016,24,china,42363809.866,1740888.798,1351554.242,0.041093773282114276,0.031903510243178564
2016,24,us,42363809.866,2182812.27,2184376.105,0.05152540049878431,0.05156231490768536
2016,25,aus,48880407.772,1011215.317,363749.842,0.020687538486109994,0.0074416286315918505
2016,25,china,48880407.772,4118220.499,4663347.3950000005,0.08425094402258702,0.09540320155985463
2016,25,us,48880407.772,2557983.966,3278522.58,0.0523314776327476,0.06707232466824929
2016,26,aus,171267302.622,51858030.316999994,821418.326,0.3027900219311249,0.004796118777049539
2016,26,china,171267302.622,580291.57,86320896.959,0.0033882215759580663,0.5040127078401929
2016,26,us,171267302.622,5016617.239,2709273.938,0.029291155767613486,0.015818979434618494
2016,27,aus,1582262506.136,52886215.653,17313228.203,0.033424425749777754,0.010942070696777214
2016,27,china,1582262506.136,20799486.98,176165468.538,0.013145408489008477,0.11133770019502572
2016,27,us,1582262506.136,96022360.66,160025281.535,0.06068674463790056,0.1011369990216057
2016,28,aus,111972037.448,5589673.617,1243122.8159999999,0.049920263526470644,0.011102082665748653
2016,28,china,111972037.448,14189677.305,9123097.38,0.126725186291173,0.08147656850699696
2016,28,us,111972037.448,11867161.515,11886791.073,0.10598325961971648,0.10615856729873516
2016,29,aus,373268694.00200003,407871.79,2276215.224,0.0010927029149618815,0.006098060889049012
2016,29,china,373268694.00200003,45391163.083000004,45460521.288,0.12160452728124259,0.12179034035936702
2016,29,us,373268694.00200003,34834892.098000005,50195632.229,0.09332390489145428,0.13447586962310598
2016,30,aus,501656721.412,2767543.725,7415121.917,0.00551680782270846,0.014781266951091278
2016,30,china,501656721.412,6362589.512,17032474.209,0.01268315411800202,0.03395244891976956
2016,30,us,501656721.412,60366473.417,90209723.657,0.12033422625553201,0.17982361205704384
2016,31,aus,60149894.940000005,393924.638,1244704.674,0.0065490494770264005,0.020693380682403565
2016,31,china,60149894.940000005,7328409.64,2941682.9990000003,0.12183578453977593,0.048905870940162945
2016,31,us,60149894.940000005,3287530.727,5917652.515,0.05465563539685876,0.09838175978366887
2016,32,aus,74833217.795,670611.514,725800.849,0.008961414913856705,0.00969891273402511
2016,32,china,74833217.795,7431086.513,4526443.578,0.09930197754367459,0.0604870899765376
2016,32,us,74833217.795,7829784.495,3924625.91,0.10462979844658168,0.05244497063792204
2016,33,aus,112711716.132,518725.664,1592925.422,0.004602233749972409,0.01413274038108406
2016,33,china,112711716.132,5608322.821,4752333.668,0.049758117553918964,0.0421636173335734
2016,33,us,112711716.132,12123275.953,11709447.5,0.10756003341127443,0.10388846787042726
2016,34,aus,55327993.187,208201.499,693091.377,0.003763040858834539,0.01252695673702567
2016,34,china,55327993.187,3428751.714,3727325.332,0.06197137319640988,0.06736780275767858
2016,34,us,55327993.187,7331558.522,3190818.484,0.13251083402248973,0.057670960036730966
2016,35,aus,26816010.25,189656.837,247767.587,0.0070725225427596934,0.00923953953963006
2016,35,china,26816010.25,2187471.454,2169677.483,0.0815733374803584,0.08090977974622456
2016,35,us,26816010.25,3579867.072,2675776.531,0.13349737856697008,0.09978279789030137
2016,36,aus,4587358.842,39348.995,137100.543,0.008577701539224823,0.029886596562876865
2016,36,china,4587358.842,946337.0630000001,183206.14500000002,0.20629235592727588,0.039937173286431996
2016,36,us,4587358.842,804590.375,842313.25,0.17539294454872295,0.1836161676056647
2016,37,aus,13867231.421,13952.145999999999,107117.452,0.001006123398133488,0.007724501650544713
2016,37,china,13867231.421,956265.56,1542920.445,0.06895865014208015,0.11126376982960426
2016,37,us,13867231.421,2228818.779,1697001.488,0.16072557753848132,0.12237493097794029
2016,38,aus,176414443.248,425322.516,1790538.351,0.002410927972615541,0.010149613138437288
2016,38,china,176414443.248,15377997.257,12187508.559,0.08716971793166566,0.0690845280840585
2016,38,us,176414443.248,28382133.294999998,13744534.533,0.1608832744782747,0.07791048329120195
2016,39,aus,550589854.627,1036048.174,5181975.434,0.001881705892858989,0.009411679838362727
2016,39,china,550589854.627,68225707.25,57494249.014,0.12391384744315688,0.10442300839878313
2016,39,us,550589854.627,59501117.078,51258762.913,0.10806795035900062,0.09309790669449498
2016,40,aus,172390204.659,199669.856,2769017.42,0.0011582436275597043,0.016062498594263588
2016,40,china,172390204.659,20275652.618,13458734.776,0.1176148764258774,0.07807134287369939
2016,40,us,172390204.659,13174010.113,25680843.809,0.07641971386401636,0.1489692750223165
2016,41,aus,27993031.53,727973.1359999999,67472.876,0.026005512665530153,0.0024103454435683265
2016,41,china,27993031.53,778694.588,5433861.727,0.027817444036580197,0.19411480036296017
2016,41,us,27993031.53,2767110.541,1059734.513,0.09884997764656181,0.03785708281949697
2016,42,aus,67936605.994,45399.867,1232384.0489999999,0.0006682681057692167,0.018140206313939807
2016,42,china,67936605.994,29767357.141000003,1507807.236,0.43816373669931324,0.022194326813046356
2016,42,us,67936605.994,963884.246,11647890.234000001,0.014187995292039287,0.17145234242388727
2016,43,aus,5708428.508,4001.892,34736.777,0.0007010496837074516,0.006085173345224279
2016,43,china,5708428.508,922157.468,1213077.4610000001,0.1615431404120512,0.21250637707031786
2016,43,us,5708428.508,346089.24799999996,348471.085,0.06062776252956095,0.06104501168958145
2016,44,aus,131345644.147,1706017.232,1561470.284,0.012988761394254172,0.011888253273572033
2016,44,china,131345644.147,14455436.871,18035930.009,0.11005646182542377,0.13731654464928025
2016,44,us,131345644.147,9209843.179,19636418.051999997,0.07011913671604128,0.14950185961266613
2016,45,aus,1710955.2010000001,914.416,22298.607,0.0005344476579314013,0.013032840945786984
2016,45,china,1710955.2010000001,70710.47899999999,44543.757,0.04132807157000482,0.026034437940844715
2016,45,us,1710955.2010000001,38216.695,243184.46200000003,0.022336467359088962,0.14213374018084535
2016,46,aus,1804888.1570000001,313.06600000000003,26359.594,0.00017345451505447492,0.014604558126091132
2016,46,china,1804888.1570000001,1008929.892,12451.929,0.5589985662474486,0.006899003105376351
2016,46,us,1804888.1570000001,16147.564,500615.914,0.008946573192014135,0.2773667232833419
2016,47,aus,47393253.434,241498.78,183359.163,0.005095636245701342,0.0038688874410225194
2016,47,china,47393253.434,146193.78600000002,16596382.728,0.003084696141479081,0.35018449938475266
2016,47,us,47393253.434,8766173.266,3086628.629,0.1849666910546203,0.06512801728833513
2016,48,aus,173298152.854,976863.081,2278606.125,0.005636892632219723,0.013148473238025088
2016,48,china,173298152.854,18766574.97,5196683.323,0.10829068089266039,0.02998695160575713
2016,48,us,173298152.854,16023358.91,17473640.115,0.09246122157747023,0.10082992707787929
2016,49,aus,36408414.561,199294.403,828920.334,0.0054738555744056035,0.022767273554611844
2016,49,china,36408414.561,5286698.155,1188141.909,0.14520539327914078,0.03263371732403627
2016,49,us,36408414.561,5055410.2700000005,4585497.605,0.13885279902891626,0.12594609406342835
2016,50,aus,1861683.953,1204.252,6515.349999999999,0.0006468616749150225,0.003499707879793923
2016,50,china,1861683.953,941336.217,51042.743,0.5056369613559214,0.027417512471838986
2016,50,us,1861683.953,9510.729,104031.421,0.0051086700213932605,0.05588028023358055
2016,51,aus,12565359.058,2322601.5579999997,58914.38,0.18484163860970346,0.004688634819590843
2016,51,china,12565359.058,2052501.901,3077374.962,0.1633460605085719,0.24490943297324436
2016,51,us,12565359.058,74623.603,281946.021,0.005938835703424592,0.02243835768628459
2016,52,aus,50920409.146,1299966.4330000002,77224.014,0.02552937917825269,0.0015165631088819766
2016,52,china,50920409.146,10742806.44,7138010.367,0.21097250827655398,0.14017975280861855
2016,52,us,50920409.146,5326037.179,1042748.5260000001,0.10459533354747957,0.02047800761007656
2016,53,aus,3847596.251,385.59299999999996,19030.439,0.00010021659624493692,0.004946059242846476
2016,53,china,3847596.251,716910.643,650046.1969999999,0.18632688988967414,0.168948651208154
2016,53,us,3847596.251,15614.246000000001,243059.271,0.004058182039225612,0.06317171946948132
2016,54,aus,43854902.152,18924.668999999998,254595.266,0.00043152915800399156,0.005805400388708636
2016,54,china,43854902.152,14587382.764,2745447.813,0.3326283276939142,0.06260298571604027
2016,54,us,43854902.152,1768087.239,2234630.14,0.040316752569002516,0.050955082108148995
2016,55,aus,37328162.758,28406.15,109209.877,0.0007609844123365575,0.002925669760604401
2016,55,china,37328162.758,10132251.6,2003570.036,0.2714371898153091,0.05367448832103595
2016,55,us,37328162.758,2266512.4960000003,1795291.692,0.06071856551563743,0.0480948313379083
2016,56,aus,22705206.044,53770.904,241266.689,0.0023682191606540968,0.010626051511378217
2016,56,china,22705206.044,4298650.909,1137466.9710000001,0.1893244615648818,0.050097187790136055
2016,56,us,22705206.044,2078667.909,2216105.076,0.09155027727877861,0.0976033897999186
2016,57,aus,14450331.887,35875.991,453036.477,0.00248271052046045,0.0313512852537018
2016,57,china,14450331.887,2426629.272,159990.959,0.16792896460620924,0.011071784388836993
2016,57,us,14450331.887,908386.505,2735393.528,0.06286267416578956,0.1892962424247744
2016,58,aus,11297026.107,7602.705,64436.445999999996,0.0006729828654011093,0.005703841470285096
2016,58,china,11297026.107,3997700.718,422200.525,0.35387195533901583,0.037372713933837065
2016,58,us,11297026.107,412440.085,869518.581,0.03650873080167876,0.07696880336155179
2016,59,aus,22131578.343,48567.029,205061.027,0.002194467482042973,0.009265540117470149
2016,59,china,22131578.343,5580722.664,1514789.783,0.25216107850550695,0.06844472452544774
2016,59,us,22131578.343,1894291.242,2448324.3740000003,0.08559223443723099,0.11062583680455765
2016,60,aus,28963002.181,14025.727,88029.784,0.00048426357572838247,0.0030393874036217265
2016,60,china,28963002.181,12456997.850000001,1395168.942,0.43010036639682014,0.048170729445832235
2016,60,us,28963002.181,776685.488,1235661.142,0.026816470307401797,0.04266343434558056
2016,61,aus,201609490.019,49640.458,3068910.164,0.0002462208400771303,0.015222052115258964
2016,61,china,201609490.019,69017049.84200001,2109013.736,0.3423303627001672,0.010460885228176725
2016,61,us,201609490.019,1679138.106,47455968.155999996,0.00832866600595912,0.23538558701541118
2016,62,aus,200699968.104,77092.195,3008794.323,0.0003841166280607074,0.014991503742745407
2016,62,china,200699968.104,70244431.554,3144428.799,0.34999722330598626,0.015667310905453657
2016,62,us,200699968.104,1605671.0559999999,39059941.378,0.008000355312303602,0.19461857292254112
2016,63,aus,56987056.323,96405.348,1322876.308,0.0016917060508193115,0.02321362767892411
2016,63,china,56987056.323,23268126.849,415840.48600000003,0.40830547058120237,0.007297104164198891
2016,63,us,56987056.323,1887592.847,14777511.957,0.0331231856634463,0.25931348117442227
2016,64,aus,128121342.57699999,61607.389,1663130.833,0.0004808518843218835,0.012980903880245172
2016,64,china,128121342.57699999,50003496.263,2630890.133,0.3902823312435105,0.02053436281639692
2016,64,us,128121342.57699999,1298225.613,26547116.002,0.010132781837029032,0.2072029177031561
2016,65,aus,8991584.43,10538.713,203892.073,0.0011720640652428374,0.022675878159996325
2016,65,china,8991584.43,5041512.673,52253.808,0.5606923576426898,0.005811412705602543
2016,65,us,8991584.43,348704.306,2443669.702,0.038781185753710375,0.27177298072704636
2016,66,aus,2982231.418,1389.635,36857.737,0.0004659715512392875,0.012359113641394814
2016,66,china,2982231.418,2329252.463,9925.465,0.7810434994887442,0.003328200802959953
2016,66,us,2982231.418,27678.936999999998,565853.471,0.009281284085781166,0.1897416369449569
2016,67,aus,5484588.164000001,1144.559,68818.964,0.00020868640739749803,0.012547699470256888
2016,67,china,5484588.164000001,3701314.8030000003,221889.564,0.6748573807774421,0.040456923540120884
2016,67,us,5484588.164000001,127772.676,2147482.815,0.023296676464913145,0.39154859960055877
2016,68,aus,46717422.029,58044.27,857644.106,0.0012424544737072354,0.018358121419191634
2016,68,china,46717422.029,9367509.743,1675710.545,0.20051426932729907,0.03586907137041502
2016,68,us,46717422.029,3754648.162,7720735.271,0.08036933544126834,0.1652645830116081
2016,69,aus,44355090.991,64007.976,780699.049,0.001443080705504307,0.017601114811339472
2016,69,china,44355090.991,13780654.432,800378.02,0.31068935096528616,0.01804478363402305
2016,69,us,44355090.991,1688876.2240000002,5591686.0,0.03807626557101837,0.1260663855054338
2016,70,aus,71441392.129,87130.894,756312.913,0.001219613607790143,0.010586480616647895
2016,70,china,71441392.129,15988889.853,6623761.466,0.22380428735388092,0.0927160189437467
2016,70,us,71441392.129,7148608.601,7775994.694000001,0.10006256020448104,0.10884438925768797
2016,71,aus,674454606.662,22540878.735,7647784.308999999,0.03342089817809824,0.01133921280017686
2016,71,china,674454606.662,19087078.269,66629308.703999996,0.02830001912725523,0.09878990823972679
2016,71,us,674454606.662,40143924.449,64446516.203,0.059520572700481174,0.09555352660716142
2016,72,aus,326934962.779,1282584.781,1181919.295,0.003923057877009611,0.003615151114317952
2016,72,china,326934962.779,49251344.525000006,17570038.518,0.1506456945025262,0.05374169335898441
2016,72,us,326934962.779,12402042.932,22536654.171,0.03793428156652513,0.06893314186844625
2016,73,aus,266925541.78,710058.216,4221605.934,0.0026601358988164194,0.015815668691156755
2016,73,china,266925541.78,59471716.824,8672919.979,0.2228026453647384,0.03249190737298651
2016,73,us,266925541.78,19233527.488,33687374.676,0.07205577765147808,0.1262051374003209
2016,74,aus,133081649.282,3280058.978,923568.084,0.024646966698237675,0.006939860521588212
2016,74,china,133081649.282,6133766.058,32489862.923,0.04609024678528405,0.24413480820450295
2016,74,us,133081649.282,6056754.867000001,7786350.3379999995,0.045511570525893746,0.058508069144084046
2016,75,aus,24092417.025000002,1782634.253,70914.772,0.0739915074170521,0.002943447804610629
2016,75,china,24092417.025000002,338379.346,5118433.391,0.014045055987901654,0.2124499748484658
2016,75,us,24092417.025000002,2115071.077,2011323.988,0.08778990811944073,0.08348369472074584
2016,76,aus,157648051.413,3276360.563,1506889.136,0.02078275331432244,0.00955856493305022
2016,76,china,157648051.413,21146152.412,5847550.4290000005,0.13413519686711614,0.03709243708747674
2016,76,us,157648051.413,10311479.421,19473963.001,0.06540822629000598,0.12352809201544077
2016,78,aus,7785686.05,874205.145,12591.109,0.11228363684148297,0.001617212525542306
2016,78,china,7785686.05,116503.599,97669.701,0.014963819277043672,0.012544777733492093
2016,78,us,7785686.05,147699.687,1125826.958,0.018970670799139146,0.14460215204798813
2016,79,aus,15083102.649,977899.992,42779.881,0.064834140213508,0.002836278582433189
2016,79,china,15083102.649,463893.779,1162353.176,0.03075585904275178,0.07706326762133806
2016,79,us,15083102.649,387430.316,1829188.787,0.02568638064832678,0.1212740395373013
2016,80,aus,5426030.298,5236.669,17578.171000000002,0.0009651013194545195,0.003239600598337831
2016,80,china,5426030.298,287179.923,281849.91000000003,0.05292633974156994,0.05194403542197103
2016,80,us,5426030.298,127027.548,673049.31,0.023410770125412223,0.12404083151693451
2016,81,aus,16777051.386,134718.44,77837.302,0.008029923548569382,0.004639510257741306
2016,81,china,16777051.386,2994562.7920000004,1817055.983,0.1784916027913512,0.10830603907646635
2016,81,us,16777051.386,3016679.017,2324427.784,0.17980984546052817,0.13854805177146162
2016,82,aus,58270446.6,107283.779,805434.205,0.0018411353483602782,0.013822344807633582
2016,82,china,58270446.6,14225317.311,2605226.366,0.2441257642772211,0.04470922256497687
2016,82,us,58270446.6,4692579.968,9551168.039,0.08053104518337431,0.16391101486769796
2016,83,aus,62219264.373,94493.39,921660.199,0.0015187159628490452,0.014813100223665674
2016,83,china,62219264.373,17298852.292999998,1817916.7580000001,0.27803048569161193,0.029217908252687146
2016,83,us,62219264.373,4317907.01,10884283.365,0.06939823306354859,0.17493429847947906
2016,84,aus,1960828225.473,4108228.013,27900702.003,0.002095149365778328,0.014229039362318268
2016,84,china,1960828225.473,426680470.686,123032015.692,0.21760216685124173,0.06274492283092348
2016,84,us,1960828225.473,213695205.726,321089698.407,0.10898211426676677,0.16375207896119776
2016,85,aus,2282385416.976,2223816.07,18100211.808000002,0.0009743385378558893,0.00793039233136247
2016,85,china,2282385416.976,674111549.276,267529927.235,0.2953539504161179,0.11721505283251343
2016,85,us,2282385416.976,142609014.151,319943344.85499996,0.06248244187432064,0.1401793678119896
2016,86,aus,30178593.046,68466.09,437887.625,0.002268697215129941,0.014509875405143828
2016,86,china,30178593.046,4694178.441,1136637.693,0.15554662981951659,0.037663707226757374
2016,86,us,30178593.046,3372129.675,1732983.7989999999,0.11173912812502558,0.05742427409914316
2016,87,aus,1363164244.344,2287668.704,27053384.279,0.001678204745680446,0.01984601957632698
2016,87,china,1363164244.344,58090085.166,71980246.675,0.042614149694012025,0.05280379600158841
2016,87,us,1363164244.344,121091771.888,285218299.97499996,0.088831387993362,0.20923252730433556
2016,88,aus,286445523.701,1047254.583,2430862.761,0.0036560340321224716,0.00848630039524515
2016,88,china,286445523.701,3094398.244,23494682.113,0.010802746030096882,0.08202146715172419
2016,88,us,286445523.701,93368651.455,38229202.006,0.32595605003225975,0.13346063681520376
2016,89,aus,155862545.814,257900.134,817824.744,0.0016546639390053815,0.005247089605324159
2016,89,china,155862545.814,25277972.028,3092058.279,0.1621811827593635,0.01983836631726737
2016,89,us,155862545.814,3893899.704,6389011.154,0.024982908393186523,0.040991317834782354
2016,90,aus,528578614.725,3065265.35,7708993.28,0.005799071821312228,0.01458438360017782
2016,90,china,528578614.725,63158230.06,77865155.455,0.11948691888123189,0.14731045351789415
2016,90,us,528578614.725,86105192.449,80450820.828,0.1628995007559989,0.1522021863670281
2016,91,aus,47338885.078,57101.742,397301.571,0.0012062333514174192,0.008392710777733117
2016,91,china,47338885.078,9249701.704,2328158.93,0.19539331542682767,0.04918068784602566
2016,91,us,47338885.078,801304.652,5163405.6450000005,0.016926986148484383,0.10907324151154568
2016,92,aus,6491069.863,8708.542,136999.67,0.0013416188985485888,0.021105868969446342
2016,92,china,6491069.863,1885571.4640000002,394437.955,0.29048700811988165,0.060766247063269364
2016,92,us,6491069.863,712332.735,1263168.852,0.10974042030581053,0.19460102551048447
2016,93,aus,15235835.83,50427.878,443721.066,0.003309820252900428,0.029123513206035904
2016,93,china,15235835.83,598573.528,27464.407,0.03928721303372038,0.0018026189902835149
2016,93,us,15235835.83,3837491.6859999998,3343862.6799999997,0.2518727379855208,0.21947353051781995
2016,94,aus,222066188.677,218191.637,4497342.736,0.0009825522665107942,0.02025226245739499
2016,94,china,222066188.677,83877219.06400001,3039150.589,0.3777126971184308,0.01368578713898904
2016,94,us,222066188.677,9107184.004,61853227.798,0.04101112401783323,0.2785350987761889
2016,95,aus,104652043.412,226709.358,2266991.396,0.0021663156361646754,0.02166217994497424
2016,95,china,104652043.412,63956973.044,1119294.992,0.611139266456658,0.01069539547922153
2016,95,us,104652043.412,4255096.033,30224881.729,0.04065946439524645,0.28881310620958445
2016,96,aus,31901676.729,25068.805,439404.206,0.000785814652093549,0.013773702546504793
2016,96,china,31901676.729,13013846.526,941526.665,0.40793612939378365,0.029513391192510948
2016,96,us,31901676.729,1651136.629,5236491.725000001,0.05175704847824019,0.16414471783045195
2016,97,aus,22213362.566,85017.016,143391.185,0.003827291601953498,0.006455176904170106
2016,97,china,22213362.566,706540.1200000001,341589.936,0.03180698635340503,0.015377677962310895
2016,97,us,22213362.566,4622065.066,8867861.78,0.20807588460625856,0.39921294012340297
2017,01,aus,22581045.748,1485731.72,138287.708,0.06579552322689002,0.0061240612832223745
2017,01,china,22581045.748,589979.6290000001,331936.675,0.02612720578063815,0.014699791971742477
2017,01,us,22581045.748,905891.083,2612686.0439999998,0.04011732198364793,0.11570261506739142
2017,02,aus,122798167.946,9396698.738,591556.003,0.07652148965391863,0.004817303164165563
2017,02,china,122798167.946,913814.14,9362559.987,0.0074415942459487355,0.0762434826480241
2017,02,us,122798167.946,16433758.652,8245179.760999999,0.13382739276066952,0.06714415938701776
2017,03,aus,114208260.785,1077877.443,791846.925,0.009437823810565963,0.006933359457164594
2017,03,china,114208260.785,10222073.875,7918901.715,0.08950380475755006,0.06933738120666716
2017,03,us,114208260.785,5738038.007,17027675.227,0.05024188239589784,0.14909320140208632
2017,04,aus,89065141.395,1884149.15,1043290.2910000001,0.021154731475065885,0.011713789195854453
2017,04,china,89065141.395,572840.839,5253766.124,0.006431706389590469,0.05898790527597972
2017,04,us,89065141.395,4547607.824,2611462.349,0.051059345472001874,0.029320812925208068
2017,05,aus,10436780.824,323629.901,79697.8,0.031008594168787543,0.007636243526043027
2017,05,china,10436780.824,1963829.611,960142.3489999999,0.1881643050780617,0.09199602494210624
2017,05,us,10436780.824,1248102.0559999999,850463.44,0.11958688000134245,0.08148714190148638
2017,06,aus,19548886.969,18598.231,105441.251,0.0009513703276044554,0.0053937214516205124
2017,06,china,19548886.969,379575.13800000004,288201.01,0.019416713524504907,0.014742578974292498
2017,06,us,19548886.969,457842.863,2478748.4239999996,0.023420405659208762,0.12679741961425833
2017,07,aus,75698642.974,2978145.157,287268.061,0.03934212080952224,0.0037948904988781254
2017,07,china,75698642.974,9109182.279,2076501.624,0.1203348160696712,0.0274311604861029
2017,07,us,75698642.974,4315292.3440000005,10350239.913,0.05700620479395069,0.13672953049574438
2017,08,aus,126445690.327,1656059.366,875746.8720000001,0.013097001263683091,0.006925873627920725
2017,08,china,126445690.327,3814311.1330000004,9115042.121,0.03016560804196526,0.07208661756227258
2017,08,us,126445690.327,13963890.481,16541445.200000001,0.11043389810192909,0.130818576396098
2017,09,aus,52808996.834,44742.765,720598.776,0.0008472564843570988,0.013645378992241282
2017,09,china,52808996.834,2699943.193,505068.026,0.05112657605458804,0.009564052647840155
2017,09,us,52808996.834,969789.559,8650386.415000001,0.01836409735349528,0.16380516452890895
2017,10,aus,119696901.33500001,7529152.458,159198.915,0.06290181595368029,0.0013300170115051208
2017,10,china,119696901.33500001,821548.248,6477547.895,0.006863571561478467,0.05411625382741575
2017,10,us,119696901.33500001,20709594.149,2454885.974,0.1730169613249997,0.020509185673315156
2017,11,aus,19803164.226,721093.64,120604.921,0.036413051559369525,0.00609018435759146
2017,11,china,19803164.226,641375.9550000001,1201902.3290000001,0.0323875491653967,0.06069243860645244
2017,11,us,19803164.226,1032795.803,1725226.155,0.05215306964146771,0.08711871170239115
2017,12,aus,102999006.34,1979522.67,272284.51,0.019218852106840625,0.0026435644349925872
2017,12,china,102999006.34,3129545.2800000003,42769634.258,0.030384227879532766,0.4152431734808909
2017,12,us,102999006.34,27783714.269,2404051.312,0.2697474010310923,0.02334052917039044
2017,13,aus,7405733.617,58571.064999999995,99417.162,0.007908880879208107,0.013424350259073058
2017,13,china,7405733.617,975689.252,299951.001,0.13174781898180715,0.0405025371573529
2017,13,us,7405733.617,578907.9369999999,1508214.7589999998,0.07817023497457509,0.2036550106984492
2017,14,aus,1244600.214,592.1990000000001,7928.586,0.0004758146377757252,0.0063703877846191664
2017,14,china,1244600.214,212369.99300000002,159840.919,0.17063310018039257,0.12842752010004074
2017,14,us,1244600.214,43108.79,125520.79900000001,0.03463665642596459,0.1008523038868769
2017,15,aus,108039187.392,699559.395,612368.465,0.00647505235726903,0.005668021759346777
2017,15,china,108039187.392,821089.7270000001,8342639.949,0.007599925053312641,0.07721864769984145
2017,15,us,108039187.392,3419640.288,7235973.449,0.031651851245349284,0.06697545236753422
2017,16,aus,52264496.265,231770.732,849604.2829999999,0.004434573153156172,0.016255859019327332
2017,16,china,52264496.265,6231036.268999999,1100991.196,0.11922120587188634,0.021065757343523877
2017,16,us,52264496.265,2687112.593,5767181.883,0.05141372796124088,0.11034607228888788
2017,17,aus,53451252.232,1908210.727,309347.233,0.03570001912616744,0.005787464653911347
2017,17,china,53451252.232,1665880.247,1777930.693,0.03116634648276167,0.03326265744501295
2017,17,us,53451252.232,2037624.38,4242827.023,0.03812117200090819,0.07937750465759752
2017,18,aus,48507470.353,217800.956,748384.422,0.004490049767901984,0.015428230261315108
2017,18,china,48507470.353,360235.471,657907.567,0.007426391613054315,0.013563015391490333
2017,18,us,48507470.353,1740080.325,5169715.767,0.035872419492029496,0.1065756620450168
2017,19,aus,71202523.288,907503.662,1387314.73,0.012745386260109473,0.019484066939433994
2017,19,china,71202523.288,1808347.7980000002,5448379.041,0.02539724316630738,0.07651946573525764
2017,19,us,71202523.288,4141073.1550000003,7292143.461,0.058159078692340514,0.10241411574003824
2017,20,aus,61473390.892,172232.781,1034563.749,0.00280174525108902,0.016829456354824825
2017,20,china,61473390.892,6055008.142,1072433.748,0.0984980339320762,0.017445495236859693
2017,20,us,61473390.892,5243147.068,8644690.245,0.08529132673373205,0.14062491298369226
2017,21,aus,70586074.605,1291119.399,1742175.617,0.018291418048462252,0.02468157673803541
2017,21,china,70586074.605,3147821.8109999998,2490020.076,0.044595507380389476,0.03527636421113036
2017,21,us,70586074.605,9758896.797,4770524.028,0.1382552699184766,0.06758449247526335
2017,22,aus,117064855.788,2633813.722,1860003.081,0.02249875681536512,0.015888654784390586
2017,22,china,117064855.788,2205854.047,5726091.307,0.018843008280766325,0.04891383727811303
2017,22,us,117064855.788,8547360.368,23353406.989,0.07301388884362481,0.1994911865888438
2017,23,aus,74174635.759,572328.439,760786.429,0.007715958873860144,0.010256692482749264
2017,23,china,74174635.759,2474220.066,3310256.341,0.03335668642902355,0.044627874570969485
2017,23,us,74174635.759,10897200.353,2930797.148,0.14691275853926636,0.03951212052489777
2017,24,aus,42016404.102,42923.526,403963.529,0.0010215897080530225,0.00961442411919232
2017,24,china,42016404.102,1618869.0389999999,1248562.691,0.03852945233176061,0.029716076796314134
2017,24,us,42016404.102,1333961.032,2181712.931,0.03174857678828595,0.051925265325029314
2017,25,aus,54208197.756,1586012.9619999998,513365.828,0.029257806524741973,0.009470261865386928
2017,25,china,54208197.756,4297319.977,6133333.579,0.0792743561839658,0.11314402309789272
2017,25,us,54208197.756,2908001.875,3699303.9329999997,0.05364505730460537,0.06824251840378782
2017,26,aus,222630581.394,64699053.252000004,1079600.672,0.2906117068324005,0.004849291886317177
2017,26,china,222630581.394,687433.335,112895660.16499999,0.003087775860331678,0.5070986180699188
2017,26,us,222630581.394,5966420.629000001,2972868.352,0.026799645366064693,0.013353369215430348
2017,27,aus,2051341901.362,76793829.263,23475732.091,0.03743589950169316,0.011444085491264598
2017,27,china,2051341901.362,26913397.45,245666577.912,0.013119898458726308,0.11975896253515238
2017,27,us,2051341901.362,143061443.66500002,200255430.692,0.06974041897648245,0.09762167416316085
2017,28,aus,124175325.013,6656854.13,1770934.65,0.053608509817092,0.014261566457060608
2017,28,china,124175325.013,16697265.279,10768015.836,0.13446524321359296,0.08671622832372444
2017,28,us,124175325.013,13167113.422999999,11542817.635,0.10603647239595729,0.09295580771615919
2017,29,aus,412713203.216,301964.291,2426091.6100000003,0.000731656483599247,0.005878395920205797
2017,29,china,412713203.216,52796059.654,54906992.272,0.12792432915301802,0.13303909795990596
2017,29,us,412713203.216,37208042.999000005,46273443.114,0.09015471932824641,0.11212009393792535
2017,30,aus,545042132.046,2585836.731,7820773.6450000005,0.0047442877879792286,0.014348934119353455
2017,30,china,545042132.046,7032497.355,21861755.358,0.012902667411418533,0.04011021180313989
2017,30,us,545042132.046,62321057.558,97324147.802,0.11434172496731002,0.17856261393346032
2017,31,aus,64898272.851,329991.917,1419752.501,0.005084756535164329,0.021876583746066876
2017,31,china,64898272.851,7298133.479,2878256.193,0.1124549723496616,0.04435027415303009
2017,31,us,64898272.851,3680765.9940000004,6171731.8,0.05671593144629094,0.09509855237857691
2017,32,aus,81075839.895,779432.888,805663.658,0.009613627055969213,0.009937160799609377
2017,32,china,81075839.895,8103550.66,4811196.798,0.09995025238708322,0.059341929781188865
2017,32,us,81075839.895,8348112.346,4212894.115999999,0.10296670816869125,0.0519623863466114
2017,33,aus,124297592.991,603201.354,1682216.893,0.004852880409708948,0.01353378494724193
2017,33,china,124297592.991,6464226.289000001,6612591.683,0.0520060455995158,0.053199676066766614
2017,33,us,124297592.991,12910134.944,12583380.82,0.1038647220218881,0.10123591710187922
2017,34,aus,59579037.269,232454.171,787012.6680000001,0.0039016100570821058,0.013209556650716414
2017,34,china,59579037.269,3763214.0039999997,4105668.207,0.06316339062360218,0.06891128818451468
2017,34,us,59579037.269,7609211.9229999995,3425108.5609999998,0.1277162618228342,0.05748848450732088
2017,35,aus,28511734.305999998,172483.0,268987.063,0.0060495443086288425,0.00943425819394629
2017,35,china,28511734.305999998,2527988.656,2117715.092,0.08866485036892376,0.07427521136637237
2017,35,us,28511734.305999998,3703959.666,2624576.851,0.12991000919998544,0.09205251503931436
2017,36,aus,4826377.058,30896.853,157267.155,0.006401665810338351,0.03258492925647418
2017,36,china,4826377.058,953709.963,165234.59399999998,0.19760369973978106,0.034235740808131444
2017,36,us,4826377.058,760988.443,845296.777,0.15767281210211653,0.1751410564988642
2017,37,aus,14410345.839,15619.322,110863.799,0.0010838964015511716,0.007693347560053656
2017,37,china,14410345.839,1107233.3159999999,1669644.956,0.07683599882824435,0.11586432238713462
2017,37,us,14410345.839,2221564.793,1655226.703,0.1541645716085163,0.1148637736729616
2017,38,aus,194825330.416,490704.44,2001968.601,0.0025186891199015307,0.010275710025617842
2017,38,china,194825330.416,18136125.769,13685330.681,0.09308915699141847,0.07024410353509193
2017,38,us,194825330.416,30808371.336999997,13822642.063,0.1581332944295105,0.07094889578005724
2017,39,aus,604052759.886,1103234.717,5819648.47,0.0018263880082398896,0.00963433801891463
2017,39,china,604052759.886,77203818.181,63590816.919,0.12780972674567417,0.10527361373367648
2017,39,us,604052759.886,62663653.175,55573995.728999995,0.10373870849762562,0.09200189026449976
2017,40,aus,195205819.097,238497.166,3088748.841,0.0012217728298431925,0.01582303670704184
2017,40,china,195205819.097,22227539.619000003,18207030.197,0.1138671978213666,0.09327093977640451
2017,40,us,195205819.097,14045786.656,27273851.587,0.07195372925343219,0.1397184352042667
2017,41,aus,28169108.727,763289.191,66786.772,0.0270966752408602,0.0023709224401546325
2017,41,china,28169108.727,1012809.8500000001,5492252.864,0.035954628874332296,0.194974321595617
2017,41,us,28169108.727,2873005.76,1024481.912,0.10199136180855566,0.03636898568317276
2017,42,aus,72857857.646,66885.202,1358228.391,0.0009180231777467327,0.018642167569616546
2017,42,china,72857857.646,30872737.953,1827316.7780000002,0.4237393048667958,0.02508057246039985
2017,42,us,72857857.646,880293.4010000001,12189232.724000001,0.012082339907346005,0.16730155288431278
2017,43,aus,6596636.935,7257.628,34676.098,0.0011002012194263652,0.005256632787537215
2017,43,china,6596636.935,1112906.7399999998,1214337.0159999998,0.16870819949104868,0.18408425807960582
2017,43,us,6596636.935,258046.94600000003,309491.993,0.03911795488256624,0.04691663283118067
2017,44,aus,134223210.855,1926255.636,1794842.1160000002,0.014351136615863815,0.013372069588910001
2017,44,china,134223210.855,14145157.848000001,21852115.43,0.10538533356410969,0.16280429659521872
2017,44,us,134223210.855,9331584.806,14145699.495000001,0.06952288465279541,0.10538936898388954
2017,45,aus,1833152.402,1546.925,30230.762000000006,0.000843860553171836,0.0164911340524758
2017,45,china,1833152.402,74788.814,50702.622,0.04079792488524366,0.027658705268957775
2017,45,us,1833152.402,26716.747,256320.36200000002,0.014574209416986597,0.1398249058399892
2017,46,aus,1927605.1970000002,497.817,27835.03,0.00025825672226593397,0.014440213194756185
2017,46,china,1927605.1970000002,1112716.687,14915.759,0.5772534172099972,0.007737974053615294
2017,46,us,1927605.1970000002,9473.557999999999,590164.869,0.00491467755676527,0.30616480486693765
2017,47,aus,53394412.346,274431.837,211019.67,0.005139710785122234,0.003952092751439531
2017,47,china,53394412.346,172327.424,19587839.441,0.0032274430306172244,0.36685185921832525
2017,47,us,53394412.346,9481118.521,3245160.631,0.17756761624346765,0.06077715791628351
2017,48,aus,182184624.438,1032890.998,2400360.054,0.00566947403594702,0.013175426089905169
2017,48,china,182184624.438,19968003.075,6447404.487,0.10960311901510324,0.03538939966470191
2017,48,us,182184624.438,16922519.481000002,17671757.427,0.09288665019456115,0.09699917038286593
2017,49,aus,37987831.078999996,243256.754,794273.638,0.006403544163764444,0.020908633513406386
2017,49,china,37987831.078999996,5721950.858999999,1240707.792,0.1506258898303658,0.03266066413267469
2017,49,us,37987831.078999996,5945688.761,4234958.587,0.15651561545157097,0.11148197901040795
2017,50,aus,1871886.534,472.086,5555.947,0.0002521979785768361,0.002968100309011572
2017,50,china,1871886.534,949621.467,55940.179000000004,0.507307173672953,0.029884385609881204
2017,50,us,1871886.534,9417.903,85551.687,0.0050312360439257265,0.04570345768618046
2017,51,aus,12919684.545,2609737.193,50012.456,0.20199697476437106,0.0038710276420297843
2017,51,china,12919684.545,2042472.869,3566666.1459999997,0.15808999530026838,0.27606449163500063
2017,51,us,12919684.545,80539.761,279383.976,0.0062338798381241746,0.021624674737753053
2017,52,aus,56160562.578999996,1574367.399,76866.047,0.028033326710097808,0.0013686837073947399
2017,52,china,56160562.578999996,10989402.858,7971758.174000001,0.1956782901264818,0.14194583900021088
2017,52,us,56160562.578999996,7875280.398,1003010.553,0.14022794709226769,0.01785969561093844
2017,53,aus,4359438.574,286.727,26350.057999999997,6.577154262708507e-05,0.006044369602350543
2017,53,china,4359438.574,1027921.235,696497.053,0.23579211349153878,0.15976760336846071
2017,53,us,4359438.574,12848.672,244607.91100000002,0.002947322638431102,0.0561099570157632
2017,54,aus,46993459.747999996,25928.443,273912.342,0.0005517457777963133,0.005828733263497534
2017,54,china,46993459.747999996,16325071.947999999,2899873.996,0.34739029719331915,0.06170803366150151
2017,54,us,46993459.747999996,1741802.412,2241931.055,0.037064783511159334,0.0477072994204351
2017,55,aus,39155912.742,27138.336,111382.07400000001,0.0006930839839902512,0.0028445786651405958
2017,55,china,39155912.742,10728732.457,2274671.866,0.2740003158065062,0.05809267890108733
2017,55,us,39155912.742,2405340.416,1823285.356,0.06142981347028972,0.046564751740400125
2017,56,aus,24363413.121,50649.333,271526.06,0.0020789095825142372,0.011144828462723008
2017,56,china,24363413.121,4735782.437999999,1195726.868,0.19438091101931856,0.04907879130323269
2017,56,us,24363413.121,2107413.103,2234579.886,0.08649909159006622,0.09171867155484499
2017,57,aus,15200620.079,33375.46,459909.549,0.0021956643759624616,0.030255972888591266
2017,57,china,15200620.079,2630755.4529999997,146756.558,0.17306895635359296,0.009654642852547015
2017,57,us,15200620.079,932732.875,2855409.581,0.06136150171193289,0.18784823028008
2017,58,aus,11326825.296,7330.632,48249.387,0.0006471921132736785,0.004259744962874901
2017,58,china,11326825.296,4059506.675,396979.761,0.3583975711564643,0.03504775174206942
2017,58,us,11326825.296,409895.077,823343.598,0.03618799321860751,0.07268970576342859
2017,59,aus,23586341.624,44751.636,205942.609,0.0018973538462812522,0.008731435009422807
2017,59,china,23586341.624,6122506.798,1594428.308,0.2595784838361756,0.06759964446447296
2017,59,us,23586341.624,1905145.665,2597929.45,0.08077325832766882,0.11014550248676581
2017,60,aus,31183318.628,13851.27,97367.281,0.0004441884510509643,0.003122415614628405
2017,60,china,31183318.628,14241287.037999999,1384760.02,0.4566956842499926,0.04440707663348576
2017,60,us,31183318.628,721283.402,1165094.796,0.0231304246544288,0.03736275827146386
2017,61,aus,210483913.946,59608.284,3242148.5820000004,0.00028319638723219774,0.015403308125635572
2017,61,china,210483913.946,68755436.88,2516507.15,0.32665411617934526,0.011955816968728612
2017,61,us,210483913.946,1977651.79,48191123.815,0.00939573838648482,0.22895395145190767
2017,62,aus,207789580.35999998,72680.147,3243504.579,0.00034977763020686625,0.015609563161832068
2017,62,china,207789580.35999998,71176682.91499999,3478408.988,0.3425421178082406,0.016740054924667448
2017,62,us,207789580.35999998,1687478.8879999998,38059171.958000004,0.00812109483582577,0.18316208104401413
2017,63,aus,60621769.236,123354.291,1417687.851,0.0020348183920496092,0.0233857881230908
2017,63,china,60621769.236,24790999.046,447770.682,0.4089454886987687,0.007386301779758897
2017,63,us,60621769.236,2038763.546,15723238.212,0.03363088164027533,0.259366204750468
2017,64,aus,136681328.538,83991.523,1728976.631,0.000614506194067676,0.01264969143550073
2017,64,china,136681328.538,51422794.769,3177998.258,0.37622398991171274,0.0232511513605639
2017,64,us,136681328.538,1341052.62,26414034.678,0.00981152754618684,0.19325269194070205
2017,65,aus,9499049.402999999,8600.352,217837.487,0.0009053908065036306,0.02293255648625244
2017,65,china,9499049.402999999,5276775.232,68562.591,0.5555056098911838,0.007217837079397281
2017,65,us,9499049.402999999,260466.347,2501223.993,0.027420253959068712,0.26331308396080777
2017,66,aus,3087571.8649999998,1143.431,39920.611000000004,0.0003703334043691968,0.012929451603226087
2017,66,china,3087571.8649999998,2462456.648,8205.855,0.7975382454782151,0.0026577049405779583
2017,66,us,3087571.8649999998,40166.125,660100.008,0.013008968456836228,0.213792597180568
2017,67,aus,5831165.942,1803.34,70401.268,0.00030925890601245383,0.012073274659004722
2017,67,china,5831165.942,3918137.207,213369.47000000003,0.6719303216495567,0.036591218998445724
2017,67,us,5831165.942,99615.515,2297271.54,0.017083292773834767,0.3939643568456005
2017,68,aus,50472703.600999996,69372.395,919959.751,0.0013744537155847057,0.018226876813901706
2017,68,china,50472703.600999996,10430755.867,1716576.303,0.20666132627762265,0.03400999313549731
2017,68,us,50472703.600999996,3760452.659,8345910.832,0.07450468056411973,0.16535493913654045
2017,69,aus,47309111.766,63821.669,839128.6869999999,0.0013490354525291933,0.017737147362869386
2017,69,china,47309111.766,14748207.134,980508.772,0.3117413661653061,0.020725579817473336
2017,69,us,47309111.766,1808167.064,6113822.732,0.038220270821053316,0.12923139969822614
2017,70,aus,72807717.341,85923.926,841401.1009999999,0.001180148604269096,0.011556482358308796
2017,70,china,72807717.341,16692242.785,5237753.669,0.22926474547774545,0.07193953965715771
2017,70,us,72807717.341,6769607.22,7947410.745,0.09297925367298736,0.10915615864974518
2017,71,aus,665638334.48,33401029.572,6993218.462,0.05017894529480946,0.010506033231188731
2017,71,china,665638334.48,16587418.035,54146104.399,0.024919565439328512,0.08134463055121248
2017,71,us,665638334.48,45205071.178,57838860.681,0.06791236146775476,0.08689232227916081
2017,72,aus,398938657.459,1855488.248,1649588.702,0.004651061543692826,0.004134943232894227
2017,72,china,398938657.459,46510138.301,21398488.597,0.11658468647095192,0.053638543663067244
2017,72,us,398938657.459,15574431.881000001,28544634.520999998,0.03903966584787694,0.07155143776442273
2017,73,aus,293654640.44,678312.516,4250203.954,0.002309898849150296,0.014473477918250056
2017,73,china,293654640.44,65054147.285,8940440.049999999,0.2215328427554407,0.030445424041670218
2017,73,us,293654640.44,19696200.115000002,39255431.409,0.06707266769388703,0.1336789071345213
2017,74,aus,166084805.037,3520203.388,811720.936,0.021195216427028207,0.004887388318390515
2017,74,china,166084805.037,7152803.806,40407338.006,0.043067177665088115,0.24329340662439372
2017,74,us,166084805.037,6856158.389,10352376.906,0.04128106955643896,0.06233187258577761
2017,75,aus,24939990.475,2071319.672,65856.964,0.08305214366766914,0.002640617046987866
2017,75,china,24939990.475,467985.826,4932030.662,0.018764474929094773,0.1977559160234603
2017,75,us,24939990.475,2373441.4689999996,2530479.765,0.09516609364302492,0.10146273983290284
2017,76,aus,179569411.186,3623071.313,1819365.51,0.020176439233557338,0.010131823109424138
2017,76,china,179569411.186,22993677.587,6157499.234,0.12804896688770057,0.03429035710108775
2017,76,us,179569411.186,10956427.542,23794951.441,0.06101499954605971,0.1325111625852185
2017,78,aus,9884679.498,1082133.59,12964.3,0.10947583988119713,0.001311554917144568
2017,78,china,9884679.498,110183.73300000001,272297.118,0.011146920142660555,0.027547389680676528
2017,78,us,9884679.498,168635.36,1568026.2410000002,0.017060275958782532,0.15863197601068038
2017,79,aus,20699789.008,1546062.042,64778.089,0.07468974883765636,0.0031294081777821373
2017,79,china,20699789.008,507940.84900000005,2466335.531,0.024538455382501358,0.11914785846593977
2017,79,us,20699789.008,357620.846,2245732.4590000003,0.017276545469221336,0.10849059660135064
2017,80,aus,6291921.839,6049.854,18865.350000000002,0.0009615272018321079,0.0029983446207269395
2017,80,china,6291921.839,387761.79000000004,164185.56,0.06162851350067447,0.026094659819565505
2017,80,us,6291921.839,131248.976,865656.508,0.020859918377635144,0.13758220940290355
2017,81,aus,21252824.835,195466.41999999998,106388.463,0.009197197149910071,0.005005850461101775
2017,81,china,21252824.835,3727953.1890000002,3029486.489,0.17540977342742026,0.14254512106131514
2017,81,us,21252824.835,3008163.91,2791997.16,0.1415418389486764,0.1313706380999305
2017,82,aus,62840161.997999996,114323.34,902295.624,0.001819271885448649,0.01435858208049682
2017,82,china,62840161.997999996,15564741.714000002,2943184.0700000003,0.24768780377261565,0.04683603568834963
2017,82,us,62840161.997999996,4687518.759,10164619.349,0.07459431373122795,0.16175355100649658
2017,83,aus,67441746.756,110687.491,1020576.782,0.001641231081995257,0.015132715730100863
2017,83,china,67441746.756,19383051.358000003,1877627.321,0.2874043495362993,0.0278407279069022
2017,83,us,67441746.756,4359251.264,11464647.381,0.06463728289499229,0.16999333398760227
2017,84,aus,2132512745.4919999,3955516.082,30487548.57,0.0018548616369875005,0.014296537563233229
2017,84,china,2132512745.4919999,484754879.499,141277585.83,0.22731628710015536,0.06624935120723292
2017,84,us,2132512745.4919999,219626647.74,352793642.693,0.1029896061368342,0.16543565492810489
2017,85,aus,2587788131.325,2550618.987,23090919.072,0.0009856367127296592,0.008923033069240095
2017,85,china,2587788131.325,797298218.4289999,307714492.34499997,0.30810026863395773,0.11891023404124043
2017,85,us,2587788131.325,147541279.724,358933799.24399996,0.05701443558613738,0.1387029312404407
2017,86,aus,33770861.443,79865.35,595916.218,0.0023649189445404104,0.017645869620643656
2017,86,china,33770861.443,4862949.847,807493.673,0.14399839504265854,0.02391095869327836
2017,86,us,33770861.443,3338937.4680000003,3904137.923,0.09887036709547996,0.11560670223321313
2017,87,aus,1473699230.533,1963877.55,30673547.706,0.0013326176124077332,0.02081398094705264
2017,87,china,1473699230.533,65972485.676,80318693.62,0.0447665875839125,0.054501415184257614
2017,87,us,1473699230.533,127905032.345,294871413.4,0.08679181592484103,0.20008927689631242
2017,88,aus,276865737.866,830861.775,2612826.182,0.003000955558474079,0.009437159693860638
2017,88,china,276865737.866,3104439.524,26534617.425,0.011212797755071143,0.09583929607730107
2017,88,us,276865737.866,89610929.67999999,36307879.441,0.32366204056411885,0.1311389401984171
2017,89,aus,155028380.373,377487.32,9938747.734,0.002434956226026237,0.064109214777883
2017,89,china,155028380.373,17779297.152000003,2032922.902,0.1146841443432668,0.013113230604027243
2017,89,us,155028380.373,3495742.891,6180271.814,0.022549051229131103,0.039865422054530905
2017,90,aus,606687173.516,3124953.514,7867253.933,0.005150848164284762,0.01296756265243923
2017,90,china,606687173.516,68988649.503,88225196.377,0.11371371031825611,0.14542123227313172
2017,90,us,606687173.516,101190828.221,87868260.07699999,0.1667924304952053,0.14483289562191917
2017,91,aus,48746804.453,54065.991,476973.91899999994,0.0011091186716070502,0.00978472177514491
2017,91,china,48746804.453,9042817.298,2825717.562,0.1855058480134585,0.05796723690317916
2017,91,us,48746804.453,895870.691,4886803.28,0.018378039361816378,0.10024868983384723
2017,92,aus,6737073.049,8029.114,145831.5,0.0011917807542834616,0.021646121236824963
2017,92,china,6737073.049,1898938.8280000002,443066.561,0.28186406978055023,0.06576543816246218
2017,92,us,6737073.049,669710.867,1324439.072,0.09940679908456786,0.19658968551581754
2017,93,aus,13854218.453,48335.722,334916.215,0.0034888811782474356,0.024174313126084503
2017,93,china,13854218.453,719916.756,31736.733,0.051963721984195285,0.002290763142480095
2017,93,us,13854218.453,3416655.471,3089352.608,0.24661481140858982,0.22299003141032686
2017,94,aus,236102336.598,258837.454,4556376.228,0.0010962934875172793,0.01929831061247785
2017,94,china,236102336.598,89938213.247,3468861.922,0.38092894184327125,0.0146921964940409
2017,94,us,236102336.598,9319263.726,65253053.06,0.039471289697007354,0.2763761426516639
2017,95,aus,117985844.743,260814.803,2502090.029,0.0022105601190389743,0.021206696739342938
2017,95,china,117985844.743,73010876.449,1377577.6060000001,0.618810473477003,0.011675787116672151
2017,95,us,117985844.743,4266500.373,32413475.553999998,0.036161120703025074,0.2747234265653131
2017,96,aus,33285848.841,30507.769,473479.784,0.0009165387112622441,0.01422465703854273
2017,96,china,33285848.841,13757017.914,1008068.351,0.4132992966384781,0.030285192840217048
2017,96,us,33285848.841,1569665.858,5007578.955,0.047157152743737656,0.15044167805124115
2017,97,aus,22192511.963,85364.676,149211.834,0.0038465531140558793,0.006723521620660622
2017,97,china,22192511.963,602116.84,169643.941,0.02713153161768558,0.0076441973438083665
2017,97,us,22192511.963,4150585.665,9420512.075,0.18702640205489027,0.424490570995575
2018,01,aus,24600743.686,1674149.381,163690.4,0.06805279557271023,0.006653880146442658
2018,01,china,24600743.686,703056.889,811642.655,0.028578684367176328,0.03299260645774284
2018,01,us,24600743.686,999752.2810000001,2750960.521,0.040639108059523726,0.11182428287993343
2018,02,aus,127375089.826,10418960.939,548054.496,0.0817974766748566,0.004302681919586214
2018,02,china,127375089.826,846708.1730000001,11089715.614,0.006647360752849249,0.0870634566707591
2018,02,us,127375089.826,17090445.049,8450649.575,0.13417415502784966,0.06634460149581806
2018,03,aus,119506173.773,1122621.322,792236.568,0.009393835368977678,0.006629252221770904
2018,03,china,119506173.773,10374781.529,10722041.777,0.08681377038065602,0.08971956375547879
2018,03,us,119506173.773,5643696.057,17596364.567,0.04722514225683526,0.14724230566049254
2018,04,aus,92794055.647,2049476.894,1082035.846,0.022086295072568683,0.01166061595708455
2018,04,china,92794055.647,746151.872,5593195.064,0.008040944722132346,0.06027535950446225
2018,04,us,92794055.647,4787239.708,2729526.5100000002,0.05158993940529174,0.02941488537135886
2018,05,aus,11522266.898,372566.755,90189.552,0.03233450138745432,0.007827413893324657
2018,05,china,11522266.898,2158346.407,976847.792,0.18731959831399492,0.08477913249601589
2018,05,us,11522266.898,1263247.233,921213.666,0.10963530390181038,0.07995073141031835
2018,06,aus,21038090.28,17653.191,107608.352,0.0008391061529373757,0.005114929661762056
2018,06,china,21038090.28,449412.02300000004,291470.431,0.021361825955620913,0.013854414878953546
2018,06,us,21038090.28,460263.599,2613308.577,0.02187763208895213,0.12421795620319963
2018,07,aus,73107201.109,1189904.009,268073.533,0.01627615325097591,0.0036668553703801733
2018,07,china,73107201.109,8372470.369,2202758.865,0.1145231966481246,0.03013053203494649
2018,07,us,73107201.109,3934976.335,11045937.505,0.05382474332635308,0.15109233204716643
2018,08,aus,133119116.181,1795898.834,827005.597,0.013490916147295811,0.006212523195207616
2018,08,china,133119116.181,4321112.8610000005,11607291.547,0.03246049842401786,0.08719477622746342
2018,08,us,133119116.181,14323215.798999999,17124930.83,0.10759698689348977,0.1286436638199693
2018,09,aus,50636512.819,51166.248,692714.06,0.0010104615257155156,0.013680129642341358
2018,09,china,50636512.819,2785275.1229999997,705291.431,0.05500527125467652,0.013928515052390381
2018,09,us,50636512.819,960647.405,8052905.828,0.018971436845065342,0.15903357833476958
2018,10,aus,129651419.894,5370483.875,188701.96300000002,0.04142248406836411,0.001455456200589846
2018,10,china,129651419.894,1094666.564,5652597.552,0.00844315137385286,0.04359842380917566
2018,10,us,129651419.894,22820634.018000003,2661422.199,0.17601530347031777,0.02052752064864324
2018,11,aus,21261253.381,720554.5530000001,135795.478,0.033890502130223404,0.006386993069813695
2018,11,china,21261253.381,874239.531,1385846.615,0.04111890843562681,0.065181792915297
2018,11,us,21261253.381,969230.736,1973967.279,0.0455867167674201,0.0928434106694775
2018,12,aus,107979632.786,1583304.321,294414.858,0.014662990419108759,0.0027265776925125096
2018,12,china,107979632.786,3254230.7520000003,42650848.484000005,0.030137449702662116,0.39498975300766037
2018,12,us,107979632.786,25847249.326,2480758.585,0.23937152460247302,0.022974319517426997
2018,13,aus,8169966.967,25156.126,114794.81599999999,0.003079097639147162,0.014050829882627111
2018,13,china,8169966.967,1145121.233,380125.08999999997,0.1401622843305677,0.046527126919288064
2018,13,us,8169966.967,653241.122,1628984.345,0.07995639696446277,0.1993868949017502
2018,14,aus,1281763.054,456.707,10383.901,0.00035631156521071016,0.008101264089017813
2018,14,china,1281763.054,217833.502,135683.57,0.1699483389852802,0.1058569831425333
2018,14,us,1281763.054,41750.801999999996,115014.879,0.032572948541236386,0.08973177892830729
2018,15,aus,104409447.336,592745.0869999999,622211.62,0.005677121200464621,0.005959342146478959
2018,15,china,104409447.336,1109964.03,8615405.964,0.01063087736139456,0.08251557865520316
2018,15,us,104409447.336,3329852.329,7137545.149,0.031892251266154144,0.06836110458501585
2018,16,aus,57275147.408,225466.323,840419.076,0.003936547232150949,0.014673363824160374
2018,16,china,57275147.408,7074646.357,1713170.402,0.1235203517959316,0.029911235143512002
2018,16,us,57275147.408,2694051.392,6417118.879,0.04703700494751942,0.11204019840032185
2018,17,aus,46161000.223,1405737.038,311329.53099999996,0.03045291547429648,0.006744427752778159
2018,17,china,46161000.223,1835611.4309999999,1948195.481,0.03976541717320491,0.042204360208583605
2018,17,us,46161000.223,2014889.3099999998,4365836.291,0.04364916921787299,0.09457845952013613
2018,18,aus,49462426.53,235297.452,718780.523,0.004757094799166133,0.01453184919191226
2018,18,china,49462426.53,384162.45900000003,737004.979,0.007766753189251591,0.0149002996962349
2018,18,us,49462426.53,1715802.801,4896073.251999999,0.03468901389136923,0.09898570683810727
2018,19,aus,76869474.01799999,769815.372,1466117.105,0.010014578372420471,0.01907281302141718
2018,19,china,76869474.01799999,1999945.8020000001,5933497.208000001,0.02601742535055836,0.07718925208998562
2018,19,us,76869474.01799999,4289657.514,8117092.2190000005,0.055804434319343996,0.10559578197581107
2018,20,aus,64563832.653,174725.194,1004329.165,0.00270623949694971,0.015555600151524358
2018,20,china,64563832.653,6413547.098999999,1304955.193,0.09933652999613228,0.020211860717958236
2018,20,us,64563832.653,5321500.284,9321396.308,0.08242231084081612,0.14437489109573293
2018,21,aus,78275414.973,1364944.244,1947431.7650000001,0.017437713290575568,0.024879226327599018
2018,21,china,78275414.973,3369432.333,3067676.643,0.043045857171913275,0.0391908065138735
2018,21,us,78275414.973,10268465.445999999,7893896.995,0.131183788032832,0.10084771824873606
2018,22,aus,125594925.478,2770377.227,1989984.6919999998,0.022058034721198005,0.015844467317659088
2018,22,china,125594925.478,2243018.087,6247877.628,0.017859145809142593,0.049746258491107725
2018,22,us,125594925.478,8843571.921,24498746.797,0.07041344932800725,0.19506159746311846
2018,23,aus,83937211.126,614455.769,877659.821,0.007320421547930951,0.010456147032125305
2018,23,china,83937211.126,3074644.1449999996,3718885.891,0.03663028713670965,0.04430556890218211
2018,23,us,83937211.126,12884173.083,3339222.882,0.1534977504036831,0.03978239016051437
2018,24,aus,49207712.43,36804.365,487828.72900000005,0.0007479389547391728,0.009913664035773996
2018,24,china,49207712.43,1785696.7969999998,1237119.494,0.03628896180736357,0.02514076417918946
2018,24,us,49207712.43,1374814.4330000002,2204402.2339999997,0.027939003158412017,0.044797901083815934
2018,25,aus,59988515.403,2155202.995,577364.354,0.03592692668790766,0.009624581473992042
2018,25,china,59988515.403,4927532.999,7564942.073,0.08214127264022233,0.12610650592332678
2018,25,us,59988515.403,3204281.133,4451982.754,0.05341490969519401,0.07421391784897144
2018,26,aus,238320893.696,66391951.745,1121353.918,0.278582170095791,0.004705227060076356
2018,26,china,238320893.696,687505.138,121924088.072,0.0028847875120717507,0.5115963027040561
2018,26,us,238320893.696,6760859.328000001,3250474.0119999996,0.028368722620787466,0.013639064379081571
2018,27,aus,2586910268.247,93611270.601,30718300.951,0.03618651630480981,0.0118745135183278
2018,27,china,2586910268.247,34838942.067,337712131.256,0.013467394866621463,0.13054651929803812
2018,27,us,2586910268.247,201801828.02600002,238790978.178,0.07800882407983539,0.09230740668087219
2018,28,aus,146556515.13099998,8213318.822,2050416.078,0.056041990454388874,0.01399061704058144
2018,28,china,146556515.13099998,21963020.819,11688666.677,0.14986041937042707,0.07975535353410969
2018,28,us,146556515.13099998,13359244.391999999,13443178.67,0.0911542170613077,0.09172692635318037
2018,29,aus,475859434.076,348253.29000000004,2459297.975,0.0007318406761782938,0.00516811856378416
2018,29,china,475859434.076,64065462.413,63568211.087,0.1346310650274258,0.13358611080272806
2018,29,us,475859434.076,42561145.92,53566894.71,0.08944058449244177,0.11256873537458287
2018,30,aus,599904225.154,2780918.137,7731195.791,0.0046356035186885325,0.01288738346361095
2018,30,china,599904225.154,8492000.646,24627386.667,0.014155593993057871,0.04105219739147188
2018,30,us,599904225.154,64807959.076000005,114341625.684,0.10803050946901283,0.19059980058424764
2018,31,aus,72215674.802,371940.565,1639204.727,0.00515041320350162,0.02269873862557333
2018,31,china,72215674.802,8109320.222,3025537.2460000003,0.11229307548858374,0.04189585231039354
2018,31,us,72215674.802,3657600.286,7290170.982,0.050648287868642936,0.10094998076232198
2018,32,aus,86714306.99,823815.417,843943.046,0.00950034020447172,0.009732454485248029
2018,32,china,86714306.99,8979891.117,5259219.746,0.103557203288675,0.060649965715651746
2018,32,us,86714306.99,8200298.895,4628748.418,0.09456685038082203,0.053379293206296315
2018,33,aus,137936480.577,717329.548,1899266.4780000001,0.005200433888115382,0.013769138302320079
2018,33,china,137936480.577,7351733.336999999,9732854.237,0.05329796226674101,0.07056040719820199
2018,33,us,137936480.577,13813440.87,14192392.691,0.10014349222350175,0.102890784451162
2018,34,aus,63710969.355000004,248729.323,806248.264,0.003904026661626674,0.012654779422795363
2018,34,china,63710969.355000004,4270950.373,4407616.297,0.06703634266184365,0.0691814351848987
2018,34,us,63710969.355000004,7588917.658,3732623.934,0.11911477308898338,0.058586833190398875
2018,35,aus,30186218.011,209073.251,301484.191,0.006926116114440461,0.00998747808984013
2018,35,china,30186218.011,2759619.463,2366763.635,0.09141984802449853,0.07840543767813311
2018,35,us,30186218.011,3675297.41,2706726.008,0.12175415312579749,0.08966760947044297
2018,36,aus,5182786.551,21131.043999999998,157520.248,0.004077158839567267,0.030392964566446794
2018,36,china,5182786.551,1138304.854,126675.679,0.2196318221479463,0.02444161605990862
2018,36,us,5182786.551,740680.349,1001198.389,0.14291160589221805,0.19317762349422288
2018,37,aus,14832633.383,13405.079,99581.80099999999,0.000903755837137042,0.006713696646350933
2018,37,china,14832633.383,1122306.23,1856208.992,0.07566466459599139,0.1251435900874784
2018,37,us,14832633.383,2214571.776,1726442.5259999998,0.14930401897064136,0.11639487617746373
2018,38,aus,215090639.769,502114.988,1939124.69,0.0023344343972348325,0.009015383896214887
2018,38,china,215090639.769,20802463.119999997,16185017.454,0.09671486933295254,0.07524742811394376
2018,38,us,215090639.769,32955386.520999998,15294783.556,0.1532162745733285,0.0711085502020268
2018,39,aus,662639609.256,1041237.548,6232041.123000001,0.0015713481860359705,0.009404872627516525
2018,39,china,662639609.256,86992727.399,70166625.579,0.13128211200153564,0.10588957345574593
2018,39,us,662639609.256,67327879.104,62727500.231,0.10160557588701126,0.0946630707775367
2018,40,aus,200916291.457,234493.719,3340622.396,0.0011671214778030395,0.016626936381189172
2018,40,china,200916291.457,24055475.506,16160481.430000002,0.11972884494111988,0.0804339026606942
2018,40,us,200916291.457,14373282.549,29296125.853,0.07153866142346234,0.14581259508898484
2018,41,aus,25829308.399,673975.415,49043.145,0.026093436362628022,0.001898740153720056
2018,41,china,25829308.399,772631.714,4466580.368,0.02991298497291213,0.1729268278887764
2018,41,us,25829308.399,2377997.789,852937.41,0.09206587153886264,0.03302207696869739
2018,42,aus,78989927.899,56532.9,1575953.473,0.0007156975769402582,0.019951321832007284
2018,42,china,78989927.899,32653896.537,2275893.2430000002,0.41339316803469817,0.028812448669532368
2018,42,us,78989927.899,1028202.559,13808376.204,0.013016881852515488,0.17481185983174966
2018,43,aus,5987331.208000001,5114.2029999999995,27602.428,0.000854170718527586,0.004610138814956301
2018,43,china,5987331.208000001,1023048.7010000001,1000706.4619999999,0.17086890059348125,0.16713731497981962
2018,43,us,5987331.208000001,183151.51700000002,245240.19,0.030589842224743015,0.040959850303975365
2018,44,aus,149501450.445,2128068.312,2067121.501,0.014234432546745718,0.013826765525331623
2018,44,china,149501450.445,15318988.265999999,22457902.267,0.10246715480286055,0.15021862463643473
2018,44,us,149501450.445,9904062.447,17773121.419,0.06624726661527341,0.11888260191521381
2018,45,aus,2167904.04,918.775,31757.349,0.0004238079652270956,0.01464887209675572
2018,45,china,2167904.04,72229.5,57553.71,0.033317664743131345,0.02654808927797376
2018,45,us,2167904.04,24657.423000000003,283240.448,0.01137385352167156,0.1306517460062485
2018,46,aus,2024847.9379999998,494.686,39478.615,0.0002443077283564392,0.01949707642688179
2018,46,china,2024847.9379999998,1106147.452,16447.638,0.5462866772566505,0.00812290033801047
2018,46,us,2024847.9379999998,10333.355,651518.4110000001,0.005103274574883163,0.32176164875053453
2018,47,aus,61288470.378,257326.32700000002,266304.948,0.004198609059957376,0.004345106777140131
2018,47,china,61288470.378,194962.30099999998,22059548.25,0.0031810599905261025,0.3599298222642289
2018,47,us,61288470.378,9256039.703,3676203.6920000003,0.1510241591267145,0.05998197816533538
2018,48,aus,196232840.989,1091812.598,2442865.78,0.0055638627688277854,0.012448812174802773
2018,48,china,196232840.989,21093449.375,7371777.374,0.10749194308501303,0.03756648141486792
2018,48,us,196232840.989,17574391.378,19151637.301,0.08955886939936393,0.09759649406530052
2018,49,aus,40067448.317,221141.915,760974.566,0.005519241286602543,0.018992339117266176
2018,49,china,40067448.317,5819862.166,1448818.04,0.1452516297008792,0.036159478600619764
2018,49,us,40067448.317,6538482.971,4428928.244,0.16318690721879142,0.11053681804141428
2018,50,aus,1958973.265,540.209,5567.527,0.00027576129274025594,0.0028420637991708377
2018,50,china,1958973.265,947402.7679999999,69528.63399999999,0.48362210190755206,0.035492385344013354
2018,50,us,1958973.265,6275.705,88889.034,0.0032035684774901715,0.04537531756463251
2018,51,aus,14726120.683,3088606.285,48673.055,0.20973658653806376,0.0033052190762084903
2018,51,china,14726120.683,2479026.9519999996,4073914.3689999995,0.16834215917175094,0.2766454558329793
2018,51,us,14726120.683,87180.169,293542.458,0.005920104206441942,0.01993345459533472
2018,52,aus,61015433.187,1655043.2629999998,75512.231,0.027124994063839978,0.0012375923115807478
2018,52,china,61015433.187,11470894.752,9301699.896,0.1879998904022204,0.15244831365028852
2018,52,us,61015433.187,8691133.048,1020597.484,0.14244155280129586,0.01672687434459532
2018,53,aus,4839885.43,491.81,29813.255,0.00010161604176650934,0.006159909243967373
2018,53,china,4839885.43,1372659.102,709602.598,0.28361396604382016,0.1466155776336218
2018,53,us,4839885.43,18848.663,252045.024,0.003894444046788108,0.05207665091361471
2018,54,aus,50850599.158,24936.3,261341.244,0.0004903836024137963,0.005139393602580293
2018,54,china,50850599.158,18760092.814,2981510.7369999997,0.3689256985096624,0.058632755294308815
2018,54,us,50850599.158,1647640.799,2457444.53,0.032401600497971465,0.04832675663003246
2018,55,aus,42751310.428,21004.267,122828.4,0.0004913128226881963,0.0028730908776904633
2018,55,china,42751310.428,12716709.058,2396381.828,0.2974577604917388,0.05605399703562041
2018,55,us,42751310.428,2185524.739,1992261.7859999998,0.051121818655846134,0.04660118639767277
2018,56,aus,26212435.36,53352.07,270050.675,0.0020353724965752286,0.010302387828186904
2018,56,china,26212435.36,5289974.603,1276984.747,0.20181164132015242,0.04871675330666414
2018,56,us,26212435.36,2146823.192,2544496.484,0.08190094367484975,0.09707211287520749
2018,57,aus,15958317.528,33096.691,460476.79,0.0020739461376131606,0.028854971032633032
2018,57,china,15958317.528,2952310.135,145892.661,0.18500134051224149,0.009142107916077053
2018,57,us,15958317.528,867253.9909999999,3233963.009,0.054344951432276065,0.20265062424818797
2018,58,aus,11849835.726,5876.372,47188.785,0.0004959032459080015,0.003982231154180643
2018,58,china,11849835.726,4418061.627,406404.835,0.37283737337440287,0.03429624210809081
2018,58,us,11849835.726,401714.41099999996,862966.178,0.03390042024958954,0.07282515960171042
2018,59,aus,24712016.097,37032.248,215349.75,0.0014985522773471995,0.008714373977206301
2018,59,china,24712016.097,6683606.889,1548199.795,0.27045979829267675,0.06264967572548437
2018,59,us,24712016.097,1905287.805,2762362.58,0.0770996505311964,0.11178216172881769
2018,60,aus,34130458.55,18443.055,83281.658,0.0005403693880344893,0.0024400978345484317
2018,60,china,34130458.55,15882811.619,1342360.605,0.4653559399365293,0.03933028333133837
2018,60,us,34130458.55,719594.241,1221720.252,0.021083638239018036,0.035795600290872746
2018,61,aus,223524292.532,57224.007,3368011.533,0.0002560079996307683,0.015067765095455257
2018,61,china,223524292.532,70973790.538,2891562.636,0.31752159791687656,0.012936234371868286
2018,61,us,223524292.532,1685917.925,49537767.786,0.007542437136932855,0.22162140510480807
2018,62,aus,219855187.856,70476.109,3499566.6350000002,0.0003205569524525398,0.01591759862083461
2018,62,china,219855187.856,71596339.605,3672063.135,0.32565226367045713,0.016702190067969264
2018,62,us,219855187.856,1600345.5899999999,39278217.369,0.0072790895025328615,0.17865494897817155
2018,63,aus,64037085.739,122961.865,1520183.0,0.0019201664719903629,0.023739103403235838
2018,63,china,64037085.739,26339663.810000002,405289.69,0.4113189022585168,0.006328983983622628
2018,63,us,64037085.739,2115723.3619999997,16315410.532,0.03303903257907749,0.2547806531749079
2018,64,aus,143448997.96,72411.456,1804669.268,0.0005047888589656901,0.012580563779910282
2018,64,china,143448997.96,51385727.416,3912360.323,0.3582160081057425,0.027273528422212756
2018,64,us,143448997.96,1081018.511,27033613.547000002,0.007535908416045097,0.18845453040068066
2018,65,aus,10131964.308,7633.99,227657.48500000002,0.0007534560691229786,0.022469234797861077
2018,65,china,10131964.308,5621825.405,77262.227,0.5548603641014721,0.007625592101523222
2018,65,us,10131964.308,270069.846,2624130.251,0.026655230692705676,0.2589952126980983
2018,66,aus,3214594.4590000003,1351.086,44036.064,0.0004202974954483986,0.013698792977357021
2018,66,china,3214594.4590000003,2524616.887,9620.33,0.78536092785569,0.0029927040946224684
2018,66,us,3214594.4590000003,25759.381,632488.0049999999,0.008013259939486506,0.1967551468986091
2018,67,aus,6569710.834,2897.135,90139.724,0.00044098364040720886,0.013720500989709162
2018,67,china,6569710.834,4558011.538,225775.061,0.6937918050229971,0.03436605760965217
2018,67,us,6569710.834,90910.269,2542059.537,0.013837788495882528,0.3869362900790346
2018,68,aus,53923209.953999996,76883.933,960638.8960000001,0.0014258040844672823,0.01781494270870535
2018,68,china,53923209.953999996,11063123.038,1991025.456,0.20516440040267567,0.03692334817787135
2018,68,us,53923209.953999996,3967709.484,8686202.155000001,0.07358073615025357,0.16108466395843082
2018,69,aus,51314967.606,59619.75,878754.431,0.0011618393771143873,0.017124719589557955
2018,69,china,51314967.606,15998789.193,1123325.702,0.3117762699538242,0.021890800177932008
2018,69,us,51314967.606,2011956.619,6503125.886,0.039207987705418564,0.12672961105483818
2018,70,aus,77285637.433,81080.935,851569.361,0.001049107411067033,0.011018468492780919
2018,70,china,77285637.433,17631161.237999998,5452432.2809999995,0.22812985470016597,0.07054910151613603
2018,70,us,77285637.433,6853552.034,8751457.175,0.08867821061761236,0.11323523316459363
2018,71,aus,670729524.637,27010528.443,6735358.004,0.04027037345287304,0.01004183915661859
2018,71,china,670729524.637,18106168.609,66668619.922,0.02699473922636564,0.09939717497612943
2018,71,us,670729524.637,48810040.447,58154861.445999995,0.07277156984168258,0.08670389376026576
2018,72,aus,450650297.195,2063536.628,1856650.551,0.00457901978728107,0.004119936373184311
2018,72,china,450650297.195,48727621.371999994,22128708.1,0.10812734769131897,0.04910394653623125
2018,72,us,450650297.195,16757342.256000001,31245294.777,0.03718480240732864,0.06933379378973295
2018,73,aus,323968440.49,713906.025,5212793.817,0.002203628303794722,0.016090437108984088
2018,73,china,323968440.49,72691688.88800001,9385150.703,0.22437892029870052,0.028969336299563702
2018,73,us,323968440.49,20353816.873999998,43210288.743,0.06282654212618671,0.13337808052427805
2018,74,aus,181731292.84600002,3098832.215,969415.492,0.01705172602071326,0.005334334427596283
2018,74,china,181731292.84600002,8475961.096,45090886.144,0.04664007482290115,0.24811844695459376
2018,74,us,181731292.84600002,8172663.652000001,11031046.643,0.04497114131535704,0.06069976430722782
2018,75,aus,29729804.798,3175756.7490000003,84721.458,0.10682063910536142,0.002849714573494254
2018,75,china,29729804.798,454653.35599999997,4675343.193,0.015292846996108958,0.157261146676433
2018,75,us,29729804.798,3101724.449,3284646.6610000003,0.10433046802946587,0.11048329053344362
2018,76,aus,200388240.544,4042867.128,2136386.558,0.020175171542125957,0.010661237167412055
2018,76,china,200388240.544,26973643.811,5689628.236,0.13460691973627711,0.028393024563488328
2018,76,us,200388240.544,12628581.361,24364925.861,0.06302057110096286,0.12158860118166516
2018,78,aus,10099842.354,941572.949,14860.758,0.09322649958264884,0.0014713851443546996
2018,78,china,10099842.354,98379.137,490189.817,0.009740660651107822,0.04853440279747162
2018,78,us,10099842.354,245585.693,1331071.73,0.02431579468195727,0.13179133726506478
2018,79,aus,21134787.451,1427375.4009999998,63961.19900000001,0.06753677576882672,0.0030263469243914094
2018,79,china,21134787.451,536846.2050000001,2018738.636,0.025401069504230996,0.09551733797561718
2018,79,us,21134787.451,383472.95,2609882.309,0.018144159286629394,0.12348751152813284
2018,80,aus,6257112.187,7735.341,18088.709,0.0012362477719468131,0.0028909037363245215
2018,80,china,6257112.187,348996.158,167464.549,0.05577591508189463,0.026763871894119197
2018,80,us,6257112.187,131641.56100000002,904504.021,0.021038708763046192,0.14455614570555886
2018,81,aus,25796314.779,221572.851,126973.288,0.008589321881758698,0.004922148341257066
2018,81,china,25796314.779,4658873.625,4711469.972,0.18060229396768906,0.1826412033022432
2018,81,us,25796314.779,3345347.506,3235646.61,0.1296831557011138,0.1254305755577941
2018,82,aus,67943023.153,132032.172,970986.648,0.0019432778506584625,0.014291189925615292
2018,82,china,67943023.153,17404091.637,2980813.0870000003,0.25615715682547646,0.04387224690145958
2018,82,us,67943023.153,4772560.328,11386462.48,0.07024356742638216,0.167588399096681
2018,83,aus,73040899.333,115621.308,1032796.539,0.001582966653694557,0.014139975663379883
2018,83,china,73040899.333,21223074.270999998,1959058.591,0.29056425187540613,0.026821391972030307
2018,83,us,73040899.333,4665501.017,12707898.352,0.06387518581513575,0.17398332260482655
2018,84,aus,2302483614.055,4224605.674,33522217.223,0.0018348037954371674,0.014559155608479066
2018,84,china,2302483614.055,528693633.24399996,160252284.516,0.22961884723813325,0.06959975026001294
2018,84,us,2302483614.055,217035400.989,390225391.633,0.09426143129278124,0.16948020357276627
2018,85,aus,2710649642.366,2620982.538,25714829.521,0.0009669204374609867,0.009486592851798701
2018,85,china,2710649642.366,825510476.593,302397082.348,0.3045434067504387,0.11155889629618515
2018,85,us,2710649642.366,150390716.474,363702134.43299997,0.05548142929409754,0.13417526512778732
2018,86,aus,35768785.759,84541.605,1172942.115,0.002363558147308033,0.03279233807104757
2018,86,china,35768785.759,8251881.361,848905.514,0.23070062865982788,0.02373313759431718
2018,86,us,35768785.759,3299672.3880000003,5092353.0600000005,0.09225005316736952,0.1423686309708929
2018,87,aus,1549038638.185,1164759.798,31331690.126,0.0007519243027822357,0.02022653880519802
2018,87,china,1549038638.185,74152870.376,83108097.24,0.04787025226361333,0.05365140364566845
2018,87,us,1549038638.185,126459566.426,306797066.117,0.08163745132540527,0.1980564322633504
2018,88,aus,277617962.514,937259.013,1881897.246,0.003376074820636777,0.006778730125955369
2018,88,china,277617962.514,4980037.699,31074782.219000004,0.017938456337272708,0.11193361530932255
2018,88,us,277617962.514,89536373.904,36273203.933,0.32251650106928786,0.13065870667922208
2018,89,aus,140079750.529,251774.415,600322.574,0.0017973648157509846,0.0042855771211251425
2018,89,china,140079750.529,17222373.587,1457157.54,0.12294691789470698,0.010402342483457892
2018,89,us,140079750.529,2727083.4000000004,7130456.482,0.01946807721816599,0.05090283538536012
2018,90,aus,645780085.348,3125972.881,8408169.347,0.004840615175234872,0.013020174418151929
2018,90,china,645780085.348,73811006.499,97431592.42,0.11429743371417916,0.1508742598767129
2018,90,us,645780085.348,106558840.494,95281134.155,0.1650079383240461,0.14754424349220152
2018,91,aus,50149828.505,82789.26,525969.486,0.00165083834716894,0.010487961807238487
2018,91,china,50149828.505,8318138.515999999,2917443.053,0.1658657419969177,0.05817453698189869
2018,91,us,50149828.505,830664.0430000001,4836780.799000001,0.016563646731457552,0.09644660696133323
2018,92,aus,7194923.464000001,8332.817000000001,149208.896,0.0011581522780184505,0.02073807966777838
2018,92,china,7194923.464000001,2082758.6230000001,486142.785,0.28947613319601534,0.06756747134732272
2018,92,us,7194923.464000001,666326.667,1414140.291,0.09261066783183783,0.19654695398438776
2018,93,aus,14783703.004,49442.866,341314.353,0.003344416888422497,0.023087203044301632
2018,93,china,14783703.004,581701.711,22684.907,0.03934749709478133,0.0015344536476322734
2018,93,us,14783703.004,4819645.3549999995,2992079.031,0.3260106993285753,0.20239036391561968
2018,94,aus,250774031.756,263677.249,5103579.445,0.0010514535622115557,0.020351307546730833
2018,94,china,250774031.756,96028007.303,3642896.9170000004,0.38292644031194606,0.01452661143377275
2018,94,us,250774031.756,9145646.204,70666395.68,0.036469670084893796,0.28179311544010877
2018,95,aus,123253065.11500001,232188.302,2629714.478,0.001883833897220804,0.021335895180751668
2018,95,china,123253065.11500001,74412946.554,1525134.379,0.6037411441619709,0.012374007717998648
2018,95,us,123253065.11500001,4231728.2809999995,34203214.936,0.03433365553263628,0.2775039704212389
2018,96,aus,34989663.293,32920.202,586956.963,0.0009408550669473285,0.016775153224107362
2018,96,china,34989663.293,14600194.152,1081892.085,0.41727163904777853,0.03092033426959105
2018,96,us,34989663.293,1587997.102,5296654.921,0.045384749453067565,0.1513777047994527
2018,97,aus,26082869.578,117308.252,138387.311,0.0044975209360762,0.005305678141975793
2018,97,china,26082869.578,605034.998,206735.953,0.023196642385940776,0.00792611995324221
2018,97,us,26082869.578,5617345.763,10322196.038,0.21536532804419792,0.39574618149785235
2019,01,aus,23840001.826,1831744.878,139835.504,0.07683493027262656,0.0058655827722082984
2019,01,china,23840001.826,1039246.126,733397.255,0.04359253550335697,0.030763305319891125
2019,01,us,23840001.826,975549.448,2980674.383,0.04092069518786957,0.12502827830110586
2019,02,aus,136224690.896,11603339.287,671240.724,0.08517794542737121,0.0049274527223002115
2019,02,china,136224690.896,803324.4789999999,20913644.152,0.005897054885690977,0.15352315365476885
2019,02,us,136224690.896,18178461.413999997,8753640.43,0.1334446882898655,0.06425883863214576
2019,03,aus,119299925.192,1073625.995,793456.349,0.008999385316228138,0.006650937523414369
2019,03,china,119299925.192,9755582.452,14524756.755,0.0817735839842269,0.1217499234104633
2019,03,us,119299925.192,5027870.634,17395292.206,0.042144792848010586,0.14581142593345475
2019,04,aus,92939240.652,2052597.545,1032203.7359999999,0.022085370297845543,0.011106220889677427
2019,04,china,92939240.652,855694.015,7118871.549000001,0.00920702610648655,0.07659704877142018
2019,04,us,92939240.652,4966154.614,2820640.299,0.053434422092979855,0.030349293573008137
2019,05,aus,11386091.747,334171.903,82042.844,0.029349131416233968,0.007205531610231105
2019,05,china,11386091.747,2054609.3320000002,1078380.443,0.18044904060617176,0.09471032439942625
2019,05,us,11386091.747,1409552.327,850399.704,0.1237959748015721,0.0746875857753441
2019,06,aus,20709761.762000002,15726.286,107194.042,0.0007593658575472317,0.005176015216007389
2019,06,china,20709761.762000002,479244.63899999997,281630.107,0.02314100203119468,0.013598906169783103
2019,06,us,20709761.762000002,457215.587,2740584.032,0.022077298244875868,0.13233295793043126
2019,07,aus,73724355.682,969105.268,267267.173,0.013144981180711895,0.003625222228496926
2019,07,china,73724355.682,8157538.59,1632098.0510000002,0.11064916762631925,0.022137840824812818
2019,07,us,73724355.682,4074278.756,11361769.578999998,0.05526367396920834,0.1541114801736274
2019,08,aus,136493103.513,2179498.13,804073.501,0.015967826021278927,0.005890945991446503
2019,08,china,136493103.513,4702099.971,15132646.567,0.03444935934475369,0.11086748104865768
2019,08,us,136493103.513,14310446.944000002,18006684.271,0.10484373624515786,0.1319237661651161
2019,09,aus,49741333.846,47486.768000000004,656595.618,0.0009546741980627184,0.013200201265869368
2019,09,china,49741333.846,2992238.76,1024781.6270000001,0.06015598152763697,0.020602214451521165
2019,09,us,49741333.846,902593.229,8002190.5600000005,0.018145738346994147,0.1608760751123988
2019,10,aus,126449272.589,3920412.757,346961.58599999995,0.031003837955972887,0.0027438796514688895
2019,10,china,126449272.589,1306653.594,5318601.9350000005,0.010333421199242767,0.04206115089556216
2019,10,us,126449272.589,19263510.848,2449369.98,0.15234180832824942,0.0193703761979021
2019,11,aus,21825839.757,802006.652,149534.476,0.03674574087087668,0.006851258767811726
2019,11,china,21825839.757,913198.8650000001,1843983.753,0.041840262513020525,0.08448626827330188
2019,11,us,21825839.757,1049249.727,2035507.739,0.04807373914048296,0.09326137100164361
2019,12,aus,100449014.928,1327117.1369999999,285785.02499999997,0.01321184819932035,0.002845075436576908
2019,12,china,100449014.928,3206755.2169999997,36341541.525,0.03192420771172861,0.36179092001100205
2019,12,us,100449014.928,24094551.433000002,2389214.23,0.23986846909619303,0.023785342561224165
2019,13,aus,8279274.867,57417.853,104148.48300000001,0.006935130663297497,0.012579420863911754
2019,13,china,8279274.867,1214014.9279999998,467253.451,0.1466330019841338,0.056436518717648224
2019,13,us,8279274.867,640841.339,1559322.385,0.07740307566720626,0.18834045372925534
2019,14,aus,1390505.658,558.25,13799.172000000002,0.00040147265621554197,0.009923851744585998
2019,14,china,1390505.658,183890.793,133891.046,0.13224742520249422,0.09628946508033555
2019,14,us,1390505.658,32587.111999999997,130930.521,0.02343544005917306,0.09416036550927863
2019,15,aus,98333464.359,583387.945,564425.602,0.005932750857532512,0.005739913728040446
2019,15,china,98333464.359,1180584.399,9742472.398,0.01200592704320751,0.0990758584730806
2019,15,us,98333464.359,3030838.99,6468456.186,0.030822050354443777,0.06578082271549678
2019,16,aus,55940868.027,234890.833,782271.376,0.004198912910801265,0.013983897704669773
2019,16,china,55940868.027,6297608.086000001,1840532.869,0.11257615957908348,0.032901399887317835
2019,16,us,55940868.027,2740191.4030000004,6060953.772,0.04898371261735589,0.10834572264904194
2019,17,aus,43312543.067,1219917.221,314037.00800000003,0.028165448958120856,0.0072504864818077625
2019,17,china,43312543.067,1728474.787,1693811.622,0.03990702610849308,0.03910672295043608
2019,17,us,43312543.067,1940045.9109999998,4369355.722,0.044791780247097256,0.10087968548143343
2019,18,aus,50253735.03,236582.991,693750.0920000001,0.0047077693003070705,0.013804945872895848
2019,18,china,50253735.03,423415.498,759766.9299999999,0.008425552802139651,0.015118616149554684
2019,18,us,50253735.03,1725539.327,5179927.862,0.03433653888551575,0.10307548003959775
2019,19,aus,78774634.909,975257.011,1521562.2889999999,0.012380343141248593,0.019315383571852793
2019,19,china,78774634.909,2122055.742,6158980.541999999,0.02693831262374477,0.07818481861724676
2019,19,us,78774634.909,4483984.752,8727464.941,0.056921682432167074,0.11079029374216608
2019,20,aus,63009762.986,186457.028,977340.595,0.002959176787277052,0.015510939078078314
2019,20,china,63009762.986,5487800.188,1434411.271,0.0870944426377119,0.02276490504048886
2019,20,us,63009762.986,5317561.696,8848667.293,0.08439266304146387,0.140433273728804
2019,21,aus,79965677.728,1303769.4139999999,2271128.527,0.016304112602343202,0.02840129154817084
2019,21,china,79965677.728,3476440.326,3294099.909,0.04347415572247096,0.04119392222504194
2019,21,us,79965677.728,10830501.117999999,8586609.692,0.1354393713117709,0.10737868965741781
2019,22,aus,126374614.609,2740763.006,1972091.3010000002,0.021687607234094082,0.015605122176646022
2019,22,china,126374614.609,1991736.0649999997,5926441.799000001,0.015760570832697555,0.04689582490388808
2019,22,us,126374614.609,8295756.858,26114013.262,0.06564417136833114,0.20663970642202253
2019,23,aus,81364134.684,562927.805,917240.992,0.006918623385921635,0.011273283929858748
2019,23,china,81364134.684,2891056.745,3720694.622,0.03553232337845433,0.04572892757294527
2019,23,us,81364134.684,12002221.604,3399463.475,0.14751243469390943,0.04178085944381701
2019,24,aus,48027216.525,30337.131,454150.435,0.0006316654013086177,0.009456105680486342
2019,24,china,48027216.525,1641861.5159999998,1300688.887,0.034186064377587824,0.02708232916898155
2019,24,us,48027216.525,987643.7540000001,2144253.475,0.02056425138620919,0.0446466322670154
2019,25,aus,57400868.502,1977575.602,545059.242,0.03445201533720864,0.009495661933773854
2019,25,china,57400868.502,4182519.239,7616763.897,0.07286508633321934,0.13269422738324269
2019,25,us,57400868.502,2763555.998,4387441.985,0.04814484641297214,0.07643511499912463
2019,26,aus,263263502.273,85126284.17999999,768057.632,0.3233501166892683,0.0029174482044363923
2019,26,china,263263502.273,819834.3500000001,147190919.944,0.003114120806422476,0.5591011236770883
2019,26,us,263263502.273,7000334.953,3581863.0270000002,0.026590601783230725,0.013605619449997539
2019,27,aus,2352799673.818,94259849.576,27368661.77,0.040062845394329756,0.011632380807664586
2019,27,china,2352799673.818,37040920.747,337216224.595,0.015743338100218256,0.14332551485260248
2019,27,us,2352799673.818,204219043.711,207332866.804,0.0867983135086057,0.088121767913862
2019,28,aus,134976541.847,8218012.151000001,1443127.419,0.06088474366394248,0.010691690565282288
2019,28,china,134976541.847,17872671.845,9332160.914,0.1324131704697192,0.069139131780234
2019,28,us,134976541.847,12063746.782,13101495.217,0.08937661772128243,0.09706497912689853
2019,29,aus,441302891.548,332694.577,2257408.369,0.000753891677058756,0.005115326484903543
2019,29,china,441302891.548,61083453.491000004,56721630.669,0.1384161641831346,0.12853219807835875
2019,29,us,441302891.548,39897504.629,52475001.622,0.09040843691063918,0.11890926306403402
2019,30,aus,625130874.95,3845870.614,7867631.524,0.006152104732161254,0.012585575019997658
2019,30,china,625130874.95,8680704.64,30320288.751999997,0.013886219650716038,0.04850230562428245
2019,30,us,625130874.95,67713628.048,126423356.752,0.10831912286113839,0.2022350228056033
2019,31,aus,73941028.147,238140.37399999998,1665912.421,0.0032206797764099257,0.02253028477894638
2019,31,china,73941028.147,8437525.656,3700127.372,0.11411155440286279,0.05004160024180195
2019,31,us,73941028.147,3665293.622,6910467.871,0.04957049846146495,0.09345918016262231
2019,32,aus,83110560.519,748351.909,747059.86,0.009004293850586154,0.008988747703478836
2019,32,china,83110560.519,8870601.227,4939665.571,0.10673254002386474,0.05943487253789773
2019,32,us,83110560.519,7745900.596,4512451.278,0.09319995615032822,0.054294559558028775
2019,33,aus,141693023.95,754461.09,1979936.464,0.005324617041599951,0.013973422323872988
2019,33,china,141693023.95,7188716.312,12347565.378,0.050734440635106515,0.08714307192961847
2019,33,us,141693023.95,14223053.906,14331593.031,0.10037935185164068,0.10114536786269217
2019,34,aus,63313255.441,245706.438,830192.052,0.0038808056273297704,0.013112452459084729
2019,34,china,63313255.441,4534966.437,4479547.029,0.07162744050060764,0.07075211972277078
2019,34,us,63313255.441,7334478.857,3759543.7630000003,0.1158442857804842,0.05938004193297915
2019,35,aus,31045032.997,243882.463,284759.756,0.007855764335105306,0.009172473935766711
2019,35,china,31045032.997,3031973.218,2602307.368,0.09766371381512111,0.08382363028093642
2019,35,us,31045032.997,3815539.809,2838286.898,0.12290339035454431,0.09142483109211945
2019,36,aus,4994925.233,25610.188,158361.239,0.005127241511204418,0.031704426315283744
2019,36,china,4994925.233,1056192.2820000001,105256.77,0.21145307141377187,0.021072741850988983
2019,36,us,4994925.233,711786.696,974557.465,0.14250197206105006,0.19510952007076818
2019,37,aus,14711422.642,9999.751,89308.144,0.000679726987888409,0.006070666731104033
2019,37,china,14711422.642,1146637.319,1988007.602,0.07794197385958017,0.1351336067474799
2019,37,us,14711422.642,2228593.7180000003,1726882.347,0.15148730155012566,0.1173837764724318
2019,38,aus,212032847.743,465235.869,1743424.947,0.0021941688467246425,0.008222428579147152
2019,38,china,212032847.743,19806083.763,15646418.947,0.09341045019121984,0.07379242939737646
2019,38,us,212032847.743,33581911.246,14951580.004,0.15838070187456918,0.07051539496428617
2019,39,aus,635025241.27,998083.148,5778189.19,0.001571722009040008,0.009099148843979936
2019,39,china,635025241.27,88980259.726,66762626.436,0.14012082346214547,0.1051338153149315
2019,39,us,635025241.27,67392026.505,61174389.415,0.10612495712803684,0.09633379185472389
2019,40,aus,195192098.155,258225.091,3276115.066,0.0013229279947334044,0.016784055794095063
2019,40,china,195192098.155,23881512.233,14771073.444,0.12234876544047363,0.07567454617076991
2019,40,us,195192098.155,13540601.977,29526986.895,0.06937064617363532,0.15127142529895307
2019,41,aus,21236169.769,480122.01900000003,51214.431,0.022608691879119815,0.0024116604621781403
2019,41,china,21236169.769,997005.8720000001,3407073.887,0.046948479073443974,0.16043730691838584
2019,41,us,21236169.769,1798450.141,709835.8670000001,0.08468806571820357,0.033425795457531125
2019,42,aus,79608699.332,74962.37299999999,1479535.216,0.0009416354447316997,0.01858509469963513
2019,42,china,79608699.332,30211911.786,2617056.025,0.379505155083671,0.03287399551757319
2019,42,us,79608699.332,1048885.174,12824249.195,0.013175509495837017,0.16109105289508338
2019,43,aus,5211925.991,2607.758,22915.264,0.0005003444032979554,0.004396697888567543
2019,43,china,5211925.991,961444.8319999999,982522.9670000001,0.1844701620207638,0.18851437428248777
2019,43,us,5211925.991,146811.719,219990.81100000002,0.02816841974608154,0.042209120271447076
2019,44,aus,142356737.804,2026906.909,1669138.876,0.014238222512451021,0.011725043027454791
2019,44,china,142356737.804,14357405.431,19690551.115000002,0.10085511688788207,0.13831836426394092
2019,44,us,142356737.804,8564626.649,19314187.583,0.06016312807611519,0.13567455872438025
2019,45,aus,1999538.3809999998,1221.684,31049.072,0.0006109830206855129,0.015528120037621825
2019,45,china,1999538.3809999998,88811.235,48835.803,0.04441586910454009,0.02442353868475206
2019,45,us,1999538.3809999998,18091.077,284115.80299999996,0.009047626778212867,0.14209069738281757
2019,46,aus,2176273.096,504.604,41784.23299999999,0.00023186612053765885,0.01919990330110665
2019,46,china,2176273.096,1104729.849,21007.41,0.5076246409655565,0.009652929146903353
2019,46,us,2176273.096,9274.128999999999,653288.573,0.004261472981973582,0.3001868534793484
2019,47,aus,52551242.312,170864.285,226403.353,0.003251384315247356,0.004308239787288551
2019,47,china,52551242.312,200899.35,18215778.299,0.003822922944566145,0.346628880642855
2019,47,us,52551242.312,8246651.351,3483242.332,0.15692590675666843,0.06628277808010272
2019,48,aus,187760211.595,938288.275,2381342.546,0.004997268947607995,0.012682892321918403
2019,48,china,187760211.595,21910099.997,6397419.96,0.11669192216432005,0.0340722877634974
2019,48,us,187760211.595,16256325.977,18407326.425,0.08658024955822377,0.09803635322218705
2019,49,aus,39592057.287,180790.77599999998,716158.156,0.004566339523340768,0.01808842997999878
2019,49,china,39592057.287,5897569.59,1464078.5250000001,0.1489584021170948,0.036979096953386366
2019,49,us,39592057.287,6169613.676,4486572.591,0.1558295804453128,0.11332001665074273
2019,50,aus,1786130.968,393.281,4975.554999999999,0.00022018598134512609,0.002785660788117526
2019,50,china,1786130.968,818194.876,79915.423,0.45808224069714465,0.0447421966427716
2019,50,us,1786130.968,6174.892,73215.876,0.0034571328254356763,0.04099132555883214
2019,51,aus,12823701.366,2362699.686,50698.64400000001,0.1842447526315859,0.003953510967934685
2019,51,china,12823701.366,2358825.975,3237936.308,0.18394267830144978,0.2524962345571203
2019,51,us,12823701.366,60076.296,276305.026,0.004684785951057993,0.021546433288954992
2019,52,aus,53808759.71,1132549.158,68912.977,0.021047672611370808,0.0012807018294308126
2019,52,china,53808759.71,10884562.275,8969468.241,0.20228234833253694,0.16669159983133908
2019,52,us,53808759.71,8065561.012,918552.372,0.1498930853539274,0.01707068471658701
2019,53,aus,5305448.552,438.536,30949.474,8.265766705713971e-05,0.0058335263638232705
2019,53,china,5305448.552,1465607.1509999998,937802.95,0.2762456626683353,0.17676223618198605
2019,53,us,5305448.552,19269.209000000003,232782.22,0.003631966046063357,0.043876067728947796
2019,54,aus,48747998.876,20871.332000000002,245031.489,0.0004281474620751159,0.005026493284848167
2019,54,china,48747998.876,18988057.256,2701228.83,0.38951459944642675,0.05541209674823986
2019,54,us,48747998.876,1608186.931,2148833.056,0.0329898040551518,0.044080436234233404
2019,55,aus,39665617.039,21111.467,107401.773,0.0005322359407454269,0.002707679371139002
2019,55,china,39665617.039,12657911.215,2206064.91,0.31911544959843935,0.0556165534455434
2019,55,us,39665617.039,2293640.3770000003,1819953.37,0.0578243967500833,0.04588239149817301
2019,56,aus,26037501.75,65365.652,258476.79,0.002510442538904486,0.009927096404323814
2019,56,china,26037501.75,5486015.6280000005,1190897.865,0.21069669742797043,0.0457377929892986
2019,56,us,26037501.75,2046727.4449999998,2538777.05,0.07860690571052961,0.0975046329089541
2019,57,aus,15287084.77,29353.643000000004,405514.635,0.001920159627661959,0.026526616493669122
2019,57,china,15287084.77,2718944.829,126821.902,0.17785894890409507,0.008296016140950595
2019,57,us,15287084.77,803987.3409999999,2977570.574,0.052592587343911215,0.19477687334103794
2019,58,aus,11820223.708,6285.123,44917.165,0.000531726230845038,0.0038000266415939136
2019,58,china,11820223.708,4899457.919,355381.165,0.41449790122703145,0.03006551938263874
2019,58,us,11820223.708,366605.29600000003,818138.501,0.031015089481925735,0.06921514526381416
2019,59,aus,24094278.638,36609.242,208884.208,0.0015194163954866105,0.0086694526587968
2019,59,china,24094278.638,6873191.103,1440400.185,0.2852623731245487,0.059781834793272884
2019,59,us,24094278.638,1737550.035,2623205.662,0.07211463190517121,0.1088725544106078
2019,60,aus,33214934.568,16800.019,94766.832,0.0005057971427162018,0.0028531392047750847
2019,60,china,33214934.568,16131793.456,1131745.685,0.4856789172043628,0.03407339799760885
2019,60,us,33214934.568,717784.1749999999,1082983.893,0.021610284178958734,0.032605329713440726
2019,61,aus,223697622.268,59148.15,3359975.304,0.00026441116986544364,0.015020165480232935
2019,61,china,223697622.268,67309514.399,3190616.1939999997,0.3008950820154902,0.014263076029379942
2019,61,us,223697622.268,1397696.013,48716557.224,0.006248148723393654,0.21777860993817508
2019,62,aus,218909451.068,78245.836,3492678.909,0.0003574347092748154,0.015954902321303005
2019,62,china,218909451.068,67321026.767,3808592.6380000003,0.3075291013638695,0.017398027446594504
2019,62,us,218909451.068,1411281.401,39546843.583000004,0.006446872869648798,0.180653888582981
2019,63,aus,64438573.003,123488.209,1444253.356,0.0019163709443759858,0.02241286994255384
2019,63,china,64438573.003,27572411.16,419746.055,0.42788674353040596,0.006513894325072318
2019,63,us,64438573.003,2191591.125,16372937.445,0.03401054714383524,0.25408597183301596
2019,64,aus,144929421.446,68772.075,1839630.916,0.00047452114493967077,0.012693288206393878
2019,64,china,144929421.446,49557057.804,4770814.684,0.34193925090955196,0.03291819312048784
2019,64,us,144929421.446,1217641.084,27644856.947,0.008401614191592473,0.1907470317012225
2019,65,aus,10448915.11,9948.926,233627.408,0.0009521491844142277,0.02235901101123981
2019,65,china,10448915.11,5499914.397,97133.561,0.5263622432664208,0.009296042697010676
2019,65,us,10448915.11,253620.229,2604091.23,0.024272398266234934,0.24922120646839097
2019,66,aus,3355657.86,1292.4180000000001,39709.265,0.00038514593975918636,0.011833526139044462
2019,66,china,3355657.86,2664993.276,8969.671999999999,0.794179081177245,0.002672999564979488
2019,66,us,3355657.86,26012.906,649801.883,0.007751954187606004,0.1936436639580413
2019,67,aus,6908275.551,3807.998,90984.616,0.0005512226563471078,0.013170380267595089
2019,67,china,6908275.551,4834436.117000001,301536.23500000004,0.6998036024055522,0.04364855350281323
2019,67,us,6908275.551,97024.895,2717754.7619999996,0.014044734360075615,0.3934056685979461
2019,68,aus,51957069.727,77896.109,880162.764,0.0014992398418404362,0.01694019252095379
2019,68,china,51957069.727,9559095.992,1816949.067,0.18398066023020007,0.034970198984408944
2019,68,us,51957069.727,3798603.188,8487143.381,0.0731104199670833,0.1633491539379399
2019,69,aus,50454918.624,58604.587,782191.452,0.0011615237641493972,0.015502778982343524
2019,69,china,50454918.624,16064794.471,1226996.364,0.3183989769306342,0.02431866698951234
2019,69,us,50454918.624,1973969.523,6548296.963,0.03912343091285926,0.12978510602304605
2019,70,aus,76911631.102,86977.032,780104.974,0.001130869684516914,0.010142873877754938
2019,70,china,76911631.102,17731716.825,5211785.312,0.2305466230651674,0.06776329194069677
2019,70,us,76911631.102,6648822.447,8205580.503,0.08644755483318706,0.1066884213145575
2019,71,aus,685837711.944,29556863.234,9648122.707,0.04309600174977456,0.01406764681932187
2019,71,china,685837711.944,17786313.663,56228664.802,0.025933706113338204,0.08198537908132876
2019,71,us,685837711.944,35519333.176,55355909.97,0.051789705578191104,0.08071284067056364
2019,72,aus,398432229.178,2021967.07,1463606.136,0.005074808014832265,0.003673413014352643
2019,72,china,398432229.178,41386207.529,23040860.632000003,0.10387264005821846,0.05782880737217289
2019,72,us,398432229.178,14876786.196,24830631.974,0.03733831027347384,0.06232084192894669
2019,73,aus,311142659.453,711970.225,4537699.964,0.002288243682983456,0.014583985275363524
2019,73,china,311142659.453,74019372.538,8773269.432,0.23789528786611494,0.028196935281789143
2019,73,us,311142659.453,19840765.252,40983072.525,0.06376742195004947,0.13171794763549852
2019,74,aus,163242859.054,2951495.541,787635.8640000001,0.01808039603143473,0.004824933038813378
2019,74,china,163242859.054,8257903.5770000005,39151763.468,0.050586614476461254,0.2398375260938598
2019,74,us,163242859.054,7430018.039,9692798.392,0.045515118284850574,0.05937655373209108
2019,75,aus,31028320.52,2831703.469,96530.523,0.09126189950161054,0.003111045695746861
2019,75,china,31028320.52,587212.714,5519018.104,0.018925056340754857,0.17787034591326312
2019,75,us,31028320.52,3353464.701,2952947.1870000004,0.10807754479777432,0.0951694174068046
2019,76,aus,182223380.196,3595489.293,2011374.702,0.019731218294450917,0.011037961757907023
2019,76,china,182223380.196,27142917.769,4954018.288,0.14895408997355333,0.027186512963767014
2019,76,us,182223380.196,10661711.258,22698244.228,0.05850901924073756,0.12456274383443937
2019,78,aus,8701632.46,684434.841,23545.26,0.07865591245622433,0.0027058440020575167
2019,78,china,8701632.46,135751.617,420520.767,0.015600706835645869,0.04832665237621401
2019,78,us,8701632.46,163661.19299999997,1044255.2829999999,0.018808102244300025,0.12000682490328946
2019,79,aus,19163051.237,1194042.15,52972.264,0.062309604834461046,0.0027642917270774294
2019,79,china,19163051.237,578378.073,2127227.037,0.030181940539994394,0.11100669776912939
2019,79,us,19163051.237,375036.22699999996,2454472.9250000003,0.01957079915728036,0.12808361751185565
2019,80,aus,5552343.694,9643.948,12153.871,0.0017369148113834324,0.002188962295892052
2019,80,china,5552343.694,340516.951,136031.63700000002,0.061328507341498154,0.024499858887878135
2019,80,us,5552343.694,105395.84700000001,841835.461,0.018982226751181372,0.1516180386869257
2019,81,aus,21982552.807,118766.866,126080.206,0.005402778605503021,0.005735466990887962
2019,81,china,21982552.807,4157295.012,3122857.449,0.18911793586940343,0.14206072772428754
2019,81,us,21982552.807,3392821.2139999997,3174192.145,0.15434154730744507,0.1443959749747185
2019,82,aus,65226001.146,117754.617,924568.0460000001,0.0018053324583921903,0.014174838710876566
2019,82,china,65226001.146,17136263.299,2786431.6040000003,0.2627213534161428,0.04271964485087676
2019,82,us,65226001.146,4622733.687,10675497.878,0.07087256011069276,0.16366936023111817
2019,83,aus,74131635.178,130047.788,918209.927,0.0017542819295397682,0.012386209002340968
2019,83,china,74131635.178,21231102.082,1939478.415,0.2863973259327313,0.026162628280666577
2019,83,us,74131635.178,4653397.195,12672029.871000001,0.0627720835217862,0.17093957040840604
2019,84,aus,2260177729.743,4274239.391,32437255.775,0.0018911076481963277,0.014351639407883365
2019,84,china,2260177729.743,504242304.47599995,152544905.791,0.2230985191298811,0.06749243822004457
2019,84,us,2260177729.743,222311688.394,381514074.393,0.09836026851714824,0.16879826279696206
2019,85,aus,2660917455.662,2701193.642,24435346.914,0.001015136202835717,0.009183053334482643
2019,85,china,2660917455.662,814840411.687,284524661.512,0.3062253622160101,0.10692727837407273
2019,85,us,2660917455.662,150619931.38099998,350796784.314,0.05660451099695153,0.13183302006139327
2019,86,aus,37672460.255,50844.81,1140037.493,0.0013496546192055966,0.030261827480425593
2019,86,china,37672460.255,5302317.026000001,692991.021,0.1407478298499568,0.018395162309794304
2019,86,us,37672460.255,3077360.688,5514668.539000001,0.08168727678441345,0.14638461363213137
2019,87,aus,1530232811.985,1138205.173,27704486.349,0.0007438117677816186,0.01810475251348327
2019,87,china,1530232811.985,73680598.726,72039532.64999999,0.0481499273502196,0.04707749832951965
2019,87,us,1530232811.985,128099834.475,308133632.069,0.08371264390078684,0.20136389028888532
2019,88,aus,274800930.579,1194934.759,2860830.968,0.004348365038219837,0.010410557788040554
2019,88,china,274800930.579,4748642.097,20143145.413999997,0.017280298458213758,0.07330086317960713
2019,88,us,274800930.579,76428020.35200001,38257433.136,0.27812140297693944,0.1392187175472527
2019,89,aus,137511724.567,530207.401,795716.036,0.003855725049405997,0.005786532301195178
2019,89,china,137511724.567,23626326.068,1762050.55,0.1718131755120889,0.012813820461843413
2019,89,us,137511724.567,3738518.467,6493821.494,0.02718690699845363,0.047223765933035095
2019,90,aus,643751893.936,3167144.197,8141364.427,0.004919821171531759,0.012646742485249126
2019,90,china,643751893.936,75338451.664,91609440.398,0.11703026021930421,0.1423055081638448
2019,90,us,643751893.936,103225577.34099999,101725619.873,0.16034993964811914,0.15801991548488287
2019,91,aus,50053059.705,60001.466,538482.123,0.001198757205925739,0.010758225894154656
2019,91,china,50053059.705,7881004.664000001,3079025.7249999996,0.15745300507998186,0.0615152348956686
2019,91,us,50053059.705,884768.0920000001,5325891.028,0.017676603532623143,0.10640490430334223
2019,92,aus,7504810.795,8960.309,159838.805,0.0011939420252899259,0.021298179176814275
2019,92,china,7504810.795,2155954.624,521581.032,0.28727634618535375,0.06949955784994577
2019,92,us,7504810.795,705702.4230000001,1516327.298,0.09403333971726066,0.20204737193511085
2019,93,aus,16132325.369,133215.31399999998,396462.66599999997,0.008257663477082327,0.02457566760721586
2019,93,china,16132325.369,880939.683,22019.498,0.054607111054976634,0.001364930194273966
2019,93,us,16132325.369,4196193.672,4770937.2530000005,0.2601109000729329,0.29573772806292825
2019,94,aus,248000477.78,265444.436,4781906.084,0.0010703384057004699,0.019281842223876702
2019,94,china,248000477.78,91911023.141,3176860.124,0.3706082502894765,0.01280989517616243
2019,94,us,248000477.78,8539310.677,65717824.328,0.034432638007154084,0.2649907166158686
2019,95,aus,120674546.462,289500.075,2494704.575,0.002399015231361674,0.020672997315018492
2019,95,china,120674546.462,72494998.832,1687356.664,0.600748052985875,0.013982705661391013
2019,95,us,120674546.462,4078295.051,33894297.694,0.03379581834421264,0.280873628182006
2019,96,aus,35110104.227,29722.345,504815.557,0.0008465467606656445,0.014378070590055159
2019,96,china,35110104.227,15289355.927,1070443.494,0.43546882766706063,0.030488189014740062
2019,96,us,35110104.227,1514712.7,5413487.875,0.043141788762767946,0.15418603829825653
2019,97,aus,28092160.076,92097.178,149533.875,0.003278394318943151,0.0053229753281860085
2019,97,china,28092160.076,1273530.278,404601.41500000004,0.045334010434036225,0.014402645218644596
2019,97,us,28092160.076,5951107.93,8693678.776999999,0.2118423045397714,0.3094699287445424
2020,01,aus,23936361.255,1574140.436,146680.995,0.06576356444617004,0.006127957104146739
2020,01,china,23936361.255,1050735.261,1207270.322,0.04389703388105888,0.05043666867902976
2020,01,us,23936361.255,946623.54,2924447.723,0.03954751225198285,0.12217595196885327
2020,02,aus,135014629.797,10526311.958,591309.488,0.07796423227487821,0.004379595669662302
2020,02,china,135014629.797,702146.1789999999,29268217.724,0.005200519233032045,0.21677812077110428
2020,02,us,135014629.797,18736223.557,9424248.867,0.13877180261998776,0.06980168653700523
2020,03,aus,109016569.616,886310.1799999999,699144.781,0.008130050166886917,0.006413197401667176
2020,03,china,109016569.616,8411867.502999999,11696261.082,0.07716136668609151,0.10728883804727038
2020,03,us,109016569.616,4249434.675,16216430.408,0.03897971372579609,0.1487519783930164
2020,04,aus,92294098.813,1984927.498,1099346.642,0.0215065483441333,0.011911342720052136
2020,04,china,92294098.813,638519.6070000001,7169598.555,0.006918314553281732,0.07768209069928242
2020,04,us,92294098.813,5589771.249,2743028.016,0.06056477413930454,0.029720513567803898
2020,05,aus,10381351.687,335115.891,78108.009,0.03228056433341405,0.007523876596706612
2020,05,china,10381351.687,1700839.676,869818.95,0.16383605211350932,0.08378667597681203
2020,05,us,10381351.687,1157040.188,886562.509,0.11145371266526866,0.08539952558491913
2020,06,aus,20913851.555,13869.782,100437.629,0.000663186403686798,0.004802445342784686
2020,06,china,20913851.555,496188.907,245281.38199999998,0.023725371947635018,0.01172817839674104
2020,06,us,20913851.555,431267.646,2626055.6870000004,0.020621148852751337,0.12556537852886182
2020,07,aus,77148571.949,1128193.52,286847.684,0.014623647483012467,0.0037181204622896216
2020,07,china,77148571.949,7977802.606000001,2011291.921,0.10340829913577433,0.02607037136513154
2020,07,us,77148571.949,4212400.495,12550627.727,0.05460114670411085,0.16268127082503542
2020,08,aus,140344739.272,1877998.748,887611.729,0.013381326280853884,0.006324510156948122
2020,08,china,140344739.272,4982458.5370000005,14770037.984000001,0.035501569655158736,0.10524112311309664
2020,08,us,140344739.272,13637998.307,17750426.236,0.09717498766069459,0.12647731812446614
2020,09,aus,51700947.643,44546.632,695181.142,0.0008616211893754591,0.013446197288302961
2020,09,china,51700947.643,3186975.5069999998,1356047.4749999999,0.061642496942345644,0.02622867736126691
2020,09,us,51700947.643,895001.9469999999,7857068.708,0.01731113234480873,0.15197146408715392
2020,10,aus,137234212.072,3586731.86,406632.37200000003,0.02613584328460471,0.0029630539342963558
2020,10,china,137234212.072,1348828.011,10150865.077,0.009828657086560432,0.0739674526033956
2020,10,us,137234212.072,20571559.503,2671584.862,0.1499011011350954,0.01946733851321529
2020,11,aus,21454024.443,688535.923,162496.795,0.03209355544594128,0.007574187091644678
2020,11,china,21454024.443,907288.7490000001,1821419.532,0.04228990935525989,0.08489873481962452
2020,11,us,21454024.443,1042234.026,1995557.31,0.048579884336808384,0.09301552327871561
2020,12,aus,111108146.022,1427368.393,328812.909,0.012846658360381366,0.0029593951548331416
2020,12,china,111108146.022,3233845.227,41423338.722,0.029105383743507712,0.3728199974986349
2020,12,us,111108146.022,27870799.768,2582130.588,0.25084389188243167,0.023239795464580288
2020,13,aus,8253092.09,36484.781,120054.609,0.00442074080867308,0.014546621761977697
2020,13,china,8253092.09,1325238.7149999999,414994.805,0.1605748125124822,0.050283554390824686
2020,13,us,8253092.09,591405.725,1523863.613,0.07165868483602489,0.18464153754523294
2020,14,aus,1473726.856,432.641,13041.842999999999,0.0002935693261194122,0.008849565946974912
2020,14,china,1473726.856,181435.234,121979.08899999999,0.12311320327869496,0.0827691295055018
2020,14,us,1473726.856,37553.399000000005,174147.646,0.025481926211162163,0.11816819737727574
2020,15,aus,110679803.036,818201.718,597664.6410000001,0.007392511511191157,0.005399943120657724
2020,15,china,110679803.036,1248435.977,11636148.719,0.011279709059420086,0.1051334425958022
2020,15,us,110679803.036,3945229.443,6988878.992,0.03564543245271917,0.06314502556285521
2020,16,aus,55396469.401,204301.189,726146.577,0.003687982126101199,0.013108174308792535
2020,16,china,55396469.401,5766381.186,1494169.176,0.10409293675845535,0.026972281666257737
2020,16,us,55396469.401,2654093.447,6491574.565,0.04791087727609026,0.11718390423059735
2020,17,aus,46351651.091,1311005.173,308873.811,0.028283893715590966,0.006663706766207803
2020,17,china,46351651.091,1599798.838,2652976.597,0.03451438730540991,0.057235859663154975
2020,17,us,46351651.091,1886665.1830000002,4933569.728,0.04070330049939321,0.10643784227479096
2020,18,aus,50170294.99,249956.073,685900.329,0.004982152746955575,0.013671443014969604
2020,18,china,50170294.99,324423.831,743611.933,0.006466452530619254,0.0148217572399807
2020,18,us,50170294.99,1559741.9400000002,5245100.472,0.031088952941394698,0.10454593645593392
2020,19,aus,81882148.665,914767.834,1639133.294,0.011171761475661075,0.020018200801081774
2020,19,china,81882148.665,2064110.1009999998,6655584.807,0.025208304064476637,0.08128248849733577
2020,19,us,81882148.665,4512106.848,9488065.921,0.05510489064545849,0.1158746573666259
2020,20,aus,62728082.007,165344.888,1046137.254,0.0026358989898901852,0.016677335262430926
2020,20,china,62728082.007,5679042.913000001,1343672.042,0.09053429869522012,0.02142058228163354
2020,20,us,62728082.007,4839857.163,9184790.095999999,0.07715614774352429,0.14642230086000466
2020,21,aus,84467737.736,1338749.442,2284342.42,0.01584923993328908,0.027043963544277773
2020,21,china,84467737.736,3945218.942,3856859.004,0.046706814314485354,0.045660735179796505
2020,21,us,84467737.736,10903185.39,9767516.804,0.12908106316375373,0.1156360649142507
2020,22,aus,120848419.781,2564413.555,1892873.253,0.021220083470244778,0.01566320235242001
2020,22,china,120848419.781,2085091.9819999998,5353719.869,0.017253779451800674,0.04430111604853373
2020,22,us,120848419.781,7958365.523,25597731.767,0.06585411325544886,0.211816851336475
2020,23,aus,85403038.919,552931.255,972704.764,0.0064743744719016885,0.011389580234054153
2020,23,china,85403038.919,3057927.4239999996,4524843.627,0.03580583855921418,0.05298223206426602
2020,23,us,85403038.919,12058072.911,3722285.5179999997,0.14119020896242823,0.04358493052607155
2020,24,aus,46063533.89,28255.62,303429.672,0.0006134053906388206,0.006587199165495898
2020,24,china,46063533.89,1040275.0559999999,920447.905,0.022583483466209583,0.019982138304847283
2020,24,us,46063533.89,914219.3850000001,2175172.882,0.019846922452436272,0.047221146497234155
2020,25,aus,51583615.155,1467479.32,519001.518,0.028448555138884196,0.010061363796245932
2020,25,china,51583615.155,3510289.7959999996,6484012.918,0.06805048047625539,0.12569907902958416
2020,25,us,51583615.155,2463724.653,3994331.411,0.04776176787138563,0.07743411156813482
2020,26,aus,280360490.037,97475506.69300002,706488.992,0.3476791850382908,0.0025199306503807385
2020,26,china,280360490.037,1422476.3150000002,166554071.754,0.005073740293478128,0.5940711251147385
2020,26,us,280360490.037,7376640.761,2449837.766,0.026311270750120613,0.008738170509249315
2020,27,aus,1583837832.826,70190016.19,16973427.87,0.04431641594566649,0.010716645049269193
2020,27,china,1583837832.826,24557441.165,255440635.38799998,0.015505022456233922,0.1612795389110159
2020,27,us,1583837832.826,154148043.926,127851790.294,0.0973256483278706,0.08072277833260078
2020,28,aus,124096493.265,6016303.6620000005,1298241.659,0.0484808515028106,0.010461549918479076
2020,28,china,124096493.265,15231131.811999999,10988894.725,0.12273619835070526,0.08855121072223958
2020,28,us,124096493.265,11744246.974,10939033.42,0.09463802453241707,0.08814941608898169
2020,29,aus,405587308.325,300430.44,2820737.52,0.0007407293912640456,0.0069546986853437805
2020,29,china,405587308.325,61094993.615,45329445.623,0.15063339596919573,0.111762485394827
2020,29,us,405587308.325,36087228.154,52820218.826,0.08897524013518453,0.13023143905596468
2020,30,aus,682476300.474,3459686.8,8852801.629,0.005069314198305707,0.012971588350908989
2020,30,china,682476300.474,11913779.467999998,32633973.275000002,0.01745669330894791,0.047817005883332125
2020,30,us,682476300.474,69430901.579,136724588.459,0.10173379138700961,0.20033602392352778
2020,31,aus,67323097.671,279102.545,1671210.29,0.004145717512345332,0.02482372837576498
2020,31,china,67323097.671,7288596.438,2742271.254,0.10826293932014992,0.04073299281921273
2020,31,us,67323097.671,3155583.803,5754122.835000001,0.046872231257405354,0.08547026257050318
2020,32,aus,79255536.182,630152.433,759464.428,0.007950894831535013,0.009582477951521128
2020,32,china,79255536.182,8596476.083999999,4837904.252,0.10846530725953722,0.061041846223718485
2020,32,us,79255536.182,6987816.472,4384109.853,0.08816818115965289,0.05531613391564804
2020,33,aus,138201971.787,815212.69,1858816.65,0.005898705202675575,0.01345000093678005
2020,33,china,138201971.787,6218448.486,15555465.905000001,0.04499536732792794,0.11255603450415626
2020,33,us,138201971.787,13601194.148000002,13425909.354,0.09841534076635657,0.09714701737173703
2020,34,aus,67286039.022,272020.561,1019930.445,0.004042748911272062,0.015158128786069888
2020,34,china,67286039.022,5421149.268,4722926.511,0.08056870855821203,0.07019177498999132
2020,34,us,67286039.022,7338854.145,5092122.673,0.10906949274574583,0.07567874030057065
2020,35,aus,32195461.309,275324.178,298903.674,0.008551645691842757,0.009284031408378786
2020,35,china,32195461.309,3146680.393,2865928.438,0.0977367698757082,0.08901653591771494
2020,35,us,32195461.309,3850552.797,3151100.6089999997,0.11959924288842559,0.09787406301642688
2020,36,aus,4370321.836,20128.859,155492.457,0.00460580702185156,0.03557917765212383
2020,36,china,4370321.836,858773.0800000001,102444.25899999999,0.19650110729282227,0.023440895852595508
2020,36,us,4370321.836,578069.128,872103.524,0.13227152362973024,0.19955132750548304
2020,37,aus,13405492.678000001,6057.459,73738.632,0.00045186395946051326,0.005500628270157785
2020,37,china,13405492.678000001,1036469.014,2688105.557,0.07731674164433869,0.20052269779024975
2020,37,us,13405492.678000001,1980565.834,1359834.0909999998,0.14774286045080184,0.10143857623611613
2020,38,aus,229678257.916,511718.246,2465857.3850000002,0.0022279786107884457,0.010736137618658862
2020,38,china,229678257.916,27039645.559,16596574.437,0.11772836403561186,0.07226010240407627
2020,38,us,229678257.916,34654261.385,18312576.749,0.1508817669527695,0.07973143350685567
2020,39,aus,609548996.74,859183.833,6253109.141000001,0.001409540229899649,0.010258583271308758
2020,39,china,609548996.74,94339352.56,66379587.255,0.1547691048046134,0.10889951031010207
2020,39,us,609548996.74,62850117.013000004,63475104.849,0.10310921246550488,0.10413454076453017
2020,40,aus,182392015.142,201591.087,3275533.167,0.0011052626774426101,0.01795875309809948
2020,40,china,182392015.142,23835034.948,15402594.076000001,0.13068025444778053,0.08444774330722989
2020,40,us,182392015.142,11173166.394,28063581.499,0.06125907642010102,0.15386409036136425
2020,41,aus,15819326.308,347394.641,44070.737,0.021960141300348478,0.002785879508516931
2020,41,china,15819326.308,881303.315,2698421.949,0.0557105465707674,0.17057755156332918
2020,41,us,15819326.308,1307634.245,610732.934,0.08266055200711775,0.038606759991488764
2020,42,aus,66272181.685,68959.027,1183194.31,0.0010405425813167116,0.017853559063799516
2020,42,china,66272181.685,22275343.476,3125700.271,0.3361190609640332,0.047164589900734605
2020,42,us,66272181.685,831873.377,10739552.543,0.012552376515292623,0.16205219550559602
2020,43,aus,3140940.624,6260.711,24347.341999999997,0.0019932599018783618,0.007751608487585341
2020,43,china,3140940.624,705908.7559999999,524806.98,0.2247443809049222,0.16708592833304067
2020,43,us,3140940.624,126482.055,160009.133,0.0402688462282756,0.050943062016953304
2020,44,aus,137968571.855,1452065.2789999999,1596742.723,0.010524609043036759,0.011573235132694707
2020,44,china,137968571.855,13613502.101,17957308.91,0.09867103730918735,0.13015506842291943
2020,44,us,137968571.855,7974329.007999999,22601774.46,0.05779815577406087,0.16381828235312643
2020,45,aus,1864442.125,2473.036,26148.667999999998,0.001326421435580898,0.014024928770583317
2020,45,china,1864442.125,74706.495,36934.56,0.04006908769023871,0.0198099793524028
2020,45,us,1864442.125,24124.036,283844.563,0.01293901037555671,0.1522410157944699
2020,46,aus,2119420.22,364.247,44565.659,0.000171861623552879,0.02102728783063134
2020,46,china,2119420.22,987576.141,16076.705000000002,0.4659652350584821,0.007585425885952905
2020,46,us,2119420.22,12367.07,617037.635,0.005835119379959486,0.29113510816651544
2020,47,aus,45388295.756,192501.595,206287.022,0.004241216635117936,0.004544938702016155
2020,47,china,45388295.756,173342.554,16081050.77,0.0038191025045721263,0.35429950612045624
2020,47,us,45388295.756,7346215.924,3091977.019,0.16185264949122669,0.06812278292231898
2020,48,aus,176048648.157,798121.515,2398247.171,0.004533528222768493,0.013622638947282604
2020,48,china,176048648.157,19926094.222000003,8215958.197,0.11318515893532981,0.046668680975459786
2020,48,us,176048648.157,14853792.075,17134042.535,0.08437322427919698,0.09732561263248031
2020,49,aus,35082158.991,134814.017,631154.076,0.003842808449576472,0.01799074213653489
2020,49,china,35082158.991,5097559.516,1318767.7680000002,0.14530347226656523,0.03759083836141093
2020,49,us,35082158.991,5192773.646000001,3913573.6429999997,0.14801750506096728,0.11155452673263327
2020,50,aus,1230287.815,185.989,3885.6910000000003,0.00015117519472465882,0.0031583593307392063
2020,50,china,1230287.815,500077.547,76536.553,0.40647199858676974,0.06221028288409083
2020,50,us,1230287.815,3785.082,54012.602,0.0030765825312185184,0.04390241156700394
2020,51,aus,8694230.856,1492827.4409999999,47383.719,0.1717032208743089,0.005450018499025694
2020,51,china,8694230.856,1555275.7820000001,2190419.988,0.17888595411826272,0.2519394785207898
2020,51,us,8694230.856,41548.12,208349.712,0.004778814904751133,0.023964133855062658
2020,52,aus,45179422.771,343781.147,75931.569,0.0076092416838195644,0.0016806670900793214
2020,52,china,45179422.771,8368268.084,8387818.7190000005,0.18522299690317132,0.18565573007683528
2020,52,us,45179422.771,6823619.07,948442.322,0.15103378156438024,0.020992794148950285
2020,53,aus,4244422.347,613.8240000000001,31156.208000000002,0.00014461897281118995,0.007340506069576587
2020,53,china,4244422.347,791765.9650000001,756012.1,0.18654269068195536,0.17811896135509625
2020,53,us,4244422.347,21344.352,246157.7,0.005028800212374341,0.05799557157029548
2020,54,aus,39429230.538,15842.178,260640.275,0.00040178765306444586,0.00661033125535654
2020,54,china,39429230.538,15830458.477,2142648.502,0.40149042375410704,0.05434162606685966
2020,54,us,39429230.538,1359779.328,1858814.3499999999,0.03448658037314499,0.04714305414123067
2020,55,aus,32260684.849,13935.085,106503.033,0.0004319525473567853,0.003301325855247655
2020,55,china,32260684.849,10226491.018,1690721.823,0.3169954719146948,0.05240811938474419
2020,55,us,32260684.849,1797094.866,1570749.846,0.055705415877298256,0.04868929017942684
2020,56,aus,28156456.86,68050.034,275514.848,0.0024168535955485983,0.009785139137708962
2020,56,china,28156456.86,7235578.176999999,1406930.012,0.25697758112737196,0.04996829036393183
2020,56,us,28156456.86,2014176.492,3098346.85,0.07153515451233519,0.11004036713161928
2020,57,aus,14042032.157,23783.374,403206.218,0.0016937273561322753,0.028714235481863668
2020,57,china,14042032.157,2490118.399,85253.604,0.17733319302781028,0.006071315251724502
2020,57,us,14042032.157,623702.3509999999,3066524.209,0.04441681545993913,0.21838179650310283
2020,58,aus,9402027.179,5573.177,44113.695,0.0005927633364481258,0.004691934426495876
2020,58,china,9402027.179,3795020.454,276013.904,0.4036385326003321,0.02935685025634619
2020,58,us,9402027.179,277381.518,741014.052,0.029502309738005064,0.07881428524851535
2020,59,aus,21289674.86,32385.388,219850.10499999998,0.0015211781397773776,0.010326606979473617
2020,59,china,21289674.86,5983701.058,1243902.969,0.2810611762438161,0.05842752306833492
2020,59,us,21289674.86,1475886.005,2300007.321,0.06932402747836046,0.10803393363800766
2020,60,aus,28670714.612,16204.522,97173.566,0.0005651942136530378,0.0033892969643431366
2020,60,china,28670714.612,13707479.048,873459.19,0.4781003624605435,0.0304652047157003
2020,60,us,28670714.612,524707.542,999911.035,0.018301167204963425,0.03487569279425954
2020,61,aus,195681473.713,67272.931,3123715.328,0.00034378794130847124,0.015963265549509595
2020,61,china,195681473.713,54094746.663,2910361.469,0.2764428621502468,0.014872953549340791
2020,61,us,195681473.713,1425953.625,40919614.417,0.007287116137991695,0.20911338023248713
2020,62,aus,195223239.768,79604.643,3490747.6300000004,0.0004077621245021894,0.01788079961252741
2020,62,china,195223239.768,62456286.923999995,3778328.072,0.31992239754970764,0.019353884693697847
2020,62,us,195223239.768,1311590.387,33811823.277,0.006718413179489654,0.17319568775306363
2020,63,aus,125474000.75,113803.652,2870525.6070000003,0.0009069899048389115,0.022877453415384146
2020,63,china,125474000.75,81443678.324,1041248.492,0.6490880806954743,0.008298519898752809
2020,63,us,125474000.75,2020512.618,31096694.367000002,0.016103038126804928,0.24783376780149416
2020,64,aus,122163224.842,71305.205,1499148.062,0.0005836879723191878,0.012271680482722404
2020,64,china,122163224.842,37641666.727,5194222.68,0.30812600744359775,0.042518709592988854
2020,64,us,122163224.842,904780.466,20911181.372,0.007406324343272694,0.1711741106953055
2020,65,aus,9460805.664,7528.473,216501.95099999997,0.0007957538995486547,0.022884092400695565
2020,65,china,9460805.664,4577093.749,146606.86599999998,0.4837953459309107,0.015496234803539451
2020,65,us,9460805.664,231988.134,2172590.293,0.02452097022590316,0.22964115004148974
2020,66,aus,2876279.6640000003,1400.909,34160.627,0.0004870559068139349,0.011876670904974974
2020,66,china,2876279.6640000003,2236848.574,5700.043,0.7776881372130717,0.001981741577963609
2020,66,us,2876279.6640000003,19083.280000000002,574462.524,0.006634709496037379,0.19972415450071476
2020,67,aus,6301448.2,1965.4959999999999,82932.291,0.000311911791959188,0.013160830394511535
2020,67,china,6301448.2,4346137.612,305716.246,0.6897045685466398,0.04851523591037374
2020,67,us,6301448.2,86196.89,2261575.109,0.013678901621376496,0.35889767514077164
2020,68,aus,49642006.702,96073.825,842724.9430000001,0.0019353332264895999,0.01697604506721216
2020,68,china,49642006.702,9846620.136,2000494.729,0.19835258060998762,0.04029842590789955
2020,68,us,49642006.702,3270344.9699999997,7975264.811,0.0658785812111065,0.1606555685565928
2020,69,aus,47187236.56,51075.828,807281.279,0.001082407695883092,0.01710804314580951
2020,69,china,47187236.56,14493855.055,1261957.833,0.3071562590144609,0.026743626560868476
2020,69,us,47187236.56,1731968.974,5758888.875,0.03670418317033143,0.12204335949356555
2020,70,aus,73637602.945,74739.063,758222.321,0.0010149578477700134,0.010296673040352998
2020,70,china,73637602.945,17126088.853,7517087.666,0.23257260106350142,0.10208218852010326
2020,70,us,73637602.945,5888498.760999999,7582644.747,0.07996592128885734,0.10297245488372953
2020,71,aus,707222609.479,21579958.807,11360636.564,0.030513672099507148,0.016063734970760062
2020,71,china,707222609.479,17753845.673,27700629.174999997,0.02510361721336792,0.039168189483374444
2020,71,us,707222609.479,38639464.308,88176441.842,0.05463550484686158,0.12467989662683186
2020,72,aus,350113242.347,1523222.11,1427518.963,0.004350655518737342,0.004077306397868763
2020,72,china,350113242.347,33176017.372,36936198.773,0.09475796216562123,0.10549786270692453
2020,72,us,350113242.347,12728426.582999999,19202673.501000002,0.036355170394796875,0.0548470356970048
2020,73,aus,281127740.528,577567.7390000001,4567381.527,0.002054467260737917,0.016246641183192287
2020,73,china,281127740.528,70367969.861,8806154.549,0.2503060342918789,0.031324388452241406
2020,73,us,281127740.528,16824837.54,35923878.728,0.05984766038527694,0.12778489472625354
2020,74,aus,162633282.206,2722035.557,733040.876,0.016737260172564952,0.0045073238764959025
2020,74,china,162633282.206,7295834.727,45600763.565,0.04486064985000245,0.28039010801761743
2020,74,us,162633282.206,6656671.846,9398186.828,0.04093056326298761,0.057787598580810506
2020,75,aus,27923871.917,2137934.037,58861.371,0.07656295098884298,0.0021079229690981827
2020,75,china,27923871.917,556638.34,4314638.532,0.019934138849172976,0.15451433615025487
2020,75,us,27923871.917,2498568.3989999997,2442726.428,0.08947786347203791,0.08747807020676358
2020,76,aus,169813377.157,2917437.568,1948120.411,0.017180257626598517,0.011472125715978644
2020,76,china,169813377.157,24805359.433,7430564.55,0.1460742366019041,0.043757239119802165
2020,76,us,169813377.157,9227452.159,19533092.75,0.054338782453332936,0.11502681989500031
2020,78,aus,7061524.289,661907.599,27184.849,0.0937343797048292,0.003849714011795846
2020,78,china,7061524.289,90104.015,190125.93,0.012759853441325464,0.026924205344186984
2020,78,us,7061524.289,153003.74800000002,767163.924,0.02166724091544083,0.10863998941348114
2020,79,aus,16719187.926,1116798.2349999999,60615.557,0.0667973970950627,0.003625508443848327
2020,79,china,16719187.926,483225.168,2001654.6439999999,0.02890243055696125,0.11972200162229338
2020,79,us,16719187.926,257257.482,2255733.735,0.015386960367850104,0.1349188576014574
2020,80,aus,4744667.841,3639.788,14883.354,0.0007671323097789007,0.0031368589959846673
2020,80,china,4744667.841,247127.92,380019.89,0.052085399501414754,0.08009409778196526
2020,80,us,4744667.841,93643.496,637735.006,0.01973657569678543,0.13441088551850852
2020,81,aus,18242283.639,186481.15099999998,74271.15,0.010222467465713765,0.004071373489732197
2020,81,china,18242283.639,3200335.972,3444673.659,0.17543505162687162,0.18882908122509762
2020,81,us,18242283.639,2621838.253,2348846.136,0.14372313822567684,0.12875833873004938
2020,82,aus,60345436.136999995,101061.855,967533.8709999999,0.0016747224225965164,0.016033256745438776
2020,82,china,60345436.136999995,16621112.625,2450619.43,0.2754328030253308,0.040609855307640004
2020,82,us,60345436.136999995,3825355.124,10229712.929,0.063390959928029,0.16951924758279754
2020,83,aus,67916183.185,111505.868,910888.8049999999,0.0016418158790853141,0.01341195518185685
2020,83,china,67916183.185,20880773.631,1934084.585,0.3074491623612285,0.02847752176725919
2020,83,us,67916183.185,3902202.945,12461325.162,0.0574561578993715,0.18348094044177993
2020,84,aus,2124327856.786,3727770.361,32589093.458,0.0017547999236991257,0.015340896347000619
2020,84,china,2124327856.786,515279235.792,145460239.692,0.24256106897340757,0.06847353586563326
2020,84,us,2124327856.786,194356989.32500002,363756333.502,0.09149105148912949,0.17123361271190257
2020,85,aus,2684971381.188,2278038.977,23743532.648000002,0.0008484406921283654,0.00884312317604457
2020,85,china,2684971381.188,812147218.125,319909844.27,0.30247891050729003,0.11914832556928474
2020,85,us,2684971381.188,136076736.086,341171068.191,0.050680888831593836,0.1270669291231121
2020,86,aus,30684131.8,49273.631,798322.626,0.0016058342898918195,0.026017442214219665
2020,86,china,30684131.8,4545741.593,743730.742,0.14814633252878937,0.024238285340698475
2020,86,us,30684131.8,2585070.302,2013265.4449999998,0.08424779031877318,0.06561259279299536
2020,87,aus,1292274410.746,941033.861,24619937.697,0.00072819971762558,0.01905163291346726
2020,87,china,1292274410.746,71772830.204,72337163.665,0.05553992991516965,0.055976627768433054
2020,87,us,1292274410.746,105673081.93100001,253380693.395,0.08177294315531435,0.19607344329346366
2020,88,aus,191791964.262,874056.474,2832307.375,0.004557315408720584,0.014767601895618987
2020,88,china,191791964.262,3641288.129,10130832.336,0.018985613620525674,0.052821985399558444
2020,88,us,191791964.262,45866757.627000004,33120470.935000002,0.23914848467969754,0.17268956529250276
2020,89,aus,125216016.76900001,308952.092,817238.552,0.002467352819327886,0.0065266295246210505
2020,89,china,125216016.76900001,17938479.232,1357063.2449999999,0.14326026090650304,0.01083777682773224
2020,89,us,125216016.76900001,2213353.988,6983503.635,0.01767628491236246,0.05577164819004944
2020,90,aus,632896219.077,2880114.084,8206700.083,0.004550689350301833,0.012966896997691732
2020,90,china,632896219.077,84081318.16100001,93595155.559,0.13285166766144077,0.14788389113067674
2020,90,us,632896219.077,95179189.42300001,94874956.41,0.15038672463837272,0.14990602495360653
2020,91,aus,40775406.479,48566.14,452912.688,0.0011910645213313166,0.011107496579666408
2020,91,china,40775406.479,5645227.220999999,3574452.909,0.13844686561021488,0.08766198102380418
2020,91,us,40775406.479,764717.6440000001,4255748.72,0.018754384322173273,0.10437047935234636
2020,92,aus,7019000.016,7545.401,170291.611,0.0010749965782590192,0.02426152024673254
2020,92,china,7019000.016,2030190.847,494517.31,0.28924217728624096,0.07045409728917716
2020,92,us,7019000.016,632419.657,1268973.6,0.09010110493779488,0.18079122340893866
2020,93,aus,12739589.062,122499.25600000001,294602.125,0.009615636376011075,0.023124931547340674
2020,93,china,12739589.062,610273.023,12078.091,0.04790366628232455,0.0009480754003303658
2020,93,us,12739589.062,3028199.7189999996,3877726.22,0.23769995282128822,0.3043839327256316
2020,94,aus,238028917.106,229782.78,4968507.811,0.0009653565742924932,0.020873547094227226
2020,94,china,238028917.106,88926087.512,2756050.733,0.3735936313670623,0.011578638286929921
2020,94,us,238028917.106,6724271.961,64236934.339,0.028249811168974567,0.2698702960968131
2020,95,aus,122093534.843,244528.443,2813952.859,0.0020027959982847495,0.023047517320376222
2020,95,china,122093534.843,72603899.336,1569164.5050000001,0.5946580171453084,0.012852150664798
2020,95,us,122093534.843,3042678.5560000003,36361191.219000004,0.024920881846140164,0.2978142230524887
2020,96,aus,32578726.832,25458.492,514169.564,0.0007814452704454292,0.01578237132013901
2020,96,china,32578726.832,14491742.816,902382.7409999999,0.4448222575034973,0.02769852688391884
2020,96,us,32578726.832,1389724.352,5312410.433,0.04265741749720442,0.16306378270687852
2020,97,aus,17706340.271,215437.277,102739.74,0.012167239175497486,0.00580242661258862
2020,97,china,17706340.271,552801.306,264342.124,0.031220528778914028,0.014929235514181766
2020,97,us,17706340.271,4985030.343,4749397.391,0.2815392829180313,0.2682314537227499
2021,01,aus,25617378.731,1577487.673,132968.682,0.06157880904071801,0.005190565490570371
2021,01,china,25617378.731,1218224.6520000002,1466874.019,0.047554617698875146,0.05726089442652118
2021,01,us,25617378.731,1233522.548,3255568.257,0.04815178636943422,0.12708436297037623
2021,02,aus,151120155.239,10986671.712,702493.961,0.07270156449101264,0.004648578873473162
2021,02,china,151120155.239,922609.7069999999,29645924.639,0.006105140016173696,0.19617452478204703
2021,02,us,151120155.239,21721837.581,12107894.084999999,0.14373885168822395,0.08012097437202262
2021,03,aus,127541927.544,900974.551,807035.441,0.007064144068931196,0.006327608940374413
2021,03,china,127541927.544,8998765.09,12359054.399,0.07055534805913581,0.09690189443574401
2021,03,us,127541927.544,4739139.842,22461978.786000002,0.03715750524755924,0.17611446854016666
2021,04,aus,102828960.34899999,2302469.599,1094519.01,0.02239125622962103,0.010644073481684717
2021,04,china,102828960.34899999,750256.688,10046186.745,0.007296161367902969,0.0976980289492706
2021,04,us,102828960.34899999,5980544.641,3318467.019,0.05816011968517545,0.03227171613655502
2021,05,aus,12071691.842,407731.649,89645.01,0.033775849676796275,0.0074260518884441545
2021,05,china,12071691.842,1844907.828,1189962.111,0.15282926802199925,0.09857459307069678
2021,05,us,12071691.842,1373803.879,1056811.0790000001,0.11380375650579831,0.08754457062291204
2021,06,aus,25290431.194,15766.477,136960.765,0.0006234166938102859,0.005415517194997179
2021,06,china,25290431.194,621147.895,240328.087,0.02456058934840793,0.009502727935181128
2021,06,us,25290431.194,488440.86100000003,3502482.1289999997,0.019313267427242587,0.13849040778043128
2021,07,aus,83887244.71700001,1890639.896,299217.621,0.022537870952589006,0.0035669024773603347
2021,07,china,83887244.71700001,8334790.398,2814472.6720000003,0.09935706466600552,0.033550662934452524
2021,07,us,83887244.71700001,4318089.072,13197226.256,0.05147491834506427,0.1573210122769182
2021,08,aus,154457468.066,1942740.257,822247.941,0.012577833116944936,0.005323458627773515
2021,08,china,154457468.066,4910068.3610000005,17935153.262000002,0.03178912889405851,0.11611709997949902
2021,08,us,154457468.066,13595653.802,20158128.925,0.08802199059867112,0.13050925395453453
2021,09,aus,58028898.729,45109.719,773486.228,0.0007773664499591196,0.013329328057943127
2021,09,china,58028898.729,3170197.779,1763036.232,0.054631362104683376,0.03038203844318212
2021,09,us,58028898.729,906336.354,9511482.047,0.015618706779748992,0.16390940126952
2021,10,aus,172819096.08,10203142.223000001,213492.737,0.05903943750681837,0.0012353538575457638
2021,10,china,172819096.08,1246225.541,18588504.650000002,0.007211156459371292,0.10756047839409577
2021,10,us,172819096.08,31239415.661,2317912.31,0.18076367930161433,0.013412362190154096
2021,11,aus,24675309.268,825204.01,170982.511,0.033442499181566894,0.006929295561929895
2021,11,china,24675309.268,798220.903,2128461.065,0.03234897258350343,0.08625873912592778
2021,11,us,24675309.268,1056276.684,2307072.434,0.04280702918564125,0.09349720438932493
2021,12,aus,135013139.212,2934818.69,316489.818,0.02173728206846369,0.002344140872860101
2021,12,china,135013139.212,3340576.145,53147357.686,0.02474260034613793,0.39364581844547053
2021,12,us,135013139.212,33402330.657,2873223.921,0.24740059265306819,0.021281068922398828
2021,13,aus,9066148.808,40321.354,133594.755,0.004447462186415945,0.014735557272357536
2021,13,china,9066148.808,1400920.155,510020.779,0.15452207819088778,0.05625550493390931
2021,13,us,9066148.808,597741.824,1772033.4989999998,0.06593117283410908,0.1954560350295984
2021,14,aus,1865520.981,328.325,16935.292,0.00017599641244667405,0.009078049602487962
2021,14,china,1865520.981,284767.475,199005.637,0.1526476935399313,0.10667563593593268
2021,14,us,1865520.981,39692.432,215403.582,0.02127686174760851,0.11546564428588435
2021,15,aus,155474177.898,1024037.237,684448.433,0.006586542220997156,0.004402328684117805
2021,15,china,155474177.898,2218344.82,15321782.482,0.014268252451898228,0.09854872808558583
2021,15,us,155474177.898,4300171.266,10327372.941,0.0276584274259431,0.06642500433593126
2021,16,aus,60543885.205,222145.373,778061.232,0.003669162827060431,0.012851194292627656
2021,16,china,60543885.205,6528372.8,2011577.371,0.10782877210299771,0.03322511206852438
2021,16,us,60543885.205,2807191.433,8028300.126,0.046366225482473156,0.13260298870507548
2021,17,aus,53213649.803,1862490.537,358599.3,0.035000240425061,0.006738859321387562
2021,17,china,53213649.803,1855869.9640000002,2761669.1520000002,0.03487582548595215,0.051897758605618266
2021,17,us,53213649.803,2032843.9090000002,5121605.439,0.038201550100880236,0.09624608456590515
2021,18,aus,55693039.774000004,278043.14,736025.5009999999,0.004992421694493375,0.013215753781563373
2021,18,china,55693039.774000004,361987.213,941411.213,0.006499684960076317,0.016903570299272707
2021,18,us,55693039.774000004,1761382.9590000003,5882011.14,0.03162662634590638,0.10561483380811951
2021,19,aus,88228981.098,839938.612,1625282.273,0.00951998540102193,0.0184211837513427
2021,19,china,88228981.098,2313535.103,6099694.846,0.02622194061643135,0.06913482134883533
2021,19,us,88228981.098,4505829.971,10985855.974,0.05106972691881329,0.12451527646904935
2021,20,aus,68605096.968,188349.507,1133555.971,0.0027454156516658426,0.01652291186948884
2021,20,china,68605096.968,6020363.914,1736731.67,0.08775388681118146,0.025314907299235755
2021,20,us,68605096.968,5119169.91,11030939.634,0.07461792397710296,0.16078892271146042
2021,21,aus,94916030.775,1327368.463,2517911.591,0.013984660464221777,0.02652778008562906
2021,21,china,94916030.775,4583259.892,4113066.517,0.048287521660747616,0.043333739131486554
2021,21,us,94916030.775,12306101.882,11085558.113,0.12965251266323824,0.11679331744580107
2021,22,aus,140083753.925,2151420.53,2188196.309,0.015358101633625961,0.01562062871452993
2021,22,china,140083753.925,1964142.5229999998,6148410.243,0.014021201373940834,0.04389095859247048
2021,22,us,140083753.925,8723286.566,29448663.877,0.06227193604956071,0.21022183552253057
2021,23,aus,102681347.889,701159.058,830368.5430000001,0.006828494876771222,0.008086848878314689
2021,23,china,102681347.889,3640353.392,6008906.212,0.03545291785549284,0.05851993897173724
2021,23,us,102681347.889,14342990.276,4619418.328,0.13968447601121264,0.044987901142412516
2021,24,aus,47828284.33,15764.574,491238.936,0.0003296077670532658,0.010270887674134558
2021,24,china,47828284.33,952507.656,1150654.763,0.019915154167521442,0.02405803969594324
2021,24,us,47828284.33,1032968.816,2542721.929,0.021597446583549656,0.0531635613658233
2021,25,aus,66652898.928,2135976.269,698753.376,0.03204626210342825,0.010483465644229662
2021,25,china,66652898.928,4382569.93,8829797.693,0.06575212782168939,0.1324743234729843
2021,25,us,66652898.928,3090802.495,5099101.898,0.046371613908927745,0.07650232743077187
2021,26,aus,406219919.803,142459896.843,1104442.362,0.3506964821225094,0.0027188286643737443
2021,26,china,406219919.803,965768.0560000001,238065349.032,0.0023774512497278764,0.5860504062613472
2021,26,us,406219919.803,9361210.968,3385036.6550000003,0.023044687155026285,0.008333014926106047
2021,27,aus,2609740983.44,101938174.797,26323014.58,0.039060648334008755,0.010086447178870073
2021,27,china,2609740983.44,34808165.467999995,382543885.595,0.013337785507785532,0.14658308545653223
2021,27,us,2609740983.44,256255559.076,223154736.43,0.0981919511177771,0.08550838487268234
2021,28,aus,162796317.279,6575828.313,1259548.804,0.0403929795397666,0.007736961284212515
2021,28,china,162796317.279,22246795.419,16537198.252,0.13665416878487174,0.10158213974618714
2021,28,us,162796317.279,13325721.993,14055082.09,0.08185518085253983,0.08633538107568138
2021,29,aus,504418042.379,270906.168,2542651.3279999997,0.0005370667685127165,0.0050407620552350325
2021,29,china,504418042.379,86498784.874,58966246.754,0.17148233728128265,0.11689955909565794
2021,29,us,504418042.379,43149524.492,59461273.176,0.08554318217582536,0.11788094037152447
2021,30,aus,812318285.835,2388137.097,10777307.574,0.0029399031619055343,0.01326734577065659
2021,30,china,812318285.835,34123144.592,38030062.128,0.04200711123586743,0.04681670078238858
2021,30,us,812318285.835,91313716.65900001,144949407.142,0.11241125338590231,0.17843917793011796
2021,31,aus,103229998.703,433772.842,2814730.648,0.004202003753269388,0.027266595789642304
2021,31,china,103229998.703,13058222.86,2843394.544,0.1264963966295246,0.027544266005278633
2021,31,us,103229998.703,3632361.3949999996,10618265.094,0.03518707198137782,0.10286026569223836
2021,32,aus,94327570.919,787888.063,900176.188,0.008352680508189563,0.009543086705508297
2021,32,china,94327570.919,11210402.892,5715690.388,0.11884545295485752,0.06059405889830577
2021,32,us,94327570.919,8034036.9,5242742.8719999995,0.08517167167273824,0.05558017471373236
2021,33,aus,157287227.913,830758.439,2073755.959,0.005281792107490864,0.013184515910898075
2021,33,china,157287227.913,7269682.7,18321796.158,0.04621915457764356,0.11648622969014562
2021,33,us,157287227.913,15099547.029000001,16116317.503,0.09599982928907608,0.1024642478403548
2021,34,aus,75815150.826,320178.611,1054662.8260000001,0.004223148111052733,0.013910977087159136
2021,34,china,75815150.826,5546955.505000001,6561384.248,0.07316420853307504,0.08654449904160637
2021,34,us,75815150.826,8077309.243,5441243.487,0.10653951294692897,0.07176986958039504
2021,35,aus,38258574.844,284539.934,341619.772,0.007437285240242652,0.008929234123146525
2021,35,china,38258574.844,3717146.193,3530410.1319999998,0.09715851173643368,0.09227761740721677
2021,35,us,38258574.844,4595297.138,3800562.183,0.12011156078702367,0.09933883315039461
2021,36,aus,5195468.513,25258.112,163370.77599999998,0.00486156579272873,0.031444859225153
2021,36,china,5195468.513,1086980.793,127465.87,0.2092170879835337,0.024534047253112472
2021,36,us,5195468.513,632077.562,1300017.911,0.1216593961484759,0.25022149739664873
2021,37,aus,15424288.728,5771.662,88057.52,0.0003741930731316378,0.005709016574628011
2021,37,china,15424288.728,1272455.246,3648581.258,0.08249685080713565,0.236547780085098
2021,37,us,15424288.728,2218273.9189999998,1364225.5050000001,0.14381693432470086,0.08844657468862703
2021,38,aus,287163854.26,607757.955,2960996.101,0.0021164152311792415,0.010311172722730957
2021,38,china,287163854.26,33740213.951000005,21956795.908,0.11749464095314517,0.0764608622647897
2021,38,us,287163854.26,40808087.081,21723904.561,0.14210732470546972,0.07564985717642249
2021,39,aus,791109543.042,1043682.199,7528264.186,0.0013192638215269144,0.009516083141978132
2021,39,china,791109543.042,123812022.422,77692575.26,0.15650427113533988,0.09820710158703685
2021,39,us,791109543.042,76189566.741,83603896.931,0.09630722750231707,0.10567929266726271
2021,40,aus,237826932.125,245095.944,3981668.4080000003,0.0010305642923198431,0.016741873480953226
2021,40,china,237826932.125,34161293.994,17798477.758,0.14363929975788062,0.07483794034161471
2021,40,us,237826932.125,13049037.018000001,40319865.482,0.0548677851637994,0.16953448090062478
2021,41,aus,20007377.281,473375.372,57966.884,0.023660041261357168,0.00289727549922539
2021,41,china,20007377.281,1199609.4170000001,3724135.642,0.05995835436857628,0.18613812243829803
2021,41,us,20007377.281,1773123.2970000003,753050.989,0.08862347483614688,0.0376386658992598
2021,42,aus,78235644.439,76456.167,1458385.715,0.0009772549014996938,0.018640936947059948
2021,42,china,78235644.439,24651706.956,4972116.407000001,0.3150955952720608,0.06355308303080112
2021,42,us,78235644.439,939568.081,13508858.328,0.012009463048937716,0.17266884455119175
2021,43,aus,4628678.286,4005.211,28483.241,0.000865303387386902,0.006153644569801065
2021,43,china,4628678.286,972477.3489999999,905092.569,0.2100982805267274,0.1955401764986697
2021,43,us,4628678.286,108824.46,195191.126,0.023510914623112347,0.04216994872821022
2021,44,aus,186753389.101,1382932.056,2268510.015,0.007405124279978033,0.01214708887437188
2021,44,china,186753389.101,17478020.498999998,21283045.822,0.09358877278284643,0.11396337129116141
2021,44,us,186753389.101,10012598.396,35553792.848000005,0.053614011741361135,0.19037830059818509
2021,45,aus,2152753.901,3515.623,20873.049,0.0016330816998482353,0.009695975462083253
2021,45,china,2152753.901,94450.46800000001,51580.989,0.043874252396488865,0.023960467091031414
2021,45,us,2152753.901,21940.052,322636.611,0.01019162106258796,0.1498715718736491
2021,46,aus,2902155.149,328.593,62429.119999999995,0.00011322378822966228,0.021511296534753248
2021,46,china,2902155.149,1322954.26,19311.759000000002,0.4558523552594534,0.006654282079527789
2021,46,us,2902155.149,16088.073,874221.873,0.005543491706686836,0.30123195629331945
2021,47,aus,58162034.543000005,338779.40099999995,247496.481,0.005824751552484561,0.00425529269986287
2021,47,china,58162034.543000005,232574.058,18294717.666,0.0039987263139506365,0.31454741584864027
2021,47,us,58162034.543000005,9120573.613,4087745.296,0.15681318036178793,0.07028202036120096
2021,48,aus,200693089.324,856734.423,2690027.662,0.0042688785442775426,0.01340368854284367
2021,48,china,200693089.324,23357627.972,8941573.365,0.11638481449797865,0.0445534691559044
2021,48,us,200693089.324,15973609.821,19361004.943,0.07959222649272252,0.09647071061696344
2021,49,aus,38469214.218,136923.001,763072.805,0.003559287700135367,0.019835934279181434
2021,49,china,38469214.218,6149612.5940000005,1683251.843,0.15985802463109725,0.04375581558441075
2021,49,us,38469214.218,4664154.887,4896508.762,0.12124383047100584,0.1272838258211391
2021,50,aus,1377399.084,492.33299999999997,5288.035,0.0003574367122201455,0.003839145140596013
2021,50,china,1377399.084,518323.39300000004,101240.228,0.37630589349223065,0.07350101301504859
2021,50,us,1377399.084,5212.803,54386.787000000004,0.0037845262571700677,0.03948513370726185
2021,51,aus,10789875.146,2136023.033,60289.144,0.1979655004434284,0.0055875664161276475
2021,51,china,10789875.146,1912442.107,3142207.301,0.17724413685259155,0.29121813352630616
2021,51,us,10789875.146,53995.896,267770.173,0.005004311474356332,0.024816799951505205
2021,52,aus,59709931.767,1326885.483,85759.982,0.022222190575895657,0.0014362766705989963
2021,52,china,59709931.767,10379481.413,10059684.745000001,0.1738317413173875,0.16847590421397377
2021,52,us,59709931.767,7131637.322000001,1099130.043,0.11943804172862003,0.018407826143379692
2021,53,aus,5572325.749,967.571,44502.421,0.00017363862839024418,0.00798632797229888
2021,53,china,5572325.749,1167569.537,993340.286,0.2095300220396358,0.17826314015799652
2021,53,us,5572325.749,18253.897,347787.743,0.00327581297688417,0.06241339050618378
2021,54,aus,51471801.857,23409.695,344530.578,0.00045480620758211045,0.0066935791165264
2021,54,china,51471801.857,21618765.929,2675905.475,0.4200118346169752,0.051987794840255536
2021,54,us,51471801.857,1471199.811,2201427.944,0.028582636665553638,0.04276959159339422
2021,55,aus,39131928.979,18520.207000000002,124254.315,0.0004732761068318099,0.0031752668023771738
2021,55,china,39131928.979,11750426.18,1843861.549,0.30027720295377774,0.04711910700823108
2021,55,us,39131928.979,2114277.923,2024427.367,0.05402948380425149,0.05173339060505811
2021,56,aus,31027404.218,71951.924,300585.042,0.0023189798119901493,0.009687727658043046
2021,56,china,31027404.218,7641205.665,1342056.9959999998,0.24627279843690855,0.0432539243879586
2021,56,us,31027404.218,2264336.184,3443815.1890000002,0.0729785891236878,0.11099269422616191
2021,57,aus,17557277.894,33456.555,465318.809,0.001905566181841514,0.02650290163482674
2021,57,china,17557277.894,3106361.198,101301.61,0.17692726724235328,0.00576977881261529
2021,57,us,17557277.894,619567.662,4133847.1769999997,0.0352883667810333,0.23544920812654532
2021,58,aus,11746112.102,5565.615,52110.41299999999,0.00047382614363542024,0.004436396702797277
2021,58,china,11746112.102,4995202.367000001,348629.474,0.4252643192592613,0.029680414333917278
2021,58,us,11746112.102,323130.726,919607.753,0.02750958982802325,0.07829039472928402
2021,59,aus,26034612.252,41248.751000000004,254264.502,0.001584381230676145,0.009766402492914685
2021,59,china,26034612.252,7983872.464,1435018.111,0.30666377462128985,0.0551196267918206
2021,59,us,26034612.252,1600210.07,3045517.884,0.061464716835837284,0.11697957528697363
2021,60,aus,37797492.202,18348.787,127646.997,0.00048544985212085315,0.0033771287343038526
2021,60,china,37797492.202,18876592.269,1026037.702,0.4994138809029551,0.02714565549789858
2021,60,us,37797492.202,672849.0680000001,1266538.558,0.017801420909199825,0.033508534143780654
2021,61,aus,246008307.009,102533.481,4129008.641,0.00041678869403482746,0.01678402120319028
2021,61,china,246008307.009,71061868.108,3597857.744,0.2888596282458066,0.014624944123811134
2021,61,us,246008307.009,1779866.01,59105526.495,0.007234983369626153,0.24025825474599796
2021,62,aus,208173991.72800002,110511.981,3702290.158,0.0005308635343092948,0.01778459512289801
2021,62,china,208173991.72800002,60127654.962000005,4794150.527,0.2888336552654606,0.023029536433465874
2021,62,us,208173991.72800002,1548313.0,36424544.301,0.007437590964883955,0.1749716379008204
2021,63,aus,85610720.62,139976.064,2139347.68,0.0016350296199620987,0.024989249763425248
2021,63,china,85610720.62,39003919.886,443392.016,0.45559621042236703,0.005179164627851721
2021,63,us,85610720.62,2609588.075,22002708.792,0.030482024401863983,0.25700880255013087
2021,64,aus,143305583.29999998,94037.437,1887373.837,0.0006562021858083461,0.013170274273605363
2021,64,china,143305583.29999998,47487647.08,5253809.705999999,0.33137332116773155,0.03666158418267294
2021,64,us,143305583.29999998,958430.8830000001,28057158.125,0.006688021924404674,0.19578551985838785
2021,65,aus,12238865.285,9460.619,297348.80799999996,0.0007729980500394077,0.024295455589696847
2021,65,china,12238865.285,5941697.271,209483.335,0.4854777900270025,0.01711623832127179
2021,65,us,12238865.285,277021.014,2976211.521,0.022634534129525718,0.24317707987583265
2021,66,aus,3598767.2879999997,1071.632,64093.493,0.0002977775205341369,0.01780984650319518
2021,66,china,3598767.2879999997,2794989.5470000003,7780.9490000000005,0.7766519264304262,0.002162115073665747
2021,66,us,3598767.2879999997,22715.572999999997,792468.5370000001,0.006312042758570278,0.22020555195176605
2021,67,aus,9074928.655,2883.684,105658.91999999998,0.0003177638204804157,0.011642947731802305
2021,67,china,9074928.655,6206164.263,932295.6569999999,0.6838802263839947,0.10273311145937598
2021,67,us,9074928.655,78476.688,3348253.086,0.008647636910816022,0.36895640872671964
2021,68,aus,59499804.517,169639.557,980451.155,0.0028510943586635045,0.016478224810299508
2021,68,china,59499804.517,11335384.663,2385191.754,0.19051129251628565,0.04008738807399804
2021,68,us,59499804.517,3642194.4650000003,10079390.902,0.0612135534656987,0.1694020843231538
2021,69,aus,57686966.908,51553.152,1014911.5909999999,0.0008936706983089908,0.01759342959768704
2021,69,china,57686966.908,16957105.651,1755122.155,0.2939503766603544,0.030424933898831844
2021,69,us,57686966.908,1973228.392,7166301.296999999,0.03420579201445853,0.12422738932398576
2021,70,aus,85712749.663,87683.81,944706.0680000001,0.0010229961160358252,0.01102176831001614
2021,70,china,85712749.663,21762108.034,5892754.685,0.25389581036150266,0.06875003670012643
2021,70,us,85712749.663,6490134.726000001,9512509.727,0.07571959541045532,0.11098126899907759
2021,71,aus,881632388.81,25408746.387000002,9756536.542,0.028820114493860575,0.011066445228003782
2021,71,china,881632388.81,26219113.436,71489985.633,0.02973928109808868,0.0810882024530598
2021,71,us,881632388.81,66086716.88600001,86551476.896,0.07495949300955448,0.09817184349683943
2021,72,aus,557599737.521,1971661.782,2651956.841,0.0035359804700871907,0.004756022398414639
2021,72,china,557599737.521,56281416.638000004,44263428.922,0.10093515626140402,0.0793820834973635
2021,72,us,557599737.521,18977896.04,39718425.304,0.034034980225013584,0.07123106886775417
2021,73,aus,346660374.561,720315.335,5839264.086,0.002077870411096697,0.016844336747153937
2021,73,china,346660374.561,89001358.978,9765302.450000001,0.25673934925706055,0.028169652970480054
2021,73,us,346660374.561,19490769.25,48256096.479,0.05622439332641496,0.13920280487814632
2021,74,aus,236546931.59600002,4020584.0319999997,1128192.256,0.016996982395302344,0.004769422492137191
2021,74,china,236546931.59600002,11211286.661,60755777.858,0.04739561230135856,0.25684449782576413
2021,74,us,236546931.59600002,10225109.913999999,16843806.8,0.04322655908073045,0.07120703991530798
2021,75,aus,37734600.837,4911447.244,98585.647,0.13015765729749465,0.0026126060648118364
2021,75,china,37734600.837,547362.645,10064492.716,0.014505589905784646,0.2667178794198729
2021,75,us,37734600.837,2333150.675,2756827.461,0.061830538106879086,0.07305834432722663
2021,76,aus,238043217.963,4256108.49,2629021.819,0.017879562066168773,0.011044304649791113
2021,76,china,238043217.963,33666576.186,11840621.981,0.14143052036556206,0.04974148006535702
2021,76,us,238043217.963,11309807.19,29381564.763,0.04751157074241001,0.12342953945265055
2021,78,aus,9382446.848,780907.1610000001,24749.489,0.08323065119910181,0.0026378501686130738
2021,78,china,9382446.848,262572.931,188053.843,0.027985549532419798,0.02004315569771507
2021,78,us,9382446.848,136503.583,1498494.611,0.01454882561142328,0.15971256062265093
2021,79,aus,20741537.905,1223551.788,82478.519,0.05899040821389854,0.003976490045133902
2021,79,china,20741537.905,578548.611,1883398.9449999998,0.027893235962051482,0.0908032448522529
2021,79,us,20741537.905,345632.17199999996,2330600.307,0.016663767825850613,0.11236391041371047
2021,80,aus,8906609.422,6300.58,22304.859,0.0007074049957144287,0.0025043041569674435
2021,80,china,8906609.422,772393.143,242123.94400000002,0.08672134438635318,0.027184749271921087
2021,80,us,8906609.422,141600.823,1518179.677,0.015898398177227265,0.17045540059834455
2021,81,aus,24164677.847000003,192833.925,74426.467,0.007979991548860641,0.0030799693449768007
2021,81,china,24164677.847000003,5180589.062000001,6009895.362000001,0.2143868457424174,0.2487057928126328
2021,81,us,24164677.847000003,2394967.705,2474543.173,0.09911026830830813,0.10240331729922936
2021,82,aus,72887116.031,124643.146,1276342.283,0.001710084755541533,0.01751121943770079
2021,82,china,72887116.031,20970307.023000002,2805705.267,0.2877093808195266,0.03849384390249013
2021,82,us,72887116.031,4383737.419000001,12192824.058999998,0.06014420185229349,0.1672836671684774
2021,83,aus,83634268.322,133210.663,1201104.184,0.0015927760913400485,0.01436138807809776
2021,83,china,83634268.322,26918855.825000003,2331402.7709999997,0.3218639484159748,0.027876166286573755
2021,83,us,83634268.322,4296741.708,15531293.233000001,0.051375372729478896,0.18570489758101338
2021,84,aus,2486128225.646,4058868.645,39321972.934,0.0016326063165729662,0.01581655062211544
2021,84,china,2486128225.646,633539676.182,171301334.415,0.25482984732912556,0.06890285571271722
2021,84,us,2486128225.646,215103408.55400002,431788678.412,0.08652144581082787,0.1736791666486966
2021,85,aus,3195075837.282,2706401.918,27218974.96,0.0008470540468617775,0.008519038779109152
2021,85,china,3195075837.282,991770720.668,376587038.759,0.3104060032301717,0.1178648200974649
2021,85,us,3195075837.282,147907845.539,395585974.887,0.0462924365716536,0.12381113783625201
2021,86,aus,37039051.365,49657.292,1008173.248,0.0013406739689592478,0.027219197329461625
2021,86,china,37039051.365,7053271.738,632940.541,0.19042798014705578,0.017088465219119952
2021,86,us,37039051.365,2642091.764,3447322.895,0.07133259807233186,0.09307265623594083
2021,87,aus,1510468505.863,1137067.697,34529678.996,0.0007527913972296569,0.02286024426326692
2021,87,china,1510468505.863,110219834.803,80213065.357,0.07297062757361257,0.05310475858691975
2021,87,us,1510468505.863,124072295.758,279118611.272,0.08214159730997622,0.18478942804075663
2021,88,aus,193657946.72,790667.2390000001,2105097.1119999997,0.004082802964668343,0.01087018192464702
2021,88,china,193657946.72,3145527.527,12508226.489,0.01624269791287189,0.06458927558023218
2021,88,us,193657946.72,48356910.033999994,29256498.566999998,0.24970268895764317,0.15107305980735433
2021,89,aus,132836438.676,718744.319,1402763.999,0.005410746675865663,0.010560084363760063
2021,89,china,132836438.676,17250907.365,2006110.013,0.12986577731940338,0.01510210626688873
2021,89,us,132836438.676,2621624.281,6436980.612,0.019735731453885005,0.04845794328844041
2021,90,aus,738773969.627,3274107.802,9494546.811,0.004431812620107699,0.012851761433600195
2021,90,china,738773969.627,98717701.67199999,109307111.93699999,0.13362368698756621,0.14795744900458271
2021,90,us,738773969.627,107719442.729,110933012.516,0.14580838951782035,0.1501582582450882
2021,91,aus,53167067.105,76169.633,642512.864,0.0014326468836351662,0.0120847904348588
2021,91,china,53167067.105,6875467.998,4502667.8149999995,0.12931817330494444,0.08468903891402643
2021,91,us,53167067.105,940053.168,6283140.792,0.017681117638922658,0.11817730663215602
2021,92,aus,8522208.398,9789.071,219106.767,0.0011486542622329335,0.025710092591894395
2021,92,china,8522208.398,2505279.804,646576.001,0.29397072765645366,0.07586953648677955
2021,92,us,8522208.398,768409.911,1600096.07,0.09016558562218815,0.18775603637849458
2021,93,aus,15270487.21,72183.76,448495.12,0.004727010933399026,0.029370059634135273
2021,93,china,15270487.21,793605.801,12990.036,0.051969907055768386,0.00085066283880539
2021,93,us,15270487.21,2979961.984,5538690.796,0.19514518057083,0.36270557185450797
2021,94,aus,293031446.862,246685.108,6309341.641,0.0008418383441152434,0.021531278327173248
2021,94,china,293031446.862,114617930.193,2969537.2849999997,0.39114549452085967,0.010133851901562194
2021,94,us,293031446.862,7144393.674000001,79667930.281,0.02438097941537509,0.2718750193337398
2021,95,aus,161641781.61900002,230838.05,3643848.094,0.0014280840491111388,0.022542736522100346
2021,95,china,161641781.61900002,100158569.888,1961211.949,0.6196329246362808,0.012133075553588623
2021,95,us,161641781.61900002,3847820.567,51458465.274000004,0.023804616160873295,0.31834878803359695
2021,96,aus,38867345.14,33647.836,615894.8640000001,0.0008657096562371485,0.015846074944958283
2021,96,china,38867345.14,17718291.867,1180376.009,0.4558657609152051,0.030369350022449206
2021,96,us,38867345.14,1466357.414,6466869.515,0.03772723371555704,0.16638310364925532
2021,97,aus,24572112.769,62764.520000000004,137061.10700000002,0.0025542988749092535,0.005577912989757857
2021,97,china,24572112.769,1496977.466,1011093.3450000001,0.060921805140361225,0.04114800198522563
2021,97,us,24572112.769,5796244.989,7344427.669,0.23588712307687684,0.2988928033191218
2022,01,aus,25278698.86,1250936.2810000002,132757.261,0.04948578595472854,0.0052517442347505385
2022,01,china,25278698.86,1109746.379,1214457.489,0.04390045489073879,0.04804272149156019
2022,01,us,25278698.86,1249849.203,3425437.819,0.04944278223819942,0.1355068881500177
2022,02,aus,164467728.128,11958475.446,677259.617,0.07271016376351414,0.004117887592348272
2022,02,china,164467728.128,1096870.795,30105003.321,0.006669215945795399,0.1830450487986934
2022,02,us,164467728.128,23125451.98,12785681.598,0.14060783986754044,0.07773975930432571
2022,03,aus,143533748.052,900768.2910000001,995012.735,0.0062756550513379345,0.006932256340435859
2022,03,china,143533748.052,10119329.379,18132015.682,0.07050139438520012,0.126325800921962
2022,03,us,143533748.052,5301995.1899999995,24162470.226,0.03693901442662231,0.16833999358287727
2022,04,aus,115123265.059,2485781.029,1276514.214,0.021592343022290517,0.01108823844898591
2022,04,china,115123265.059,753409.065,9059403.262,0.0065443684611783915,0.07869307092147802
2022,04,us,115123265.059,7601846.695,3872302.0870000003,0.06603223676034639,0.03363613849047339
2022,05,aus,12808948.303,437751.85,83930.14199999999,0.034175471681580104,0.006552461608447792
2022,05,china,12808948.303,2036094.978,1420024.7989999999,0.158958794261284,0.11086193537586643
2022,05,us,12808948.303,1559885.8749999998,1271183.9949999999,0.12178094860720587,0.0992418709896951
2022,06,aus,23700432.05,20625.555,136468.042,0.0008702607174623215,0.005758040263236466
2022,06,china,23700432.05,641674.231,239052.52500000002,0.02707436850291512,0.01008642055535861
2022,06,us,23700432.05,483041.639,3918931.85,0.020381132208094073,0.16535275988776754
2022,07,aus,87558491.879,1983230.206,342215.06799999997,0.02265034679606739,0.003908416655610268
2022,07,china,87558491.879,8633319.855,3694134.319,0.09860060023567645,0.04219047450137729
2022,07,us,87558491.879,4281068.951,14229938.001,0.048893817825416096,0.1625192222436269
2022,08,aus,148285376.454,1799113.4440000001,805374.182,0.012132777263832944,0.005431244814958792
2022,08,china,148285376.454,4923442.750999999,17709487.588999998,0.03320248340555222,0.11942841575139208
2022,08,us,148285376.454,13472896.754,21538680.814999998,0.0908578922357827,0.14525155028811335
2022,09,aus,68413311.573,50952.921,935563.1190000001,0.0007447808011110675,0.013675162004132971
2022,09,china,68413311.573,3029069.279,1520892.913,0.04427602186407612,0.02223095005972837
2022,09,us,68413311.573,1124308.534,11941786.952,0.016434060976573447,0.17455355803464637
2022,10,aus,200799678.072,14103999.379,277249.468,0.07023915334138525,0.0013807266558494564
2022,10,china,200799678.072,1378951.049,18034194.024,0.006867297110434384,0.08981186721591031
2022,10,us,200799678.072,32197559.483999997,3277764.615,0.1603466688450319,0.01632355512952916
2022,11,aus,29371232.565,1090292.172,217043.685,0.03712109015469913,0.007389668939485992
2022,11,china,29371232.565,1224757.239,2484800.654,0.041699211508728865,0.08459980862229777
2022,11,us,29371232.565,1132963.3769999999,2910779.757,0.038573913249731535,0.09910308498488443
2022,12,aus,155915059.736,6649963.858999999,393152.867,0.042651196557022236,0.002521583660139682
2022,12,china,155915059.736,3756449.374,63025399.669,0.024092922007409236,0.4042290704677051
2022,12,us,155915059.736,38737705.962,3388489.937,0.24845390834978884,0.02173292267429132
2022,13,aus,10649304.543,34056.431,190372.287,0.0031979957810846877,0.01787649946823387
2022,13,china,10649304.543,1789869.19,556607.621,0.16807381015096584,0.052267039481547116
2022,13,us,10649304.543,602831.155,2063573.657,0.056607560856755945,0.19377543844930495
2022,14,aus,2070750.892,323.412,16862.516,0.0001561810265297715,0.008143189055306223
2022,14,china,2070750.892,323843.902,166361.461,0.15638959917927203,0.08033871270692661
2022,14,us,2070750.892,39812.024,189496.239,0.019225887649647815,0.09151088126152067
2022,15,aus,183562683.85,1455275.477,847327.0809999999,0.007927948352450503,0.004616009437366918
2022,15,china,183562683.85,3232394.044,14747137.479,0.017609211067328816,0.08033842810367038
2022,15,us,183562683.85,4066652.649,14382236.745000001,0.022154026971642583,0.07835054730814779
2022,16,aus,64202452.458,238561.99599999998,942190.9909999999,0.0037157769970868736,0.014675311532941254
2022,16,china,64202452.458,6750435.698,2051315.076,0.1051429569986599,0.03195072769754287
2022,16,us,64202452.458,2895404.602,8411246.348,0.045098037398090325,0.13101129358730454
2022,17,aus,63182396.371,1750829.896,383152.52999999997,0.027710723184972627,0.00606422915253437
2022,17,china,63182396.371,2543792.477,3299566.861,0.04026109522758734,0.05222288248811126
2022,17,us,63182396.371,2310354.9469999997,6276864.46,0.03656643431872784,0.09934514707455777
2022,18,aus,55157884.247,287643.214,725511.846,0.005214906589091018,0.013153366121715594
2022,18,china,55157884.247,395914.784,830112.369,0.007177845731483682,0.015049750010038668
2022,18,us,55157884.247,1819260.9109999998,6352633.596,0.03298278996440927,0.11517181419708852
2022,19,aus,97395394.368,781806.731,1819710.52,0.008027142721410536,0.018683743023046682
2022,19,china,97395394.368,2568238.4820000003,6405264.375,0.026369198447886922,0.0657655776904426
2022,19,us,97395394.368,5055961.365,13837215.522,0.05191170894484488,0.14207258579104148
2022,20,aus,76882213.435,192273.818,1266803.475,0.0025008881691804792,0.01647719828034111
2022,20,china,76882213.435,7350595.258,1814525.219,0.09560852802728624,0.023601365490525175
2022,20,us,76882213.435,5695913.720000001,13491367.191,0.07408623484566565,0.17548099343427806
2022,21,aus,101315336.781,1335706.9519999998,2669264.913,0.013183659991055661,0.026346109067078342
2022,21,china,101315336.781,5524152.943,4530984.567,0.054524350592061226,0.04472160593804304
2022,21,us,101315336.781,12599032.746,13025500.002,0.12435464507445369,0.1285639510842816
2022,22,aus,150346190.178,2289576.428,2448288.8400000003,0.01522869602009397,0.01628434240403024
2022,22,china,150346190.178,2371670.986,5556023.313,0.015774732856164146,0.036954866009055724
2022,22,us,150346190.178,10507543.208999999,32121429.688,0.06988898885006503,0.213649774895994
2022,23,aus,116923561.52600001,808037.0190000001,1235129.106,0.006910814282887875,0.010563560414000452
2022,23,china,116923561.52600001,4124348.5300000003,7399442.667,0.03527388728304243,0.06328444472976992
2022,23,us,116923561.52600001,15755006.86,5614076.128,0.13474621072414558,0.04801492577483291
2022,24,aus,48172764.168,11828.404,470473.85599999997,0.00024554131788553923,0.009766386964203403
2022,24,china,48172764.168,1093584.211,1338782.6830000002,0.022701296674323735,0.02779127804107453
2022,24,us,48172764.168,898604.582,2419494.946,0.018653789076046447,0.050225370866453456
2022,25,aus,82701455.179,8699813.117,876082.754,0.10519540554842745,0.010593317277232863
2022,25,china,82701455.179,5297321.233,15475363.493999999,0.0640535432119594,0.18712323090935873
2022,25,us,82701455.179,3736610.1890000002,6448886.727,0.045181915855197916,0.07797791118719681
2022,26,aus,353140731.675,110160239.597,840859.841,0.3119443035485974,0.002381089932650007
2022,26,china,353140731.675,4003227.767,199074417.161,0.011336069186955818,0.5637254479729933
2022,26,us,353140731.675,9452173.065,3707782.074,0.026766023336268548,0.010499446088853663
2022,27,aus,4129518449.0,179139514.306,45503339.926,0.04338024312480799,0.01101904265302872
2022,27,china,4129518449.0,50030679.459,512560073.318,0.012115378603312785,0.12412102758425042
2022,27,us,4129518449.0,426404203.253,321795725.601,0.10325760945716507,0.07792572658899871
2022,28,aus,221559227.032,8951353.851000002,2640258.443,0.04040162971730872,0.011916716258531922
2022,28,china,221559227.032,36297416.523,22126787.902000003,0.16382714910698587,0.09986850107038968
2022,28,us,221559227.032,16936061.211,19207904.151,0.07644033353011251,0.08669421900549322
2022,29,aus,566755242.888,284205.869,2840459.042,0.0005014613849036129,0.005011791381983422
2022,29,china,566755242.888,118779898.5,54462908.429,0.2095788261167843,0.09609599401582024
2022,29,us,566755242.888,50732304.53299999,72194847.746,0.08951360427560352,0.12738276116885763
2022,30,aus,846865120.9909999,2644644.2920000004,13285777.875,0.003122863637252226,0.015688186401457895
2022,30,china,846865120.9909999,24027993.071,38594674.284,0.02837286892023902,0.04557357875222986
2022,30,us,846865120.9909999,97692995.656,165191025.721,0.1153583885255303,0.19506178921112463
2022,31,aus,153634549.712,670258.0920000001,4365387.282,0.004362678142751427,0.028414098848099336
2022,31,china,153634549.712,13828733.346,5138046.6899999995,0.09001056970533675,0.03344330230167414
2022,31,us,153634549.712,7801364.425,13328783.294000002,0.05077871116636374,0.08675641852035137
2022,32,aus,94467863.332,795914.9680000001,896019.042,0.008425245791818308,0.009484908522287738
2022,32,china,94467863.332,12264882.907,5221895.4120000005,0.1298312725026501,0.055276950571519254
2022,32,us,94467863.332,8869873.889,5910148.49,0.09389302960973632,0.06256252953694147
2022,33,aus,162154360.489,862820.5210000001,2482725.498,0.0053209825403278685,0.015310877182167542
2022,33,china,162154360.489,7815254.911,15736084.122,0.04819639069484142,0.09704385422967077
2022,33,us,162154360.489,15431132.508000001,19089555.129,0.09516322879918358,0.1177245870628004
2022,34,aus,79533901.558,306533.44700000004,1205843.639,0.00385412309713564,0.015161379177666016
2022,34,china,79533901.558,6624990.817,5792004.05,0.08329769679623643,0.07282434202949528
2022,34,us,79533901.558,8917955.898,5974608.369,0.11212773073249263,0.07512027263798977
2022,35,aus,42702215.665,321457.473,445409.843,0.007527887440826076,0.010430602629480678
2022,35,china,42702215.665,4672292.987,3571223.977,0.109415703945066,0.08363088241173118
2022,35,us,42702215.665,5092830.791999999,4721286.743,0.11926385347199289,0.11056303916496085
2022,36,aus,6111934.694,41924.756,200366.15,0.006859490177661247,0.03278277010987971
2022,36,china,6111934.694,1481203.716,145007.265,0.24234612936130956,0.023725264136469193
2022,36,us,6111934.694,676800.3960000001,1435253.033,0.1107342322659968,0.23482793990075967
2022,37,aus,15256492.622,7044.097,80646.606,0.00046171142834247164,0.005286051519056672
2022,37,china,15256492.622,1448662.384,3536524.8099999996,0.09495382850387354,0.23180457642671415
2022,37,us,15256492.622,2124694.5069999998,1639205.962,0.13926493851779348,0.10744317207195121
2022,38,aus,330411330.509,784215.44,5003178.308,0.002373452020522156,0.015142272210497696
2022,38,china,330411330.509,53432426.478,23368646.115000002,0.16171487338429688,0.07072592237984245
2022,38,us,330411330.509,44890852.338,28174311.551,0.13586353793874278,0.0852704158407563
2022,39,aus,817145811.673,1004310.258,8189097.649,0.0012290465711912604,0.010021586762139656
2022,39,china,817145811.673,136443286.35,71227299.121,0.1669754459986157,0.08716595998353263
2022,39,us,817145811.673,83593269.273,90411434.397,0.10229908552288071,0.11064296372258743
2022,40,aus,234569274.507,267396.258,4296204.043,0.001139945794529114,0.018315288956873985
2022,40,china,234569274.507,33989262.43,17824829.441,0.14490074414663245,0.0759896174742531
2022,40,us,234569274.507,14636931.295,38526551.537,0.06239918389039996,0.16424381078030018
2022,41,aus,19570530.429,429657.364,54580.605,0.02195430346452568,0.0027889180213082716
2022,41,china,19570530.429,1251269.2559999998,3037515.942,0.06393639970768723,0.15520866708338923
2022,41,us,19570530.429,1769899.354,721958.189,0.09043696390453107,0.036890067523677746
2022,42,aus,91217648.417,88217.65699999999,1809206.71,0.0009671117215904801,0.019833954737895027
2022,42,china,91217648.417,31010962.735,4444908.382999999,0.3399666980366989,0.048728600880831446
2022,42,us,91217648.417,992561.355,17132833.904,0.01088124252515831,0.18782367448980408
2022,43,aus,3817648.618,14162.249,22375.914999999997,0.0037096785003276067,0.005861177190194721
2022,43,china,3817648.618,1509349.392,456465.657,0.39536100438461047,0.11956722649847604
2022,43,us,3817648.618,60719.589,227005.858,0.01590497059203158,0.05946221895060747
2022,44,aus,190044332.774,1566699.0459999999,2779815.366,0.008243860909354831,0.014627194220549297
2022,44,china,190044332.774,18295743.225,19806639.815,0.0962709224629036,0.1042211547478976
2022,44,us,190044332.774,10748747.298,35555923.322,0.05655915722981527,0.18709278410465924
2022,45,aus,2271888.8310000002,2848.116,23459.65,0.0012536335234089627,0.010326055430130331
2022,45,china,2271888.8310000002,90602.494,47316.343,0.03987980959443345,0.02082687425298584
2022,45,us,2271888.8310000002,70865.71800000001,309063.649,0.03119242325286118,0.13603819200253814
2022,46,aus,3009807.178,542.407,66358.386,0.00018021320567134354,0.022047387781198254
2022,46,china,3009807.178,1341461.05,22433.483,0.4456966744598548,0.007453461857615386
2022,46,us,3009807.178,11391.35,879295.096,0.0037847441135978317,0.29214333144898896
2022,47,aus,65748709.335,267688.62,307560.84599999996,0.00407138973080193,0.004677823323237101
2022,47,china,65748709.335,455029.338,19813878.22,0.00692073414979987,0.30135767561679694
2022,47,us,65748709.335,10149464.243999999,4895055.421,0.1543675054104391,0.07445097357058256
2022,48,aus,227729063.233,883651.323,3084445.112,0.003880274702117823,0.013544363061135344
2022,48,china,227729063.233,30904142.87,7079777.42,0.13570574801153315,0.031088598527963716
2022,48,us,227729063.233,17792452.056,23538381.561,0.07812991369395715,0.10336134188071026
2022,49,aus,38175276.43,172151.484,774896.855,0.004509501963022197,0.02029839538741488
2022,49,china,38175276.43,6451603.854,1439339.697,0.16899953208799856,0.03770345185683833
2022,49,us,38175276.43,4255755.432,5993770.903,0.11147936125108499,0.15700661431988483
2022,50,aus,1811611.057,394.243,5099.238,0.0002176201113791281,0.002814753189045037
2022,50,china,1811611.057,824922.39,82245.932,0.4553529229204743,0.04539933209294825
2022,50,us,1811611.057,4620.859,72179.323,0.0025506904377433377,0.0398426156216599
2022,51,aus,11176292.372,2126869.735,59108.528000000006,0.19030190551639944,0.005288742100921124
2022,51,china,11176292.372,1724067.2319999998,2915016.7449999996,0.1542611068693327,0.26082144668145946
2022,51,us,11176292.372,57306.545,282236.01,0.0051275094720651965,0.02525309830897828
2022,52,aus,63671896.859,3176156.667,83716.416,0.049883179608007096,0.0013148095176964516
2022,52,china,63671896.859,10683486.923,8704244.236,0.1677896756658333,0.13670464781778616
2022,52,us,63671896.859,10848981.011999998,1132526.229,0.17038884574186358,0.017786908901237138
2022,53,aus,6086957.953,1328.056,40203.164,0.00021818057726938271,0.006604803961260417
2022,53,china,6086957.953,1581853.4949999999,1033668.086,0.2598758702153302,0.1698168599128485
2022,53,us,6086957.953,20667.637,334857.548,0.003395396708763827,0.055012298521786754
2022,54,aus,54564524.752000004,23036.016,353940.034,0.00042217935746165626,0.00648663276384583
2022,54,china,54564524.752000004,24289572.467,2280911.573,0.44515319390021246,0.041802097303457145
2022,54,us,54564524.752000004,1600510.414,2584498.968,0.02933243570386518,0.04736592098523259
2022,55,aus,42120387.997,18084.62,130421.437,0.0004293554940967796,0.0030963968567737123
2022,55,china,42120387.997,13709292.64,1543072.6400000001,0.32547878336202496,0.03663481542738648
2022,55,us,42120387.997,2411093.776,2173381.046,0.0572429146704852,0.05159926461633729
2022,56,aus,30281920.854,59606.624,341576.051,0.0019683897955940417,0.01127986737191675
2022,56,china,30281920.854,7206130.344,1188510.0790000001,0.23796807272376605,0.039248173348389405
2022,56,us,30281920.854,2335373.4080000003,3295824.073,0.07712104589598767,0.10883801225458417
2022,57,aus,16731243.191,30432.126,499313.945,0.0018188801425329782,0.029843206467083622
2022,57,china,16731243.191,3131230.472,95895.216,0.18714870355146943,0.005731505716896373
2022,57,us,16731243.191,608725.7760000001,3684611.25,0.03638257893038357,0.2202233992977886
2022,58,aus,11577235.561999999,6303.111,51215.963,0.0005444400752014344,0.004423850817038425
2022,58,china,11577235.561999999,4917220.467,296673.096,0.42473183176299967,0.025625555808311544
2022,58,us,11577235.561999999,350933.72400000005,1025975.197,0.030312393845718322,0.08862005022749662
2022,59,aus,26849526.522,40514.265,266225.993,0.0015089377820798205,0.009915481853352589
2022,59,china,26849526.522,8631745.481,1337377.294,0.32148594776624123,0.04981008856540461
2022,59,us,26849526.522,1700154.1489999997,3158107.456,0.06332156910129962,0.11762246359958362
2022,60,aus,38112968.725,18369.522,107436.781,0.0004819756270508156,0.0028189035017240054
2022,60,china,38112968.725,19047671.017,849951.068,0.4997687573076873,0.02230083607846793
2022,60,us,38112968.725,701065.5669999999,1353905.314,0.018394409841397102,0.03552348083322916
2022,61,aus,274460600.135,97916.137,4510069.028,0.0003567584452990251,0.016432482570473195
2022,61,china,274460600.135,78020003.94600001,3267710.895,0.28426668129277577,0.01190593802313592
2022,61,us,274460600.135,1886858.5350000001,66142900.706,0.006874788345110022,0.2409923343221797
2022,62,aus,236286578.118,121749.416,4316951.085999999,0.0005152616664464078,0.018269980124914847
2022,62,china,236286578.118,66940999.349,4518952.978,0.2833042819536288,0.01912488222561361
2022,62,us,236286578.118,1661502.0040000002,45517482.409,0.007031724007489993,0.19263676663965595
2022,63,aus,80545333.724,129277.732,2323898.144,0.001605030683006274,0.028852051839069484
2022,63,china,80545333.724,35134724.421000004,373803.958,0.4362105512082688,0.00464091388932464
2022,63,us,80545333.724,2735134.519,20327042.655,0.033957702979694956,0.2523677252943478
2022,64,aus,172223320.24199998,104122.19,2244137.1229999997,0.0006045766035267029,0.013030390540878236
2022,64,china,172223320.24199998,58667029.888,5347699.319,0.3406450985009689,0.03105095936767256
2022,64,us,172223320.24199998,1101848.4840000002,36964722.586,0.006397789117360734,0.21463250466928022
2022,65,aus,15229349.522,11320.869999999999,323710.93700000003,0.0007433587352924107,0.021255729703515833
2022,65,china,15229349.522,7637372.17,183911.315,0.5014903728466676,0.012076110981255342
2022,65,us,15229349.522,317861.112,3933723.92,0.020871614479713956,0.25829887969393733
2022,66,aus,4153281.054,1630.0240000000001,70123.064,0.00039246657734133685,0.016883775282307202
2022,66,china,4153281.054,3270997.202,10605.508,0.7875694323286218,0.0025535252399511705
2022,66,us,4153281.054,33344.198000000004,884516.1699999999,0.008028399129860572,0.21296805068082925
2022,67,aus,9903063.399,2473.9700000000003,106482.047,0.00024981865714904125,0.01075243515160697
2022,67,china,9903063.399,6855764.335,918891.985,0.6922872306050557,0.09278866023343732
2022,67,us,9903063.399,88138.076,3758839.4729999998,0.008900081969474222,0.379563304964761
2022,68,aus,60437965.999,189538.136,1052367.423,0.003136077345871237,0.01741235671328536
2022,68,china,60437965.999,10925572.927000001,2213611.396,0.1807733391818774,0.03662617295950407
2022,68,us,60437965.999,4114301.584,10669285.254999999,0.06807478570784588,0.17653283128648856
2022,69,aus,62270037.087,53017.951,1097080.935,0.0008514199361392136,0.017618119184146682
2022,69,china,62270037.087,19676156.654,1377529.131,0.31598112951995905,0.02212186141908665
2022,69,us,62270037.087,2096268.1330000001,8390768.183,0.03366415423956178,0.13474808391838466
2022,70,aus,88702513.324,87603.419,993923.772,0.0009876092087719613,0.01120513652605914
2022,70,china,88702513.324,22932859.552,5279552.388,0.25853675045524466,0.05951976094201072
2022,70,us,88702513.324,6685520.475000001,10619414.769,0.0753701357996484,0.11971943489595274
2022,71,aus,933862629.321,27034802.902,10161006.182,0.028949442940721024,0.010880621906230408
2022,71,china,933862629.321,27009552.667999998,107421729.862,0.028922404452181912,0.11502947702287329
2022,71,us,933862629.321,75568771.776,82622878.41,0.08092065085733767,0.08847433853314601
2022,72,aus,579948447.475,2623740.301,2390028.712,0.0045240922920361856,0.004121105457572636
2022,72,china,579948447.475,66100649.771,43159033.644999996,0.1139767682089526,0.07441874158454483
2022,72,us,579948447.475,21455725.347,44504073.24,0.03699591824137937,0.07673798151156952
2022,73,aus,382522588.109,780741.8200000001,6711643.43,0.0020410345539582284,0.017545744064890394
2022,73,china,382522588.109,101780519.208,8723758.584999999,0.2660771477866232,0.022805865212106532
2022,73,us,382522588.109,22326799.781,60159295.043,0.058367271567863505,0.1572699153281311
2022,74,aus,236347527.246,3962370.793,1042457.497,0.016765019034346847,0.00441069770920416
2022,74,china,236347527.246,11181885.657000002,61973970.534,0.04731120222536302,0.2622154386641626
2022,74,us,236347527.246,10371448.915,15349065.836,0.04388219769358949,0.06494278156768729
2022,75,aus,48577332.532,4771634.171,121922.699,0.09822758727759943,0.0025098681348895437
2022,75,china,48577332.532,830196.275,12733745.947999999,0.017090198899931644,0.2621334948684498
2022,75,us,48577332.532,3172288.5640000002,4560548.869,0.06530388555012312,0.09388224159891383
2022,76,aus,278118797.055,4972165.449,3010751.439,0.017877847530085204,0.010825415149500311
2022,76,china,278118797.055,41507528.233,10821019.851,0.14924387949510506,0.03890790541877709
2022,76,us,278118797.055,14152936.257,37129073.193,0.05088809676607782,0.13350076868647415
2022,78,aus,9368570.196,856173.519,17053.954,0.09138785333172306,0.0018203368970092521
2022,78,china,9368570.196,440109.672,166945.80800000002,0.04697725082829705,0.017819774470097808
2022,78,us,9368570.196,154006.651,1546337.879,0.016438650485402204,0.16505590998936245
2022,79,aus,23332935.223,1243848.481,70874.937,0.053308701589069675,0.0030375491262726504
2022,79,china,23332935.223,830578.663,736907.861,0.03559683576292076,0.03158230432464438
2022,79,us,23332935.223,493625.149,3249146.291,0.021155724484822565,0.13925150264837727
2022,80,aus,9495401.118999999,6354.805,21066.099,0.0006692508215671095,0.002218558093122301
2022,80,china,9495401.118999999,534149.362,1109437.323,0.05625348053292703,0.11683943722820207
2022,80,us,9495401.118999999,204252.379,1123918.612,0.021510663577054938,0.11836452172105444
2022,81,aus,32173453.712,317853.473,120054.583,0.009879370609237626,0.0037314795009160684
2022,81,china,32173453.712,7633339.607000001,7390139.032,0.23725583443200352,0.22969678972461816
2022,81,us,32173453.712,3089930.1980000003,4020995.608,0.09603974213211444,0.12497867477933386
2022,82,aus,72443401.977,128293.273,1392789.181,0.001770944896275464,0.019225894187605872
2022,82,china,72443401.977,21888224.656,2425515.021,0.30214241820047705,0.033481517361237056
2022,82,us,72443401.977,4707006.189,12565702.459,0.06497494679355925,0.17345544405810037
2022,83,aus,87498967.64,144541.82499999998,1275815.189,0.0016519260615130153,0.014580917048634564
2022,83,china,87498967.64,29581033.968,1963792.105,0.3380729483541596,0.022443603141464447
2022,83,us,87498967.64,4779226.229,17389216.49,0.0546203727644346,0.19873624751259977
2022,84,aus,2623271696.893,4217307.9459999995,42413619.041999996,0.0016076519832066859,0.01616821433030922
2022,84,china,2623271696.893,653990363.189,171404944.968,0.24930332758272253,0.06534014191934896
2022,84,us,2623271696.893,250218375.912,482506701.716,0.09538408705753139,0.18393317866673148
2022,85,aus,3451020778.949,2689274.1659999997,29955135.914,0.0007792691896856709,0.008680079846729513
2022,85,china,3451020778.949,1066919236.744,390049372.878,0.3091604789087731,0.11302434782696053
2022,85,us,3451020778.949,155588059.44599998,458939537.292,0.045084648691505115,0.13298660503335738
2022,86,aus,34908189.004,67895.42199999999,1085486.539,0.001944971192639644,0.03109546985882362
2022,86,china,34908189.004,7957144.907000001,558964.539,0.2279449359601044,0.016012418717451952
2022,86,us,34908189.004,3295679.122,3455027.45,0.09440991400677819,0.09897469758755177
2022,87,aus,1630886399.524,1070451.3920000002,37418044.692,0.0006563617136744953,0.022943378952035562
2022,87,china,1630886399.524,141634193.611,77913786.669,0.08684491675958435,0.047773889519061766
2022,87,us,1630886399.524,135989070.509,324827261.127,0.08338353336485642,0.1991722177717626
2022,88,aus,195542340.324,677893.223,2745231.292,0.0034667337103400637,0.014039063291619316
2022,88,china,195542340.324,2758283.352,11470692.901,0.014105811290944544,0.058660916515542685
2022,88,us,195542340.324,55892863.879999995,28556323.297,0.28583509733692164,0.14603652206312026
2022,89,aus,125065202.647,570039.6900000001,949166.7509999999,0.004557940001976032,0.0075893752291678555
2022,89,china,125065202.647,20220986.207000002,1312084.358,0.16168355209141824,0.01049120243065047
2022,89,us,125065202.647,2986504.6500000004,5118357.319,0.023879581104821718,0.04092551093885567
2022,90,aus,674998981.506,3486837.145,9745463.278,0.005165692453669288,0.014437745159639732
2022,90,china,674998981.506,88009852.49,71255975.503,0.13038516338741718,0.1055645674368571
2022,90,us,674998981.506,102158068.53600001,113740081.741,0.1513455150822208,0.16850407905391626
2022,91,aus,54708633.35,77317.568,771404.339,0.0014132608194644292,0.01410023047121136
2022,91,china,54708633.35,7105061.619,3632959.321,0.12987093962931173,0.06640559448374522
2022,91,us,54708633.35,1085207.276,6781172.481000001,0.019836124749403928,0.12395068320601725
2022,92,aus,8723322.679,10293.895999999999,230604.082,0.0011800430155794767,0.026435349291290388
2022,92,china,8723322.679,2553543.105,620566.6109999999,0.29272597139473533,0.07113878894952659
2022,92,us,8723322.679,841105.022,1954211.658,0.09642025784794428,0.22402148010693806
2022,93,aus,18035174.45,83692.434,517900.31299999997,0.004640511475618136,0.028716124395458786
2022,93,china,18035174.45,547404.547,8847.532,0.030352051681984148,0.0004905709132189736
2022,93,us,18035174.45,3699697.367,4726032.832,0.2051378752812674,0.2620453073577007
2022,94,aus,291802443.276,248960.041,6636842.991,0.0008531801111909206,0.022744302331706566
2022,94,china,291802443.276,109896828.869,2583639.178,0.37661380636574926,0.008854069722631747
2022,94,us,291802443.276,7431835.029000001,83420588.075,0.02546872104826975,0.28588036185871485
2022,95,aus,161526201.487,251964.585,3753502.5659999996,0.0015598991537003283,0.023237731906312984
2022,95,china,161526201.487,101021643.55,1954464.928,0.6254195456836175,0.012099986937149018
2022,95,us,161526201.487,4319918.206,54365186.144999996,0.026744380578699347,0.33657193473577374
2022,96,aus,41642996.249,31201.042,689466.456,0.0007492506498196381,0.016556600583622908
2022,96,china,41642996.249,20139769.396,1033549.0630000001,0.4836292104337625,0.024819277095720974
2022,96,us,41642996.249,1593942.8630000001,7143450.681,0.03827637313773445,0.17154026665820282
2022,97,aus,28564851.116,78934.976,167710.567,0.0027633603157758532,0.005871221464412271
2022,97,china,28564851.116,1039158.0700000001,756994.315,0.036378907272439365,0.026500901822519407
2022,97,us,28564851.116,6649526.354,8887365.815,0.23278701250696904,0.3111294289232941
2023,01,aus,29137680.951,1119393.8099999998,163230.514,0.03841739539541435,0.005602042052505828
2023,01,china,29137680.951,1230368.601,437017.86699999997,0.04222603037863842,0.014998375050331574
2023,01,us,29137680.951,1214135.526,3976040.848,0.041668914147346754,0.13645701092981263
2023,02,aus,161325591.90399998,11946474.207,605520.2860000001,0.07405194715856979,0.0037534050168576295
2023,02,china,161325591.90399998,1098570.194,25175564.996,0.00680964613880807,0.15605437859469454
2023,02,us,161325591.90399998,22172025.811,12453397.309,0.1374365068140826,0.07719418327881074
2023,03,aus,132555637.907,970777.805,882830.469,0.007323549720918624,0.006660074840569112
2023,03,china,132555637.907,9015846.989,17399756.05,0.06801556788799468,0.13126379477127584
2023,03,us,132555637.907,4746831.242,20346163.333,0.035810104473491644,0.15349149726301878
2023,04,aus,113424247.568,2045041.6819999998,1329887.521,0.018030022026586143,0.011724896126841898
2023,04,china,113424247.568,830936.109,7846781.378,0.007325912464191909,0.06918081050787403
2023,04,us,113424247.568,7066740.853,3973875.039,0.062303616770861575,0.03503549835424375
2023,05,aus,12469728.584,412901.991,93458.727,0.033112347892623545,0.007494848534226925
2023,05,china,12469728.584,1686034.497,1356245.428,0.13521020009716675,0.10876302710711831
2023,05,us,12469728.584,1580650.756,1179329.894,0.1267590345172504,0.09457542608531246
2023,06,aus,24264011.349,19670.856,115430.46,0.0008107009066664775,0.004757270277354914
2023,06,china,24264011.349,545208.111,308924.353,0.02246982591452134,0.012731792305757052
2023,06,us,24264011.349,472657.583,3907434.782,0.01947977917589788,0.16103828529411887
2023,07,aus,95402946.371,2309334.678,316663.623,0.02420611486168919,0.0033192226765048575
2023,07,china,95402946.371,9074022.617,3304815.602,0.09511260356376441,0.03464060312297207
2023,07,us,95402946.371,4833538.835,15042560.026,0.050664460783040016,0.15767395660405456
2023,08,aus,153570810.37,1855449.0790000001,706801.481,0.012082042639025244,0.004602446775510884
2023,08,china,153570810.37,5259940.086999999,20295618.373,0.03425091053649559,0.13215804698888756
2023,08,us,153570810.37,13610660.807,21366210.776,0.0886279155147236,0.139129374420322
2023,09,aus,64393286.025,41797.651,827360.421,0.0006490995192227418,0.012848551022520985
2023,09,china,64393286.025,3078180.675,1881559.407,0.047802820216457494,0.029219807267942575
2023,09,us,64393286.025,1152984.646,10147025.706,0.01790535500164359,0.15757893924004013
2023,10,aus,178573611.716,13671796.744,238677.791,0.07656112575996593,0.001336579289103412
2023,10,china,178573611.716,1221584.5610000002,18304289.197,0.0068407899087732215,0.10250276634439576
2023,10,us,178573611.716,24599965.722000003,3558250.554,0.1377581238661584,0.019925959495398306
2023,11,aus,30370225.947,1080569.4340000001,183483.66,0.03557989446261396,0.0060415638764164245
2023,11,china,30370225.947,1093848.466,2474649.3279999997,0.036017132961371705,0.0814827434052873
2023,11,us,30370225.947,1216450.1430000002,2814484.7150000003,0.04005403664506362,0.09267249838416226
2023,12,aus,153214326.408,5123226.977999999,424031.681,0.03343830239710856,0.0027675720080564178
2023,12,china,153214326.408,3801859.3430000003,65495852.426,0.024813993783296028,0.4274786435544462
2023,12,us,153214326.408,33617218.230000004,3142351.2490000003,0.219413021080545,0.02050951319416514
2023,13,aus,9340440.904,41425.347,156425.578,0.0044350526303592154,0.016747129991798514
2023,13,china,9340440.904,1610543.944,468166.577,0.17242697219039116,0.05012253509355323
2023,13,us,9340440.904,540548.5079999999,1582686.278,0.0578718406931425,0.1694444934951863
2023,14,aus,1859002.702,417.584,10403.689,0.00022462796829221608,0.005596381860449819
2023,14,china,1859002.702,197603.296,143647.844,0.10629532479291684,0.07727145519770202
2023,14,us,1859002.702,35044.425,158637.66999999998,0.018851196376582783,0.0853348248656822
2023,15,aus,157171457.297,1461792.088,720621.246,0.009300620565206797,0.004584937102404502
2023,15,china,157171457.297,3035226.8600000003,14834248.615,0.01931156529435536,0.09438258619036899
2023,15,us,157171457.297,2727002.8779999996,15729565.133000001,0.017350496870732084,0.10007901818506737
2023,16,aus,64075640.725,229861.69999999998,799394.054,0.003587349223498537,0.012475787131506674
2023,16,china,64075640.725,6326356.14,2577830.443,0.09873262394911463,0.04023105214138301
2023,16,us,64075640.725,2894883.808,7163915.093,0.04517916286509362,0.11180403366930203
2023,17,aus,72254007.014,2219690.67,374353.3,0.03072065843448531,0.005181073209233433
2023,17,china,72254007.014,2875442.143,3723479.527,0.03979630005077576,0.051533190765164556
2023,17,us,72254007.014,2827597.069,6877125.539,0.039134121218386164,0.09517984985479742
2023,18,aus,62035481.463,259088.31900000002,735521.089,0.0041764537469501034,0.011856458137407848
2023,18,china,62035481.463,423247.85699999996,906969.24,0.006822673847585738,0.014620169274271632
2023,18,us,62035481.463,1909131.701,6448246.455,0.030774834916670532,0.10394448955548038
2023,19,aus,106667723.329,677455.0469999999,1700442.059,0.0063510781505150835,0.015941486383423138
2023,19,china,106667723.329,2761240.786,5994405.975,0.02588637593289005,0.05619699931638352
2023,19,us,106667723.329,5349080.147,14675464.507000001,0.050147129610159526,0.1375811168457755
2023,20,aus,82598276.822,202794.80000000002,1340970.98,0.0024551940767120915,0.0162348541833361
2023,20,china,82598276.822,7384728.646,2178294.156,0.0894053596531336,0.026372150119962464
2023,20,us,82598276.822,5633543.09,13479223.987,0.06820412370272971,0.16319013550425324
2023,21,aus,107032980.139,1433308.847,2556006.628,0.013391282249065772,0.023880551813848436
2023,21,china,107032980.139,5513595.319,5131691.755,0.05151305057412852,0.04794495816462973
2023,21,us,107032980.139,12475625.868999999,11867550.433,0.116558707912256,0.11087751100257161
2023,22,aus,153462259.502,2074248.972,2106759.1489999997,0.013516345834677139,0.013728190604234804
2023,22,china,153462259.502,2894973.7060000002,5617686.095,0.01886440168022074,0.036606303811959624
2023,22,us,153462259.502,10120783.412,29614727.884999998,0.06594965723066329,0.192977269988743
2023,23,aus,116160409.117,730469.384,1056993.511,0.006288453953913427,0.009099429995424402
2023,23,china,116160409.117,3949503.4119999995,7824830.976,0.034000426152269746,0.06736228836899681
2023,23,us,116160409.117,17265910.332000002,5178016.386,0.14863851172054066,0.044576430346285695
2023,24,aus,54449294.16,13419.182,395632.778,0.00024645281829673585,0.007266077257813988
2023,24,china,54449294.16,1254451.824,1980339.0690000001,0.023038899646959172,0.03637033499792939
2023,24,us,54449294.16,1392625.571,2498636.168,0.025576558750380687,0.04588922972367141
2023,25,aus,80990573.87,14557758.459999999,769206.046,0.17974633052195704,0.009497476178334924
2023,25,china,80990573.87,4325004.741,20685947.026,0.05340133467805987,0.2554117848232997
2023,25,us,80990573.87,3336364.739,5885460.769,0.04119448201904684,0.072668466066766
2023,26,aus,360711140.804,110539801.99599999,775661.91,0.30644964763110577,0.002150368597629404
2023,26,china,360711140.804,1622841.477,221024976.98,0.0044990056957564415,0.6127478527204641
2023,26,us,360711140.804,9383341.233000001,3392902.196,0.026013450020105248,0.009406147501952553
2023,27,aus,3307042945.7860003,141813995.264,44212762.349,0.04288241718926163,0.013369273720904688
2023,27,china,3307042945.7860003,50679486.872,490572938.949,0.015324713861541574,0.1483418712702575
2023,27,us,3307042945.7860003,355105190.191,265410854.913,0.10737846348306206,0.08025624682352547
2023,28,aus,197629885.26500002,7153094.811000001,2180292.471,0.03619439844033955,0.011032200256942246
2023,28,china,197629885.26500002,32886667.388,22703687.769,0.16640533562979395,0.11487983074299135
2023,28,us,197629885.26500002,15720710.925999999,17489554.706,0.07954622300630418,0.08849650791705123
2023,29,aus,510216507.158,255920.549,1974974.85,0.0005015920602520773,0.003870856435047494
2023,29,china,510216507.158,97110438.39400001,46117496.855,0.19033182390535158,0.090388092521512
2023,29,us,510216507.158,51181927.753,61567991.345000006,0.10031413534245054,0.12067032422754229
2023,30,aus,860098926.279,2661334.1859999998,11021948.638,0.0030942187051826555,0.012814745259226944
2023,30,china,860098926.279,11946804.854,45111867.998,0.01389003577261144,0.05244962715296607
2023,30,us,860098926.279,102824868.481,176971319.10999998,0.11955004865061945,0.20575693528141178
2023,31,aus,104955241.207,351010.06600000005,2602623.191,0.0033443786319133284,0.024797458050398135
2023,31,china,104955241.207,10944993.102,5772388.195,0.10428248247663521,0.054998570139201494
2023,31,us,104955241.207,5101626.168,10040644.592,0.048607636067818843,0.09566596652564635
2023,32,aus,86615171.207,613668.843,794017.924,0.007085004098570724,0.009167192224355145
2023,32,china,86615171.207,10721418.269,4589097.762,0.12378222105428943,0.052982609143987024
2023,32,us,86615171.207,8059629.529999999,5012434.865,0.09305101424712812,0.05787017210900472
2023,33,aus,172720760.038,771788.448,2515699.122,0.004468417391344273,0.014565123042803456
2023,33,china,172720760.038,8606342.515999999,14181217.388,0.04982807228330013,0.08210488064596297
2023,33,us,172720760.038,15409879.777999999,19630891.414,0.0892184574373671,0.11365681467404985
2023,34,aus,78052182.981,272399.909,1084881.034,0.0034899716906868503,0.013899432310100655
2023,34,china,78052182.981,6606584.171,5009712.7639999995,0.08464316971900991,0.06418414671655626
2023,34,us,78052182.981,8595914.357,5679370.585,0.11013035162760888,0.07276376352449375
2023,35,aus,40835338.222,302514.6,375962.357,0.0074081570808937364,0.009206789348874565
2023,35,china,40835338.222,4346401.348999999,3179310.925,0.10643725602004148,0.07785685299619115
2023,35,us,40835338.222,4830168.8719999995,3960064.436,0.11828404226116462,0.09697640838607084
2023,36,aus,6618457.043,31817.471999999998,221746.522,0.00480738513422123,0.033504262482828964
2023,36,china,6618457.043,1221211.6090000002,140317.57200000001,0.18451605881337746,0.021200949267836777
2023,36,us,6618457.043,795561.5179999999,1147022.551,0.12020347232462954,0.17330663983279102
2023,37,aus,14271080.673,6700.772,73490.581,0.00046953500954398256,0.00514961569371825
2023,37,china,14271080.673,1296549.5320000001,3401580.595,0.09085153126861593,0.238354801079331
2023,37,us,14271080.673,2002250.768,1392859.4270000001,0.14030127177321156,0.09760013687226951
2023,38,aus,291046244.392,548641.953,2802904.56,0.001885067969683379,0.009630444006777376
2023,38,china,291046244.392,42408317.563,21706247.052,0.14570989449319854,0.07458006234488501
2023,38,us,291046244.392,43278330.913,23634591.143,0.14869915605133158,0.08120562143783376
2023,39,aus,714569365.119,853555.466,6745212.089,0.0011945033018003145,0.009439548374532812
2023,39,china,714569365.119,121955401.75999999,59826237.561,0.17066978758554852,0.08372348505457816
2023,39,us,714569365.119,79296793.458,73503710.52,0.1109714428420737,0.10286434614749983
2023,40,aus,221694326.528,254605.848,3814533.3449999997,0.0011484545048465336,0.017206274083510314
2023,40,china,221694326.528,33717522.288,15964143.977,0.1520901450932777,0.07200970916584881
2023,40,us,221694326.528,14680130.432,34676573.012,0.06621788956852669,0.1564161499081951
2023,41,aus,17649838.942,410104.749,56762.695,0.02323560857114137,0.003216046060620194
2023,41,china,17649838.942,1164167.936,2887645.949,0.065959125169676,0.16360749571082403
2023,41,us,17649838.942,1586977.514,558451.461,0.08991456064925263,0.03164059812869424
2023,42,aus,92992742.296,77455.519,1950490.8220000002,0.0008329200439476843,0.020974656449978663
2023,42,china,92992742.296,31652164.08,4956064.937,0.3403724129271268,0.05329517997463314
2023,42,us,92992742.296,1067827.807,14062527.668,0.011482915554861873,0.15122177624613278
2023,43,aus,3773624.084,4306.889,18268.945,0.0011413137355840556,0.004841220162193559
2023,43,china,3773624.084,953952.989,782463.697,0.2527949175024398,0.20735072693584178
2023,43,us,3773624.084,70931.567,169978.582,0.018796670103083855,0.04504385657296966
2023,44,aus,153429491.272,1331636.113,1800788.316,0.008679140509168955,0.01173691120964196
2023,44,china,153429491.272,14896524.834,17036936.56,0.09709036190175083,0.11104082024098544
2023,44,us,153429491.272,9863802.092,23874100.776,0.06428882746220828,0.15560307590198524
2023,45,aus,2299485.784,1880.079,20149.2,0.0008176084466717451,0.008762480786008634
2023,45,china,2299485.784,99614.535,44316.304,0.04332035261671355,0.01927226700349977
2023,45,us,2299485.784,32482.715000000004,312384.117,0.014126077763131762,0.13584955348434544
2023,46,aus,2339668.5,577.191,37460.864,0.00024669776936348035,0.016011184490452388
2023,46,china,2339668.5,934218.158,22186.653,0.3992950958650766,0.009482819040389695
2023,46,us,2339668.5,14177.454000000002,626351.036,0.006059599468899121,0.26770930839133833
2023,47,aus,58952419.29,170648.429,239420.47900000002,0.002894680677319494,0.0040612494259521
2023,47,china,58952419.29,329438.944,21198398.909,0.005588217548450674,0.35958488496834007
2023,47,us,58952419.29,8890506.873,3837285.415,0.15080817683266956,0.06509122884547865
2023,48,aus,205137759.835,738933.01,2649615.65,0.0036021306394022805,0.012916274664065676
2023,48,china,205137759.835,29157666.393,7054198.549000001,0.1421370030386049,0.034387616178873925
2023,48,us,205137759.835,16273293.434,20973829.567,0.07932861042788622,0.10224265675841464
2023,49,aus,35139313.027,181809.78100000002,635624.431,0.005173970841726553,0.0180886982768162
2023,49,china,35139313.027,5877788.772,1388495.1030000001,0.16727102113475245,0.03951400819740334
2023,49,us,35139313.027,4206553.559,5070447.428,0.11971075119675248,0.14429557641334706
2023,50,aus,1768677.852,574.557,4618.878,0.00032485113066254423,0.002611486311527578
2023,50,china,1768677.852,719646.884,84373.013,0.406884093214732,0.047704002684599685
2023,50,us,1768677.852,5775.63,58648.407999999996,0.003265507052892072,0.03315946311742473
2023,51,aus,10978413.499,2013739.5380000002,48012.630000000005,0.1834271899289845,0.004373366880776842
2023,51,china,10978413.499,1607055.7850000001,2852912.738,0.14638324427717933,0.2598656662239827
2023,51,us,10978413.499,61948.119000000006,253641.163,0.005642720508354211,0.02310362631386617
2023,52,aus,50805121.824,2695744.233,58282.505,0.05306048162503467,0.0011471777432579195
2023,52,china,50805121.824,8586701.622,9271825.146,0.16901251908707557,0.1824978429954291
2023,52,us,50805121.824,7198544.954,898308.62,0.14168935523739765,0.01768145784812674
2023,53,aus,5777248.649999999,1496.442,32105.985,0.0002590232982269164,0.0055573140339043575
2023,53,china,5777248.649999999,1418085.6539999999,1173082.273,0.24546038086832214,0.20305206579606022
2023,53,us,5777248.649999999,18773.451,250915.924,0.0032495487276629513,0.04343173354672904
2023,54,aus,49103369.063,17435.247,267217.438,0.0003550723164765017,0.005441936940358573
2023,54,china,49103369.063,22807698.857,2043959.227,0.4644833805138207,0.041625641295153996
2023,54,us,49103369.063,1574586.6909999999,1991046.413,0.03206677507157998,0.040548061181819764
2023,55,aus,37224356.179,14267.641000000001,95228.124,0.0003832877842504915,0.002558220847180767
2023,55,china,37224356.179,12366259.854,1458889.158,0.33220883108184923,0.03919179020812797
2023,55,us,37224356.179,2496959.952,1774593.139,0.06707866054131117,0.047672903473912356
2023,56,aus,28372988.625,57751.212,285058.671,0.002035429286751776,0.010046832738262516
2023,56,china,28372988.625,6562254.709,1061972.752,0.23128528318718838,0.03742900566577167
2023,56,us,28372988.625,2106065.882,2859640.1,0.07422784782510729,0.10078741220374349
2023,57,aus,15869827.914,29493.4,398591.06,0.0018584574552306013,0.02511628116952497
2023,57,china,15869827.914,2991263.738,90183.146,0.18848747158506837,0.005682679515411914
2023,57,us,15869827.914,636083.44,3450018.215,0.040081306706474217,0.2173948094267911
2023,58,aus,10883616.147,4445.674,43700.204,0.0004084739795996409,0.004015228340448747
2023,58,china,10883616.147,4805227.945,253378.937,0.44151023704787046,0.023280767492874353
2023,58,us,10883616.147,352138.552,876741.289,0.03235492204464274,0.08055606492899588
2023,59,aus,25322997.059,43655.037000000004,219749.244,0.001723928526243881,0.008677852921121726
2023,59,china,25322997.059,7707116.775,1180680.548,0.30435247285474165,0.04662483454265444
2023,59,us,25322997.059,1599670.615,2787608.1520000002,0.06317066701358179,0.11008207857486843
2023,60,aus,33100887.5,18314.306,86178.144,0.0005532874609479882,0.002603499498314056
2023,60,china,33100887.5,17291114.939,675799.735,0.5223761731162042,0.02041636300537259
2023,60,us,33100887.5,589920.598,999998.829,0.017821896708962864,0.030210634956540063
2023,61,aus,243898542.379,89193.26000000001,4038931.297,0.0003656982084845771,0.016559882882464315
2023,61,china,243898542.379,70842614.00999999,3379028.083,0.29045935789118366,0.013854236478991516
2023,61,us,243898542.379,1592802.676,50991999.39,0.006530595305997788,0.20907053766136194
2023,62,aus,225922491.76000002,124302.351,4000348.8749999995,0.0005501990971843909,0.01770673138312238
2023,62,china,225922491.76000002,63149495.863000005,4588382.712,0.279518410810042,0.020309543668074848
2023,62,us,225922491.76000002,1695695.092,37995727.288,0.007505649742042309,0.16818036571747486
2023,63,aus,70035763.414,126044.731,1641149.0080000001,0.0017997195269353473,0.023433013763250247
2023,63,china,70035763.414,29389625.002,350833.42699999997,0.41963739051818594,0.005009346795095676
2023,63,us,70035763.414,2414848.674,16867400.615000002,0.03448022205062845,0.24083981944042382
2023,64,aus,157545271.942,80312.846,1969074.227,0.0005097763011864109,0.012498466013787523
2023,64,china,157545271.942,50165355.232,5410167.939,0.31841866540094127,0.03434040179251932
2023,64,us,157545271.942,1081598.418,26118713.484,0.006865318169612786,0.16578544796708058
2023,65,aus,13702051.319,11969.198999999999,285572.741,0.0008735333652854493,0.020841604979541236
2023,65,china,13702051.319,6438331.710999999,189627.935,0.4698808639019081,0.013839382920501233
2023,65,us,13702051.319,380163.19,3175137.224,0.027744983663347204,0.23172714435809944
2023,66,aus,3453636.564,1250.233,49205.449,0.00036200479605531533,0.014247431102886598
2023,66,china,3453636.564,2677595.874,11471.412999999999,0.7752975231704201,0.003321546082635231
2023,66,us,3453636.564,34936.66,603364.434,0.010115905177797974,0.17470409025933628
2023,67,aus,8517466.83,2435.8269999999998,99164.17599999999,0.0002859802155519518,0.01164244933138178
2023,67,china,8517466.83,5448124.205,1264142.2659999998,0.6396413762142,0.14841763299241398
2023,67,us,8517466.83,90535.461,2513748.19,0.010629388151077777,0.2951286151354463
2023,68,aus,57602572.029,95572.92,884135.3709999999,0.0016591779955916523,0.015348887035024794
2023,68,china,57602572.029,9857747.804,1813735.889,0.17113381324426136,0.031487064294401214
2023,68,us,57602572.029,4309883.49,9574892.77,0.07482102514155428,0.16622335483873052
2023,69,aus,54904613.746,55169.62299999999,816014.355,0.0010048267210334269,0.014862400430955578
2023,69,china,54904613.746,16594870.885,1319162.337,0.3022491144691642,0.024026438708825374
2023,69,us,54904613.746,2082330.9419999998,7029712.939,0.03792633806028196,0.12803501307778783
2023,70,aus,86789478.823,88594.29000000001,779751.7189999999,0.001020795276126508,0.008984403750024118
2023,70,china,86789478.823,21157104.375,6402585.871,0.2437749904933543,0.07377145199889433
2023,70,us,86789478.823,6525522.07,9236118.136,0.07518793935043977,0.1064197902932025
2023,71,aus,957976746.877,31352801.044999998,10509587.344,0.03272814413002194,0.010970607980059234
2023,71,china,957976746.877,29432493.674000002,107753424.42099999,0.03072359926266457,0.11248020870263885
2023,71,us,957976746.877,58640406.947,77396790.106,0.06121276652921636,0.08079192982325845
2023,72,aus,487381132.287,2130067.483,1869063.303,0.004370434844296937,0.0038349110771472798
2023,72,china,487381132.287,65729490.459,35545415.333000004,0.13486260773076958,0.07293145544269587
2023,72,us,487381132.287,20821255.415,33435002.509999998,0.04272068415389368,0.06860134768268257
2023,73,aus,370285463.95600003,768947.8840000001,6109774.921,0.0020766353498860865,0.01650017490755729
2023,73,china,370285463.95600003,94424918.78799999,8197264.044,0.2550057401097987,0.022137687924401097
2023,73,us,370285463.95600003,22190455.606,53017981.446,0.059927968462291106,0.14318137385025725
2023,74,aus,221269675.833,4093108.558,1012289.502,0.0184982806278851,0.004574912934585806
2023,74,china,221269675.833,10958555.742,56951490.344,0.049525791099684205,0.25738497663359566
2023,74,us,221269675.833,10713027.213,14754258.131000001,0.04841615631545236,0.06667998258439876
2023,75,aus,47532932.600999996,3986962.448,138435.703,0.08387789748777508,0.002912416622009297
2023,75,china,47532932.600999996,1166628.165,11304749.833,0.024543576446100793,0.23782984163620008
2023,75,us,47532932.600999996,4211844.743,4592934.666,0.08860898144776767,0.09662636859698773
2023,76,aus,238132938.826,4242551.88,2420397.1610000003,0.017815896872208702,0.010164058667954988
2023,76,china,238132938.826,33270578.126000002,11685676.07,0.13971430533728174,0.04907206927193949
2023,76,us,238132938.826,13347686.297,28681477.502,0.05605140709556751,0.120443134172871
2023,78,aus,9868491.661,743522.091,11221.909,0.07534303281000665,0.0011371453090798735
2023,78,china,9868491.661,618116.142,160767.525,0.06263532090144815,0.01629099263825177
2023,78,us,9868491.661,194383.56199999998,1316117.595,0.019697393348184943,0.13336562873141591
2023,79,aus,19720511.36,1244168.737,31102.334,0.06309008495203645,0.0015771565672017137
2023,79,china,19720511.36,601860.419,1118206.2650000001,0.030519513820558456,0.056702701293441515
2023,79,us,19720511.36,347099.614,2606026.2589999996,0.017600943893576602,0.13214800627766277
2023,80,aus,7147056.468,17711.545,12610.623,0.0024781593764231606,0.0017644498901698057
2023,80,china,7147056.468,440617.60000000003,1013535.085,0.0616502194956493,0.141811540112768
2023,80,us,7147056.468,162207.835,746508.7779999999,0.022695753940977535,0.10444982229291097
2023,81,aus,26284320.02,156188.796,121846.905,0.005942280259909878,0.0046357259730244295
2023,81,china,26284320.02,5864759.353,4290664.135,0.2231276802495726,0.1632404464614337
2023,81,us,26284320.02,3657537.403,3693439.749,0.13915282572335688,0.14051874829516703
2023,82,aus,69369079.166,139029.983,1190461.565,0.002004206840735217,0.01716127097710536
2023,82,china,69369079.166,20225672.023000002,2097219.627,0.29156610216203144,0.03023277304836871
2023,82,us,69369079.166,4773126.46,10913846.376,0.06880769526402279,0.15733013191487233
2023,83,aus,82092097.709,135159.17799999999,1088045.009,0.0016464334786414172,0.013253955488589183
2023,83,china,82092097.709,25196028.106,1764041.4579999999,0.3069239160548054,0.021488565979312313
2023,83,us,82092097.709,4937044.172,14821962.452,0.06014030960081968,0.18055285302296548
2023,84,aus,2631066666.597,4403649.9969999995,40706249.114,0.0016737128149989617,0.015471386426954026
2023,84,china,2631066666.597,598050176.481,169037846.899,0.2273033154475379,0.06424688855095874
2023,84,us,2631066666.597,265264731.098,462029478.009,0.10082022415687825,0.17560538616324198
2023,85,aus,3347407820.901,2812190.949,28964931.057,0.0008401100491672571,0.00865294359299301
2023,85,china,3347407820.901,1063972749.7590001,322880097.762,0.31784975320772757,0.09645675550674088
2023,85,us,3347407820.901,156076717.162,446349803.168,0.04662614342580757,0.1333419251699839
2023,86,aus,37087522.474,60230.903,1205387.707,0.0016240206673881906,0.032501165529324055
2023,86,china,37087522.474,7128210.514,564298.596,0.19219969516694443,0.01521532198317098
2023,86,us,37087522.474,3757370.16,3061661.3079999997,0.10131089674793142,0.08255232767695282
2023,87,aus,1915511737.067,1335324.903,44501348.951,0.000697111313473144,0.023232094113471595
2023,87,china,1915511737.067,184795564.155,64994523.239,0.09647320900155691,0.033930631685148815
2023,87,us,1915511737.067,150491181.924,377259064.208,0.07856447914771308,0.1969494923511421
2023,88,aus,237961137.248,815470.2490000001,3439514.6550000003,0.0034269051595182437,0.014454102442010869
2023,88,china,237961137.248,4699253.819,12696832.591,0.019747988572194876,0.053356748660044966
2023,88,us,237961137.248,68399385.066,32640794.739,0.287439309868128,0.1371685944876881
2023,89,aus,137620150.75,648397.769,966666.995,0.004711503115396783,0.007024167534564338
2023,89,china,137620150.75,24282567.369000003,627171.726,0.17644630700275557,0.004557266669031025
2023,89,us,137620150.75,2658275.951,11488082.424,0.01931603719740875,0.08347674640227061
2023,90,aus,666847211.704,4013490.5539999995,9965289.337,0.006018605886863192,0.014943886938562157
2023,90,china,666847211.704,80818712.942,65984862.218,0.12119524761224285,0.09895049579556366
2023,90,us,666847211.704,108901987.14899999,116918899.664,0.16330875384591004,0.1753308668191567
2023,91,aus,57900771.897,107218.51,807964.952,0.0018517630505985583,0.013954303639289876
2023,91,china,57900771.897,7159268.802,3980275.639,0.1236472082744538,0.06874304967955408
2023,91,us,57900771.897,930683.313,7014265.925,0.01607376348376836,0.12114287418270893
2023,92,aus,7851891.584,12629.194,186353.637,0.001608426945901142,0.023733597822432694
2023,92,china,7851891.584,2166711.583,537097.144,0.2759477203448865,0.06840353540979305
2023,92,us,7851891.584,876867.2,1634918.389,0.11167591791343817,0.20821968458295004
2023,93,aus,21692375.254,132153.5,366777.86600000004,0.006092163649788943,0.01690814683525113
2023,93,china,21692375.254,712207.862,19993.212,0.03283217506891834,0.0009216700230332462
2023,93,us,21692375.254,4666995.311,4378433.752,0.2151445038338723,0.20184206204862845
2023,94,aus,265023907.009,233191.528,4999159.803,0.000879888650921145,0.018863052240906827
2023,94,china,265023907.009,91378198.688,2334957.68,0.3447922857951712,0.008810366228284103
2023,94,us,265023907.009,8172359.704,68623544.908,0.03083631132085934,0.2589334135266129
2023,95,aus,146105402.71400002,299356.31,3259270.321,0.0020489065047511433,0.02230766460690021
2023,95,china,146105402.71400002,88815093.083,1674725.376,0.6078837019932434,0.011462446596025333
2023,95,us,146105402.71400002,4483204.356000001,44090749.785000004,0.030684726729618837,0.30177357555563666
2023,96,aus,40023621.497999996,39832.262,636626.285,0.000995218836006393,0.01590626388048899
2023,96,china,40023621.497999996,19642567.177,905567.443,0.49077435878663683,0.022625824678190395
2023,96,us,40023621.497999996,1569422.506,6365565.117,0.039212406255601455,0.15904520577474707
2023,97,aus,29122560.123999998,85562.474,139951.366,0.0029380134725685634,0.004805599693299822
2023,97,china,29122560.123999998,924215.94,712030.405,0.031735394692802114,0.024449444072508358
2023,97,us,29122560.123999998,6492401.305,7190739.927,0.22293374199782628,0.2469130425478661
2024,01,aus,28792307.538,1067944.845,187779.793,0.037091325298971946,0.006521873689775257
2024,01,china,28792307.538,1437710.197,296435.281,0.049933830246239014,0.010295641660841725
2024,01,us,28792307.538,1315733.257,4678052.776000001,0.04569738827857056,0.1624757852362448
2024,02,aus,167169248.036,14130157.27,690538.102,0.08452605629330258,0.004130772316755843
2024,02,china,167169248.036,1361696.653,21360229.682,0.00814561690620728,0.1277760708560468
2024,02,us,167169248.036,22636557.886,15208142.031,0.13541101698995023,0.0909745195942074
2024,03,aus,128886072.35700001,884020.306,903562.277,0.00685892812026549,0.0070105501740888925
2024,03,china,128886072.35700001,8989371.485,15542286.542,0.0697466477223423,0.12058934109613957
2024,03,us,128886072.35700001,4572070.695,20053166.132,0.035473737475185646,0.15558830962320716
2024,04,aus,113167699.085,2295801.549,1251680.657,0.020286721101183024,0.011060405638006879
2024,04,china,113167699.085,882457.1320000001,7384645.010000001,0.007797782751924546,0.0652539997694343
2024,04,us,113167699.085,6336756.318999999,4510924.198,0.05599439036257578,0.039860527645895275
2024,05,aus,11938732.827,401169.883,81557.315,0.033602383838654604,0.006831320893248766
2024,05,china,11938732.827,1722491.175,1276389.553,0.1442775544071567,0.10691164393204157
2024,05,us,11938732.827,1418220.045,1144784.609,0.11879150539265183,0.0958882844258828
2024,06,aus,24031559.609,15757.707,120419.977,0.0006557088785073533,0.005010909776946054
2024,06,china,24031559.609,656472.1190000001,271370.749,0.027317083438652325,0.01129226539663991
2024,06,us,24031559.609,469587.498,3955791.2959999996,0.01954045037610193,0.16460818025803559
2024,07,aus,98916769.183,2681504.667,354232.678,0.027108696423749027,0.0035811185598334226
2024,07,china,98916769.183,11409162.579,1985567.056,0.1153410354304293,0.020073108658923356
2024,07,us,98916769.183,4861653.009000001,15982676.514999999,0.049148926407065995,0.1615770171934286
2024,08,aus,164447930.204,2095221.696,813368.561,0.012740942944072617,0.00494605532578613
2024,08,china,164447930.204,7188749.5370000005,21023613.008,0.04371444218289798,0.12784358539459822
2024,08,us,164447930.204,15044501.24,23585530.712,0.09148489264253483,0.14342248444685082
2024,09,aus,72128104.567,39517.167,925294.13,0.0005478747464283134,0.012828482538876253
2024,09,china,72128104.567,3487241.222,1990827.82,0.04834788385102636,0.02760127736547845
2024,09,us,72128104.567,1119699.516,11441312.75,0.015523761822410127,0.15862489134692473
2024,10,aus,156205383.413,8307442.466,295311.364,0.05318281793166819,0.0018905325639079294
2024,10,china,156205383.413,1016480.672,11935069.543000001,0.006507334445141823,0.076406262589838
2024,10,us,156205383.413,21830513.371,3241344.6780000003,0.13975519213240625,0.02075053117362819
2024,11,aus,26937597.803,839296.011,187024.657,0.03115704737808985,0.006942885492899124
2024,11,china,26937597.803,900396.3099999999,2239314.992,0.03342526369963562,0.08312972108265018
2024,11,us,26937597.803,1182561.491,2635279.372,0.04390003517196696,0.09782904144877064
2024,12,aus,135949869.984,3874575.9499999997,473593.174,0.02850003424391653,0.0034835868107541213
2024,12,china,135949869.984,4358447.998,55888190.423,0.03205922887982863,0.41109410718507866
2024,12,us,135949869.984,28955984.009999998,2918868.522,0.21299015595533738,0.021470182519067675
2024,13,aus,9197528.169,39326.093,160448.253,0.004275724116023634,0.01744471449848734
2024,13,china,9197528.169,1647103.2110000001,474381.229,0.17908107273337998,0.05157703464273022
2024,13,us,9197528.169,539198.573,1751427.955,0.058624291558829145,0.19042376634443337
2024,14,aus,1989698.2780000002,532.513,11141.094000000001,0.00026763505094615155,0.005599388672738249
2024,14,china,1989698.2780000002,227552.565,159961.715,0.11436536258589454,0.0803949607680165
2024,14,us,1989698.2780000002,50338.844,200929.136,0.025299737430842763,0.10098472628823373
2024,15,aus,153822445.676,1230176.31,898460.5380000001,0.007997378435856824,0.00584089359684509
2024,15,china,153822445.676,3729759.344,12254833.547,0.024247172300563235,0.07966869524888882
2024,15,us,153822445.676,2626380.427,17167749.978,0.017074103947950548,0.11160757393079586
2024,16,aus,65349215.953,219598.864,907951.734,0.0033603901867459026,0.013893842806821289
2024,16,china,65349215.953,7005240.185999999,2707880.577,0.10719700433802079,0.04143707828028943
2024,16,us,65349215.953,3037254.185,7397167.909,0.04647728577469747,0.11319444007285624
2024,17,aus,71696707.646,1794401.0320000001,422241.451,0.025027662927840325,0.005889272532356751
2024,17,china,71696707.646,3263996.9,3535349.9,0.04552505975749781,0.04930979421615379
2024,17,us,71696707.646,2902647.518,6895217.649,0.04048508799499862,0.09617202623926467
2024,18,aus,87110800.77,282188.268,1026321.726,0.003239417678469815,0.011781796481354974
2024,18,china,87110800.77,540734.497,1200149.23,0.006207433432137878,0.01377727238633442
2024,18,us,87110800.77,2560332.568,8412272.668,0.02939167755741433,0.09656980068649643
2024,19,aus,109735338.568,694125.449,1930504.597,0.006325450470723881,0.017592369260370205
2024,19,china,109735338.568,3132574.6010000003,5566742.603999999,0.028546634492395803,0.05072880511094829
2024,19,us,109735338.568,5318705.296,16049086.099,0.04846848212623997,0.14625266854263924
2024,20,aus,87429318.707,209636.427,1484057.105,0.002397781775042192,0.01697436428589234
2024,20,china,87429318.707,7802041.327,2494464.003,0.08923827203946096,0.028531207149853743
2024,20,us,87429318.707,5888494.086,14902045.112,0.06735148086574921,0.17044677154514842
2024,21,aus,112438500.35599999,1491769.535,2781055.691,0.01326742646225978,0.024734016215039248
2024,21,china,112438500.35599999,6181367.656,5627083.991,0.05497554339864644,0.05004588262191035
2024,21,us,112438500.35599999,13264437.893,12593673.66,0.11797060482843924,0.11200499490945026
2024,22,aus,151037876.77899998,2372648.979,2044776.8429999999,0.015708966714830623,0.013538172586946095
2024,22,china,151037876.77899998,3183153.706,5352946.5309999995,0.02107520162414372,0.03544108699854461
2024,22,us,151037876.77899998,10941463.013,31225081.104000002,0.07244184866958671,0.20673675881771583
2024,23,aus,110075899.443,658888.214,1177074.051,0.005985762708586256,0.010693294871594646
2024,23,china,110075899.443,4556422.006,7056022.107999999,0.04139345696066219,0.0641014258680101
2024,23,us,110075899.443,15509288.706,5439974.599,0.14089631594635382,0.04942021483837116
2024,24,aus,51388987.751,10057.749,294532.025,0.0001957179823960296,0.005731422973869894
2024,24,china,51388987.751,1130746.681,2126189.711,0.022003676867092918,0.041374422888075385
2024,24,us,51388987.751,1429515.056,2691224.147,0.027817536763451476,0.052369666435930724
2024,25,aus,65998043.498,4234471.882999999,595086.359,0.06416056686783936,0.009016727276438635
2024,25,china,65998043.498,4329992.929,10119304.547,0.06560789834824747,0.15332734139772877
2024,25,us,65998043.498,3158279.478,5594034.521,0.04785413795025163,0.08476061144402744
2024,26,aus,368932576.52099997,105003831.272,731237.4299999999,0.28461523311976517,0.0019820354084627094
2024,26,china,368932576.52099997,1619127.5119999999,231817653.453,0.004388681333777089,0.628346934388443
2024,26,us,368932576.52099997,9144546.342,3610719.074,0.024786497381804082,0.00978693480540197
2024,27,aus,3004048597.351,117515683.191,37944341.844000004,0.03911910189955865,0.012631067911970434
2024,27,china,3004048597.351,41994149.649000004,481807054.761,0.013979184519861252,0.1603859056028129
2024,27,us,3004048597.351,343394300.618,247379681.264,0.11431050114196172,0.08234876142887365
2024,28,aus,181289406.87,8051681.45,2159379.355,0.04441341382827593,0.011911227425154849
2024,28,china,181289406.87,26920549.992,18362555.53,0.14849488702505564,0.10128862930842684
2024,28,us,181289406.87,14898132.988,19025111.332,0.08217872872562948,0.10494331500374221
2024,29,aus,495086306.436,246842.966,2139005.2399999998,0.0004985857269552849,0.004320469405421759
2024,29,china,495086306.436,101306588.347,47201694.89,0.20462409691005248,0.09534033617248064
2024,29,us,495086306.436,50481564.64700001,66765010.524000004,0.10196518059730618,0.13485529625051496
2024,30,aus,898423373.2590001,3156674.85,10965718.326,0.003513571601047366,0.01220551318274616
2024,30,china,898423373.2590001,17802813.094,41883128.795,0.01981561658332742,0.046618476368296594
2024,30,us,898423373.2590001,100203575.16499999,203441952.219,0.11153268953980455,0.2264432986432903
2024,31,aus,97366661.933,322300.491,3825483.2970000003,0.003310172954494235,0.039289457202840064
2024,31,china,97366661.933,9875170.415,4726942.141,0.10142250149024629,0.048547850436247944
2024,31,us,97366661.933,4413480.691,9683940.848,0.04532845846186045,0.09945848667035251
2024,32,aus,89452813.742,672118.792,848903.172,0.007513668535218204,0.00948995494371377
2024,32,china,89452813.742,11928245.233,5196387.441,0.13334678624423676,0.05809082155858654
2024,32,us,89452813.742,8092949.732,5399443.539,0.09047171791981529,0.0603608015570431
2024,33,aus,180944639.452,833089.305,2527790.728,0.004604111553252161,0.013969967475441894
2024,33,china,180944639.452,9800625.932,13014536.708,0.054163671063600954,0.07192551681782441
2024,33,us,180944639.452,15556759.589,22585687.297,0.08597524434055871,0.12482098041368839
2024,34,aus,79064502.374,258121.762,1219031.42,0.003264698496159538,0.015418188737008643
2024,34,china,79064502.374,7838581.118,4992933.225000001,0.09914159809570472,0.06315012521525594
2024,34,us,79064502.374,8480852.933,6341355.089,0.10726498843795784,0.08020483148054727
2024,35,aus,40886900.957,298720.265,392485.487,0.007306013857938477,0.009599296542742865
2024,35,china,40886900.957,4832392.733,3428749.355,0.11818926404038639,0.08385936020452986
2024,35,us,40886900.957,4845621.152,3850669.63,0.11851280088691608,0.09417856428027348
2024,36,aus,7537693.307,101271.741,220128.327,0.013435375634871263,0.02920367253408603
2024,36,china,7537693.307,1430669.866,170586.61,0.18980207972529015,0.022631142320633024
2024,36,us,7537693.307,903356.036,1321355.425,0.11984515676182843,0.1752997065790541
2024,37,aus,15079932.652999999,10714.27,75720.76000000001,0.0007104985311634336,0.005021292982030403
2024,37,china,15079932.652999999,1479831.2889999999,3783642.309,0.09813248660003814,0.2509057829410984
2024,37,us,15079932.652999999,2301644.577,1323801.5929999999,0.1526296323705472,0.08778564357425317
2024,38,aus,275886528.211,562449.064,2994310.233,0.002038697096401296,0.010853412279377157
2024,38,china,275886528.211,37742206.73199999,21538963.043,0.13680336976488566,0.07807181881141673
2024,38,us,275886528.211,40045615.673,24618701.428999998,0.14515248690350266,0.08923488069040993
2024,39,aus,726809183.578,805771.953,7207858.577,0.0011086430540589419,0.009917126447847731
2024,39,china,726809183.578,136291865.176,58959115.879,0.18752083525561752,0.08112048830856938
2024,39,us,726809183.578,79093245.349,79570212.991,0.10882257287894032,0.10947882166167024
2024,40,aus,227695562.271,215467.374,4085785.8600000003,0.0009462958867136542,0.017944073302303347
2024,40,china,227695562.271,37729864.489999995,17121662.73,0.16570311741558869,0.07519541689452007
2024,40,us,227695562.271,14267578.726,35733331.905999996,0.06266076766581394,0.15693468748183462
2024,41,aus,16852401.756,480048.826,45961.953,0.02848548432149068,0.0027273235984678597
2024,41,china,16852401.756,1262530.764,2907810.828,0.07491696330764831,0.17254578131361753
2024,41,us,16852401.756,1453685.608,577582.573,0.0862598476494569,0.03427301231970463
2024,42,aus,91745903.338,81753.041,1622523.8,0.0008910811058104096,0.017684972745022513
2024,42,china,91745903.338,32620096.088,5005428.429,0.3555482577551685,0.05455751425281148
2024,42,us,91745903.338,901373.63,14880488.759,0.0098246744236553,0.16219240552004777
2024,43,aus,3460965.4889999996,3573.208,19367.385,0.0010324309824402298,0.00559594860496455
2024,43,china,3460965.4889999996,644763.6179999999,788685.3309999999,0.18629588190036991,0.22788014890835567
2024,43,us,3460965.4889999996,91444.60399999999,153865.601,0.026421703507486204,0.044457421343561974
2024,44,aus,150930149.8,1376293.532,1885176.477,0.009118744888438451,0.012490390286487345
2024,44,china,150930149.8,16109528.997000001,17336482.223,0.10673499640957754,0.11486427493759765
2024,44,us,150930149.8,9867454.089000002,24407385.768,0.06537762072107876,0.16171312226445558
2024,45,aus,1965042.785,1773.104,23898.744000000002,0.0009023233557736506,0.012161945878445594
2024,45,china,1965042.785,90739.31,33355.138,0.04617676047191003,0.016974255346811698
2024,45,us,1965042.785,30640.941,291471.642,0.01559301468339276,0.1483283947937042
2024,46,aus,2419519.204,502.792,35365.217,0.00020780657544225054,0.01461663000712434
2024,46,china,2419519.204,997458.451,23224.319,0.4122548187883695,0.009598733071266833
2024,46,us,2419519.204,9600.01,653481.901,0.003967734574757275,0.2700875033021643
2024,47,aus,61605305.241,186678.83,222100.785,0.0030302395105374818,0.0036052217277577243
2024,47,china,61605305.241,389168.233,21074487.328,0.0063171220640425955,0.34208883870563733
2024,47,us,61605305.241,8173223.915,4741063.096,0.13267078026845808,0.07695868200722256
2024,48,aus,204847738.668,736265.978,2926104.118,0.003594210913859674,0.014284288110899693
2024,48,china,204847738.668,32597090.058,6738478.565,0.15912838613674238,0.03289505956383126
2024,48,us,204847738.668,16376931.553,22155417.831,0.0799468505705223,0.1081555401834708
2024,49,aus,34590347.267,209642.316,610089.574,0.006060717297279166,0.01763756718863704
2024,49,china,34590347.267,6618601.006999999,1333884.484,0.1913424272937063,0.03856233282955667
2024,49,us,34590347.267,3813928.416,5684962.049000001,0.11025990535916294,0.16435111232385885
2024,50,aus,1582828.655,200.854,2879.6859999999997,0.00012689560513421463,0.001819328953202455
2024,50,china,1582828.655,642986.6270000001,89510.12700000001,0.4062262993337078,0.05655073700949646
2024,50,us,1582828.655,3350.925,62436.765,0.0021170484811572987,0.03944631960178911
2024,51,aus,9650790.577,1841419.895,46047.776,0.19080508278653532,0.004771399361803807
2024,51,china,9650790.577,1486062.56,2759425.915,0.15398350509663122,0.28592744739237547
2024,51,us,9650790.577,59178.459,244668.664,0.00613198043495375,0.025352188719450646
2024,52,aus,50138811.29,2297201.0840000003,54648.663,0.04581682383160465,0.0010899473201292165
2024,52,china,50138811.29,9451411.435,8640287.336,0.1885048965427916,0.17232732714832577
2024,52,us,50138811.29,5890525.753999999,871659.958,0.11748435199090654,0.01738493465587704
2024,53,aus,6527019.39,1011.001,35190.147,0.00015489474438346964,0.005391457401507735
2024,53,china,6527019.39,1835056.4270000001,1297611.511,0.2811476904468029,0.1988061369923401
2024,53,us,6527019.39,14426.579,276199.826,0.002210285911223561,0.042316378962067094
2024,54,aus,50929856.343,22043.178,273914.727,0.0004328144546794839,0.005378274094378983
2024,54,china,50929856.343,26281809.11,2125161.019,0.5160393332547123,0.04172721408612593
2024,54,us,50929856.343,1541454.334,1856032.874,0.030266221911538212,0.03644292380288837
2024,55,aus,37925099.723,11884.237,99080.64600000001,0.00031336073172650626,0.0026125348838545496
2024,55,china,37925099.723,13788878.596,1505691.601,0.3635818678582833,0.03970171764866476
2024,55,us,37925099.723,2352841.273,1774100.158,0.06203915850412648,0.046779050574890964
2024,56,aus,28912873.599,65726.257,291546.33999999997,0.0022732523204567687,0.010083616870586105
2024,56,china,28912873.599,7510116.908,1027365.626,0.2597499305036131,0.03553315523903972
2024,56,us,28912873.599,2037499.18,3109418.026,0.07047031050107971,0.10754441323008256
2024,57,aus,16196425.645000001,23760.557,401532.692,0.0014670247325424622,0.02479143860509477
2024,57,china,16196425.645000001,3291591.902,95487.181,0.20322952570810876,0.0058955712262031
2024,57,us,16196425.645000001,612980.9720000001,3550095.828,0.03784668206649863,0.21919007970106974
2024,58,aus,11638885.766,6335.417,46227.529,0.0005443319169354927,0.003971817399827206
2024,58,china,11638885.766,5525311.524,239860.449,0.4747285638064059,0.020608540527194654
2024,58,us,11638885.766,350736.021,932619.811,0.03013484521212372,0.08012964726609895
2024,59,aus,26508656.902,41821.022000000004,235096.827,0.0015776363983512395,0.008868681196076087
2024,59,china,26508656.902,8721387.169,1101347.842,0.32900147303736077,0.041546723625854716
2024,59,us,26508656.902,1658505.964,2885598.0439999998,0.0625646923618703,0.10885493198194776
2024,60,aus,35998281.408,15400.851,70431.273,0.000427821840310894,0.0019565176515439946
2024,60,china,35998281.408,20205207.768,618306.8150000001,0.5612825662146677,0.01717600926533654
2024,60,us,35998281.408,547212.8369999999,1002442.2289999999,0.015201082262732445,0.027846946848335496
2024,61,aus,244860935.642,106954.56,4235705.352,0.0004367971547587868,0.017298412018619546
2024,61,china,244860935.642,70790719.612,3658375.708,0.28910581194339585,0.014940626190160216
2024,61,us,244860935.642,1441017.313,47549873.229,0.00588504372582667,0.19419134009403813
2024,62,aus,224770018.192,122259.026,4047521.077,0.0005439294216525157,0.018007388661340863
2024,62,china,224770018.192,61750553.436000004,5378613.751,0.2747277147223981,0.023929409243565365
2024,62,us,224770018.192,1610776.1120000002,36719338.461,0.007166329944521626,0.16336404097113214
2024,63,aus,71767300.306,144068.521,1747012.0119999999,0.002007439605303857,0.024342729969653653
2024,63,china,71767300.306,31070256.373,289526.739,0.4329305441409006,0.004034243140894553
2024,63,us,71767300.306,2126040.201,17625482.985,0.029624079377864734,0.24559211381574636
2024,64,aus,158156858.913,102525.903,2031796.337,0.0006482545474451927,0.012846716550672422
2024,64,china,158156858.913,50445088.092999995,5768443.674000001,0.3189560569153006,0.03647292765957843
2024,64,us,158156858.913,1130823.568,27791110.237,0.0071500128149488045,0.17571865316500454
2024,65,aus,13778293.596,8902.588,284972.041,0.0006461313905072051,0.020682680261852653
2024,65,china,13778293.596,6453378.627,246352.937,0.4683728490786037,0.017879785713923176
2024,65,us,13778293.596,450276.10500000004,3096422.3370000003,0.032680106710073334,0.2247319173035279
2024,66,aus,3630865.65,728.077,51327.867000000006,0.00020052435704967492,0.014136537109270349
2024,66,china,3630865.65,2892517.76,7253.804,0.79664687124956,0.0019978166914548325
2024,66,us,3630865.65,33249.371,690207.625,0.009157422555692745,0.1900945095558686
2024,67,aus,8887634.336,2790.279,85550.78,0.0003139506976224005,0.009625821311467601
2024,67,china,8887634.336,6239177.103,926140.954,0.7020065033197604,0.10420556460661301
2024,67,us,8887634.336,75894.351,2651258.031,0.008539319703172812,0.29830863093240567
2024,68,aus,58133572.941,96839.136,853001.618,0.001665803959758029,0.014673132492057813
2024,68,china,58133572.941,11272535.973000001,1789087.256,0.19390750306093424,0.03077545668517144
2024,68,us,58133572.941,4246056.6110000005,10182154.786,0.07303966359179988,0.17515102325353218
2024,69,aus,54395643.577,43461.441999999995,922340.388,0.0007989875501422821,0.016956144414292607
2024,69,china,54395643.577,17694113.520999998,1237823.098,0.32528548901077003,0.022755923390221387
2024,69,us,54395643.577,1841868.8809999998,6997400.854,0.03386059544258786,0.12863899374762977
2024,70,aus,85238484.203,94656.387,897919.249,0.0011104888582318144,0.010534200102169313
2024,70,china,85238484.203,22807499.122,6061495.573,0.26757279103746995,0.07111219339100663
2024,70,us,85238484.203,6484133.437,9703287.989,0.07607049207442135,0.11383693738489181
2024,71,aus,899196011.531,37139431.069,8825574.763,0.041302931277203074,0.00981496208815839
2024,71,china,899196011.531,37670073.425,89240598.239,0.04189306107003491,0.09924487775146609
2024,71,us,899196011.531,49047598.422,76152390.746,0.0545460586935767,0.0846894222944122
2024,72,aus,451738514.878,2051631.545,1772305.847,0.0045416352102589245,0.003923300291272801
2024,72,china,451738514.878,71057319.642,30276005.106,0.15729745705032544,0.06702108434162753
2024,72,us,451738514.878,19026380.064999998,33986818.02,0.04211812683303837,0.07523559957950175
2024,73,aus,362385862.15,705356.787,6867390.674,0.0019464246833891007,0.01895049280691151
2024,73,china,362385862.15,101513436.29100001,8396899.28,0.2801252667218602,0.023171155823193585
2024,73,us,362385862.15,21675178.033,52698291.183,0.059812427296151355,0.1454203838702376
2024,74,aus,235735278.556,4370773.0,1024880.673,0.018541022059885292,0.004347591413885618
2024,74,china,235735278.556,13342830.204,65353632.084,0.05660090541276515,0.27723314255008696
2024,74,us,235735278.556,11875120.988,17242437.524,0.05037481475297729,0.0731432207755191
2024,75,aus,42467973.977,2161452.844,98821.911,0.05089606688490978,0.002326974935360006
2024,75,china,42467973.977,2057670.867,10636575.85,0.04845229650263992,0.25046110878189304
2024,75,us,42467973.977,4242570.9629999995,3646537.616,0.09990047948361537,0.08586558939625678
2024,76,aus,243687400.428,4727293.68,2589573.235,0.019399007382807747,0.010626619310033291
2024,76,china,243687400.428,37779829.197,13996021.962,0.1550339867003606,0.05743432749259136
2024,76,us,243687400.428,13672732.299,28984228.955,0.05610767021596487,0.11894020332644852
2024,78,aus,10003775.475,854712.107,12607.01,0.08543895343672735,0.0012602252051243685
2024,78,china,10003775.475,211967.785,496574.31200000003,0.021188778729562603,0.0496386902365979
2024,78,us,10003775.475,236986.28000000003,983498.1080000001,0.02368968401902283,0.09831269308850618
2024,79,aus,18232447.751,1231135.935,40208.123999999996,0.0675244460762256,0.002205305867271425
2024,79,china,18232447.751,554843.642,1458116.298,0.030431659510422475,0.07997369952260121
2024,79,us,18232447.751,294140.591,2158246.847,0.016132808661627304,0.11837394937175269
2024,80,aus,7321550.615,11262.273000000001,13110.563,0.0015382360366295168,0.0017906811943824825
2024,80,china,7321550.615,565966.177,786827.528,0.07730140878087749,0.10746733436329595
2024,80,us,7321550.615,164346.471,780108.399,0.022446948691892638,0.10654961496841335
2024,81,aus,27056349.864,132757.46600000001,120398.518,0.00490670273955325,0.004449917250670868
2024,81,china,27056349.864,5886957.369000001,4557177.72,0.2175813588525823,0.1684328352829138
2024,81,us,27056349.864,3947100.2080000006,3861881.265,0.14588443111655058,0.14273474745898562
2024,82,aus,69692931.654,131515.111,1199301.226,0.0018870652715963305,0.0172083624197945
2024,82,china,69692931.654,22208599.409,2129839.54,0.31866358441136616,0.0305603378915652
2024,82,us,69692931.654,4463036.259,11383058.076,0.06403857827587664,0.16333160057769894
2024,83,aus,85392807.03999999,122581.317,1196364.931,0.001435499326571851,0.014010137065052736
2024,83,china,85392807.03999999,27915113.196000002,1711945.9510000001,0.3269023956891815,0.020047894083140803
2024,83,us,85392807.03999999,5069119.209999999,15985610.112,0.059362367694804845,0.1872008974305291
2024,84,aus,2767613303.255,4459295.098,42131525.718,0.0016112421098552342,0.015223053621128704
2024,84,china,2767613303.255,642947377.161,187622592.484,0.23231113118470245,0.06779219924378033
2024,84,us,2767613303.255,265190090.5,513927741.178,0.09581905470251532,0.18569347841100767
2024,85,aus,3462366975.512,2893759.9529999997,31481757.107,0.0008357750560430073,0.009092553542030193
2024,85,china,3462366975.512,1062486215.1859999,356440771.819,0.30686701401109684,0.10294713828429208
2024,85,us,3462366975.512,168249084.788,474664297.605,0.04859366034217676,0.1370924286657421
2024,86,aus,41122867.703,68848.215,974510.226,0.0016742075357496864,0.023697525985740226
2024,86,china,41122867.703,7414610.077,750157.049,0.1803038185602773,0.018241846712097717
2024,86,us,41122867.703,3599833.259,5712895.7469999995,0.08753847822576305,0.1389226011245133
2024,87,aus,1842226857.212,1274096.711,43127515.769,0.0006916068485334102,0.023410534701610298
2024,87,china,1842226857.212,206601998.765,57973043.379999995,0.11214796807254701,0.03146900347969934
2024,87,us,1842226857.212,140680749.56,382788182.704,0.0763645090772937,0.20778558362964386
2024,88,aus,252431835.956,1230462.442,4289796.149,0.004874434467982379,0.016993879289249916
2024,88,china,252431835.956,5683869.938,13288837.106,0.022516454457791622,0.052643269244043785
2024,88,us,252431835.956,67921115.267,38365008.392,0.2690671523651991,0.15198165574760225
2024,89,aus,146204608.848,372016.773,1270379.472,0.0025444941574089713,0.008689052157861426
2024,89,china,146204608.848,34102815.33,1345595.804,0.23325403760325103,0.00920351153498132
2024,89,us,146204608.848,2024411.595,5687760.12,0.013846428036373717,0.038902741608598794
2024,90,aus,678264806.174,3755722.7739999997,10061304.650999999,0.005537251438985201,0.014833888710449914
2024,90,china,678264806.174,85053785.243,62372710.497,0.12539908376313508,0.09195923174731123
2024,90,us,678264806.174,108389695.635,122716992.921,0.15980439298688018,0.1809278497187993
2024,91,aus,57402581.232,94292.314,829845.501,0.0016426493717922779,0.01445658859217622
2024,91,china,57402581.232,7601320.154999999,3096411.644,0.13242122552430657,0.053942027998452706
2024,91,us,57402581.232,901433.256,7534452.390000001,0.015703705942364164,0.1312563342674179
2024,92,aus,7633426.459,10414.612,161365.38,0.0013643430058490854,0.02113931153548302
2024,92,china,7633426.459,2275279.982,394446.399,0.2980679769721746,0.051673570331569496
2024,92,us,7633426.459,864104.941,1625999.943,0.11320013962814808,0.21301049426930754
2024,93,aus,28507720.862,191908.306,478665.77599999995,0.006731801076942929,0.016790741649152605
2024,93,china,28507720.862,577047.929,15013.723,0.02024181209691824,0.0005266546235905121
2024,93,us,28507720.862,5739583.601000001,4534482.792,0.2013343553062043,0.15906156840634497
2024,94,aus,277317202.291,237084.179,5472879.671,0.0008549205640377769,0.019735089009217284
2024,94,china,277317202.291,104598733.45500001,2043893.786,0.37718083332328006,0.007370238013057916
2024,94,us,277317202.291,8000814.054,72504749.497,0.028850767236590056,0.26145060204710224
2024,95,aus,140987239.394,463271.096,3258629.902,0.0032859079870721656,0.023112942107430735
2024,95,china,140987239.394,86021285.512,1643099.058,0.6101352567916215,0.01165423952594908
2024,95,us,140987239.394,4168592.0,43071274.566,0.029567158119541158,0.30549768015269746
2024,96,aus,42421821.175,37389.688,672642.382,0.0008813786623105769,0.01585604680254513
2024,96,china,42421821.175,22102512.744999997,883805.289,0.5210175360888428,0.02083374227037767
2024,96,us,42421821.175,1413031.6430000002,7277879.719,0.033309075467809646,0.17155981326160027
2024,97,aus,27452143.809,100900.362,194345.956,0.0036755002706535616,0.007079445501676448
2024,97,china,27452143.809,1283509.514,476016.74100000004,0.04675443648154029,0.017339874958834406
2024,97,us,27452143.809,6339938.251,7689012.408,0.23094510560306383,0.28008786714424866
