country,year,flow,partner,hs2,value_usd
Cook Islands,2002,export,aus,20,22249.0
Cook Islands,2002,export,aus,33,16862.0
Cook Islands,2002,export,aus,49,218.0
Cook Islands,2002,export,aus,62,11098.0
Cook Islands,2002,export,aus,71,2019998.0
Cook Islands,2002,export,aus,84,4672.0
Cook Islands,2002,export,aus,85,2556.0
Cook Islands,2002,export,aus,90,550.0
Cook Islands,2002,export,aus,94,564.0
Cook Islands,2002,export,china,03,25365.0
Cook Islands,2002,export,china,84,99939.0
Cook Islands,2002,export,us,03,315069.0
Cook Islands,2002,export,us,06,55980.0
Cook Islands,2002,export,us,08,23502.0
Cook Islands,2002,export,us,20,18400.0
Cook Islands,2002,export,us,29,8150.0
Cook Islands,2002,export,us,34,3337.0
Cook Islands,2002,export,us,42,143426.0
Cook Islands,2002,export,us,53,2638.0
Cook Islands,2002,export,us,61,26343.0
Cook Islands,2002,export,us,62,10712.0
Cook Islands,2002,export,us,63,1485.0
Cook Islands,2002,export,us,65,353.0
Cook Islands,2002,export,us,71,318639.0
Cook Islands,2002,export,us,84,8643.0
Cook Islands,2002,export,us,87,3210.0
Cook Islands,2002,export,us,95,125949.0
Cook Islands,2002,export,us,97,99810.0
Cook Islands,2002,export,world,03,1728486.0
Cook Islands,2002,export,world,06,55980.0
Cook Islands,2002,export,world,07,5221.0
Cook Islands,2002,export,world,08,184089.0
Cook Islands,2002,export,world,09,5430.0
Cook Islands,2002,export,world,20,509695.0
Cook Islands,2002,export,world,22,28010.0
Cook Islands,2002,export,world,29,8150.0
Cook Islands,2002,export,world,30,89723.0
Cook Islands,2002,export,world,32,19893.0
Cook Islands,2002,export,world,33,17747.0
Cook Islands,2002,export,world,34,3337.0
Cook Islands,2002,export,world,35,19979.0
Cook Islands,2002,export,world,36,13648.0
Cook Islands,2002,export,world,37,221.0
Cook Islands,2002,export,world,39,6314.0
Cook Islands,2002,export,world,40,4000.0
Cook Islands,2002,export,world,41,9664.0
Cook Islands,2002,export,world,42,145335.0
Cook Islands,2002,export,world,43,6581.0
Cook Islands,2002,export,world,44,13954.0
Cook Islands,2002,export,world,46,659.0
Cook Islands,2002,export,world,49,4893.0
Cook Islands,2002,export,world,51,163952.0
Cook Islands,2002,export,world,53,2638.0
Cook Islands,2002,export,world,58,36016.0
Cook Islands,2002,export,world,61,123015.0
Cook Islands,2002,export,world,62,181645.0
Cook Islands,2002,export,world,63,3758.0
Cook Islands,2002,export,world,65,412.0
Cook Islands,2002,export,world,68,7687.0
Cook Islands,2002,export,world,69,3085.0
Cook Islands,2002,export,world,70,83063.0
Cook Islands,2002,export,world,71,3687158.0
Cook Islands,2002,export,world,72,1214.0
Cook Islands,2002,export,world,73,71434.0
Cook Islands,2002,export,world,74,2638.0
Cook Islands,2002,export,world,76,6929.0
Cook Islands,2002,export,world,82,16188.0
Cook Islands,2002,export,world,83,3405.0
Cook Islands,2002,export,world,84,348715.0
Cook Islands,2002,export,world,85,101086.0
Cook Islands,2002,export,world,87,12210.0
Cook Islands,2002,export,world,90,63112.0
Cook Islands,2002,export,world,91,270.0
Cook Islands,2002,export,world,92,5265.0
Cook Islands,2002,export,world,94,5006.0
Cook Islands,2002,export,world,95,125967.0
Cook Islands,2002,export,world,96,429.0
Cook Islands,2002,export,world,97,102250.0
Cook Islands,2002,import,aus,02,467922.0
Cook Islands,2002,import,aus,09,107.0
Cook Islands,2002,import,aus,11,134937.0
Cook Islands,2002,import,aus,15,7761.0
Cook Islands,2002,import,aus,16,23167.0
Cook Islands,2002,import,aus,17,2449.0
Cook Islands,2002,import,aus,19,21007.0
Cook Islands,2002,import,aus,20,9126.0
Cook Islands,2002,import,aus,21,17667.0
Cook Islands,2002,import,aus,22,509274.0
Cook Islands,2002,import,aus,23,956.0
Cook Islands,2002,import,aus,24,23803.0
Cook Islands,2002,import,aus,25,11409.0
Cook Islands,2002,import,aus,27,263754.0
Cook Islands,2002,import,aus,28,70.0
Cook Islands,2002,import,aus,29,411.0
Cook Islands,2002,import,aus,30,38718.0
Cook Islands,2002,import,aus,32,24867.0
Cook Islands,2002,import,aus,33,86964.0
Cook Islands,2002,import,aus,34,35394.0
Cook Islands,2002,import,aus,35,3123.0
Cook Islands,2002,import,aus,37,981.0
Cook Islands,2002,import,aus,38,34384.0
Cook Islands,2002,import,aus,39,29516.0
Cook Islands,2002,import,aus,40,18935.0
Cook Islands,2002,import,aus,44,6076.0
Cook Islands,2002,import,aus,48,2356.0
Cook Islands,2002,import,aus,49,18285.0
Cook Islands,2002,import,aus,56,8858.0
Cook Islands,2002,import,aus,57,228.0
Cook Islands,2002,import,aus,61,939.0
Cook Islands,2002,import,aus,62,4606.0
Cook Islands,2002,import,aus,63,4072.0
Cook Islands,2002,import,aus,64,5497.0
Cook Islands,2002,import,aus,66,71.0
Cook Islands,2002,import,aus,68,10512.0
Cook Islands,2002,import,aus,69,1101.0
Cook Islands,2002,import,aus,70,9150.0
Cook Islands,2002,import,aus,71,290143.0
Cook Islands,2002,import,aus,72,11566.0
Cook Islands,2002,import,aus,73,120169.0
Cook Islands,2002,import,aus,76,19778.0
Cook Islands,2002,import,aus,82,25894.0
Cook Islands,2002,import,aus,83,2307.0
Cook Islands,2002,import,aus,84,612244.0
Cook Islands,2002,import,aus,85,239666.0
Cook Islands,2002,import,aus,87,88025.0
Cook Islands,2002,import,aus,88,67135.0
Cook Islands,2002,import,aus,90,63239.0
Cook Islands,2002,import,aus,94,204235.0
Cook Islands,2002,import,aus,95,1432.0
Cook Islands,2002,import,aus,96,7742.0
Cook Islands,2002,import,china,19,4805.0
Cook Islands,2002,import,china,52,17092.0
Cook Islands,2002,import,china,55,6710.0
Cook Islands,2002,import,china,61,13019.0
Cook Islands,2002,import,china,73,6891.0
Cook Islands,2002,import,china,82,252.0
Cook Islands,2002,import,china,87,17905.0
Cook Islands,2002,import,us,02,270248.0
Cook Islands,2002,import,us,05,5081.0
Cook Islands,2002,import,us,18,15068.0
Cook Islands,2002,import,us,21,142975.0
Cook Islands,2002,import,us,34,4228.0
Cook Islands,2002,import,us,39,12581.0
Cook Islands,2002,import,us,42,4077.0
Cook Islands,2002,import,us,44,4100.0
Cook Islands,2002,import,us,48,14144.0
Cook Islands,2002,import,us,64,6663.0
Cook Islands,2002,import,us,71,21355.0
Cook Islands,2002,import,us,84,19360.0
Cook Islands,2002,import,us,85,109177.0
Cook Islands,2002,import,us,87,42000.0
Cook Islands,2002,import,us,88,30150.0
Cook Islands,2002,import,us,90,3940.0
Cook Islands,2002,import,world,01,7682.0
Cook Islands,2002,import,world,02,1627291.0
Cook Islands,2002,import,world,03,114417.0
Cook Islands,2002,import,world,04,894162.0
Cook Islands,2002,import,world,05,6195.0
Cook Islands,2002,import,world,06,7714.0
Cook Islands,2002,import,world,07,284360.0
Cook Islands,2002,import,world,08,146598.0
Cook Islands,2002,import,world,09,89413.0
Cook Islands,2002,import,world,10,5406.0
Cook Islands,2002,import,world,11,263575.0
Cook Islands,2002,import,world,12,13890.0
Cook Islands,2002,import,world,13,56.0
Cook Islands,2002,import,world,14,195.0
Cook Islands,2002,import,world,15,205332.0
Cook Islands,2002,import,world,16,1279361.0
Cook Islands,2002,import,world,17,521579.0
Cook Islands,2002,import,world,18,182485.0
Cook Islands,2002,import,world,19,735556.0
Cook Islands,2002,import,world,20,587620.0
Cook Islands,2002,import,world,21,927186.0
Cook Islands,2002,import,world,22,2140189.0
Cook Islands,2002,import,world,23,458507.0
Cook Islands,2002,import,world,24,385371.0
Cook Islands,2002,import,world,25,468631.0
Cook Islands,2002,import,world,27,455575.0
Cook Islands,2002,import,world,28,21669.0
Cook Islands,2002,import,world,29,17243.0
Cook Islands,2002,import,world,30,638974.0
Cook Islands,2002,import,world,31,28417.0
Cook Islands,2002,import,world,32,753833.0
Cook Islands,2002,import,world,33,354751.0
Cook Islands,2002,import,world,34,286297.0
Cook Islands,2002,import,world,35,33028.0
Cook Islands,2002,import,world,36,6771.0
Cook Islands,2002,import,world,37,93070.0
Cook Islands,2002,import,world,38,302693.0
Cook Islands,2002,import,world,39,1050909.0
Cook Islands,2002,import,world,40,158399.0
Cook Islands,2002,import,world,42,30373.0
Cook Islands,2002,import,world,44,1418767.0
Cook Islands,2002,import,world,46,1334.0
Cook Islands,2002,import,world,48,585664.0
Cook Islands,2002,import,world,49,193318.0
Cook Islands,2002,import,world,51,6875.0
Cook Islands,2002,import,world,52,106215.0
Cook Islands,2002,import,world,53,138921.0
Cook Islands,2002,import,world,54,11339.0
Cook Islands,2002,import,world,55,153065.0
Cook Islands,2002,import,world,56,253007.0
Cook Islands,2002,import,world,57,29135.0
Cook Islands,2002,import,world,58,48115.0
Cook Islands,2002,import,world,59,5977.0
Cook Islands,2002,import,world,60,23975.0
Cook Islands,2002,import,world,61,245179.0
Cook Islands,2002,import,world,62,285436.0
Cook Islands,2002,import,world,63,215704.0
Cook Islands,2002,import,world,64,126449.0
Cook Islands,2002,import,world,65,30751.0
Cook Islands,2002,import,world,66,5209.0
Cook Islands,2002,import,world,67,2805.0
Cook Islands,2002,import,world,68,397136.0
Cook Islands,2002,import,world,69,171106.0
Cook Islands,2002,import,world,70,149688.0
Cook Islands,2002,import,world,71,739710.0
Cook Islands,2002,import,world,72,401495.0
Cook Islands,2002,import,world,73,857887.0
Cook Islands,2002,import,world,74,25889.0
Cook Islands,2002,import,world,76,465425.0
Cook Islands,2002,import,world,78,883.0
Cook Islands,2002,import,world,79,7630.0
Cook Islands,2002,import,world,80,420.0
Cook Islands,2002,import,world,81,1047.0
Cook Islands,2002,import,world,82,234500.0
Cook Islands,2002,import,world,83,76328.0
Cook Islands,2002,import,world,84,3323525.0
Cook Islands,2002,import,world,85,2345075.0
Cook Islands,2002,import,world,86,14460.0
Cook Islands,2002,import,world,87,2802994.0
Cook Islands,2002,import,world,88,246878.0
Cook Islands,2002,import,world,89,462061.0
Cook Islands,2002,import,world,90,716790.0
Cook Islands,2002,import,world,91,30111.0
Cook Islands,2002,import,world,92,26740.0
Cook Islands,2002,import,world,94,1092558.0
Cook Islands,2002,import,world,95,141054.0
Cook Islands,2002,import,world,96,172972.0
Cook Islands,2002,import,world,97,778.0
Cook Islands,2003,export,aus,03,17221.0
Cook Islands,2003,export,aus,20,3671.0
Cook Islands,2003,export,aus,33,398.0
Cook Islands,2003,export,aus,44,1061.0
Cook Islands,2003,export,aus,62,1985.0
Cook Islands,2003,export,aus,63,325.0
Cook Islands,2003,export,aus,71,703015.0
Cook Islands,2003,export,aus,84,941.0
Cook Islands,2003,export,aus,85,2240.0
Cook Islands,2003,export,aus,90,53661.0
Cook Islands,2003,export,aus,92,230.0
Cook Islands,2003,export,aus,94,3024.0
Cook Islands,2003,export,aus,96,3586.0
Cook Islands,2003,export,china,03,52560.0
Cook Islands,2003,export,china,20,20538.0
Cook Islands,2003,export,china,39,4456.0
Cook Islands,2003,export,us,03,1377893.0
Cook Islands,2003,export,us,05,8563.0
Cook Islands,2003,export,us,06,63365.0
Cook Islands,2003,export,us,08,216038.0
Cook Islands,2003,export,us,29,912569.0
Cook Islands,2003,export,us,39,3077.0
Cook Islands,2003,export,us,44,36659.0
Cook Islands,2003,export,us,46,61215.0
Cook Islands,2003,export,us,61,39561.0
Cook Islands,2003,export,us,62,15285.0
Cook Islands,2003,export,us,63,783.0
Cook Islands,2003,export,us,64,1781.0
Cook Islands,2003,export,us,71,172095.0
Cook Islands,2003,export,us,84,72007.0
Cook Islands,2003,export,us,85,13590.0
Cook Islands,2003,export,us,88,122993.0
Cook Islands,2003,export,us,91,52781.0
Cook Islands,2003,export,world,03,3081841.0
Cook Islands,2003,export,world,05,151599.0
Cook Islands,2003,export,world,06,74807.0
Cook Islands,2003,export,world,07,15053.0
Cook Islands,2003,export,world,08,556163.0
Cook Islands,2003,export,world,09,28700.0
Cook Islands,2003,export,world,13,1419.0
Cook Islands,2003,export,world,15,69.0
Cook Islands,2003,export,world,20,1026326.0
Cook Islands,2003,export,world,22,11453.0
Cook Islands,2003,export,world,24,437598.0
Cook Islands,2003,export,world,25,1000.0
Cook Islands,2003,export,world,29,956793.0
Cook Islands,2003,export,world,33,398.0
Cook Islands,2003,export,world,34,3709.0
Cook Islands,2003,export,world,37,584.0
Cook Islands,2003,export,world,38,1965.0
Cook Islands,2003,export,world,39,12026.0
Cook Islands,2003,export,world,40,26297.0
Cook Islands,2003,export,world,41,3511.0
Cook Islands,2003,export,world,42,14225.0
Cook Islands,2003,export,world,44,37720.0
Cook Islands,2003,export,world,45,1870.0
Cook Islands,2003,export,world,46,61283.0
Cook Islands,2003,export,world,49,7703.0
Cook Islands,2003,export,world,52,14344.0
Cook Islands,2003,export,world,53,8199.0
Cook Islands,2003,export,world,55,50062.0
Cook Islands,2003,export,world,59,124.0
Cook Islands,2003,export,world,61,168066.0
Cook Islands,2003,export,world,62,226986.0
Cook Islands,2003,export,world,63,1221.0
Cook Islands,2003,export,world,64,1781.0
Cook Islands,2003,export,world,70,22750.0
Cook Islands,2003,export,world,71,1283403.0
Cook Islands,2003,export,world,73,38599.0
Cook Islands,2003,export,world,74,1555.0
Cook Islands,2003,export,world,76,9113.0
Cook Islands,2003,export,world,82,21423.0
Cook Islands,2003,export,world,84,225808.0
Cook Islands,2003,export,world,85,242191.0
Cook Islands,2003,export,world,87,13328.0
Cook Islands,2003,export,world,88,122993.0
Cook Islands,2003,export,world,90,130317.0
Cook Islands,2003,export,world,91,52781.0
Cook Islands,2003,export,world,92,1728.0
Cook Islands,2003,export,world,94,3024.0
Cook Islands,2003,export,world,95,5322.0
Cook Islands,2003,export,world,96,6093.0
Cook Islands,2003,export,world,97,2209.0
Cook Islands,2003,import,aus,02,435859.0
Cook Islands,2003,import,aus,10,603.0
Cook Islands,2003,import,aus,11,147140.0
Cook Islands,2003,import,aus,15,4426.0
Cook Islands,2003,import,aus,17,1808.0
Cook Islands,2003,import,aus,19,24344.0
Cook Islands,2003,import,aus,20,9786.0
Cook Islands,2003,import,aus,21,20468.0
Cook Islands,2003,import,aus,22,438660.0
Cook Islands,2003,import,aus,23,5327.0
Cook Islands,2003,import,aus,24,23585.0
Cook Islands,2003,import,aus,25,24682.0
Cook Islands,2003,import,aus,27,273845.0
Cook Islands,2003,import,aus,30,20359.0
Cook Islands,2003,import,aus,32,36559.0
Cook Islands,2003,import,aus,33,249871.0
Cook Islands,2003,import,aus,34,48162.0
Cook Islands,2003,import,aus,35,3624.0
Cook Islands,2003,import,aus,38,52352.0
Cook Islands,2003,import,aus,39,47448.0
Cook Islands,2003,import,aus,40,15166.0
Cook Islands,2003,import,aus,42,6465.0
Cook Islands,2003,import,aus,48,1944.0
Cook Islands,2003,import,aus,49,11486.0
Cook Islands,2003,import,aus,52,2802.0
Cook Islands,2003,import,aus,54,2584.0
Cook Islands,2003,import,aus,56,16540.0
Cook Islands,2003,import,aus,59,1309.0
Cook Islands,2003,import,aus,61,4424.0
Cook Islands,2003,import,aus,62,27794.0
Cook Islands,2003,import,aus,63,13692.0
Cook Islands,2003,import,aus,64,13147.0
Cook Islands,2003,import,aus,65,102.0
Cook Islands,2003,import,aus,67,1452.0
Cook Islands,2003,import,aus,68,6968.0
Cook Islands,2003,import,aus,69,12883.0
Cook Islands,2003,import,aus,70,3363.0
Cook Islands,2003,import,aus,71,52392.0
Cook Islands,2003,import,aus,72,1014.9999999999999
Cook Islands,2003,import,aus,73,62311.0
Cook Islands,2003,import,aus,76,27740.0
Cook Islands,2003,import,aus,82,9884.0
Cook Islands,2003,import,aus,83,2957.0
Cook Islands,2003,import,aus,84,432888.0
Cook Islands,2003,import,aus,85,328126.0
Cook Islands,2003,import,aus,87,136751.0
Cook Islands,2003,import,aus,88,101776.0
Cook Islands,2003,import,aus,89,1068699.0
Cook Islands,2003,import,aus,90,33077.0
Cook Islands,2003,import,aus,94,110014.0
Cook Islands,2003,import,aus,95,10512.0
Cook Islands,2003,import,aus,96,12489.0
Cook Islands,2003,import,aus,97,1303.0
Cook Islands,2003,import,china,02,8041.0
Cook Islands,2003,import,china,07,133.0
Cook Islands,2003,import,china,16,11142.0
Cook Islands,2003,import,china,19,133.0
Cook Islands,2003,import,china,21,4522.0
Cook Islands,2003,import,china,22,3127.0
Cook Islands,2003,import,china,25,363.0
Cook Islands,2003,import,china,39,30147.0
Cook Islands,2003,import,china,42,195.0
Cook Islands,2003,import,china,44,8646.0
Cook Islands,2003,import,china,48,231.0
Cook Islands,2003,import,china,52,24675.0
Cook Islands,2003,import,china,55,4473.0
Cook Islands,2003,import,china,61,25746.0
Cook Islands,2003,import,china,62,44495.0
Cook Islands,2003,import,china,63,4902.0
Cook Islands,2003,import,china,64,75906.0
Cook Islands,2003,import,china,66,3778.0
Cook Islands,2003,import,china,67,1932.0
Cook Islands,2003,import,china,69,8344.0
Cook Islands,2003,import,china,70,10824.0
Cook Islands,2003,import,china,71,1989.0
Cook Islands,2003,import,china,72,65704.0
Cook Islands,2003,import,china,73,23432.0
Cook Islands,2003,import,china,82,10603.0
Cook Islands,2003,import,china,83,1207.0
Cook Islands,2003,import,china,84,43847.0
Cook Islands,2003,import,china,85,6354.0
Cook Islands,2003,import,china,87,16592.0
Cook Islands,2003,import,china,90,14274.0
Cook Islands,2003,import,china,94,41484.0
Cook Islands,2003,import,us,02,115278.0
Cook Islands,2003,import,us,21,93617.0
Cook Islands,2003,import,us,33,19593.0
Cook Islands,2003,import,us,39,7920.0
Cook Islands,2003,import,us,44,2772.0
Cook Islands,2003,import,us,48,39574.0
Cook Islands,2003,import,us,64,5906.0
Cook Islands,2003,import,us,71,20183.0
Cook Islands,2003,import,us,82,75000.0
Cook Islands,2003,import,us,84,556228.0
Cook Islands,2003,import,us,85,292237.0
Cook Islands,2003,import,us,88,270000.0
Cook Islands,2003,import,us,90,394206.0
Cook Islands,2003,import,us,95,4631.0
Cook Islands,2003,import,world,01,14111.0
Cook Islands,2003,import,world,02,1944441.0
Cook Islands,2003,import,world,03,277540.0
Cook Islands,2003,import,world,04,1151296.0
Cook Islands,2003,import,world,05,50159.0
Cook Islands,2003,import,world,06,6830.0
Cook Islands,2003,import,world,07,415427.0
Cook Islands,2003,import,world,08,274695.0
Cook Islands,2003,import,world,09,241117.0
Cook Islands,2003,import,world,10,9893.0
Cook Islands,2003,import,world,11,328943.0
Cook Islands,2003,import,world,12,18840.0
Cook Islands,2003,import,world,13,33520.0
Cook Islands,2003,import,world,14,819.0
Cook Islands,2003,import,world,15,303329.0
Cook Islands,2003,import,world,16,1826452.0
Cook Islands,2003,import,world,17,717504.0
Cook Islands,2003,import,world,18,253146.0
Cook Islands,2003,import,world,19,1175078.0
Cook Islands,2003,import,world,20,861521.0
Cook Islands,2003,import,world,21,1254318.0
Cook Islands,2003,import,world,22,2580239.0
Cook Islands,2003,import,world,23,621694.0
Cook Islands,2003,import,world,24,462826.0
Cook Islands,2003,import,world,25,893115.0
Cook Islands,2003,import,world,26,1000.0
Cook Islands,2003,import,world,27,426430.0
Cook Islands,2003,import,world,28,285239.0
Cook Islands,2003,import,world,29,17202.0
Cook Islands,2003,import,world,30,694878.0
Cook Islands,2003,import,world,31,52720.0
Cook Islands,2003,import,world,32,773938.0
Cook Islands,2003,import,world,33,694674.0
Cook Islands,2003,import,world,34,661783.0
Cook Islands,2003,import,world,35,82472.0
Cook Islands,2003,import,world,36,61802.0
Cook Islands,2003,import,world,37,168565.0
Cook Islands,2003,import,world,38,258585.0
Cook Islands,2003,import,world,39,1537955.0
Cook Islands,2003,import,world,40,318770.0
Cook Islands,2003,import,world,42,52871.0
Cook Islands,2003,import,world,43,2095.0
Cook Islands,2003,import,world,44,2674358.0
Cook Islands,2003,import,world,45,148.0
Cook Islands,2003,import,world,46,6855.0
Cook Islands,2003,import,world,47,4000.0
Cook Islands,2003,import,world,48,906600.0
Cook Islands,2003,import,world,49,270573.0
Cook Islands,2003,import,world,51,6417.0
Cook Islands,2003,import,world,52,118413.0
Cook Islands,2003,import,world,53,400.0
Cook Islands,2003,import,world,54,8496.0
Cook Islands,2003,import,world,55,136929.0
Cook Islands,2003,import,world,56,198052.0
Cook Islands,2003,import,world,57,25439.0
Cook Islands,2003,import,world,58,27575.0
Cook Islands,2003,import,world,59,18390.0
Cook Islands,2003,import,world,60,32035.0
Cook Islands,2003,import,world,61,375969.0
Cook Islands,2003,import,world,62,594041.0
Cook Islands,2003,import,world,63,289622.0
Cook Islands,2003,import,world,64,199560.0
Cook Islands,2003,import,world,65,26833.0
Cook Islands,2003,import,world,66,12460.0
Cook Islands,2003,import,world,67,8096.0
Cook Islands,2003,import,world,68,739886.0
Cook Islands,2003,import,world,69,188930.0
Cook Islands,2003,import,world,70,201083.0
Cook Islands,2003,import,world,71,616674.0
Cook Islands,2003,import,world,72,763482.0
Cook Islands,2003,import,world,73,991827.0
Cook Islands,2003,import,world,74,43255.0
Cook Islands,2003,import,world,76,728512.0
Cook Islands,2003,import,world,78,7058.0
Cook Islands,2003,import,world,79,221.0
Cook Islands,2003,import,world,80,612.0
Cook Islands,2003,import,world,81,34.0
Cook Islands,2003,import,world,82,366157.0
Cook Islands,2003,import,world,83,132517.0
Cook Islands,2003,import,world,84,6966714.0
Cook Islands,2003,import,world,85,2800772.0
Cook Islands,2003,import,world,86,5107.0
Cook Islands,2003,import,world,87,4087515.0
Cook Islands,2003,import,world,88,476548.0
Cook Islands,2003,import,world,89,2312777.0
Cook Islands,2003,import,world,90,1313531.0
Cook Islands,2003,import,world,91,41445.0
Cook Islands,2003,import,world,92,57730.0
Cook Islands,2003,import,world,94,1415745.0
Cook Islands,2003,import,world,95,275786.0
Cook Islands,2003,import,world,96,242639.0
Cook Islands,2003,import,world,97,13254.0
Cook Islands,2004,export,aus,03,15840.0
Cook Islands,2004,export,aus,07,860.0
Cook Islands,2004,export,aus,20,809.0
Cook Islands,2004,export,aus,33,1515.0
Cook Islands,2004,export,aus,62,4067.0
Cook Islands,2004,export,aus,71,177513.0
Cook Islands,2004,export,aus,84,14052.0
Cook Islands,2004,export,aus,85,720.0
Cook Islands,2004,export,aus,90,1160.0
Cook Islands,2004,export,aus,97,1012.0
Cook Islands,2004,export,china,03,65059.0
Cook Islands,2004,export,china,20,11284.0
Cook Islands,2004,export,china,84,4819.0
Cook Islands,2004,export,us,03,1371864.0
Cook Islands,2004,export,us,06,4923.0
Cook Islands,2004,export,us,13,280314.0
Cook Islands,2004,export,us,20,35851.0
Cook Islands,2004,export,us,29,1001708.0
Cook Islands,2004,export,us,33,139600.0
Cook Islands,2004,export,us,38,3954.0
Cook Islands,2004,export,us,44,44577.0
Cook Islands,2004,export,us,61,18660.0
Cook Islands,2004,export,us,62,5724.0
Cook Islands,2004,export,us,65,337.0
Cook Islands,2004,export,us,68,34844.0
Cook Islands,2004,export,us,71,30030.0
Cook Islands,2004,export,us,73,474337.0
Cook Islands,2004,export,us,85,57466.0
Cook Islands,2004,export,us,88,4901.0
Cook Islands,2004,export,us,90,4875.0
Cook Islands,2004,export,us,94,153499.0
Cook Islands,2004,export,us,95,8620.0
Cook Islands,2004,export,us,97,3128.0
Cook Islands,2004,export,world,03,7843435.0
Cook Islands,2004,export,world,04,9000.0
Cook Islands,2004,export,world,05,60305.0
Cook Islands,2004,export,world,06,9315.0
Cook Islands,2004,export,world,07,11776.0
Cook Islands,2004,export,world,08,232828.0
Cook Islands,2004,export,world,13,280314.0
Cook Islands,2004,export,world,15,182.0
Cook Islands,2004,export,world,20,2231891.0
Cook Islands,2004,export,world,22,84265.0
Cook Islands,2004,export,world,27,622.0
Cook Islands,2004,export,world,29,1006708.0
Cook Islands,2004,export,world,32,675.0
Cook Islands,2004,export,world,33,142731.0
Cook Islands,2004,export,world,35,128329.00000000001
Cook Islands,2004,export,world,37,5009.0
Cook Islands,2004,export,world,38,3954.0
Cook Islands,2004,export,world,39,38255.0
Cook Islands,2004,export,world,42,12607.0
Cook Islands,2004,export,world,44,56536.0
Cook Islands,2004,export,world,48,153529.0
Cook Islands,2004,export,world,49,7704.0
Cook Islands,2004,export,world,50,8.0
Cook Islands,2004,export,world,52,6230.0
Cook Islands,2004,export,world,53,9880.0
Cook Islands,2004,export,world,55,4277.0
Cook Islands,2004,export,world,59,1225.0
Cook Islands,2004,export,world,61,78530.0
Cook Islands,2004,export,world,62,298064.0
Cook Islands,2004,export,world,63,513.0
Cook Islands,2004,export,world,64,85262.0
Cook Islands,2004,export,world,65,337.0
Cook Islands,2004,export,world,68,51475.0
Cook Islands,2004,export,world,69,50.0
Cook Islands,2004,export,world,70,7782.0
Cook Islands,2004,export,world,71,1396575.0
Cook Islands,2004,export,world,72,4187.0
Cook Islands,2004,export,world,73,476080.0
Cook Islands,2004,export,world,75,962.0
Cook Islands,2004,export,world,76,2192.0
Cook Islands,2004,export,world,82,79392.0
Cook Islands,2004,export,world,83,2312.0
Cook Islands,2004,export,world,84,1105522.0
Cook Islands,2004,export,world,85,184477.0
Cook Islands,2004,export,world,87,96627.0
Cook Islands,2004,export,world,88,4901.0
Cook Islands,2004,export,world,89,66958.0
Cook Islands,2004,export,world,90,13482.0
Cook Islands,2004,export,world,92,3122.0
Cook Islands,2004,export,world,94,182800.0
Cook Islands,2004,export,world,95,12980.0
Cook Islands,2004,export,world,96,1526.0
Cook Islands,2004,export,world,97,22990.0
Cook Islands,2004,import,aus,02,397230.0
Cook Islands,2004,import,aus,09,223.0
Cook Islands,2004,import,aus,10,68.0
Cook Islands,2004,import,aus,11,54065.0
Cook Islands,2004,import,aus,15,7441.0
Cook Islands,2004,import,aus,16,4840.0
Cook Islands,2004,import,aus,17,9223.0
Cook Islands,2004,import,aus,18,234.0
Cook Islands,2004,import,aus,19,8703.0
Cook Islands,2004,import,aus,20,9015.0
Cook Islands,2004,import,aus,21,43581.0
Cook Islands,2004,import,aus,22,627558.0
Cook Islands,2004,import,aus,24,52721.0
Cook Islands,2004,import,aus,25,113630.0
Cook Islands,2004,import,aus,27,123361.0
Cook Islands,2004,import,aus,30,4115.0
Cook Islands,2004,import,aus,32,35012.0
Cook Islands,2004,import,aus,33,337411.0
Cook Islands,2004,import,aus,34,32532.0
Cook Islands,2004,import,aus,35,6043.0
Cook Islands,2004,import,aus,37,3566.0
Cook Islands,2004,import,aus,38,192077.0
Cook Islands,2004,import,aus,39,56419.0
Cook Islands,2004,import,aus,40,28569.0
Cook Islands,2004,import,aus,42,11795.0
Cook Islands,2004,import,aus,48,34362.0
Cook Islands,2004,import,aus,49,3409.0
Cook Islands,2004,import,aus,56,34379.0
Cook Islands,2004,import,aus,57,515.0
Cook Islands,2004,import,aus,61,14630.0
Cook Islands,2004,import,aus,62,26003.0
Cook Islands,2004,import,aus,63,4844.0
Cook Islands,2004,import,aus,64,25587.0
Cook Islands,2004,import,aus,65,1033.0
Cook Islands,2004,import,aus,68,3014.0
Cook Islands,2004,import,aus,69,6311.0
Cook Islands,2004,import,aus,70,11114.0
Cook Islands,2004,import,aus,71,58706.0
Cook Islands,2004,import,aus,72,8805.0
Cook Islands,2004,import,aus,73,108491.0
Cook Islands,2004,import,aus,74,5369.0
Cook Islands,2004,import,aus,76,48599.0
Cook Islands,2004,import,aus,78,8738.0
Cook Islands,2004,import,aus,82,19435.0
Cook Islands,2004,import,aus,83,1972.0
Cook Islands,2004,import,aus,84,667951.0
Cook Islands,2004,import,aus,85,277509.0
Cook Islands,2004,import,aus,87,16019.0
Cook Islands,2004,import,aus,88,34626.0
Cook Islands,2004,import,aus,89,205803.0
Cook Islands,2004,import,aus,90,220428.0
Cook Islands,2004,import,aus,93,2025.0
Cook Islands,2004,import,aus,94,51102.0
Cook Islands,2004,import,aus,95,11463.0
Cook Islands,2004,import,aus,96,941.0
Cook Islands,2004,import,china,09,375.0
Cook Islands,2004,import,china,15,242.0
Cook Islands,2004,import,china,21,145.0
Cook Islands,2004,import,china,25,288.0
Cook Islands,2004,import,china,32,8574.0
Cook Islands,2004,import,china,39,28487.0
Cook Islands,2004,import,china,40,5519.0
Cook Islands,2004,import,china,44,34145.0
Cook Islands,2004,import,china,48,640.0
Cook Islands,2004,import,china,52,64261.0
Cook Islands,2004,import,china,55,9616.0
Cook Islands,2004,import,china,63,23058.0
Cook Islands,2004,import,china,64,56914.0
Cook Islands,2004,import,china,67,500.0
Cook Islands,2004,import,china,68,21364.0
Cook Islands,2004,import,china,69,14915.0
Cook Islands,2004,import,china,70,14428.0
Cook Islands,2004,import,china,72,6860.0
Cook Islands,2004,import,china,73,20877.0
Cook Islands,2004,import,china,76,8871.0
Cook Islands,2004,import,china,83,4613.0
Cook Islands,2004,import,china,84,49568.0
Cook Islands,2004,import,china,85,63986.0
Cook Islands,2004,import,china,87,134357.0
Cook Islands,2004,import,china,90,961.0
Cook Islands,2004,import,china,94,249115.0
Cook Islands,2004,import,china,95,1988.0
Cook Islands,2004,import,china,96,1200.0
Cook Islands,2004,import,us,02,87647.0
Cook Islands,2004,import,us,21,74873.0
Cook Islands,2004,import,us,22,17018.0
Cook Islands,2004,import,us,30,2720.0
Cook Islands,2004,import,us,33,5596.0
Cook Islands,2004,import,us,37,12125.0
Cook Islands,2004,import,us,39,12427.0
Cook Islands,2004,import,us,44,4268.0
Cook Islands,2004,import,us,48,27601.0
Cook Islands,2004,import,us,57,10476.0
Cook Islands,2004,import,us,61,7792.0
Cook Islands,2004,import,us,64,3435.0
Cook Islands,2004,import,us,68,20190.0
Cook Islands,2004,import,us,71,6672.0
Cook Islands,2004,import,us,84,124705.0
Cook Islands,2004,import,us,85,126933.0
Cook Islands,2004,import,us,90,220000.0
Cook Islands,2004,import,world,01,12981.0
Cook Islands,2004,import,world,02,2536784.0
Cook Islands,2004,import,world,03,267879.0
Cook Islands,2004,import,world,04,1399921.0
Cook Islands,2004,import,world,05,13866.0
Cook Islands,2004,import,world,06,19093.0
Cook Islands,2004,import,world,07,660703.0
Cook Islands,2004,import,world,08,210515.0
Cook Islands,2004,import,world,09,255535.0
Cook Islands,2004,import,world,10,56295.0
Cook Islands,2004,import,world,11,373392.0
Cook Islands,2004,import,world,12,26861.0
Cook Islands,2004,import,world,13,2180.0
Cook Islands,2004,import,world,15,315699.0
Cook Islands,2004,import,world,16,2043083.0
Cook Islands,2004,import,world,17,700242.0
Cook Islands,2004,import,world,18,324444.0
Cook Islands,2004,import,world,19,1434853.0
Cook Islands,2004,import,world,20,1224812.0
Cook Islands,2004,import,world,21,1583172.0
Cook Islands,2004,import,world,22,3395163.0
Cook Islands,2004,import,world,23,634428.0
Cook Islands,2004,import,world,24,396044.0
Cook Islands,2004,import,world,25,498744.0
Cook Islands,2004,import,world,27,1242054.0
Cook Islands,2004,import,world,28,2396665.0
Cook Islands,2004,import,world,29,34426.0
Cook Islands,2004,import,world,30,940622.0
Cook Islands,2004,import,world,31,36363.0
Cook Islands,2004,import,world,32,763052.0
Cook Islands,2004,import,world,33,1048392.0
Cook Islands,2004,import,world,34,835225.0
Cook Islands,2004,import,world,35,94624.0
Cook Islands,2004,import,world,36,24547.0
Cook Islands,2004,import,world,37,198539.0
Cook Islands,2004,import,world,38,462334.0
Cook Islands,2004,import,world,39,2612838.0
Cook Islands,2004,import,world,40,1003225.0
Cook Islands,2004,import,world,41,1935.0
Cook Islands,2004,import,world,42,122522.0
Cook Islands,2004,import,world,44,3488404.0
Cook Islands,2004,import,world,45,692.0
Cook Islands,2004,import,world,46,3857.0
Cook Islands,2004,import,world,47,3000.0
Cook Islands,2004,import,world,48,1819464.0
Cook Islands,2004,import,world,49,525703.0
Cook Islands,2004,import,world,51,12102.0
Cook Islands,2004,import,world,52,200719.0
Cook Islands,2004,import,world,53,1907.0
Cook Islands,2004,import,world,54,30702.0
Cook Islands,2004,import,world,55,326892.0
Cook Islands,2004,import,world,56,248407.0
Cook Islands,2004,import,world,57,38765.0
Cook Islands,2004,import,world,58,24724.0
Cook Islands,2004,import,world,59,11458.0
Cook Islands,2004,import,world,60,53667.0
Cook Islands,2004,import,world,61,332124.0
Cook Islands,2004,import,world,62,550042.0
Cook Islands,2004,import,world,63,496188.0
Cook Islands,2004,import,world,64,240606.0
Cook Islands,2004,import,world,65,37201.0
Cook Islands,2004,import,world,66,18103.0
Cook Islands,2004,import,world,67,2373.0
Cook Islands,2004,import,world,68,1256036.0
Cook Islands,2004,import,world,69,373102.0
Cook Islands,2004,import,world,70,292437.0
Cook Islands,2004,import,world,71,723019.0
Cook Islands,2004,import,world,72,1178878.0
Cook Islands,2004,import,world,73,1507596.0
Cook Islands,2004,import,world,74,149150.0
Cook Islands,2004,import,world,75,3000.0
Cook Islands,2004,import,world,76,1003854.0
Cook Islands,2004,import,world,78,26977.0
Cook Islands,2004,import,world,79,914.0
Cook Islands,2004,import,world,80,794.0
Cook Islands,2004,import,world,82,363494.0
Cook Islands,2004,import,world,83,205712.0
Cook Islands,2004,import,world,84,10321204.0
Cook Islands,2004,import,world,85,3440847.0
Cook Islands,2004,import,world,86,23004.0
Cook Islands,2004,import,world,87,4120940.0
Cook Islands,2004,import,world,88,76616.0
Cook Islands,2004,import,world,89,5300132.0
Cook Islands,2004,import,world,90,1753172.0
Cook Islands,2004,import,world,91,39252.0
Cook Islands,2004,import,world,92,52685.0
Cook Islands,2004,import,world,93,6619.0
Cook Islands,2004,import,world,94,1914068.0
Cook Islands,2004,import,world,95,394634.0
Cook Islands,2004,import,world,96,282186.0
Cook Islands,2004,import,world,97,58137.0
Cook Islands,2005,export,aus,03,75875.0
Cook Islands,2005,export,aus,07,2332.0
Cook Islands,2005,export,aus,20,30494.0
Cook Islands,2005,export,aus,33,5485.0
Cook Islands,2005,export,aus,61,1493.0
Cook Islands,2005,export,aus,62,3680.0
Cook Islands,2005,export,aus,71,378823.0
Cook Islands,2005,export,aus,85,286.0
Cook Islands,2005,export,aus,90,2992.0
Cook Islands,2005,export,aus,92,584.0
Cook Islands,2005,export,aus,97,514.0
Cook Islands,2005,export,china,03,1772039.0
Cook Islands,2005,export,china,20,35824.0
Cook Islands,2005,export,china,71,452.0
Cook Islands,2005,export,us,03,1375544.0
Cook Islands,2005,export,us,05,38816.0
Cook Islands,2005,export,us,06,98736.0
Cook Islands,2005,export,us,39,494.0
Cook Islands,2005,export,us,61,64148.0
Cook Islands,2005,export,us,62,33148.0
Cook Islands,2005,export,us,63,346.0
Cook Islands,2005,export,us,64,2718.0
Cook Islands,2005,export,us,71,45961.0
Cook Islands,2005,export,us,72,28176.0
Cook Islands,2005,export,us,73,151820.0
Cook Islands,2005,export,us,82,3960.0
Cook Islands,2005,export,us,84,115730.0
Cook Islands,2005,export,us,85,45990.0
Cook Islands,2005,export,us,90,42740.0
Cook Islands,2005,export,us,91,19942.0
Cook Islands,2005,export,us,95,11026.0
Cook Islands,2005,export,world,03,7431006.0
Cook Islands,2005,export,world,04,58289.0
Cook Islands,2005,export,world,05,100061.0
Cook Islands,2005,export,world,06,98736.0
Cook Islands,2005,export,world,07,26120.0
Cook Islands,2005,export,world,08,255789.0
Cook Islands,2005,export,world,09,5064.0
Cook Islands,2005,export,world,17,1000.0
Cook Islands,2005,export,world,20,1569370.0
Cook Islands,2005,export,world,22,374469.0
Cook Islands,2005,export,world,29,8710.0
Cook Islands,2005,export,world,32,1000.0
Cook Islands,2005,export,world,33,23796.0
Cook Islands,2005,export,world,34,83.0
Cook Islands,2005,export,world,35,3000.0
Cook Islands,2005,export,world,39,224573.0
Cook Islands,2005,export,world,40,3404.0
Cook Islands,2005,export,world,42,1972.0
Cook Islands,2005,export,world,44,3149.0
Cook Islands,2005,export,world,46,312.0
Cook Islands,2005,export,world,47,113.0
Cook Islands,2005,export,world,48,848.0
Cook Islands,2005,export,world,49,5655.0
Cook Islands,2005,export,world,54,183.0
Cook Islands,2005,export,world,55,952.0
Cook Islands,2005,export,world,61,201531.0
Cook Islands,2005,export,world,62,337807.0
Cook Islands,2005,export,world,63,346.0
Cook Islands,2005,export,world,64,21093.0
Cook Islands,2005,export,world,65,312.0
Cook Islands,2005,export,world,70,2008.0
Cook Islands,2005,export,world,71,1971136.0
Cook Islands,2005,export,world,72,299848.0
Cook Islands,2005,export,world,73,217132.0
Cook Islands,2005,export,world,74,103892.0
Cook Islands,2005,export,world,76,60767.0
Cook Islands,2005,export,world,81,10586.0
Cook Islands,2005,export,world,82,4265.0
Cook Islands,2005,export,world,84,1059571.0
Cook Islands,2005,export,world,85,240769.0
Cook Islands,2005,export,world,87,32264.0
Cook Islands,2005,export,world,89,834961.0
Cook Islands,2005,export,world,90,62269.0
Cook Islands,2005,export,world,91,21964.0
Cook Islands,2005,export,world,92,4571.0
Cook Islands,2005,export,world,94,137820.0
Cook Islands,2005,export,world,95,191985.0
Cook Islands,2005,export,world,96,12899.0
Cook Islands,2005,export,world,97,30201.0
Cook Islands,2005,import,aus,02,504626.0
Cook Islands,2005,import,aus,03,6.0
Cook Islands,2005,import,aus,04,12463.0
Cook Islands,2005,import,aus,06,1607.0
Cook Islands,2005,import,aus,07,6975.0
Cook Islands,2005,import,aus,08,14581.0
Cook Islands,2005,import,aus,09,4290.0
Cook Islands,2005,import,aus,10,160881.0
Cook Islands,2005,import,aus,11,174786.0
Cook Islands,2005,import,aus,12,1979.0
Cook Islands,2005,import,aus,15,13329.0
Cook Islands,2005,import,aus,16,20406.0
Cook Islands,2005,import,aus,17,93356.0
Cook Islands,2005,import,aus,18,4096.0
Cook Islands,2005,import,aus,19,117535.0
Cook Islands,2005,import,aus,20,63301.0
Cook Islands,2005,import,aus,21,113787.0
Cook Islands,2005,import,aus,22,333165.0
Cook Islands,2005,import,aus,23,6313.0
Cook Islands,2005,import,aus,24,14240.0
Cook Islands,2005,import,aus,25,167373.0
Cook Islands,2005,import,aus,27,5382282.0
Cook Islands,2005,import,aus,28,5508.0
Cook Islands,2005,import,aus,29,1666.0
Cook Islands,2005,import,aus,30,76412.0
Cook Islands,2005,import,aus,31,4297.0
Cook Islands,2005,import,aus,32,87967.0
Cook Islands,2005,import,aus,33,248532.0
Cook Islands,2005,import,aus,34,106970.0
Cook Islands,2005,import,aus,35,13011.0
Cook Islands,2005,import,aus,36,14198.0
Cook Islands,2005,import,aus,38,124302.0
Cook Islands,2005,import,aus,39,116038.0
Cook Islands,2005,import,aus,40,6555.0
Cook Islands,2005,import,aus,42,35080.0
Cook Islands,2005,import,aus,43,9540.0
Cook Islands,2005,import,aus,44,52850.0
Cook Islands,2005,import,aus,45,350.0
Cook Islands,2005,import,aus,46,1070.0
Cook Islands,2005,import,aus,48,79083.0
Cook Islands,2005,import,aus,49,30709.0
Cook Islands,2005,import,aus,52,4289.0
Cook Islands,2005,import,aus,55,491.0
Cook Islands,2005,import,aus,56,6487.0
Cook Islands,2005,import,aus,57,1396.0
Cook Islands,2005,import,aus,58,261.0
Cook Islands,2005,import,aus,59,4525.0
Cook Islands,2005,import,aus,61,27910.0
Cook Islands,2005,import,aus,62,135043.0
Cook Islands,2005,import,aus,63,28247.0
Cook Islands,2005,import,aus,64,93688.0
Cook Islands,2005,import,aus,65,5250.0
Cook Islands,2005,import,aus,66,61.0
Cook Islands,2005,import,aus,67,3244.0
Cook Islands,2005,import,aus,68,32735.0
Cook Islands,2005,import,aus,69,68371.0
Cook Islands,2005,import,aus,70,42771.0
Cook Islands,2005,import,aus,71,119886.0
Cook Islands,2005,import,aus,72,19734.0
Cook Islands,2005,import,aus,73,290678.0
Cook Islands,2005,import,aus,74,1609.0
Cook Islands,2005,import,aus,76,30065.0
Cook Islands,2005,import,aus,82,39739.0
Cook Islands,2005,import,aus,83,36766.0
Cook Islands,2005,import,aus,84,1742896.0
Cook Islands,2005,import,aus,85,498917.0
Cook Islands,2005,import,aus,87,54279.0
Cook Islands,2005,import,aus,88,139825.0
Cook Islands,2005,import,aus,89,251514.0
Cook Islands,2005,import,aus,90,78481.0
Cook Islands,2005,import,aus,91,1450.0
Cook Islands,2005,import,aus,93,185.0
Cook Islands,2005,import,aus,94,105313.0
Cook Islands,2005,import,aus,95,85056.0
Cook Islands,2005,import,aus,96,48528.0
Cook Islands,2005,import,aus,97,15810.0
Cook Islands,2005,import,china,02,4753.0
Cook Islands,2005,import,china,07,885.0
Cook Islands,2005,import,china,08,24215.0
Cook Islands,2005,import,china,09,136.0
Cook Islands,2005,import,china,10,15398.0
Cook Islands,2005,import,china,17,578.0
Cook Islands,2005,import,china,19,9992.0
Cook Islands,2005,import,china,20,7578.0
Cook Islands,2005,import,china,21,5668.0
Cook Islands,2005,import,china,25,1462.0
Cook Islands,2005,import,china,27,676.0
Cook Islands,2005,import,china,30,2700.0
Cook Islands,2005,import,china,32,6894.0
Cook Islands,2005,import,china,33,10333.0
Cook Islands,2005,import,china,34,3930.0
Cook Islands,2005,import,china,35,139.0
Cook Islands,2005,import,china,36,63.0
Cook Islands,2005,import,china,38,964.0
Cook Islands,2005,import,china,39,89413.0
Cook Islands,2005,import,china,40,4921.0
Cook Islands,2005,import,china,42,13933.0
Cook Islands,2005,import,china,44,95847.0
Cook Islands,2005,import,china,46,2732.0
Cook Islands,2005,import,china,48,35775.0
Cook Islands,2005,import,china,49,2789.0
Cook Islands,2005,import,china,52,69785.0
Cook Islands,2005,import,china,54,1273.0
Cook Islands,2005,import,china,55,14918.0
Cook Islands,2005,import,china,56,12155.0
Cook Islands,2005,import,china,58,622.0
Cook Islands,2005,import,china,59,1261.0
Cook Islands,2005,import,china,61,136840.0
Cook Islands,2005,import,china,62,142189.0
Cook Islands,2005,import,china,63,35604.0
Cook Islands,2005,import,china,64,41286.0
Cook Islands,2005,import,china,65,13198.0
Cook Islands,2005,import,china,66,3209.0
Cook Islands,2005,import,china,67,4062.9999999999995
Cook Islands,2005,import,china,68,1525.0
Cook Islands,2005,import,china,69,99864.0
Cook Islands,2005,import,china,70,24554.0
Cook Islands,2005,import,china,71,8643.0
Cook Islands,2005,import,china,73,23163.0
Cook Islands,2005,import,china,76,25620.0
Cook Islands,2005,import,china,82,27675.0
Cook Islands,2005,import,china,83,7957.0
Cook Islands,2005,import,china,84,166432.0
Cook Islands,2005,import,china,85,126564.0
Cook Islands,2005,import,china,87,408379.0
Cook Islands,2005,import,china,90,6926.0
Cook Islands,2005,import,china,91,8370.0
Cook Islands,2005,import,china,92,198.0
Cook Islands,2005,import,china,94,141381.0
Cook Islands,2005,import,china,95,28437.0
Cook Islands,2005,import,china,96,20957.0
Cook Islands,2005,import,china,97,906.0
Cook Islands,2005,import,us,02,565600.0
Cook Islands,2005,import,us,03,39944.0
Cook Islands,2005,import,us,05,586.0
Cook Islands,2005,import,us,07,309.0
Cook Islands,2005,import,us,08,3774.0
Cook Islands,2005,import,us,09,683.0
Cook Islands,2005,import,us,11,989.0
Cook Islands,2005,import,us,15,69.0
Cook Islands,2005,import,us,16,27826.0
Cook Islands,2005,import,us,17,8591.0
Cook Islands,2005,import,us,18,629.0
Cook Islands,2005,import,us,19,3246.0
Cook Islands,2005,import,us,20,9242.0
Cook Islands,2005,import,us,21,110463.0
Cook Islands,2005,import,us,22,32819.0
Cook Islands,2005,import,us,27,6052.0
Cook Islands,2005,import,us,29,551.0
Cook Islands,2005,import,us,30,403.0
Cook Islands,2005,import,us,32,3550.0
Cook Islands,2005,import,us,33,2059.0
Cook Islands,2005,import,us,34,1910.0
Cook Islands,2005,import,us,35,70.0
Cook Islands,2005,import,us,37,6533.0
Cook Islands,2005,import,us,38,2558.0
Cook Islands,2005,import,us,39,19959.0
Cook Islands,2005,import,us,40,15514.0
Cook Islands,2005,import,us,42,3368.0
Cook Islands,2005,import,us,44,1397.0
Cook Islands,2005,import,us,46,9515.0
Cook Islands,2005,import,us,47,10560.0
Cook Islands,2005,import,us,48,63250.0
Cook Islands,2005,import,us,49,6991.0
Cook Islands,2005,import,us,50,229.0
Cook Islands,2005,import,us,52,22.0
Cook Islands,2005,import,us,54,4354.0
Cook Islands,2005,import,us,56,2375.0
Cook Islands,2005,import,us,59,17.0
Cook Islands,2005,import,us,61,3497.0
Cook Islands,2005,import,us,62,2877.0
Cook Islands,2005,import,us,63,6274.0
Cook Islands,2005,import,us,64,17108.0
Cook Islands,2005,import,us,67,12783.0
Cook Islands,2005,import,us,68,4956.0
Cook Islands,2005,import,us,70,415.0
Cook Islands,2005,import,us,71,53299.0
Cook Islands,2005,import,us,72,1097.0
Cook Islands,2005,import,us,73,6599.0
Cook Islands,2005,import,us,74,64.0
Cook Islands,2005,import,us,76,1945.0
Cook Islands,2005,import,us,79,767.0
Cook Islands,2005,import,us,80,93.0
Cook Islands,2005,import,us,82,3225.0
Cook Islands,2005,import,us,83,2940.0
Cook Islands,2005,import,us,84,86461.0
Cook Islands,2005,import,us,85,285411.0
Cook Islands,2005,import,us,87,122893.0
Cook Islands,2005,import,us,88,4226.0
Cook Islands,2005,import,us,90,47852.0
Cook Islands,2005,import,us,91,107.0
Cook Islands,2005,import,us,92,3044.0
Cook Islands,2005,import,us,93,830.0
Cook Islands,2005,import,us,94,32609.0
Cook Islands,2005,import,us,95,12062.0
Cook Islands,2005,import,us,96,5090.0
Cook Islands,2005,import,world,01,24222.0
Cook Islands,2005,import,world,02,5432649.0
Cook Islands,2005,import,world,03,862886.0
Cook Islands,2005,import,world,04,2379348.0
Cook Islands,2005,import,world,05,37637.0
Cook Islands,2005,import,world,06,62728.0
Cook Islands,2005,import,world,07,1208743.0
Cook Islands,2005,import,world,08,652558.0
Cook Islands,2005,import,world,09,338411.0
Cook Islands,2005,import,world,10,252909.0
Cook Islands,2005,import,world,11,654532.0
Cook Islands,2005,import,world,12,36993.0
Cook Islands,2005,import,world,13,1944.0
Cook Islands,2005,import,world,14,26817.0
Cook Islands,2005,import,world,15,471377.0
Cook Islands,2005,import,world,16,2905374.0
Cook Islands,2005,import,world,17,655337.0
Cook Islands,2005,import,world,18,605969.0
Cook Islands,2005,import,world,19,2744634.0
Cook Islands,2005,import,world,20,2280698.0
Cook Islands,2005,import,world,21,2017116.0
Cook Islands,2005,import,world,22,3680762.0
Cook Islands,2005,import,world,23,871691.0
Cook Islands,2005,import,world,24,323482.0
Cook Islands,2005,import,world,25,1447992.0
Cook Islands,2005,import,world,26,45.0
Cook Islands,2005,import,world,27,7163432.0
Cook Islands,2005,import,world,28,432432.0
Cook Islands,2005,import,world,29,106967.0
Cook Islands,2005,import,world,30,1354284.0
Cook Islands,2005,import,world,31,208031.0
Cook Islands,2005,import,world,32,1687074.0
Cook Islands,2005,import,world,33,2987693.0
Cook Islands,2005,import,world,34,1407786.0
Cook Islands,2005,import,world,35,156644.0
Cook Islands,2005,import,world,36,52504.0
Cook Islands,2005,import,world,37,437257.0
Cook Islands,2005,import,world,38,1049780.0
Cook Islands,2005,import,world,39,3619473.0
Cook Islands,2005,import,world,40,769502.0
Cook Islands,2005,import,world,41,299.0
Cook Islands,2005,import,world,42,311865.0
Cook Islands,2005,import,world,43,23828.0
Cook Islands,2005,import,world,44,5776790.0
Cook Islands,2005,import,world,45,9697.0
Cook Islands,2005,import,world,46,100222.0
Cook Islands,2005,import,world,47,10560.0
Cook Islands,2005,import,world,48,3068239.0
Cook Islands,2005,import,world,49,652622.0
Cook Islands,2005,import,world,50,1015.0
Cook Islands,2005,import,world,51,1203.0
Cook Islands,2005,import,world,52,696460.0
Cook Islands,2005,import,world,53,21552.0
Cook Islands,2005,import,world,54,50265.0
Cook Islands,2005,import,world,55,917053.0
Cook Islands,2005,import,world,56,334957.0
Cook Islands,2005,import,world,57,66381.0
Cook Islands,2005,import,world,58,79632.0
Cook Islands,2005,import,world,59,27964.0
Cook Islands,2005,import,world,60,44343.0
Cook Islands,2005,import,world,61,951177.0
Cook Islands,2005,import,world,62,1698445.0
Cook Islands,2005,import,world,63,805752.0
Cook Islands,2005,import,world,64,632525.0
Cook Islands,2005,import,world,65,109723.0
Cook Islands,2005,import,world,66,30793.0
Cook Islands,2005,import,world,67,41079.0
Cook Islands,2005,import,world,68,1439093.0
Cook Islands,2005,import,world,69,749460.0
Cook Islands,2005,import,world,70,567194.0
Cook Islands,2005,import,world,71,541070.0
Cook Islands,2005,import,world,72,2098728.0
Cook Islands,2005,import,world,73,2751182.0
Cook Islands,2005,import,world,74,114934.0
Cook Islands,2005,import,world,75,4132.0
Cook Islands,2005,import,world,76,1445526.0
Cook Islands,2005,import,world,78,19109.0
Cook Islands,2005,import,world,79,5740.0
Cook Islands,2005,import,world,80,352.0
Cook Islands,2005,import,world,81,189.0
Cook Islands,2005,import,world,82,801056.0
Cook Islands,2005,import,world,83,593373.0
Cook Islands,2005,import,world,84,11840022.0
Cook Islands,2005,import,world,85,6838397.0
Cook Islands,2005,import,world,86,10001.0
Cook Islands,2005,import,world,87,6916145.0
Cook Islands,2005,import,world,88,1092441.0
Cook Islands,2005,import,world,89,1689487.0
Cook Islands,2005,import,world,90,1623548.0
Cook Islands,2005,import,world,91,149038.0
Cook Islands,2005,import,world,92,61361.0
Cook Islands,2005,import,world,93,9589.0
Cook Islands,2005,import,world,94,2813947.0
Cook Islands,2005,import,world,95,814789.0
Cook Islands,2005,import,world,96,579499.0
Cook Islands,2005,import,world,97,67365.0
Cook Islands,2006,export,aus,03,123775.0
Cook Islands,2006,export,aus,20,33309.0
Cook Islands,2006,export,aus,58,4694.0
Cook Islands,2006,export,aus,71,175788.0
Cook Islands,2006,export,aus,97,3278.0
Cook Islands,2006,export,china,03,1189589.0
Cook Islands,2006,export,china,39,332.0
Cook Islands,2006,export,china,73,5892.0
Cook Islands,2006,export,us,03,150165.0
Cook Islands,2006,export,us,06,157664.0
Cook Islands,2006,export,us,21,178599.0
Cook Islands,2006,export,us,33,3099.0
Cook Islands,2006,export,us,35,4950.0
Cook Islands,2006,export,us,40,653.0
Cook Islands,2006,export,us,44,13167.0
Cook Islands,2006,export,us,49,7349.0
Cook Islands,2006,export,us,52,337.0
Cook Islands,2006,export,us,54,1341.0
Cook Islands,2006,export,us,61,46591.0
Cook Islands,2006,export,us,62,4961.0
Cook Islands,2006,export,us,63,36836.0
Cook Islands,2006,export,us,64,390.0
Cook Islands,2006,export,us,70,25209.0
Cook Islands,2006,export,us,71,40372.0
Cook Islands,2006,export,us,73,34299.0
Cook Islands,2006,export,us,84,50525.0
Cook Islands,2006,export,us,85,159554.0
Cook Islands,2006,export,us,86,5510.0
Cook Islands,2006,export,us,90,4495.0
Cook Islands,2006,export,us,94,93385.0
Cook Islands,2006,export,us,97,946639.0
Cook Islands,2006,export,world,02,842644.0
Cook Islands,2006,export,world,03,4738819.0
Cook Islands,2006,export,world,05,121902.0
Cook Islands,2006,export,world,06,157734.0
Cook Islands,2006,export,world,07,4794.0
Cook Islands,2006,export,world,08,202100.0
Cook Islands,2006,export,world,09,3212.0
Cook Islands,2006,export,world,10,178914.0
Cook Islands,2006,export,world,12,18022.0
Cook Islands,2006,export,world,13,38027.0
Cook Islands,2006,export,world,18,2585.0
Cook Islands,2006,export,world,19,25075.0
Cook Islands,2006,export,world,20,790140.0
Cook Islands,2006,export,world,21,178599.0
Cook Islands,2006,export,world,22,152426.0
Cook Islands,2006,export,world,26,10.0
Cook Islands,2006,export,world,27,512998.0
Cook Islands,2006,export,world,29,10.0
Cook Islands,2006,export,world,30,44456.0
Cook Islands,2006,export,world,32,3662.0
Cook Islands,2006,export,world,33,5275.0
Cook Islands,2006,export,world,34,1815.0
Cook Islands,2006,export,world,35,5731.0
Cook Islands,2006,export,world,37,3674.0
Cook Islands,2006,export,world,38,1332.0
Cook Islands,2006,export,world,39,55164.0
Cook Islands,2006,export,world,40,796.0
Cook Islands,2006,export,world,41,122.0
Cook Islands,2006,export,world,42,25.0
Cook Islands,2006,export,world,44,14882.0
Cook Islands,2006,export,world,46,35.0
Cook Islands,2006,export,world,48,8408.0
Cook Islands,2006,export,world,49,20464.0
Cook Islands,2006,export,world,52,337.0
Cook Islands,2006,export,world,54,4582.0
Cook Islands,2006,export,world,55,3530.0
Cook Islands,2006,export,world,56,2121.0
Cook Islands,2006,export,world,57,22.0
Cook Islands,2006,export,world,58,22749.0
Cook Islands,2006,export,world,59,2507.0
Cook Islands,2006,export,world,60,871.0
Cook Islands,2006,export,world,61,94689.0
Cook Islands,2006,export,world,62,138766.0
Cook Islands,2006,export,world,63,50695.0
Cook Islands,2006,export,world,64,535.0
Cook Islands,2006,export,world,67,43.0
Cook Islands,2006,export,world,68,97.0
Cook Islands,2006,export,world,70,26060.0
Cook Islands,2006,export,world,71,1285851.0
Cook Islands,2006,export,world,72,90733.0
Cook Islands,2006,export,world,73,71746.0
Cook Islands,2006,export,world,74,381.0
Cook Islands,2006,export,world,76,5122.0
Cook Islands,2006,export,world,82,15648.0
Cook Islands,2006,export,world,83,6184.0
Cook Islands,2006,export,world,84,2247119.0
Cook Islands,2006,export,world,85,260547.0
Cook Islands,2006,export,world,86,5510.0
Cook Islands,2006,export,world,87,195405.0
Cook Islands,2006,export,world,89,447878.0
Cook Islands,2006,export,world,90,227641.0
Cook Islands,2006,export,world,92,4502.0
Cook Islands,2006,export,world,94,99077.0
Cook Islands,2006,export,world,95,57.0
Cook Islands,2006,export,world,96,280.0
Cook Islands,2006,export,world,97,996387.0
Cook Islands,2006,import,aus,02,246572.0
Cook Islands,2006,import,aus,10,912.0
Cook Islands,2006,import,aus,11,99797.0
Cook Islands,2006,import,aus,15,3208.0
Cook Islands,2006,import,aus,17,60586.0
Cook Islands,2006,import,aus,19,7778.0
Cook Islands,2006,import,aus,21,1508.0
Cook Islands,2006,import,aus,22,491837.0
Cook Islands,2006,import,aus,24,435774.0
Cook Islands,2006,import,aus,25,20241.0
Cook Islands,2006,import,aus,27,170409.0
Cook Islands,2006,import,aus,30,15089.0
Cook Islands,2006,import,aus,32,15382.0
Cook Islands,2006,import,aus,33,205720.0
Cook Islands,2006,import,aus,34,54151.0
Cook Islands,2006,import,aus,35,4866.0
Cook Islands,2006,import,aus,38,45651.0
Cook Islands,2006,import,aus,39,24261.0
Cook Islands,2006,import,aus,40,35748.0
Cook Islands,2006,import,aus,42,18417.0
Cook Islands,2006,import,aus,43,9148.0
Cook Islands,2006,import,aus,48,9239.0
Cook Islands,2006,import,aus,49,16286.0
Cook Islands,2006,import,aus,61,34571.0
Cook Islands,2006,import,aus,62,47809.0
Cook Islands,2006,import,aus,63,14164.0
Cook Islands,2006,import,aus,64,68369.0
Cook Islands,2006,import,aus,65,1953.0
Cook Islands,2006,import,aus,66,458.0
Cook Islands,2006,import,aus,68,3242.0
Cook Islands,2006,import,aus,69,2639.0
Cook Islands,2006,import,aus,70,6554.0
Cook Islands,2006,import,aus,71,22477.0
Cook Islands,2006,import,aus,73,310198.0
Cook Islands,2006,import,aus,74,1741.0
Cook Islands,2006,import,aus,76,10123.0
Cook Islands,2006,import,aus,82,35640.0
Cook Islands,2006,import,aus,83,4153.0
Cook Islands,2006,import,aus,84,415924.0
Cook Islands,2006,import,aus,85,287146.0
Cook Islands,2006,import,aus,87,65199.0
Cook Islands,2006,import,aus,88,350639.0
Cook Islands,2006,import,aus,90,201641.0
Cook Islands,2006,import,aus,92,5208.0
Cook Islands,2006,import,aus,94,138655.0
Cook Islands,2006,import,aus,95,17723.0
Cook Islands,2006,import,aus,96,3016.0
Cook Islands,2006,import,china,20,163400.0
Cook Islands,2006,import,china,35,981.0
Cook Islands,2006,import,china,39,15707.0
Cook Islands,2006,import,china,40,1845.0
Cook Islands,2006,import,china,44,50170.0
Cook Islands,2006,import,china,49,7.0
Cook Islands,2006,import,china,52,33195.0
Cook Islands,2006,import,china,55,16375.0
Cook Islands,2006,import,china,61,46128.0
Cook Islands,2006,import,china,63,1944.0
Cook Islands,2006,import,china,69,22381.0
Cook Islands,2006,import,china,70,9679.0
Cook Islands,2006,import,china,72,63940.0
Cook Islands,2006,import,china,73,14544.0
Cook Islands,2006,import,china,76,25688.0
Cook Islands,2006,import,china,82,7545.0
Cook Islands,2006,import,china,84,74023.0
Cook Islands,2006,import,china,85,25787.0
Cook Islands,2006,import,china,87,231357.0
Cook Islands,2006,import,china,90,1584.0
Cook Islands,2006,import,china,94,10565.0
Cook Islands,2006,import,china,96,4593.0
Cook Islands,2006,import,us,02,176573.0
Cook Islands,2006,import,us,21,188378.0
Cook Islands,2006,import,us,22,17134.0
Cook Islands,2006,import,us,38,6006.0
Cook Islands,2006,import,us,39,10970.0
Cook Islands,2006,import,us,48,22826.0
Cook Islands,2006,import,us,49,7850.0
Cook Islands,2006,import,us,64,3393.0
Cook Islands,2006,import,us,68,14904.0
Cook Islands,2006,import,us,71,2887.0
Cook Islands,2006,import,us,73,11040.0
Cook Islands,2006,import,us,76,2800.0
Cook Islands,2006,import,us,81,84766.0
Cook Islands,2006,import,us,84,33177.0
Cook Islands,2006,import,us,85,255745.0
Cook Islands,2006,import,us,88,23090.0
Cook Islands,2006,import,us,90,1797691.0
Cook Islands,2006,import,world,01,23093.0
Cook Islands,2006,import,world,02,3169452.0
Cook Islands,2006,import,world,03,465238.0
Cook Islands,2006,import,world,04,1513912.0
Cook Islands,2006,import,world,05,63864.0
Cook Islands,2006,import,world,06,9267.0
Cook Islands,2006,import,world,07,678632.0
Cook Islands,2006,import,world,08,275391.0
Cook Islands,2006,import,world,09,264234.0
Cook Islands,2006,import,world,10,26800.0
Cook Islands,2006,import,world,11,395331.0
Cook Islands,2006,import,world,12,19713.0
Cook Islands,2006,import,world,13,1211.0
Cook Islands,2006,import,world,14,193.0
Cook Islands,2006,import,world,15,343384.0
Cook Islands,2006,import,world,16,1967707.0
Cook Islands,2006,import,world,17,576193.0
Cook Islands,2006,import,world,18,270438.0
Cook Islands,2006,import,world,19,1637789.0
Cook Islands,2006,import,world,20,1676039.0
Cook Islands,2006,import,world,21,1867886.0
Cook Islands,2006,import,world,22,3599431.0
Cook Islands,2006,import,world,23,595548.0
Cook Islands,2006,import,world,24,601787.0
Cook Islands,2006,import,world,25,308573.0
Cook Islands,2006,import,world,27,2899558.0
Cook Islands,2006,import,world,28,31118.0
Cook Islands,2006,import,world,29,93427.0
Cook Islands,2006,import,world,30,576175.0
Cook Islands,2006,import,world,31,49747.0
Cook Islands,2006,import,world,32,889806.0
Cook Islands,2006,import,world,33,764517.0
Cook Islands,2006,import,world,34,890889.0
Cook Islands,2006,import,world,35,77443.0
Cook Islands,2006,import,world,36,14082.0
Cook Islands,2006,import,world,37,541670.0
Cook Islands,2006,import,world,38,310527.0
Cook Islands,2006,import,world,39,1994719.0
Cook Islands,2006,import,world,40,459606.0
Cook Islands,2006,import,world,41,264.0
Cook Islands,2006,import,world,42,122130.0
Cook Islands,2006,import,world,43,9383.0
Cook Islands,2006,import,world,44,3480663.0
Cook Islands,2006,import,world,45,3862.0
Cook Islands,2006,import,world,46,6986.0
Cook Islands,2006,import,world,48,1547542.0
Cook Islands,2006,import,world,49,601237.0
Cook Islands,2006,import,world,50,1367.0
Cook Islands,2006,import,world,51,1292.0
Cook Islands,2006,import,world,52,190751.0
Cook Islands,2006,import,world,53,1420.0
Cook Islands,2006,import,world,54,36540.0
Cook Islands,2006,import,world,55,167215.0
Cook Islands,2006,import,world,56,284993.0
Cook Islands,2006,import,world,57,39526.0
Cook Islands,2006,import,world,58,28229.0
Cook Islands,2006,import,world,59,14008.0
Cook Islands,2006,import,world,60,62317.0
Cook Islands,2006,import,world,61,586971.0
Cook Islands,2006,import,world,62,568114.0
Cook Islands,2006,import,world,63,392623.0
Cook Islands,2006,import,world,64,291329.0
Cook Islands,2006,import,world,65,46000.0
Cook Islands,2006,import,world,66,14452.0
Cook Islands,2006,import,world,67,4911.0
Cook Islands,2006,import,world,68,1204539.0
Cook Islands,2006,import,world,69,273888.0
Cook Islands,2006,import,world,70,278137.0
Cook Islands,2006,import,world,71,473813.0
Cook Islands,2006,import,world,72,1163715.0
Cook Islands,2006,import,world,73,1934881.0
Cook Islands,2006,import,world,74,99157.0
Cook Islands,2006,import,world,76,951152.0
Cook Islands,2006,import,world,78,21021.0
Cook Islands,2006,import,world,79,9098.0
Cook Islands,2006,import,world,80,5916.0
Cook Islands,2006,import,world,81,84766.0
Cook Islands,2006,import,world,82,542031.0
Cook Islands,2006,import,world,83,282278.0
Cook Islands,2006,import,world,84,10073286.0
Cook Islands,2006,import,world,85,4348197.0
Cook Islands,2006,import,world,86,82418.0
Cook Islands,2006,import,world,87,4536295.0
Cook Islands,2006,import,world,88,638397.0
Cook Islands,2006,import,world,89,1073831.0
Cook Islands,2006,import,world,90,3862807.0
Cook Islands,2006,import,world,91,52943.0
Cook Islands,2006,import,world,92,30222.0
Cook Islands,2006,import,world,93,3119.0
Cook Islands,2006,import,world,94,2168752.0
Cook Islands,2006,import,world,95,434395.0
Cook Islands,2006,import,world,96,247737.0
Cook Islands,2006,import,world,97,108748.0
Cook Islands,2007,export,aus,49,1503.0
Cook Islands,2007,export,aus,71,89635.0
Cook Islands,2007,export,aus,84,2622.0
Cook Islands,2007,export,aus,85,1815.0
Cook Islands,2007,export,aus,94,2658.0
Cook Islands,2007,export,aus,97,17604.0
Cook Islands,2007,export,china,03,1824201.0
Cook Islands,2007,export,china,05,6951.0
Cook Islands,2007,export,china,73,543.0
Cook Islands,2007,export,china,85,12079.0
Cook Islands,2007,export,us,03,78869.0
Cook Islands,2007,export,us,06,51572.0
Cook Islands,2007,export,us,08,19892.0
Cook Islands,2007,export,us,42,4106.0
Cook Islands,2007,export,us,61,14297.0
Cook Islands,2007,export,us,62,14956.0
Cook Islands,2007,export,us,63,818.0
Cook Islands,2007,export,us,64,25845.0
Cook Islands,2007,export,us,71,445320.0
Cook Islands,2007,export,us,74,3684.0
Cook Islands,2007,export,us,76,7780.0
Cook Islands,2007,export,us,84,8002.0
Cook Islands,2007,export,us,85,798577.0
Cook Islands,2007,export,us,87,36013.0
Cook Islands,2007,export,us,90,26021.0
Cook Islands,2007,export,us,95,56433.0
Cook Islands,2007,export,us,97,27965.0
Cook Islands,2007,export,world,03,5363396.0
Cook Islands,2007,export,world,05,175847.0
Cook Islands,2007,export,world,06,67472.0
Cook Islands,2007,export,world,07,13434.0
Cook Islands,2007,export,world,08,144817.0
Cook Islands,2007,export,world,09,26.0
Cook Islands,2007,export,world,10,974898.0
Cook Islands,2007,export,world,12,423.0
Cook Islands,2007,export,world,19,61.0
Cook Islands,2007,export,world,20,807300.0
Cook Islands,2007,export,world,25,5025.0
Cook Islands,2007,export,world,27,637.0
Cook Islands,2007,export,world,28,242.0
Cook Islands,2007,export,world,29,243.0
Cook Islands,2007,export,world,30,14978.0
Cook Islands,2007,export,world,32,1739.0
Cook Islands,2007,export,world,33,7874.0
Cook Islands,2007,export,world,34,16.0
Cook Islands,2007,export,world,38,88.0
Cook Islands,2007,export,world,39,18267.0
Cook Islands,2007,export,world,40,506.0
Cook Islands,2007,export,world,42,4107.0
Cook Islands,2007,export,world,46,4099.0
Cook Islands,2007,export,world,48,257983.0
Cook Islands,2007,export,world,49,149639.0
Cook Islands,2007,export,world,54,11639.0
Cook Islands,2007,export,world,59,26.0
Cook Islands,2007,export,world,61,57172.0
Cook Islands,2007,export,world,62,105165.0
Cook Islands,2007,export,world,63,9433.0
Cook Islands,2007,export,world,64,32620.0
Cook Islands,2007,export,world,70,454.0
Cook Islands,2007,export,world,71,1343702.0
Cook Islands,2007,export,world,72,202205.0
Cook Islands,2007,export,world,73,22888.0
Cook Islands,2007,export,world,74,3684.0
Cook Islands,2007,export,world,76,34585.0
Cook Islands,2007,export,world,78,2593.0
Cook Islands,2007,export,world,82,20681.0
Cook Islands,2007,export,world,83,14253.0
Cook Islands,2007,export,world,84,477878.0
Cook Islands,2007,export,world,85,960280.0
Cook Islands,2007,export,world,87,83880.0
Cook Islands,2007,export,world,89,3800198.0
Cook Islands,2007,export,world,90,176668.0
Cook Islands,2007,export,world,91,4118.0
Cook Islands,2007,export,world,92,70676.0
Cook Islands,2007,export,world,94,33179.0
Cook Islands,2007,export,world,95,100354.0
Cook Islands,2007,export,world,96,15.0
Cook Islands,2007,export,world,97,49318.0
Cook Islands,2007,import,aus,02,164351.0
Cook Islands,2007,import,aus,04,222.0
Cook Islands,2007,import,aus,08,784.0
Cook Islands,2007,import,aus,09,4734.0
Cook Islands,2007,import,aus,10,339.0
Cook Islands,2007,import,aus,11,107532.0
Cook Islands,2007,import,aus,15,1166.0
Cook Islands,2007,import,aus,17,96711.0
Cook Islands,2007,import,aus,18,450.0
Cook Islands,2007,import,aus,19,4217.0
Cook Islands,2007,import,aus,20,38036.0
Cook Islands,2007,import,aus,21,40954.0
Cook Islands,2007,import,aus,22,535482.0
Cook Islands,2007,import,aus,23,3476.0
Cook Islands,2007,import,aus,24,902954.0
Cook Islands,2007,import,aus,25,8572.0
Cook Islands,2007,import,aus,26,34.0
Cook Islands,2007,import,aus,27,2150627.0
Cook Islands,2007,import,aus,29,1272.0
Cook Islands,2007,import,aus,30,20142.0
Cook Islands,2007,import,aus,32,12461.0
Cook Islands,2007,import,aus,33,256414.0
Cook Islands,2007,import,aus,34,101177.0
Cook Islands,2007,import,aus,35,25918.0
Cook Islands,2007,import,aus,38,25188.0
Cook Islands,2007,import,aus,39,49959.0
Cook Islands,2007,import,aus,40,34973.0
Cook Islands,2007,import,aus,42,29051.0
Cook Islands,2007,import,aus,44,54284.0
Cook Islands,2007,import,aus,46,2001.0
Cook Islands,2007,import,aus,48,62585.0
Cook Islands,2007,import,aus,49,31471.0
Cook Islands,2007,import,aus,56,4399.0
Cook Islands,2007,import,aus,59,1451.0
Cook Islands,2007,import,aus,61,46036.0
Cook Islands,2007,import,aus,62,51106.0
Cook Islands,2007,import,aus,63,13720.0
Cook Islands,2007,import,aus,64,110854.0
Cook Islands,2007,import,aus,65,1101.0
Cook Islands,2007,import,aus,66,510.0
Cook Islands,2007,import,aus,67,14877.0
Cook Islands,2007,import,aus,68,8963.0
Cook Islands,2007,import,aus,69,15596.0
Cook Islands,2007,import,aus,70,93484.0
Cook Islands,2007,import,aus,71,105192.0
Cook Islands,2007,import,aus,72,6135.0
Cook Islands,2007,import,aus,73,156601.0
Cook Islands,2007,import,aus,74,3036.0
Cook Islands,2007,import,aus,82,34368.0
Cook Islands,2007,import,aus,83,10566.0
Cook Islands,2007,import,aus,84,646934.0
Cook Islands,2007,import,aus,85,445478.0
Cook Islands,2007,import,aus,87,33328.0
Cook Islands,2007,import,aus,88,69117.0
Cook Islands,2007,import,aus,90,104505.0
Cook Islands,2007,import,aus,91,306.0
Cook Islands,2007,import,aus,94,247190.0
Cook Islands,2007,import,aus,95,105177.0
Cook Islands,2007,import,aus,96,14467.0
Cook Islands,2007,import,china,21,430.0
Cook Islands,2007,import,china,33,8850.0
Cook Islands,2007,import,china,39,47487.0
Cook Islands,2007,import,china,40,6715.0
Cook Islands,2007,import,china,42,8264.0
Cook Islands,2007,import,china,44,32810.0
Cook Islands,2007,import,china,48,32852.0
Cook Islands,2007,import,china,49,1174.0
Cook Islands,2007,import,china,52,37434.0
Cook Islands,2007,import,china,55,5985.0
Cook Islands,2007,import,china,61,31668.0
Cook Islands,2007,import,china,62,9713.0
Cook Islands,2007,import,china,63,464.0
Cook Islands,2007,import,china,64,1370.0
Cook Islands,2007,import,china,65,3645.0
Cook Islands,2007,import,china,67,2757.0
Cook Islands,2007,import,china,68,392.0
Cook Islands,2007,import,china,69,43030.0
Cook Islands,2007,import,china,70,16183.0
Cook Islands,2007,import,china,71,2696.0
Cook Islands,2007,import,china,73,27815.0
Cook Islands,2007,import,china,76,16126.999999999998
Cook Islands,2007,import,china,83,4277.0
Cook Islands,2007,import,china,84,168114.0
Cook Islands,2007,import,china,85,28392.0
Cook Islands,2007,import,china,87,568019.0
Cook Islands,2007,import,china,90,10650.0
Cook Islands,2007,import,china,94,5284.0
Cook Islands,2007,import,china,95,1578.0
Cook Islands,2007,import,china,96,8086.0
Cook Islands,2007,import,us,02,437479.0
Cook Islands,2007,import,us,21,355044.0
Cook Islands,2007,import,us,22,47534.0
Cook Islands,2007,import,us,39,59681.0
Cook Islands,2007,import,us,48,18856.0
Cook Islands,2007,import,us,59,4100.0
Cook Islands,2007,import,us,61,5839.0
Cook Islands,2007,import,us,62,14108.0
Cook Islands,2007,import,us,63,15934.0
Cook Islands,2007,import,us,64,6600.0
Cook Islands,2007,import,us,65,3174.0
Cook Islands,2007,import,us,69,5400.0
Cook Islands,2007,import,us,71,6109.0
Cook Islands,2007,import,us,82,13378.0
Cook Islands,2007,import,us,84,213813.0
Cook Islands,2007,import,us,85,816891.0
Cook Islands,2007,import,us,87,9000.0
Cook Islands,2007,import,us,88,44431.0
Cook Islands,2007,import,us,89,4700.0
Cook Islands,2007,import,us,92,9010.0
Cook Islands,2007,import,us,94,7223.0
Cook Islands,2007,import,us,95,5191.0
Cook Islands,2007,import,world,01,29925.0
Cook Islands,2007,import,world,02,4009103.0
Cook Islands,2007,import,world,03,433984.0
Cook Islands,2007,import,world,04,2048401.0
Cook Islands,2007,import,world,05,133699.0
Cook Islands,2007,import,world,06,6102.0
Cook Islands,2007,import,world,07,831311.0
Cook Islands,2007,import,world,08,307553.0
Cook Islands,2007,import,world,09,275024.0
Cook Islands,2007,import,world,10,19597.0
Cook Islands,2007,import,world,11,589866.0
Cook Islands,2007,import,world,12,32357.0
Cook Islands,2007,import,world,13,2188.0
Cook Islands,2007,import,world,15,394524.0
Cook Islands,2007,import,world,16,2191063.0
Cook Islands,2007,import,world,17,663166.0
Cook Islands,2007,import,world,18,359579.0
Cook Islands,2007,import,world,19,1644795.0
Cook Islands,2007,import,world,20,1894194.0
Cook Islands,2007,import,world,21,2295994.0
Cook Islands,2007,import,world,22,4640802.0
Cook Islands,2007,import,world,23,689987.0
Cook Islands,2007,import,world,24,1023176.0
Cook Islands,2007,import,world,25,536599.0
Cook Islands,2007,import,world,26,34.0
Cook Islands,2007,import,world,27,6870327.0
Cook Islands,2007,import,world,28,137746.0
Cook Islands,2007,import,world,29,74916.0
Cook Islands,2007,import,world,30,857783.0
Cook Islands,2007,import,world,31,98926.0
Cook Islands,2007,import,world,32,1179896.0
Cook Islands,2007,import,world,33,1055692.0
Cook Islands,2007,import,world,34,1053729.0
Cook Islands,2007,import,world,35,155436.0
Cook Islands,2007,import,world,36,14408.0
Cook Islands,2007,import,world,37,108705.0
Cook Islands,2007,import,world,38,474185.0
Cook Islands,2007,import,world,39,2922860.0
Cook Islands,2007,import,world,40,590103.0
Cook Islands,2007,import,world,41,1554.0
Cook Islands,2007,import,world,42,127337.0
Cook Islands,2007,import,world,43,301.0
Cook Islands,2007,import,world,44,4308315.0
Cook Islands,2007,import,world,45,2685.0
Cook Islands,2007,import,world,46,18779.0
Cook Islands,2007,import,world,48,1952988.0
Cook Islands,2007,import,world,49,529123.0
Cook Islands,2007,import,world,50,3069.0
Cook Islands,2007,import,world,51,11.0
Cook Islands,2007,import,world,52,191151.0
Cook Islands,2007,import,world,53,3438.0
Cook Islands,2007,import,world,54,38844.0
Cook Islands,2007,import,world,55,74838.0
Cook Islands,2007,import,world,56,197515.0
Cook Islands,2007,import,world,57,55258.0
Cook Islands,2007,import,world,58,48139.0
Cook Islands,2007,import,world,59,26100.0
Cook Islands,2007,import,world,60,48807.0
Cook Islands,2007,import,world,61,651857.0
Cook Islands,2007,import,world,62,801271.0
Cook Islands,2007,import,world,63,636724.0
Cook Islands,2007,import,world,64,289781.0
Cook Islands,2007,import,world,65,63040.0
Cook Islands,2007,import,world,66,17315.0
Cook Islands,2007,import,world,67,21844.0
Cook Islands,2007,import,world,68,1426170.0
Cook Islands,2007,import,world,69,595584.0
Cook Islands,2007,import,world,70,325421.0
Cook Islands,2007,import,world,71,840002.0
Cook Islands,2007,import,world,72,1421399.0
Cook Islands,2007,import,world,73,1941547.0
Cook Islands,2007,import,world,74,542694.0
Cook Islands,2007,import,world,75,420.0
Cook Islands,2007,import,world,76,1290737.0
Cook Islands,2007,import,world,78,9883.0
Cook Islands,2007,import,world,79,11807.0
Cook Islands,2007,import,world,80,38103.0
Cook Islands,2007,import,world,82,560015.0
Cook Islands,2007,import,world,83,371285.0
Cook Islands,2007,import,world,84,15673577.0
Cook Islands,2007,import,world,85,7396181.0
Cook Islands,2007,import,world,86,58679.0
Cook Islands,2007,import,world,87,6618605.0
Cook Islands,2007,import,world,88,618620.0
Cook Islands,2007,import,world,89,7010151.0
Cook Islands,2007,import,world,90,1160714.0
Cook Islands,2007,import,world,91,37846.0
Cook Islands,2007,import,world,92,46261.0
Cook Islands,2007,import,world,93,6861.0
Cook Islands,2007,import,world,94,3692625.0
Cook Islands,2007,import,world,95,760904.0
Cook Islands,2007,import,world,96,318509.0
Cook Islands,2007,import,world,97,9683.0
Cook Islands,2008,export,aus,20,5819.0
Cook Islands,2008,export,aus,62,1158.0
Cook Islands,2008,export,aus,71,21457.0
Cook Islands,2008,export,aus,87,8249.0
Cook Islands,2008,export,aus,89,9386.0
Cook Islands,2008,export,aus,97,25218.0
Cook Islands,2008,export,china,03,1599415.0
Cook Islands,2008,export,china,48,399.0
Cook Islands,2008,export,china,71,138113.0
Cook Islands,2008,export,china,72,196913.0
Cook Islands,2008,export,us,03,88935.0
Cook Islands,2008,export,us,06,48078.0
Cook Islands,2008,export,us,08,137265.0
Cook Islands,2008,export,us,39,661.0
Cook Islands,2008,export,us,40,808.0
Cook Islands,2008,export,us,42,307.0
Cook Islands,2008,export,us,61,19401.0
Cook Islands,2008,export,us,62,178384.0
Cook Islands,2008,export,us,68,10414.0
Cook Islands,2008,export,us,71,22609.0
Cook Islands,2008,export,us,84,87508.0
Cook Islands,2008,export,us,85,310658.0
Cook Islands,2008,export,us,90,28872.0
Cook Islands,2008,export,us,97,115241.0
Cook Islands,2008,export,world,03,8863590.0
Cook Islands,2008,export,world,05,79505.0
Cook Islands,2008,export,world,06,48078.0
Cook Islands,2008,export,world,07,20432.0
Cook Islands,2008,export,world,08,193225.0
Cook Islands,2008,export,world,09,804.0
Cook Islands,2008,export,world,13,25080.0
Cook Islands,2008,export,world,19,110.0
Cook Islands,2008,export,world,20,792315.0
Cook Islands,2008,export,world,21,9203.0
Cook Islands,2008,export,world,22,5406.0
Cook Islands,2008,export,world,23,2834.0
Cook Islands,2008,export,world,25,25.0
Cook Islands,2008,export,world,27,7922696.0
Cook Islands,2008,export,world,29,6174.0
Cook Islands,2008,export,world,30,100585.0
Cook Islands,2008,export,world,32,478.0
Cook Islands,2008,export,world,33,34.0
Cook Islands,2008,export,world,34,713.0
Cook Islands,2008,export,world,39,13743.0
Cook Islands,2008,export,world,40,7461.0
Cook Islands,2008,export,world,42,500.0
Cook Islands,2008,export,world,44,6769.0
Cook Islands,2008,export,world,46,189.0
Cook Islands,2008,export,world,48,913.0
Cook Islands,2008,export,world,49,12900.0
Cook Islands,2008,export,world,52,996.0
Cook Islands,2008,export,world,58,5363.0
Cook Islands,2008,export,world,59,38600.0
Cook Islands,2008,export,world,61,92823.0
Cook Islands,2008,export,world,62,189053.0
Cook Islands,2008,export,world,63,5262.0
Cook Islands,2008,export,world,64,5942.0
Cook Islands,2008,export,world,66,3170.0
Cook Islands,2008,export,world,67,845.0
Cook Islands,2008,export,world,68,10554.0
Cook Islands,2008,export,world,69,1473.0
Cook Islands,2008,export,world,70,93505.0
Cook Islands,2008,export,world,71,2089240.0
Cook Islands,2008,export,world,72,453400.0
Cook Islands,2008,export,world,73,16349.0
Cook Islands,2008,export,world,74,1235.0
Cook Islands,2008,export,world,76,32512.0
Cook Islands,2008,export,world,79,14.0
Cook Islands,2008,export,world,81,135717.0
Cook Islands,2008,export,world,82,3280.0
Cook Islands,2008,export,world,83,38579.0
Cook Islands,2008,export,world,84,1839833.0
Cook Islands,2008,export,world,85,601220.0
Cook Islands,2008,export,world,87,102298.0
Cook Islands,2008,export,world,88,39433.0
Cook Islands,2008,export,world,89,7055923.0
Cook Islands,2008,export,world,90,40252.0
Cook Islands,2008,export,world,91,3474.0
Cook Islands,2008,export,world,92,6585.0
Cook Islands,2008,export,world,94,53060.0
Cook Islands,2008,export,world,95,9654.0
Cook Islands,2008,export,world,96,1438.0
Cook Islands,2008,export,world,97,160921.0
Cook Islands,2008,import,aus,02,187581.0
Cook Islands,2008,import,aus,08,120.0
Cook Islands,2008,import,aus,10,170.0
Cook Islands,2008,import,aus,11,83707.0
Cook Islands,2008,import,aus,15,5298.0
Cook Islands,2008,import,aus,16,13507.0
Cook Islands,2008,import,aus,17,112839.0
Cook Islands,2008,import,aus,18,377.0
Cook Islands,2008,import,aus,19,21117.0
Cook Islands,2008,import,aus,20,23009.0
Cook Islands,2008,import,aus,21,75830.0
Cook Islands,2008,import,aus,22,622368.0
Cook Islands,2008,import,aus,23,2807.0
Cook Islands,2008,import,aus,24,841373.0
Cook Islands,2008,import,aus,25,20406.0
Cook Islands,2008,import,aus,27,2655299.0
Cook Islands,2008,import,aus,30,11903.0
Cook Islands,2008,import,aus,32,44516.0
Cook Islands,2008,import,aus,33,220496.0
Cook Islands,2008,import,aus,34,83156.0
Cook Islands,2008,import,aus,35,4745.0
Cook Islands,2008,import,aus,38,33799.0
Cook Islands,2008,import,aus,39,89202.0
Cook Islands,2008,import,aus,40,45220.0
Cook Islands,2008,import,aus,42,23189.0
Cook Islands,2008,import,aus,44,89701.0
Cook Islands,2008,import,aus,46,524.0
Cook Islands,2008,import,aus,48,29399.0
Cook Islands,2008,import,aus,49,31600.0
Cook Islands,2008,import,aus,56,17865.0
Cook Islands,2008,import,aus,61,110079.0
Cook Islands,2008,import,aus,62,264178.0
Cook Islands,2008,import,aus,63,9638.0
Cook Islands,2008,import,aus,64,58236.0
Cook Islands,2008,import,aus,65,2945.0
Cook Islands,2008,import,aus,67,3795.0
Cook Islands,2008,import,aus,68,267.0
Cook Islands,2008,import,aus,69,117.0
Cook Islands,2008,import,aus,70,6788.0
Cook Islands,2008,import,aus,71,53142.0
Cook Islands,2008,import,aus,72,14900.0
Cook Islands,2008,import,aus,73,85339.0
Cook Islands,2008,import,aus,76,3832.0
Cook Islands,2008,import,aus,82,42814.0
Cook Islands,2008,import,aus,83,30449.0
Cook Islands,2008,import,aus,84,1147994.0
Cook Islands,2008,import,aus,85,495068.0
Cook Islands,2008,import,aus,86,2860.0
Cook Islands,2008,import,aus,87,81576.0
Cook Islands,2008,import,aus,88,47687.0
Cook Islands,2008,import,aus,89,1948.0
Cook Islands,2008,import,aus,90,152587.0
Cook Islands,2008,import,aus,91,508.0
Cook Islands,2008,import,aus,92,2723.0
Cook Islands,2008,import,aus,94,93285.0
Cook Islands,2008,import,aus,95,184720.0
Cook Islands,2008,import,aus,96,2077.0
Cook Islands,2008,import,china,33,17993.0
Cook Islands,2008,import,china,39,13766.0
Cook Islands,2008,import,china,40,33825.0
Cook Islands,2008,import,china,42,130.0
Cook Islands,2008,import,china,44,41333.0
Cook Islands,2008,import,china,48,1104.0
Cook Islands,2008,import,china,52,50268.0
Cook Islands,2008,import,china,55,14355.0
Cook Islands,2008,import,china,56,173.0
Cook Islands,2008,import,china,57,1560.0
Cook Islands,2008,import,china,61,8607.0
Cook Islands,2008,import,china,63,44357.0
Cook Islands,2008,import,china,69,5807.0
Cook Islands,2008,import,china,70,13.0
Cook Islands,2008,import,china,71,22.0
Cook Islands,2008,import,china,72,151645.0
Cook Islands,2008,import,china,73,122514.0
Cook Islands,2008,import,china,82,7632.0
Cook Islands,2008,import,china,83,2184.0
Cook Islands,2008,import,china,84,147677.0
Cook Islands,2008,import,china,85,11362.0
Cook Islands,2008,import,china,87,164552.0
Cook Islands,2008,import,china,90,3826.0
Cook Islands,2008,import,china,94,25611.0
Cook Islands,2008,import,us,02,436920.0
Cook Islands,2008,import,us,08,35681.0
Cook Islands,2008,import,us,15,3658.0
Cook Islands,2008,import,us,21,594605.0
Cook Islands,2008,import,us,22,127935.0
Cook Islands,2008,import,us,25,7143.0
Cook Islands,2008,import,us,39,5661.0
Cook Islands,2008,import,us,42,12858.0
Cook Islands,2008,import,us,48,22578.0
Cook Islands,2008,import,us,59,9820.0
Cook Islands,2008,import,us,62,20975.0
Cook Islands,2008,import,us,63,9186.0
Cook Islands,2008,import,us,64,18760.0
Cook Islands,2008,import,us,70,4104.0
Cook Islands,2008,import,us,71,15492.0
Cook Islands,2008,import,us,72,11054.0
Cook Islands,2008,import,us,84,210735.0
Cook Islands,2008,import,us,85,477395.0
Cook Islands,2008,import,us,88,332567.0
Cook Islands,2008,import,us,89,3000.0
Cook Islands,2008,import,us,90,73365.0
Cook Islands,2008,import,us,92,10647.0
Cook Islands,2008,import,world,01,5457.0
Cook Islands,2008,import,world,02,3771934.0
Cook Islands,2008,import,world,03,387007.0
Cook Islands,2008,import,world,04,2007919.0
Cook Islands,2008,import,world,05,90558.0
Cook Islands,2008,import,world,06,15073.0
Cook Islands,2008,import,world,07,804897.0
Cook Islands,2008,import,world,08,295119.0
Cook Islands,2008,import,world,09,254414.0
Cook Islands,2008,import,world,10,58397.0
Cook Islands,2008,import,world,11,701083.0
Cook Islands,2008,import,world,12,22197.0
Cook Islands,2008,import,world,13,5116.0
Cook Islands,2008,import,world,15,512059.0
Cook Islands,2008,import,world,16,1865439.0
Cook Islands,2008,import,world,17,729050.0
Cook Islands,2008,import,world,18,441498.0
Cook Islands,2008,import,world,19,2110401.0
Cook Islands,2008,import,world,20,1560474.0
Cook Islands,2008,import,world,21,3605067.0
Cook Islands,2008,import,world,22,4355921.0
Cook Islands,2008,import,world,23,671135.0
Cook Islands,2008,import,world,24,1045148.0
Cook Islands,2008,import,world,25,716577.0
Cook Islands,2008,import,world,27,16750942.0
Cook Islands,2008,import,world,28,369792.0
Cook Islands,2008,import,world,29,268452.0
Cook Islands,2008,import,world,30,716206.0
Cook Islands,2008,import,world,31,191380.0
Cook Islands,2008,import,world,32,967000.0
Cook Islands,2008,import,world,33,1237236.0
Cook Islands,2008,import,world,34,937017.0
Cook Islands,2008,import,world,35,143224.0
Cook Islands,2008,import,world,36,30030.0
Cook Islands,2008,import,world,37,77205.0
Cook Islands,2008,import,world,38,413061.0
Cook Islands,2008,import,world,39,2527728.0
Cook Islands,2008,import,world,40,673118.0
Cook Islands,2008,import,world,41,133.0
Cook Islands,2008,import,world,42,151516.0
Cook Islands,2008,import,world,43,1749.0
Cook Islands,2008,import,world,44,2563776.0
Cook Islands,2008,import,world,45,1892.0
Cook Islands,2008,import,world,46,12701.0
Cook Islands,2008,import,world,48,1980196.0
Cook Islands,2008,import,world,49,511386.0
Cook Islands,2008,import,world,50,3759.0
Cook Islands,2008,import,world,52,247436.0
Cook Islands,2008,import,world,53,1349.0
Cook Islands,2008,import,world,54,52647.0
Cook Islands,2008,import,world,55,57559.0
Cook Islands,2008,import,world,56,231246.0
Cook Islands,2008,import,world,57,72205.0
Cook Islands,2008,import,world,58,25526.0
Cook Islands,2008,import,world,59,28788.0
Cook Islands,2008,import,world,60,46881.0
Cook Islands,2008,import,world,61,683328.0
Cook Islands,2008,import,world,62,1082098.0
Cook Islands,2008,import,world,63,416721.0
Cook Islands,2008,import,world,64,210588.0
Cook Islands,2008,import,world,65,98173.0
Cook Islands,2008,import,world,66,15028.0
Cook Islands,2008,import,world,67,6114.0
Cook Islands,2008,import,world,68,748847.0
Cook Islands,2008,import,world,69,290222.0
Cook Islands,2008,import,world,70,355421.0
Cook Islands,2008,import,world,71,430171.0
Cook Islands,2008,import,world,72,1380653.0
Cook Islands,2008,import,world,73,1897839.0
Cook Islands,2008,import,world,74,84560.0
Cook Islands,2008,import,world,75,2537.0
Cook Islands,2008,import,world,76,893186.0
Cook Islands,2008,import,world,78,22426.0
Cook Islands,2008,import,world,79,13012.0
Cook Islands,2008,import,world,80,294.0
Cook Islands,2008,import,world,82,504027.0
Cook Islands,2008,import,world,83,553436.0
Cook Islands,2008,import,world,84,7569876.0
Cook Islands,2008,import,world,85,6110489.0
Cook Islands,2008,import,world,86,64085.0
Cook Islands,2008,import,world,87,4154116.0
Cook Islands,2008,import,world,88,636141.0
Cook Islands,2008,import,world,89,7498539.0
Cook Islands,2008,import,world,90,808016.0
Cook Islands,2008,import,world,91,51659.0
Cook Islands,2008,import,world,92,48077.0
Cook Islands,2008,import,world,93,6776.0
Cook Islands,2008,import,world,94,2108293.0
Cook Islands,2008,import,world,95,640027.0
Cook Islands,2008,import,world,96,265324.0
Cook Islands,2009,export,aus,38,1598.0
Cook Islands,2009,export,aus,71,6073.0
Cook Islands,2009,export,aus,84,68460.0
Cook Islands,2009,export,aus,94,1333.0
Cook Islands,2009,export,aus,97,4113.0
Cook Islands,2009,export,china,03,245824.0
Cook Islands,2009,export,china,85,12285.0
Cook Islands,2009,export,china,87,44.0
Cook Islands,2009,export,us,03,60055.0
Cook Islands,2009,export,us,06,25060.0
Cook Islands,2009,export,us,39,3645.0
Cook Islands,2009,export,us,41,37618.0
Cook Islands,2009,export,us,49,14008.0
Cook Islands,2009,export,us,61,1583.0
Cook Islands,2009,export,us,62,16235.0
Cook Islands,2009,export,us,71,4548.0
Cook Islands,2009,export,us,73,9570.0
Cook Islands,2009,export,us,84,48526.0
Cook Islands,2009,export,us,85,158315.0
Cook Islands,2009,export,us,90,56902.0
Cook Islands,2009,export,us,95,1052.0
Cook Islands,2009,export,us,97,442480.0
Cook Islands,2009,export,world,01,2433.0
Cook Islands,2009,export,world,02,2841.0
Cook Islands,2009,export,world,03,9101751.0
Cook Islands,2009,export,world,06,25075.0
Cook Islands,2009,export,world,07,35313.0
Cook Islands,2009,export,world,08,40543.0
Cook Islands,2009,export,world,09,39252.0
Cook Islands,2009,export,world,13,24816.0
Cook Islands,2009,export,world,16,28677.0
Cook Islands,2009,export,world,20,721487.0
Cook Islands,2009,export,world,21,546.0
Cook Islands,2009,export,world,23,121601.0
Cook Islands,2009,export,world,27,216088.0
Cook Islands,2009,export,world,30,52643.0
Cook Islands,2009,export,world,34,13.0
Cook Islands,2009,export,world,38,4334.0
Cook Islands,2009,export,world,39,6850.0
Cook Islands,2009,export,world,40,40834.0
Cook Islands,2009,export,world,41,37618.0
Cook Islands,2009,export,world,42,414.0
Cook Islands,2009,export,world,44,1428.0
Cook Islands,2009,export,world,46,96.0
Cook Islands,2009,export,world,48,284.0
Cook Islands,2009,export,world,49,20937.0
Cook Islands,2009,export,world,61,123310.0
Cook Islands,2009,export,world,62,59711.0
Cook Islands,2009,export,world,63,294.0
Cook Islands,2009,export,world,65,110.0
Cook Islands,2009,export,world,69,20465.0
Cook Islands,2009,export,world,71,602211.0
Cook Islands,2009,export,world,72,28829.0
Cook Islands,2009,export,world,73,9909.0
Cook Islands,2009,export,world,74,1275.0
Cook Islands,2009,export,world,78,2725.0
Cook Islands,2009,export,world,82,4767.0
Cook Islands,2009,export,world,84,587653.0
Cook Islands,2009,export,world,85,639765.0
Cook Islands,2009,export,world,87,153846.0
Cook Islands,2009,export,world,88,143028.0
Cook Islands,2009,export,world,89,4069268.0
Cook Islands,2009,export,world,90,100016.0
Cook Islands,2009,export,world,91,1183.0
Cook Islands,2009,export,world,92,3884.0
Cook Islands,2009,export,world,93,35570.0
Cook Islands,2009,export,world,94,1414.0
Cook Islands,2009,export,world,95,4400.0
Cook Islands,2009,export,world,96,893.0
Cook Islands,2009,export,world,97,451197.0
Cook Islands,2009,import,aus,02,248346.0
Cook Islands,2009,import,aus,05,73.0
Cook Islands,2009,import,aus,08,238.0
Cook Islands,2009,import,aus,11,219156.0
Cook Islands,2009,import,aus,12,10207.0
Cook Islands,2009,import,aus,17,138940.0
Cook Islands,2009,import,aus,18,2039.0000000000002
Cook Islands,2009,import,aus,19,27702.0
Cook Islands,2009,import,aus,21,41823.0
Cook Islands,2009,import,aus,22,634296.0
Cook Islands,2009,import,aus,23,17934.0
Cook Islands,2009,import,aus,24,652555.0
Cook Islands,2009,import,aus,25,8826.0
Cook Islands,2009,import,aus,27,1265176.0
Cook Islands,2009,import,aus,30,36067.0
Cook Islands,2009,import,aus,32,10507.0
Cook Islands,2009,import,aus,33,105345.0
Cook Islands,2009,import,aus,34,74044.0
Cook Islands,2009,import,aus,35,189.0
Cook Islands,2009,import,aus,37,2676.0
Cook Islands,2009,import,aus,38,57771.0
Cook Islands,2009,import,aus,39,134320.0
Cook Islands,2009,import,aus,40,24804.0
Cook Islands,2009,import,aus,42,18090.0
Cook Islands,2009,import,aus,44,56366.0
Cook Islands,2009,import,aus,48,53418.0
Cook Islands,2009,import,aus,49,22858.0
Cook Islands,2009,import,aus,52,2308.0
Cook Islands,2009,import,aus,56,10025.0
Cook Islands,2009,import,aus,61,120305.0
Cook Islands,2009,import,aus,62,28161.0
Cook Islands,2009,import,aus,63,33806.0
Cook Islands,2009,import,aus,64,56560.0
Cook Islands,2009,import,aus,65,94.0
Cook Islands,2009,import,aus,66,7852.0
Cook Islands,2009,import,aus,67,7681.0
Cook Islands,2009,import,aus,68,6066.0
Cook Islands,2009,import,aus,69,320.0
Cook Islands,2009,import,aus,70,3119.0
Cook Islands,2009,import,aus,71,34775.0
Cook Islands,2009,import,aus,73,298577.0
Cook Islands,2009,import,aus,74,98.0
Cook Islands,2009,import,aus,76,29220.0
Cook Islands,2009,import,aus,82,17664.0
Cook Islands,2009,import,aus,83,2714.0
Cook Islands,2009,import,aus,84,497025.0
Cook Islands,2009,import,aus,85,2055505.0
Cook Islands,2009,import,aus,87,150155.0
Cook Islands,2009,import,aus,88,11143.0
Cook Islands,2009,import,aus,89,13001.0
Cook Islands,2009,import,aus,90,86120.0
Cook Islands,2009,import,aus,91,240.0
Cook Islands,2009,import,aus,92,3569.0
Cook Islands,2009,import,aus,94,35366.0
Cook Islands,2009,import,aus,95,128854.0
Cook Islands,2009,import,aus,96,5769.0
Cook Islands,2009,import,china,21,4276.0
Cook Islands,2009,import,china,32,66124.0
Cook Islands,2009,import,china,33,11.0
Cook Islands,2009,import,china,34,418.0
Cook Islands,2009,import,china,38,6177.0
Cook Islands,2009,import,china,39,13277.0
Cook Islands,2009,import,china,42,495.0
Cook Islands,2009,import,china,44,34701.0
Cook Islands,2009,import,china,46,175.0
Cook Islands,2009,import,china,48,11023.0
Cook Islands,2009,import,china,52,41321.0
Cook Islands,2009,import,china,55,39222.0
Cook Islands,2009,import,china,57,8399.0
Cook Islands,2009,import,china,59,146.0
Cook Islands,2009,import,china,61,157.0
Cook Islands,2009,import,china,62,2269.0
Cook Islands,2009,import,china,63,18068.0
Cook Islands,2009,import,china,64,175.0
Cook Islands,2009,import,china,65,53.0
Cook Islands,2009,import,china,67,60.0
Cook Islands,2009,import,china,68,15156.0
Cook Islands,2009,import,china,69,34704.0
Cook Islands,2009,import,china,70,32457.0
Cook Islands,2009,import,china,72,21769.0
Cook Islands,2009,import,china,73,4524123.0
Cook Islands,2009,import,china,76,106912.0
Cook Islands,2009,import,china,82,1540.0
Cook Islands,2009,import,china,83,1489.0
Cook Islands,2009,import,china,84,63980.0
Cook Islands,2009,import,china,85,52957.0
Cook Islands,2009,import,china,87,180122.0
Cook Islands,2009,import,china,90,2008.0
Cook Islands,2009,import,china,94,1709310.0
Cook Islands,2009,import,china,95,50050.0
Cook Islands,2009,import,china,96,1744.0
Cook Islands,2009,import,us,08,5262.0
Cook Islands,2009,import,us,10,44908.0
Cook Islands,2009,import,us,21,825141.0
Cook Islands,2009,import,us,22,28671.0
Cook Islands,2009,import,us,39,8070.0
Cook Islands,2009,import,us,42,12986.0
Cook Islands,2009,import,us,48,17676.0
Cook Islands,2009,import,us,56,3750.0
Cook Islands,2009,import,us,61,2592.0
Cook Islands,2009,import,us,62,22602.0
Cook Islands,2009,import,us,63,3710.0
Cook Islands,2009,import,us,64,2831.0
Cook Islands,2009,import,us,70,2816.0
Cook Islands,2009,import,us,72,10750.0
Cook Islands,2009,import,us,73,4972.0
Cook Islands,2009,import,us,84,154971.0
Cook Islands,2009,import,us,85,367468.0
Cook Islands,2009,import,us,90,25976.0
Cook Islands,2009,import,us,94,7893.0
Cook Islands,2009,import,us,95,5896.0
Cook Islands,2009,import,world,01,13860.0
Cook Islands,2009,import,world,02,3097174.0
Cook Islands,2009,import,world,03,399511.0
Cook Islands,2009,import,world,04,1864544.0
Cook Islands,2009,import,world,05,33219.0
Cook Islands,2009,import,world,06,40677.0
Cook Islands,2009,import,world,07,652216.0
Cook Islands,2009,import,world,08,266840.0
Cook Islands,2009,import,world,09,246813.0
Cook Islands,2009,import,world,10,128464.0
Cook Islands,2009,import,world,11,699085.0
Cook Islands,2009,import,world,12,57365.0
Cook Islands,2009,import,world,13,13776.0
Cook Islands,2009,import,world,15,409257.0
Cook Islands,2009,import,world,16,1877935.0
Cook Islands,2009,import,world,17,767780.0
Cook Islands,2009,import,world,18,369693.0
Cook Islands,2009,import,world,19,1717558.0
Cook Islands,2009,import,world,20,1629038.0
Cook Islands,2009,import,world,21,3565315.0
Cook Islands,2009,import,world,22,4343457.0
Cook Islands,2009,import,world,23,562445.0
Cook Islands,2009,import,world,24,792402.0
Cook Islands,2009,import,world,25,439238.0
Cook Islands,2009,import,world,26,1197.0
Cook Islands,2009,import,world,27,9674743.0
Cook Islands,2009,import,world,28,157404.0
Cook Islands,2009,import,world,29,3265195.0
Cook Islands,2009,import,world,30,662617.0
Cook Islands,2009,import,world,31,128223.0
Cook Islands,2009,import,world,32,950001.0
Cook Islands,2009,import,world,33,759473.0
Cook Islands,2009,import,world,34,871783.0
Cook Islands,2009,import,world,35,112302.0
Cook Islands,2009,import,world,36,88453.0
Cook Islands,2009,import,world,37,71363.0
Cook Islands,2009,import,world,38,774535.0
Cook Islands,2009,import,world,39,2650100.0
Cook Islands,2009,import,world,40,643921.0
Cook Islands,2009,import,world,41,101461.0
Cook Islands,2009,import,world,42,174714.0
Cook Islands,2009,import,world,43,3986.0
Cook Islands,2009,import,world,44,3113538.0
Cook Islands,2009,import,world,45,3114.0
Cook Islands,2009,import,world,46,3604.0
Cook Islands,2009,import,world,47,50289.0
Cook Islands,2009,import,world,48,2194291.0
Cook Islands,2009,import,world,49,458630.0
Cook Islands,2009,import,world,50,4182.0
Cook Islands,2009,import,world,52,237490.0
Cook Islands,2009,import,world,53,4669.0
Cook Islands,2009,import,world,54,34796.0
Cook Islands,2009,import,world,55,80540.0
Cook Islands,2009,import,world,56,273571.0
Cook Islands,2009,import,world,57,36525.0
Cook Islands,2009,import,world,58,27365.0
Cook Islands,2009,import,world,59,43954.0
Cook Islands,2009,import,world,60,30326.0
Cook Islands,2009,import,world,61,697138.0
Cook Islands,2009,import,world,62,587919.0
Cook Islands,2009,import,world,63,379074.0
Cook Islands,2009,import,world,64,254343.0
Cook Islands,2009,import,world,65,57856.0
Cook Islands,2009,import,world,66,28433.0
Cook Islands,2009,import,world,67,17438.0
Cook Islands,2009,import,world,68,922763.0
Cook Islands,2009,import,world,69,289980.0
Cook Islands,2009,import,world,70,329900.0
Cook Islands,2009,import,world,71,388502.0
Cook Islands,2009,import,world,72,1102672.0
Cook Islands,2009,import,world,73,7256504.0
Cook Islands,2009,import,world,74,401029.0
Cook Islands,2009,import,world,76,1435725.0
Cook Islands,2009,import,world,78,16578.0
Cook Islands,2009,import,world,79,47559.0
Cook Islands,2009,import,world,80,579.0
Cook Islands,2009,import,world,81,767.0
Cook Islands,2009,import,world,82,474791.0
Cook Islands,2009,import,world,83,214841.0
Cook Islands,2009,import,world,84,7585372.0
Cook Islands,2009,import,world,85,5344291.0
Cook Islands,2009,import,world,86,106151.0
Cook Islands,2009,import,world,87,3734875.0
Cook Islands,2009,import,world,88,107196.0
Cook Islands,2009,import,world,89,11564214.0
Cook Islands,2009,import,world,90,1222544.0
Cook Islands,2009,import,world,91,47434.0
Cook Islands,2009,import,world,92,23444.0
Cook Islands,2009,import,world,93,628.0
Cook Islands,2009,import,world,94,3158865.0
Cook Islands,2009,import,world,95,746738.0
Cook Islands,2009,import,world,96,212676.0
Cook Islands,2009,import,world,97,150497.0
Cook Islands,2010,export,aus,44,2897.0
Cook Islands,2010,export,aus,54,6012.0
Cook Islands,2010,export,aus,71,71518.0
Cook Islands,2010,export,aus,84,9877.0
Cook Islands,2010,export,aus,85,13360.0
Cook Islands,2010,export,aus,90,50314.0
Cook Islands,2010,export,aus,97,28590.0
Cook Islands,2010,export,china,03,1149305.0
Cook Islands,2010,export,china,54,403.0
Cook Islands,2010,export,china,62,4623.0
Cook Islands,2010,export,china,85,23.0
Cook Islands,2010,export,us,03,46230.0
Cook Islands,2010,export,us,06,35243.0
Cook Islands,2010,export,us,38,15659.0
Cook Islands,2010,export,us,44,49490.0
Cook Islands,2010,export,us,48,25260.0
Cook Islands,2010,export,us,62,66064.0
Cook Islands,2010,export,us,70,11445.0
Cook Islands,2010,export,us,71,77043.0
Cook Islands,2010,export,us,84,159289.0
Cook Islands,2010,export,us,85,745608.0
Cook Islands,2010,export,us,90,32563.0
Cook Islands,2010,export,us,94,877.0
Cook Islands,2010,export,us,97,294210.0
Cook Islands,2010,export,world,01,5266.0
Cook Islands,2010,export,world,03,18618912.0
Cook Islands,2010,export,world,04,52979.0
Cook Islands,2010,export,world,06,35374.0
Cook Islands,2010,export,world,07,8510.0
Cook Islands,2010,export,world,08,103677.0
Cook Islands,2010,export,world,09,38.0
Cook Islands,2010,export,world,19,10293.0
Cook Islands,2010,export,world,20,815715.0
Cook Islands,2010,export,world,22,5695.0
Cook Islands,2010,export,world,28,79840.0
Cook Islands,2010,export,world,29,36117.0
Cook Islands,2010,export,world,30,188838.0
Cook Islands,2010,export,world,33,865.0
Cook Islands,2010,export,world,34,27682.0
Cook Islands,2010,export,world,35,10.0
Cook Islands,2010,export,world,36,21565.0
Cook Islands,2010,export,world,38,36111.0
Cook Islands,2010,export,world,39,162031.0
Cook Islands,2010,export,world,40,152712.0
Cook Islands,2010,export,world,42,9890.0
Cook Islands,2010,export,world,44,63309.0
Cook Islands,2010,export,world,48,27903.0
Cook Islands,2010,export,world,49,10445.0
Cook Islands,2010,export,world,54,6638.0
Cook Islands,2010,export,world,56,867.0
Cook Islands,2010,export,world,58,7151.0
Cook Islands,2010,export,world,59,92156.0
Cook Islands,2010,export,world,61,65171.0
Cook Islands,2010,export,world,62,282217.0
Cook Islands,2010,export,world,63,3262.0
Cook Islands,2010,export,world,64,60.0
Cook Islands,2010,export,world,65,6232.0
Cook Islands,2010,export,world,67,4665.0
Cook Islands,2010,export,world,69,1407.0
Cook Islands,2010,export,world,70,14776.0
Cook Islands,2010,export,world,71,511600.0
Cook Islands,2010,export,world,72,75438.0
Cook Islands,2010,export,world,73,4954.0
Cook Islands,2010,export,world,74,1912.0
Cook Islands,2010,export,world,76,1758.0
Cook Islands,2010,export,world,78,5080.0
Cook Islands,2010,export,world,82,2914.0
Cook Islands,2010,export,world,83,27.0
Cook Islands,2010,export,world,84,438971.0
Cook Islands,2010,export,world,85,935888.0
Cook Islands,2010,export,world,87,69478.0
Cook Islands,2010,export,world,88,8241.0
Cook Islands,2010,export,world,89,231600.0
Cook Islands,2010,export,world,90,264182.0
Cook Islands,2010,export,world,91,56632.0
Cook Islands,2010,export,world,92,3161.0
Cook Islands,2010,export,world,94,281954.0
Cook Islands,2010,export,world,95,19568.0
Cook Islands,2010,export,world,96,6885.0
Cook Islands,2010,export,world,97,330346.0
Cook Islands,2010,import,aus,06,4839.0
Cook Islands,2010,import,aus,08,132.0
Cook Islands,2010,import,aus,11,107886.0
Cook Islands,2010,import,aus,17,73577.0
Cook Islands,2010,import,aus,18,2370.0
Cook Islands,2010,import,aus,19,102205.0
Cook Islands,2010,import,aus,20,8721.0
Cook Islands,2010,import,aus,21,89435.0
Cook Islands,2010,import,aus,22,1190667.0
Cook Islands,2010,import,aus,23,20028.0
Cook Islands,2010,import,aus,24,848251.0
Cook Islands,2010,import,aus,25,8279.0
Cook Islands,2010,import,aus,27,1876685.0
Cook Islands,2010,import,aus,29,2535.0
Cook Islands,2010,import,aus,30,51666.0
Cook Islands,2010,import,aus,32,72718.0
Cook Islands,2010,import,aus,33,218747.0
Cook Islands,2010,import,aus,34,93853.0
Cook Islands,2010,import,aus,35,2392.0
Cook Islands,2010,import,aus,38,65072.0
Cook Islands,2010,import,aus,39,34897.0
Cook Islands,2010,import,aus,40,26710.0
Cook Islands,2010,import,aus,42,4196.0
Cook Islands,2010,import,aus,44,19766.0
Cook Islands,2010,import,aus,48,74176.0
Cook Islands,2010,import,aus,49,8189.0
Cook Islands,2010,import,aus,56,4631.0
Cook Islands,2010,import,aus,57,4927.0
Cook Islands,2010,import,aus,61,25456.0
Cook Islands,2010,import,aus,62,90314.0
Cook Islands,2010,import,aus,63,23419.0
Cook Islands,2010,import,aus,64,35462.0
Cook Islands,2010,import,aus,68,2044.0
Cook Islands,2010,import,aus,69,6757.0
Cook Islands,2010,import,aus,70,38833.0
Cook Islands,2010,import,aus,71,47554.0
Cook Islands,2010,import,aus,72,4190.0
Cook Islands,2010,import,aus,73,172784.0
Cook Islands,2010,import,aus,74,9864.0
Cook Islands,2010,import,aus,76,15536.0
Cook Islands,2010,import,aus,82,11428.0
Cook Islands,2010,import,aus,83,4706.0
Cook Islands,2010,import,aus,84,573574.0
Cook Islands,2010,import,aus,85,256649.0
Cook Islands,2010,import,aus,87,21304.0
Cook Islands,2010,import,aus,88,93936.0
Cook Islands,2010,import,aus,90,45991.0
Cook Islands,2010,import,aus,91,138.0
Cook Islands,2010,import,aus,94,97030.0
Cook Islands,2010,import,aus,95,85814.0
Cook Islands,2010,import,aus,96,2634.0
Cook Islands,2010,import,china,21,4352.0
Cook Islands,2010,import,china,32,2296.0
Cook Islands,2010,import,china,33,124.0
Cook Islands,2010,import,china,34,119.0
Cook Islands,2010,import,china,35,16.0
Cook Islands,2010,import,china,39,12578.0
Cook Islands,2010,import,china,40,42625.0
Cook Islands,2010,import,china,42,12644.0
Cook Islands,2010,import,china,44,15636.0
Cook Islands,2010,import,china,48,8425.0
Cook Islands,2010,import,china,52,44200.0
Cook Islands,2010,import,china,55,28854.0
Cook Islands,2010,import,china,56,9.0
Cook Islands,2010,import,china,63,12867.0
Cook Islands,2010,import,china,65,1504.0
Cook Islands,2010,import,china,66,3748.0
Cook Islands,2010,import,china,67,15939.0
Cook Islands,2010,import,china,69,14824.0
Cook Islands,2010,import,china,70,30219.0
Cook Islands,2010,import,china,71,28798.0
Cook Islands,2010,import,china,72,37885.0
Cook Islands,2010,import,china,73,34422.0
Cook Islands,2010,import,china,76,3471.0
Cook Islands,2010,import,china,82,5643.0
Cook Islands,2010,import,china,84,466521.0
Cook Islands,2010,import,china,85,141142.0
Cook Islands,2010,import,china,87,649667.0
Cook Islands,2010,import,china,90,16322.0
Cook Islands,2010,import,china,91,1743.0
Cook Islands,2010,import,china,92,420.0
Cook Islands,2010,import,china,94,2076050.0
Cook Islands,2010,import,china,95,21443.0
Cook Islands,2010,import,china,96,5999.0
Cook Islands,2010,import,us,02,609717.0
Cook Islands,2010,import,us,10,145349.0
Cook Islands,2010,import,us,11,8968.0
Cook Islands,2010,import,us,16,41190.0
Cook Islands,2010,import,us,18,32000.0
Cook Islands,2010,import,us,19,9390.0
Cook Islands,2010,import,us,21,419367.0
Cook Islands,2010,import,us,22,168993.0
Cook Islands,2010,import,us,39,24232.0
Cook Islands,2010,import,us,40,7210.0
Cook Islands,2010,import,us,49,7037.0
Cook Islands,2010,import,us,61,30007.0
Cook Islands,2010,import,us,63,12168.0
Cook Islands,2010,import,us,64,11768.0
Cook Islands,2010,import,us,69,7945.0
Cook Islands,2010,import,us,70,4947.0
Cook Islands,2010,import,us,73,73436.0
Cook Islands,2010,import,us,82,7321.0
Cook Islands,2010,import,us,84,324447.0
Cook Islands,2010,import,us,85,1041334.0
Cook Islands,2010,import,us,86,19890.0
Cook Islands,2010,import,us,89,8571.0
Cook Islands,2010,import,us,90,110096.0
Cook Islands,2010,import,world,01,8949.0
Cook Islands,2010,import,world,02,3937379.0
Cook Islands,2010,import,world,03,518304.0
Cook Islands,2010,import,world,04,2007248.0
Cook Islands,2010,import,world,05,21294.0
Cook Islands,2010,import,world,06,10856.0
Cook Islands,2010,import,world,07,690985.0
Cook Islands,2010,import,world,08,261330.0
Cook Islands,2010,import,world,09,539347.0
Cook Islands,2010,import,world,10,247478.0
Cook Islands,2010,import,world,11,586408.0
Cook Islands,2010,import,world,12,30714.0
Cook Islands,2010,import,world,13,3695.0
Cook Islands,2010,import,world,15,464035.0
Cook Islands,2010,import,world,16,1987884.0
Cook Islands,2010,import,world,17,767592.0
Cook Islands,2010,import,world,18,400087.0
Cook Islands,2010,import,world,19,1967102.0
Cook Islands,2010,import,world,20,1542536.0
Cook Islands,2010,import,world,21,3690940.0
Cook Islands,2010,import,world,22,5671169.0
Cook Islands,2010,import,world,23,637953.0
Cook Islands,2010,import,world,24,1002797.0
Cook Islands,2010,import,world,25,408856.0
Cook Islands,2010,import,world,26,200.0
Cook Islands,2010,import,world,27,17019730.0
Cook Islands,2010,import,world,28,213030.0
Cook Islands,2010,import,world,29,61130.0
Cook Islands,2010,import,world,30,733521.0
Cook Islands,2010,import,world,31,84928.0
Cook Islands,2010,import,world,32,1071562.0
Cook Islands,2010,import,world,33,1007077.0
Cook Islands,2010,import,world,34,1021030.0
Cook Islands,2010,import,world,35,119558.0
Cook Islands,2010,import,world,36,13723.0
Cook Islands,2010,import,world,37,106843.0
Cook Islands,2010,import,world,38,567562.0
Cook Islands,2010,import,world,39,2212218.0
Cook Islands,2010,import,world,40,662419.0
Cook Islands,2010,import,world,41,77684.0
Cook Islands,2010,import,world,42,87023.0
Cook Islands,2010,import,world,43,2660.0
Cook Islands,2010,import,world,44,3297274.0
Cook Islands,2010,import,world,45,1040.0
Cook Islands,2010,import,world,46,43860.0
Cook Islands,2010,import,world,47,566.0
Cook Islands,2010,import,world,48,1989671.0
Cook Islands,2010,import,world,49,506406.0
Cook Islands,2010,import,world,50,2709.0
Cook Islands,2010,import,world,51,131.0
Cook Islands,2010,import,world,52,257098.0
Cook Islands,2010,import,world,53,17767.0
Cook Islands,2010,import,world,54,55358.0
Cook Islands,2010,import,world,55,133943.0
Cook Islands,2010,import,world,56,198417.0
Cook Islands,2010,import,world,57,48351.0
Cook Islands,2010,import,world,58,17889.0
Cook Islands,2010,import,world,59,48272.0
Cook Islands,2010,import,world,60,9910.0
Cook Islands,2010,import,world,61,1336823.0
Cook Islands,2010,import,world,62,682571.0
Cook Islands,2010,import,world,63,497967.0
Cook Islands,2010,import,world,64,207518.0
Cook Islands,2010,import,world,65,68889.0
Cook Islands,2010,import,world,66,21549.0
Cook Islands,2010,import,world,67,27117.0
Cook Islands,2010,import,world,68,1034857.0
Cook Islands,2010,import,world,69,271234.0
Cook Islands,2010,import,world,70,363708.0
Cook Islands,2010,import,world,71,499840.0
Cook Islands,2010,import,world,72,1137090.0
Cook Islands,2010,import,world,73,2220827.0
Cook Islands,2010,import,world,74,92682.0
Cook Islands,2010,import,world,76,836904.0
Cook Islands,2010,import,world,78,13841.0
Cook Islands,2010,import,world,79,28885.0
Cook Islands,2010,import,world,80,144.0
Cook Islands,2010,import,world,82,427178.0
Cook Islands,2010,import,world,83,260233.0
Cook Islands,2010,import,world,84,6053385.0
Cook Islands,2010,import,world,85,4895603.0
Cook Islands,2010,import,world,86,53739.0
Cook Islands,2010,import,world,87,3176002.0
Cook Islands,2010,import,world,88,485736.0
Cook Islands,2010,import,world,89,4456076.0
Cook Islands,2010,import,world,90,636222.0
Cook Islands,2010,import,world,91,57968.0
Cook Islands,2010,import,world,92,20280.0
Cook Islands,2010,import,world,93,36.0
Cook Islands,2010,import,world,94,3749353.0
Cook Islands,2010,import,world,95,480559.0
Cook Islands,2010,import,world,96,267848.0
Cook Islands,2010,import,world,97,12571.0
Cook Islands,2011,export,aus,20,6315.0
Cook Islands,2011,export,aus,71,44651.0
Cook Islands,2011,export,aus,82,16133.0
Cook Islands,2011,export,aus,84,8613.0
Cook Islands,2011,export,aus,85,28407.0
Cook Islands,2011,export,aus,90,20348.0
Cook Islands,2011,export,aus,96,1524.0
Cook Islands,2011,export,aus,97,6991.0
Cook Islands,2011,export,china,03,731222.0
Cook Islands,2011,export,china,85,56.0
Cook Islands,2011,export,china,90,6629.0
Cook Islands,2011,export,us,03,87193.0
Cook Islands,2011,export,us,06,23619.0
Cook Islands,2011,export,us,20,46161.0
Cook Islands,2011,export,us,40,31810.0
Cook Islands,2011,export,us,44,12640.0
Cook Islands,2011,export,us,48,4419.0
Cook Islands,2011,export,us,56,27091.0
Cook Islands,2011,export,us,61,31556.0
Cook Islands,2011,export,us,62,77678.0
Cook Islands,2011,export,us,71,3759.0
Cook Islands,2011,export,us,84,63903.0
Cook Islands,2011,export,us,90,2850.0
Cook Islands,2011,export,us,94,2663.0
Cook Islands,2011,export,us,95,44222.0
Cook Islands,2011,export,us,97,245706.0
Cook Islands,2011,export,world,03,16254725.0
Cook Islands,2011,export,world,04,3462.0
Cook Islands,2011,export,world,06,23619.0
Cook Islands,2011,export,world,07,13678.0
Cook Islands,2011,export,world,08,19600.0
Cook Islands,2011,export,world,09,30993.0
Cook Islands,2011,export,world,11,511.0
Cook Islands,2011,export,world,15,28.0
Cook Islands,2011,export,world,20,525626.0
Cook Islands,2011,export,world,22,103671.0
Cook Islands,2011,export,world,23,20049.0
Cook Islands,2011,export,world,29,425542.0
Cook Islands,2011,export,world,33,82.0
Cook Islands,2011,export,world,34,4.0
Cook Islands,2011,export,world,38,5999.0
Cook Islands,2011,export,world,39,18448.0
Cook Islands,2011,export,world,40,37497.0
Cook Islands,2011,export,world,41,1147.0
Cook Islands,2011,export,world,42,1889.0
Cook Islands,2011,export,world,44,20255.0
Cook Islands,2011,export,world,48,5155.0
Cook Islands,2011,export,world,49,2966.0
Cook Islands,2011,export,world,52,23677.0
Cook Islands,2011,export,world,54,21511.0
Cook Islands,2011,export,world,55,44121.0
Cook Islands,2011,export,world,56,27123.0
Cook Islands,2011,export,world,61,36953.0
Cook Islands,2011,export,world,62,90251.0
Cook Islands,2011,export,world,63,5296.0
Cook Islands,2011,export,world,64,131337.0
Cook Islands,2011,export,world,65,2254.0
Cook Islands,2011,export,world,69,630.0
Cook Islands,2011,export,world,70,376.0
Cook Islands,2011,export,world,71,278335.0
Cook Islands,2011,export,world,72,231678.0
Cook Islands,2011,export,world,73,28067.0
Cook Islands,2011,export,world,74,51.0
Cook Islands,2011,export,world,76,21573.0
Cook Islands,2011,export,world,82,25966.0
Cook Islands,2011,export,world,83,81345.0
Cook Islands,2011,export,world,84,334183.0
Cook Islands,2011,export,world,85,236906.0
Cook Islands,2011,export,world,87,15121.0
Cook Islands,2011,export,world,88,54444.0
Cook Islands,2011,export,world,89,14963012.0
Cook Islands,2011,export,world,90,104913.0
Cook Islands,2011,export,world,91,79.0
Cook Islands,2011,export,world,92,4214.0
Cook Islands,2011,export,world,94,18333.0
Cook Islands,2011,export,world,95,45108.0
Cook Islands,2011,export,world,96,2768.0
Cook Islands,2011,export,world,97,258387.0
Cook Islands,2011,import,aus,02,62191.0
Cook Islands,2011,import,aus,10,871.0
Cook Islands,2011,import,aus,17,72379.0
Cook Islands,2011,import,aus,19,19088.0
Cook Islands,2011,import,aus,21,20230.0
Cook Islands,2011,import,aus,22,485228.0
Cook Islands,2011,import,aus,23,2332.0
Cook Islands,2011,import,aus,24,985258.0
Cook Islands,2011,import,aus,27,941696.0
Cook Islands,2011,import,aus,30,14393.0
Cook Islands,2011,import,aus,33,163741.0
Cook Islands,2011,import,aus,34,132415.0
Cook Islands,2011,import,aus,35,10066.0
Cook Islands,2011,import,aus,38,44053.0
Cook Islands,2011,import,aus,39,80748.0
Cook Islands,2011,import,aus,40,40974.0
Cook Islands,2011,import,aus,42,35172.0
Cook Islands,2011,import,aus,44,20181.0
Cook Islands,2011,import,aus,48,45258.0
Cook Islands,2011,import,aus,49,24943.0
Cook Islands,2011,import,aus,57,4510.0
Cook Islands,2011,import,aus,58,3.0
Cook Islands,2011,import,aus,61,102682.0
Cook Islands,2011,import,aus,62,75877.0
Cook Islands,2011,import,aus,63,9237.0
Cook Islands,2011,import,aus,64,96149.0
Cook Islands,2011,import,aus,68,3073.0
Cook Islands,2011,import,aus,70,27640.0
Cook Islands,2011,import,aus,71,24969.0
Cook Islands,2011,import,aus,72,2190.0
Cook Islands,2011,import,aus,73,229481.0
Cook Islands,2011,import,aus,74,21.0
Cook Islands,2011,import,aus,76,16286.000000000002
Cook Islands,2011,import,aus,79,68.0
Cook Islands,2011,import,aus,81,3203.0
Cook Islands,2011,import,aus,82,19265.0
Cook Islands,2011,import,aus,83,17073.0
Cook Islands,2011,import,aus,84,1057695.0
Cook Islands,2011,import,aus,85,353353.0
Cook Islands,2011,import,aus,87,45882.0
Cook Islands,2011,import,aus,88,69387.0
Cook Islands,2011,import,aus,90,238896.0
Cook Islands,2011,import,aus,94,185027.0
Cook Islands,2011,import,aus,95,121665.0
Cook Islands,2011,import,aus,96,20.0
Cook Islands,2011,import,aus,97,13442.0
Cook Islands,2011,import,china,27,70000.0
Cook Islands,2011,import,china,39,60806.0
Cook Islands,2011,import,china,40,42273.0
Cook Islands,2011,import,china,42,20137.0
Cook Islands,2011,import,china,44,465.0
Cook Islands,2011,import,china,48,267.0
Cook Islands,2011,import,china,52,30382.0
Cook Islands,2011,import,china,55,56123.0
Cook Islands,2011,import,china,56,1265.0
Cook Islands,2011,import,china,57,7574.0
Cook Islands,2011,import,china,61,5451.0
Cook Islands,2011,import,china,62,5262.0
Cook Islands,2011,import,china,63,38596.0
Cook Islands,2011,import,china,64,60240.0
Cook Islands,2011,import,china,65,8467.0
Cook Islands,2011,import,china,66,696.0
Cook Islands,2011,import,china,67,5851.0
Cook Islands,2011,import,china,68,2425.0
Cook Islands,2011,import,china,69,28531.0
Cook Islands,2011,import,china,70,45910.0
Cook Islands,2011,import,china,72,23590.0
Cook Islands,2011,import,china,73,115559.0
Cook Islands,2011,import,china,74,180.0
Cook Islands,2011,import,china,76,9883.0
Cook Islands,2011,import,china,81,1650.0
Cook Islands,2011,import,china,82,18068.0
Cook Islands,2011,import,china,83,34976.0
Cook Islands,2011,import,china,84,76786.0
Cook Islands,2011,import,china,85,581471.0
Cook Islands,2011,import,china,87,379568.0
Cook Islands,2011,import,china,89,2000.0
Cook Islands,2011,import,china,90,26000.0
Cook Islands,2011,import,china,91,7032.0
Cook Islands,2011,import,china,94,3180590.0
Cook Islands,2011,import,china,95,4252.0
Cook Islands,2011,import,china,96,14006.0
Cook Islands,2011,import,us,02,1136699.0
Cook Islands,2011,import,us,03,96908.0
Cook Islands,2011,import,us,08,24500.0
Cook Islands,2011,import,us,10,8880.0
Cook Islands,2011,import,us,11,592178.0
Cook Islands,2011,import,us,16,18358.0
Cook Islands,2011,import,us,18,68782.0
Cook Islands,2011,import,us,21,407789.0
Cook Islands,2011,import,us,22,249496.0
Cook Islands,2011,import,us,27,32217.0
Cook Islands,2011,import,us,32,17378.0
Cook Islands,2011,import,us,39,2899.0
Cook Islands,2011,import,us,40,4225.0
Cook Islands,2011,import,us,44,10128.0
Cook Islands,2011,import,us,48,7095.0
Cook Islands,2011,import,us,61,32932.0
Cook Islands,2011,import,us,62,5612.0
Cook Islands,2011,import,us,64,2565.0
Cook Islands,2011,import,us,70,9780.0
Cook Islands,2011,import,us,71,4154.0
Cook Islands,2011,import,us,72,22007.0
Cook Islands,2011,import,us,73,11951.0
Cook Islands,2011,import,us,76,39158.0
Cook Islands,2011,import,us,82,4318.0
Cook Islands,2011,import,us,84,354540.0
Cook Islands,2011,import,us,85,591658.0
Cook Islands,2011,import,us,87,89279.0
Cook Islands,2011,import,us,90,9282.0
Cook Islands,2011,import,us,95,102904.0
Cook Islands,2011,import,us,96,14447.0
Cook Islands,2011,import,world,01,12499.0
Cook Islands,2011,import,world,02,4422816.0
Cook Islands,2011,import,world,03,592626.0
Cook Islands,2011,import,world,04,2738793.0
Cook Islands,2011,import,world,05,12099.0
Cook Islands,2011,import,world,06,13393.0
Cook Islands,2011,import,world,07,873524.0
Cook Islands,2011,import,world,08,446515.0
Cook Islands,2011,import,world,09,542447.0
Cook Islands,2011,import,world,10,74050.0
Cook Islands,2011,import,world,11,1285608.0
Cook Islands,2011,import,world,12,55872.0
Cook Islands,2011,import,world,13,74285.0
Cook Islands,2011,import,world,15,553998.0
Cook Islands,2011,import,world,16,2446826.0
Cook Islands,2011,import,world,17,754598.0
Cook Islands,2011,import,world,18,529000.0
Cook Islands,2011,import,world,19,2339376.0
Cook Islands,2011,import,world,20,1818143.0
Cook Islands,2011,import,world,21,2813088.0
Cook Islands,2011,import,world,22,6217770.0
Cook Islands,2011,import,world,23,710137.0
Cook Islands,2011,import,world,24,1324207.0
Cook Islands,2011,import,world,25,982963.0
Cook Islands,2011,import,world,27,33509761.0
Cook Islands,2011,import,world,28,143521.0
Cook Islands,2011,import,world,29,48758.0
Cook Islands,2011,import,world,30,752799.0
Cook Islands,2011,import,world,31,149929.0
Cook Islands,2011,import,world,32,1563488.0
Cook Islands,2011,import,world,33,1146327.0
Cook Islands,2011,import,world,34,1108674.0
Cook Islands,2011,import,world,35,112050.0
Cook Islands,2011,import,world,36,38955.0
Cook Islands,2011,import,world,37,491802.0
Cook Islands,2011,import,world,38,730614.0
Cook Islands,2011,import,world,39,3178645.0
Cook Islands,2011,import,world,40,768026.0
Cook Islands,2011,import,world,41,3646.0
Cook Islands,2011,import,world,42,150361.0
Cook Islands,2011,import,world,43,1994.0
Cook Islands,2011,import,world,44,2101158.0
Cook Islands,2011,import,world,45,5285.0
Cook Islands,2011,import,world,46,26103.0
Cook Islands,2011,import,world,48,2445359.0
Cook Islands,2011,import,world,49,668690.0
Cook Islands,2011,import,world,50,131.0
Cook Islands,2011,import,world,51,4354.0
Cook Islands,2011,import,world,52,237831.0
Cook Islands,2011,import,world,53,3629.0
Cook Islands,2011,import,world,54,40542.0
Cook Islands,2011,import,world,55,108494.0
Cook Islands,2011,import,world,56,160638.0
Cook Islands,2011,import,world,57,47566.0
Cook Islands,2011,import,world,58,21079.0
Cook Islands,2011,import,world,59,122818.0
Cook Islands,2011,import,world,60,30263.0
Cook Islands,2011,import,world,61,881344.0
Cook Islands,2011,import,world,62,823997.0
Cook Islands,2011,import,world,63,522144.0
Cook Islands,2011,import,world,64,433167.0
Cook Islands,2011,import,world,65,59638.0
Cook Islands,2011,import,world,66,37994.0
Cook Islands,2011,import,world,67,22930.0
Cook Islands,2011,import,world,68,583968.0
Cook Islands,2011,import,world,69,229566.0
Cook Islands,2011,import,world,70,357507.0
Cook Islands,2011,import,world,71,507739.0
Cook Islands,2011,import,world,72,1922817.0
Cook Islands,2011,import,world,73,3379678.0
Cook Islands,2011,import,world,74,59934.0
Cook Islands,2011,import,world,75,1780.0
Cook Islands,2011,import,world,76,836070.0
Cook Islands,2011,import,world,78,17119.0
Cook Islands,2011,import,world,79,16647.0
Cook Islands,2011,import,world,80,3093.0
Cook Islands,2011,import,world,81,4853.0
Cook Islands,2011,import,world,82,527101.0
Cook Islands,2011,import,world,83,258762.0
Cook Islands,2011,import,world,84,7384673.0
Cook Islands,2011,import,world,85,5727471.0
Cook Islands,2011,import,world,86,2212.0
Cook Islands,2011,import,world,87,3370850.0
Cook Islands,2011,import,world,88,294154.0
Cook Islands,2011,import,world,89,5320344.0
Cook Islands,2011,import,world,90,2094772.0
Cook Islands,2011,import,world,91,67742.0
Cook Islands,2011,import,world,92,24486.0
Cook Islands,2011,import,world,93,4671.0
Cook Islands,2011,import,world,94,5000964.0
Cook Islands,2011,import,world,95,739019.0
Cook Islands,2011,import,world,96,353406.0
Cook Islands,2011,import,world,97,38478.0
Cook Islands,2012,export,aus,15,7080.0
Cook Islands,2012,export,aus,20,6706.0
Cook Islands,2012,export,aus,39,18109.0
Cook Islands,2012,export,aus,71,9685.0
Cook Islands,2012,export,aus,84,69929.0
Cook Islands,2012,export,aus,85,3107.0
Cook Islands,2012,export,aus,90,2707.0
Cook Islands,2012,export,china,03,1009256.0
Cook Islands,2012,export,china,20,8674.0
Cook Islands,2012,export,china,85,280.0
Cook Islands,2012,export,us,03,411347.0
Cook Islands,2012,export,us,06,2964.0
Cook Islands,2012,export,us,08,205805.0
Cook Islands,2012,export,us,12,26414.0
Cook Islands,2012,export,us,23,155430.0
Cook Islands,2012,export,us,29,8074.999999999999
Cook Islands,2012,export,us,39,284.0
Cook Islands,2012,export,us,40,67665.0
Cook Islands,2012,export,us,42,34939.0
Cook Islands,2012,export,us,61,9518.0
Cook Islands,2012,export,us,62,14447.0
Cook Islands,2012,export,us,68,15510.0
Cook Islands,2012,export,us,71,10650.0
Cook Islands,2012,export,us,73,2148.0
Cook Islands,2012,export,us,76,2216.0
Cook Islands,2012,export,us,82,22776.0
Cook Islands,2012,export,us,84,142161.0
Cook Islands,2012,export,us,85,53230.0
Cook Islands,2012,export,us,87,2270.0
Cook Islands,2012,export,us,90,57765.0
Cook Islands,2012,export,us,92,7612.0
Cook Islands,2012,export,us,95,162659.0
Cook Islands,2012,export,us,97,4675.0
Cook Islands,2012,export,world,02,197.0
Cook Islands,2012,export,world,03,22778586.0
Cook Islands,2012,export,world,05,421.0
Cook Islands,2012,export,world,06,3482.0
Cook Islands,2012,export,world,07,107.0
Cook Islands,2012,export,world,08,252998.0
Cook Islands,2012,export,world,09,144270.0
Cook Islands,2012,export,world,12,26414.0
Cook Islands,2012,export,world,13,530.0
Cook Islands,2012,export,world,15,7080.0
Cook Islands,2012,export,world,19,354.0
Cook Islands,2012,export,world,20,324864.0
Cook Islands,2012,export,world,22,197388.0
Cook Islands,2012,export,world,23,155430.0
Cook Islands,2012,export,world,24,23.0
Cook Islands,2012,export,world,27,6659.0
Cook Islands,2012,export,world,28,1054.0
Cook Islands,2012,export,world,29,8074.999999999999
Cook Islands,2012,export,world,33,513.0
Cook Islands,2012,export,world,34,346.0
Cook Islands,2012,export,world,35,18.0
Cook Islands,2012,export,world,39,52919.0
Cook Islands,2012,export,world,40,72693.0
Cook Islands,2012,export,world,42,38694.0
Cook Islands,2012,export,world,44,2879.0
Cook Islands,2012,export,world,48,2160.0
Cook Islands,2012,export,world,49,4142.0
Cook Islands,2012,export,world,52,32412.999999999996
Cook Islands,2012,export,world,54,21609.0
Cook Islands,2012,export,world,55,85406.0
Cook Islands,2012,export,world,56,50.0
Cook Islands,2012,export,world,57,88.0
Cook Islands,2012,export,world,58,3197.0
Cook Islands,2012,export,world,61,80088.0
Cook Islands,2012,export,world,62,58857.0
Cook Islands,2012,export,world,63,3121.0
Cook Islands,2012,export,world,64,3913.0
Cook Islands,2012,export,world,65,1389.0
Cook Islands,2012,export,world,68,15510.0
Cook Islands,2012,export,world,70,121.0
Cook Islands,2012,export,world,71,301975.0
Cook Islands,2012,export,world,72,380516.0
Cook Islands,2012,export,world,73,4333.0
Cook Islands,2012,export,world,74,3139.0
Cook Islands,2012,export,world,76,103043.0
Cook Islands,2012,export,world,82,23391.0
Cook Islands,2012,export,world,83,3473.0
Cook Islands,2012,export,world,84,270400.0
Cook Islands,2012,export,world,85,336983.0
Cook Islands,2012,export,world,87,15549.0
Cook Islands,2012,export,world,89,24980950.0
Cook Islands,2012,export,world,90,103210.0
Cook Islands,2012,export,world,91,761.0
Cook Islands,2012,export,world,92,7612.0
Cook Islands,2012,export,world,94,4487.0
Cook Islands,2012,export,world,95,175091.0
Cook Islands,2012,export,world,96,55.0
Cook Islands,2012,export,world,97,23471.0
Cook Islands,2012,import,aus,02,57954.0
Cook Islands,2012,import,aus,08,20103.0
Cook Islands,2012,import,aus,10,2150.0
Cook Islands,2012,import,aus,17,85147.0
Cook Islands,2012,import,aus,18,24047.0
Cook Islands,2012,import,aus,19,78045.0
Cook Islands,2012,import,aus,21,56737.0
Cook Islands,2012,import,aus,22,984928.0
Cook Islands,2012,import,aus,24,33708.0
Cook Islands,2012,import,aus,25,12620.0
Cook Islands,2012,import,aus,30,34560.0
Cook Islands,2012,import,aus,32,21750.0
Cook Islands,2012,import,aus,33,230506.0
Cook Islands,2012,import,aus,34,97980.0
Cook Islands,2012,import,aus,38,25696.0
Cook Islands,2012,import,aus,39,19923.0
Cook Islands,2012,import,aus,40,35351.0
Cook Islands,2012,import,aus,42,87536.0
Cook Islands,2012,import,aus,43,4347.0
Cook Islands,2012,import,aus,44,5356.0
Cook Islands,2012,import,aus,48,195975.0
Cook Islands,2012,import,aus,49,40328.0
Cook Islands,2012,import,aus,58,3073.0
Cook Islands,2012,import,aus,61,56237.0
Cook Islands,2012,import,aus,62,37969.0
Cook Islands,2012,import,aus,63,24558.0
Cook Islands,2012,import,aus,64,110366.0
Cook Islands,2012,import,aus,65,463.0
Cook Islands,2012,import,aus,66,7451.0
Cook Islands,2012,import,aus,67,2563.0
Cook Islands,2012,import,aus,68,4657.0
Cook Islands,2012,import,aus,69,7212.0
Cook Islands,2012,import,aus,70,5380.0
Cook Islands,2012,import,aus,71,94813.0
Cook Islands,2012,import,aus,73,119023.0
Cook Islands,2012,import,aus,74,2212.0
Cook Islands,2012,import,aus,76,10067.0
Cook Islands,2012,import,aus,82,43487.0
Cook Islands,2012,import,aus,83,11001.0
Cook Islands,2012,import,aus,84,834508.0
Cook Islands,2012,import,aus,85,809201.0
Cook Islands,2012,import,aus,87,62124.0
Cook Islands,2012,import,aus,88,216255.0
Cook Islands,2012,import,aus,90,184922.0
Cook Islands,2012,import,aus,94,88798.0
Cook Islands,2012,import,aus,95,34530.0
Cook Islands,2012,import,aus,96,12036.0
Cook Islands,2012,import,aus,97,13454.0
Cook Islands,2012,import,china,03,44200.0
Cook Islands,2012,import,china,27,197725.0
Cook Islands,2012,import,china,30,1925.0
Cook Islands,2012,import,china,33,1483.0
Cook Islands,2012,import,china,34,30657.0
Cook Islands,2012,import,china,39,54901.0
Cook Islands,2012,import,china,40,159.0
Cook Islands,2012,import,china,42,24621.0
Cook Islands,2012,import,china,44,20745.0
Cook Islands,2012,import,china,48,10991.0
Cook Islands,2012,import,china,49,939.0
Cook Islands,2012,import,china,52,68042.0
Cook Islands,2012,import,china,54,1445.0
Cook Islands,2012,import,china,55,58234.0
Cook Islands,2012,import,china,56,2310.0
Cook Islands,2012,import,china,57,523.0
Cook Islands,2012,import,china,58,1020.0
Cook Islands,2012,import,china,59,310.0
Cook Islands,2012,import,china,60,837.0
Cook Islands,2012,import,china,61,34517.0
Cook Islands,2012,import,china,62,793.0
Cook Islands,2012,import,china,63,46476.0
Cook Islands,2012,import,china,65,837.0
Cook Islands,2012,import,china,66,3619.0
Cook Islands,2012,import,china,67,10287.0
Cook Islands,2012,import,china,68,1004.0
Cook Islands,2012,import,china,69,37968.0
Cook Islands,2012,import,china,70,40845.0
Cook Islands,2012,import,china,72,7740.0
Cook Islands,2012,import,china,73,81347.0
Cook Islands,2012,import,china,76,34275.0
Cook Islands,2012,import,china,82,9178.0
Cook Islands,2012,import,china,83,24869.0
Cook Islands,2012,import,china,84,160921.0
Cook Islands,2012,import,china,85,151523.0
Cook Islands,2012,import,china,86,22080.0
Cook Islands,2012,import,china,87,534477.0
Cook Islands,2012,import,china,89,112.0
Cook Islands,2012,import,china,90,5344.0
Cook Islands,2012,import,china,91,253.0
Cook Islands,2012,import,china,92,708.0
Cook Islands,2012,import,china,94,2237233.0
Cook Islands,2012,import,china,95,29537.0
Cook Islands,2012,import,china,96,37132.0
Cook Islands,2012,import,us,02,1448040.0
Cook Islands,2012,import,us,03,74242.0
Cook Islands,2012,import,us,10,6942.0
Cook Islands,2012,import,us,16,36489.0
Cook Islands,2012,import,us,18,90675.0
Cook Islands,2012,import,us,21,388518.0
Cook Islands,2012,import,us,22,284379.0
Cook Islands,2012,import,us,32,7552.0
Cook Islands,2012,import,us,33,18610.0
Cook Islands,2012,import,us,34,3950.0
Cook Islands,2012,import,us,61,5790.0
Cook Islands,2012,import,us,64,3800.0
Cook Islands,2012,import,us,73,20073.0
Cook Islands,2012,import,us,82,25809.0
Cook Islands,2012,import,us,84,216695.0
Cook Islands,2012,import,us,85,1936924.0
Cook Islands,2012,import,us,87,29598.0
Cook Islands,2012,import,us,90,30406.0
Cook Islands,2012,import,us,94,45087.0
Cook Islands,2012,import,us,95,62314.0
Cook Islands,2012,import,world,01,8274.0
Cook Islands,2012,import,world,02,4756833.0
Cook Islands,2012,import,world,03,666600.0
Cook Islands,2012,import,world,04,3113660.0
Cook Islands,2012,import,world,05,68116.0
Cook Islands,2012,import,world,06,3911.0
Cook Islands,2012,import,world,07,896106.0
Cook Islands,2012,import,world,08,442864.0
Cook Islands,2012,import,world,09,475701.0
Cook Islands,2012,import,world,10,87959.0
Cook Islands,2012,import,world,11,727970.0
Cook Islands,2012,import,world,12,27330.0
Cook Islands,2012,import,world,13,11886.0
Cook Islands,2012,import,world,14,5337.0
Cook Islands,2012,import,world,15,961075.0
Cook Islands,2012,import,world,16,2706039.0
Cook Islands,2012,import,world,17,938186.0
Cook Islands,2012,import,world,18,667746.0
Cook Islands,2012,import,world,19,2135661.0
Cook Islands,2012,import,world,20,1878664.0
Cook Islands,2012,import,world,21,3155257.0
Cook Islands,2012,import,world,22,7005796.0
Cook Islands,2012,import,world,23,863390.0
Cook Islands,2012,import,world,24,1277067.0
Cook Islands,2012,import,world,25,837332.0
Cook Islands,2012,import,world,27,32255865.0
Cook Islands,2012,import,world,28,142326.0
Cook Islands,2012,import,world,29,89407.0
Cook Islands,2012,import,world,30,844151.0
Cook Islands,2012,import,world,31,174711.0
Cook Islands,2012,import,world,32,1288712.0
Cook Islands,2012,import,world,33,1177156.0
Cook Islands,2012,import,world,34,1264770.0
Cook Islands,2012,import,world,35,160051.0
Cook Islands,2012,import,world,36,99460.0
Cook Islands,2012,import,world,37,64770.0
Cook Islands,2012,import,world,38,793535.0
Cook Islands,2012,import,world,39,2651031.0
Cook Islands,2012,import,world,40,728251.0
Cook Islands,2012,import,world,41,19.0
Cook Islands,2012,import,world,42,241488.0
Cook Islands,2012,import,world,43,14413.0
Cook Islands,2012,import,world,44,2592306.0
Cook Islands,2012,import,world,45,580.0
Cook Islands,2012,import,world,46,43231.0
Cook Islands,2012,import,world,48,2352370.0
Cook Islands,2012,import,world,49,966062.0
Cook Islands,2012,import,world,51,2274.0
Cook Islands,2012,import,world,52,264200.0
Cook Islands,2012,import,world,53,729.0
Cook Islands,2012,import,world,54,69419.0
Cook Islands,2012,import,world,55,150115.0
Cook Islands,2012,import,world,56,115591.0
Cook Islands,2012,import,world,57,72658.0
Cook Islands,2012,import,world,58,22050.0
Cook Islands,2012,import,world,59,28914.0
Cook Islands,2012,import,world,60,12163.0
Cook Islands,2012,import,world,61,762441.0
Cook Islands,2012,import,world,62,737806.0
Cook Islands,2012,import,world,63,853124.0
Cook Islands,2012,import,world,64,400955.0
Cook Islands,2012,import,world,65,77241.0
Cook Islands,2012,import,world,66,36443.0
Cook Islands,2012,import,world,67,34741.0
Cook Islands,2012,import,world,68,593357.0
Cook Islands,2012,import,world,69,266221.0
Cook Islands,2012,import,world,70,285425.0
Cook Islands,2012,import,world,71,499235.0
Cook Islands,2012,import,world,72,942522.0
Cook Islands,2012,import,world,73,2255134.0
Cook Islands,2012,import,world,74,91421.0
Cook Islands,2012,import,world,76,778072.0
Cook Islands,2012,import,world,78,17050.0
Cook Islands,2012,import,world,79,11787.0
Cook Islands,2012,import,world,80,1577.0
Cook Islands,2012,import,world,82,524217.0
Cook Islands,2012,import,world,83,318289.0
Cook Islands,2012,import,world,84,9022581.0
Cook Islands,2012,import,world,85,8012101.0
Cook Islands,2012,import,world,86,79580.0
Cook Islands,2012,import,world,87,4693622.0
Cook Islands,2012,import,world,88,343102.0
Cook Islands,2012,import,world,89,5304596.0
Cook Islands,2012,import,world,90,1939402.0
Cook Islands,2012,import,world,91,42535.0
Cook Islands,2012,import,world,92,38400.0
Cook Islands,2012,import,world,93,2968.0
Cook Islands,2012,import,world,94,4161126.0
Cook Islands,2012,import,world,95,614960.0
Cook Islands,2012,import,world,96,396099.0
Cook Islands,2012,import,world,97,16773.0
Cook Islands,2013,export,aus,03,324392.0
Cook Islands,2013,export,aus,12,1386.0
Cook Islands,2013,export,aus,15,20058.0
Cook Islands,2013,export,aus,42,5818.0
Cook Islands,2013,export,aus,61,5313.0
Cook Islands,2013,export,aus,65,1557.0
Cook Islands,2013,export,aus,71,14916.0
Cook Islands,2013,export,aus,84,7997.0
Cook Islands,2013,export,aus,85,15595.0
Cook Islands,2013,export,china,03,954620.0
Cook Islands,2013,export,china,20,37081.0
Cook Islands,2013,export,china,71,15794.0
Cook Islands,2013,export,china,85,227.0
Cook Islands,2013,export,us,03,100842.0
Cook Islands,2013,export,us,44,4850.0
Cook Islands,2013,export,us,54,1602.0
Cook Islands,2013,export,us,61,22026.0
Cook Islands,2013,export,us,62,13561.0
Cook Islands,2013,export,us,63,11109.0
Cook Islands,2013,export,us,71,55185.0
Cook Islands,2013,export,us,84,41099.0
Cook Islands,2013,export,us,85,79680.0
Cook Islands,2013,export,us,90,22202.0
Cook Islands,2013,export,us,94,595.0
Cook Islands,2013,export,us,97,17428.0
Cook Islands,2013,export,world,03,15288381.0
Cook Islands,2013,export,world,05,65441.0
Cook Islands,2013,export,world,07,2712.0
Cook Islands,2013,export,world,08,57428.0
Cook Islands,2013,export,world,12,1386.0
Cook Islands,2013,export,world,13,13.0
Cook Islands,2013,export,world,15,20058.0
Cook Islands,2013,export,world,17,20.0
Cook Islands,2013,export,world,19,158.0
Cook Islands,2013,export,world,20,302156.0
Cook Islands,2013,export,world,21,48.0
Cook Islands,2013,export,world,22,140226.0
Cook Islands,2013,export,world,23,150.0
Cook Islands,2013,export,world,27,1716.0
Cook Islands,2013,export,world,28,869.0
Cook Islands,2013,export,world,29,86.0
Cook Islands,2013,export,world,30,21686.0
Cook Islands,2013,export,world,32,23.0
Cook Islands,2013,export,world,33,27757.0
Cook Islands,2013,export,world,34,884.0
Cook Islands,2013,export,world,35,700.0
Cook Islands,2013,export,world,38,66968.0
Cook Islands,2013,export,world,39,7180.0
Cook Islands,2013,export,world,40,24382.0
Cook Islands,2013,export,world,42,10524.0
Cook Islands,2013,export,world,44,29009.0
Cook Islands,2013,export,world,46,389.0
Cook Islands,2013,export,world,48,11248.0
Cook Islands,2013,export,world,49,7436.0
Cook Islands,2013,export,world,54,6547.0
Cook Islands,2013,export,world,55,33.0
Cook Islands,2013,export,world,56,5325.0
Cook Islands,2013,export,world,58,577.0
Cook Islands,2013,export,world,60,735.0
Cook Islands,2013,export,world,61,37818.0
Cook Islands,2013,export,world,62,35227.0
Cook Islands,2013,export,world,63,17122.0
Cook Islands,2013,export,world,64,1747.0
Cook Islands,2013,export,world,65,1596.0
Cook Islands,2013,export,world,67,481.0
Cook Islands,2013,export,world,68,22645.0
Cook Islands,2013,export,world,69,321626.0
Cook Islands,2013,export,world,70,177.0
Cook Islands,2013,export,world,71,359177.0
Cook Islands,2013,export,world,72,94614.0
Cook Islands,2013,export,world,73,128079.0
Cook Islands,2013,export,world,74,36162.0
Cook Islands,2013,export,world,76,34041.0
Cook Islands,2013,export,world,80,31.0
Cook Islands,2013,export,world,82,42426.0
Cook Islands,2013,export,world,83,12452.0
Cook Islands,2013,export,world,84,789146.0
Cook Islands,2013,export,world,85,1385541.0
Cook Islands,2013,export,world,86,471.0
Cook Islands,2013,export,world,87,228343.0
Cook Islands,2013,export,world,88,55265.0
Cook Islands,2013,export,world,89,6307450.0
Cook Islands,2013,export,world,90,98202.0
Cook Islands,2013,export,world,91,184689.0
Cook Islands,2013,export,world,92,10.0
Cook Islands,2013,export,world,94,46643.0
Cook Islands,2013,export,world,95,121940.0
Cook Islands,2013,export,world,96,3982.0
Cook Islands,2013,export,world,97,19581.0
Cook Islands,2013,import,aus,02,249701.0
Cook Islands,2013,import,aus,17,91182.0
Cook Islands,2013,import,aus,18,4541.0
Cook Islands,2013,import,aus,19,111961.0
Cook Islands,2013,import,aus,20,9787.0
Cook Islands,2013,import,aus,21,25421.0
Cook Islands,2013,import,aus,22,655196.0
Cook Islands,2013,import,aus,23,8569.0
Cook Islands,2013,import,aus,24,27533.0
Cook Islands,2013,import,aus,27,4615.0
Cook Islands,2013,import,aus,30,8107.0
Cook Islands,2013,import,aus,32,75479.0
Cook Islands,2013,import,aus,33,255931.0
Cook Islands,2013,import,aus,34,86311.0
Cook Islands,2013,import,aus,37,684.0
Cook Islands,2013,import,aus,38,74604.0
Cook Islands,2013,import,aus,39,18651.0
Cook Islands,2013,import,aus,40,58761.0
Cook Islands,2013,import,aus,42,4489.0
Cook Islands,2013,import,aus,48,92607.0
Cook Islands,2013,import,aus,49,17800.0
Cook Islands,2013,import,aus,52,3532.0
Cook Islands,2013,import,aus,56,6807.0
Cook Islands,2013,import,aus,61,79292.0
Cook Islands,2013,import,aus,62,23020.0
Cook Islands,2013,import,aus,63,28702.0
Cook Islands,2013,import,aus,64,103633.0
Cook Islands,2013,import,aus,65,3470.0
Cook Islands,2013,import,aus,66,4420.0
Cook Islands,2013,import,aus,67,2789.0
Cook Islands,2013,import,aus,69,513.0
Cook Islands,2013,import,aus,71,90396.0
Cook Islands,2013,import,aus,73,109405.0
Cook Islands,2013,import,aus,74,114.0
Cook Islands,2013,import,aus,76,15129.0
Cook Islands,2013,import,aus,81,16407.0
Cook Islands,2013,import,aus,82,6496.0
Cook Islands,2013,import,aus,83,43289.0
Cook Islands,2013,import,aus,84,1307611.0
Cook Islands,2013,import,aus,85,525880.0
Cook Islands,2013,import,aus,87,266528.0
Cook Islands,2013,import,aus,88,147175.0
Cook Islands,2013,import,aus,89,45362.0
Cook Islands,2013,import,aus,90,284843.0
Cook Islands,2013,import,aus,94,40080.0
Cook Islands,2013,import,aus,95,26012.0
Cook Islands,2013,import,aus,96,16755.0
Cook Islands,2013,import,aus,97,3190.0
Cook Islands,2013,import,china,03,40300.0
Cook Islands,2013,import,china,27,1563328.0
Cook Islands,2013,import,china,30,731.0
Cook Islands,2013,import,china,32,436.0
Cook Islands,2013,import,china,34,40757.0
Cook Islands,2013,import,china,35,255.0
Cook Islands,2013,import,china,39,795573.0
Cook Islands,2013,import,china,40,11247.0
Cook Islands,2013,import,china,42,1260.0
Cook Islands,2013,import,china,44,5888.0
Cook Islands,2013,import,china,46,13035.0
Cook Islands,2013,import,china,48,14356.0
Cook Islands,2013,import,china,52,12247.0
Cook Islands,2013,import,china,54,67.0
Cook Islands,2013,import,china,55,7579.0
Cook Islands,2013,import,china,56,1332.0
Cook Islands,2013,import,china,57,1884.0
Cook Islands,2013,import,china,59,993.0
Cook Islands,2013,import,china,61,34960.0
Cook Islands,2013,import,china,62,1742.0
Cook Islands,2013,import,china,63,41137.0
Cook Islands,2013,import,china,64,2073.0
Cook Islands,2013,import,china,65,1281.0
Cook Islands,2013,import,china,66,1855.0
Cook Islands,2013,import,china,68,44.0
Cook Islands,2013,import,china,69,117820.0
Cook Islands,2013,import,china,70,23652.0
Cook Islands,2013,import,china,71,73.0
Cook Islands,2013,import,china,72,17942.0
Cook Islands,2013,import,china,73,14932350.0
Cook Islands,2013,import,china,76,1768.0
Cook Islands,2013,import,china,82,10600.0
Cook Islands,2013,import,china,83,25836.0
Cook Islands,2013,import,china,84,190146.0
Cook Islands,2013,import,china,85,716836.0
Cook Islands,2013,import,china,87,538868.0
Cook Islands,2013,import,china,89,850.0
Cook Islands,2013,import,china,90,45631.0
Cook Islands,2013,import,china,91,2671.0
Cook Islands,2013,import,china,92,6475.0
Cook Islands,2013,import,china,94,228110.0
Cook Islands,2013,import,china,95,6756.0
Cook Islands,2013,import,china,96,18801.0
Cook Islands,2013,import,us,02,1902701.0
Cook Islands,2013,import,us,03,13890.0
Cook Islands,2013,import,us,10,2939.0
Cook Islands,2013,import,us,16,78127.0
Cook Islands,2013,import,us,17,8743.0
Cook Islands,2013,import,us,18,189112.0
Cook Islands,2013,import,us,19,3753.0
Cook Islands,2013,import,us,20,3787.0
Cook Islands,2013,import,us,21,274020.0
Cook Islands,2013,import,us,22,257503.0
Cook Islands,2013,import,us,29,3125.0
Cook Islands,2013,import,us,32,3533.0
Cook Islands,2013,import,us,34,3078.0
Cook Islands,2013,import,us,39,18675.0
Cook Islands,2013,import,us,42,3222.0
Cook Islands,2013,import,us,44,3585.0
Cook Islands,2013,import,us,48,9500.0
Cook Islands,2013,import,us,61,14751.0
Cook Islands,2013,import,us,62,7923.0
Cook Islands,2013,import,us,63,16130.0
Cook Islands,2013,import,us,64,8930.0
Cook Islands,2013,import,us,66,3306.0
Cook Islands,2013,import,us,76,152084.0
Cook Islands,2013,import,us,82,6000.0
Cook Islands,2013,import,us,84,126127.0
Cook Islands,2013,import,us,85,924546.0
Cook Islands,2013,import,us,87,13500.0
Cook Islands,2013,import,us,90,67403.0
Cook Islands,2013,import,us,92,9782.0
Cook Islands,2013,import,us,94,25883.0
Cook Islands,2013,import,us,95,54674.0
Cook Islands,2013,import,world,01,6897.0
Cook Islands,2013,import,world,02,4333084.0
Cook Islands,2013,import,world,03,577419.0
Cook Islands,2013,import,world,04,3189746.0
Cook Islands,2013,import,world,05,84327.0
Cook Islands,2013,import,world,06,5241.0
Cook Islands,2013,import,world,07,846080.0
Cook Islands,2013,import,world,08,378164.0
Cook Islands,2013,import,world,09,459344.0
Cook Islands,2013,import,world,10,131292.0
Cook Islands,2013,import,world,11,719771.0
Cook Islands,2013,import,world,12,42499.0
Cook Islands,2013,import,world,13,2300.0
Cook Islands,2013,import,world,14,1300.0
Cook Islands,2013,import,world,15,569888.0
Cook Islands,2013,import,world,16,2238458.0
Cook Islands,2013,import,world,17,869484.0
Cook Islands,2013,import,world,18,659409.0
Cook Islands,2013,import,world,19,2371584.0
Cook Islands,2013,import,world,20,1793285.0
Cook Islands,2013,import,world,21,2825997.0
Cook Islands,2013,import,world,22,7825843.0
Cook Islands,2013,import,world,23,985841.0
Cook Islands,2013,import,world,24,1188390.0
Cook Islands,2013,import,world,25,445674.0
Cook Islands,2013,import,world,27,22413934.0
Cook Islands,2013,import,world,28,87018.0
Cook Islands,2013,import,world,29,61338.0
Cook Islands,2013,import,world,30,731967.0
Cook Islands,2013,import,world,31,140641.0
Cook Islands,2013,import,world,32,1298258.0
Cook Islands,2013,import,world,33,1072435.0
Cook Islands,2013,import,world,34,1251333.0
Cook Islands,2013,import,world,35,109477.0
Cook Islands,2013,import,world,36,11485.0
Cook Islands,2013,import,world,37,31794.0
Cook Islands,2013,import,world,38,659330.0
Cook Islands,2013,import,world,39,3815669.0
Cook Islands,2013,import,world,40,841054.0
Cook Islands,2013,import,world,41,371.0
Cook Islands,2013,import,world,42,144965.0
Cook Islands,2013,import,world,43,8099.0
Cook Islands,2013,import,world,44,2836778.0
Cook Islands,2013,import,world,45,3832.0
Cook Islands,2013,import,world,46,37645.0
Cook Islands,2013,import,world,48,1688410.0
Cook Islands,2013,import,world,49,406924.0
Cook Islands,2013,import,world,51,200.0
Cook Islands,2013,import,world,52,245875.0
Cook Islands,2013,import,world,53,2544.0
Cook Islands,2013,import,world,54,68949.0
Cook Islands,2013,import,world,55,118630.0
Cook Islands,2013,import,world,56,149534.0
Cook Islands,2013,import,world,57,30289.0
Cook Islands,2013,import,world,58,32750.0
Cook Islands,2013,import,world,59,35524.0
Cook Islands,2013,import,world,60,3419.0
Cook Islands,2013,import,world,61,996936.0
Cook Islands,2013,import,world,62,727815.0
Cook Islands,2013,import,world,63,683247.0
Cook Islands,2013,import,world,64,395845.0
Cook Islands,2013,import,world,65,56918.0
Cook Islands,2013,import,world,66,25059.0
Cook Islands,2013,import,world,67,13091.0
Cook Islands,2013,import,world,68,817540.0
Cook Islands,2013,import,world,69,398484.0
Cook Islands,2013,import,world,70,308851.0
Cook Islands,2013,import,world,71,490057.0
Cook Islands,2013,import,world,72,788738.0
Cook Islands,2013,import,world,73,16476443.0
Cook Islands,2013,import,world,74,123114.0
Cook Islands,2013,import,world,76,985394.0
Cook Islands,2013,import,world,78,11790.0
Cook Islands,2013,import,world,79,16265.999999999998
Cook Islands,2013,import,world,80,474.0
Cook Islands,2013,import,world,81,19488.0
Cook Islands,2013,import,world,82,536341.0
Cook Islands,2013,import,world,83,399720.0
Cook Islands,2013,import,world,84,9196965.0
Cook Islands,2013,import,world,85,6479073.0
Cook Islands,2013,import,world,86,18091.0
Cook Islands,2013,import,world,87,6143349.0
Cook Islands,2013,import,world,88,216380.0
Cook Islands,2013,import,world,89,29446184.0
Cook Islands,2013,import,world,90,2610862.0
Cook Islands,2013,import,world,91,24057.0
Cook Islands,2013,import,world,92,41419.0
Cook Islands,2013,import,world,93,10977.0
Cook Islands,2013,import,world,94,2109351.0
Cook Islands,2013,import,world,95,619963.0
Cook Islands,2013,import,world,96,395398.0
Cook Islands,2013,import,world,97,20246.0
Cook Islands,2014,export,aus,03,296412.0
Cook Islands,2014,export,aus,20,10045.0
Cook Islands,2014,export,aus,33,11323.0
Cook Islands,2014,export,aus,42,913.0
Cook Islands,2014,export,aus,71,103738.0
Cook Islands,2014,export,aus,84,1026.0
Cook Islands,2014,export,aus,85,13501.0
Cook Islands,2014,export,aus,90,24017.0
Cook Islands,2014,export,aus,91,1603.0
Cook Islands,2014,export,china,03,1644608.0
Cook Islands,2014,export,china,20,54596.0
Cook Islands,2014,export,china,85,3506.0
Cook Islands,2014,export,us,42,38957.0
Cook Islands,2014,export,us,49,95575.0
Cook Islands,2014,export,us,62,5117.0
Cook Islands,2014,export,us,71,20106.0
Cook Islands,2014,export,us,84,28504.0
Cook Islands,2014,export,us,85,456286.0
Cook Islands,2014,export,us,90,17128.0
Cook Islands,2014,export,us,95,14654.0
Cook Islands,2014,export,us,97,60850.0
Cook Islands,2014,export,world,02,288.0
Cook Islands,2014,export,world,03,23161057.0
Cook Islands,2014,export,world,04,1467.0
Cook Islands,2014,export,world,05,1931.0
Cook Islands,2014,export,world,07,18.0
Cook Islands,2014,export,world,08,25274.0
Cook Islands,2014,export,world,09,143.0
Cook Islands,2014,export,world,10,113.0
Cook Islands,2014,export,world,11,52.0
Cook Islands,2014,export,world,15,1927.0
Cook Islands,2014,export,world,16,44.0
Cook Islands,2014,export,world,17,66.0
Cook Islands,2014,export,world,19,21.0
Cook Islands,2014,export,world,20,287626.0
Cook Islands,2014,export,world,21,47319.0
Cook Islands,2014,export,world,22,114449.0
Cook Islands,2014,export,world,25,3.0
Cook Islands,2014,export,world,27,25477.0
Cook Islands,2014,export,world,30,78.0
Cook Islands,2014,export,world,32,2495.0
Cook Islands,2014,export,world,33,12294.0
Cook Islands,2014,export,world,34,216.0
Cook Islands,2014,export,world,39,34347.0
Cook Islands,2014,export,world,40,2235.0
Cook Islands,2014,export,world,42,40194.0
Cook Islands,2014,export,world,43,111280.0
Cook Islands,2014,export,world,44,10122.0
Cook Islands,2014,export,world,48,31906.0
Cook Islands,2014,export,world,49,217149.0
Cook Islands,2014,export,world,56,72.0
Cook Islands,2014,export,world,61,32667.0
Cook Islands,2014,export,world,62,37330.0
Cook Islands,2014,export,world,63,11.0
Cook Islands,2014,export,world,64,20645.0
Cook Islands,2014,export,world,70,381.0
Cook Islands,2014,export,world,71,823709.0
Cook Islands,2014,export,world,72,66685.0
Cook Islands,2014,export,world,73,49166.0
Cook Islands,2014,export,world,76,7347.0
Cook Islands,2014,export,world,82,2214.0
Cook Islands,2014,export,world,83,783.0
Cook Islands,2014,export,world,84,137657.0
Cook Islands,2014,export,world,85,791820.0
Cook Islands,2014,export,world,87,122369.0
Cook Islands,2014,export,world,88,1102067.0
Cook Islands,2014,export,world,89,6230730.0
Cook Islands,2014,export,world,90,102708.0
Cook Islands,2014,export,world,91,1603.0
Cook Islands,2014,export,world,92,1988.0
Cook Islands,2014,export,world,94,13360.0
Cook Islands,2014,export,world,95,45082.0
Cook Islands,2014,export,world,96,968.0
Cook Islands,2014,export,world,97,67554.0
Cook Islands,2014,import,aus,02,445603.0
Cook Islands,2014,import,aus,09,1710.0
Cook Islands,2014,import,aus,15,1202.0
Cook Islands,2014,import,aus,17,76554.0
Cook Islands,2014,import,aus,19,38346.0
Cook Islands,2014,import,aus,21,29115.0
Cook Islands,2014,import,aus,22,638093.0
Cook Islands,2014,import,aus,23,21523.0
Cook Islands,2014,import,aus,24,15370.0
Cook Islands,2014,import,aus,26,1680294.0
Cook Islands,2014,import,aus,29,18.0
Cook Islands,2014,import,aus,30,24458.0
Cook Islands,2014,import,aus,32,7134.0
Cook Islands,2014,import,aus,33,304375.0
Cook Islands,2014,import,aus,34,105239.0
Cook Islands,2014,import,aus,37,3284.0
Cook Islands,2014,import,aus,38,96868.0
Cook Islands,2014,import,aus,39,37938.0
Cook Islands,2014,import,aus,40,33433.0
Cook Islands,2014,import,aus,42,632.0
Cook Islands,2014,import,aus,48,69758.0
Cook Islands,2014,import,aus,49,24740.0
Cook Islands,2014,import,aus,57,3652.0
Cook Islands,2014,import,aus,61,33476.0
Cook Islands,2014,import,aus,62,13074.0
Cook Islands,2014,import,aus,63,9026.0
Cook Islands,2014,import,aus,64,98837.0
Cook Islands,2014,import,aus,67,2651.0
Cook Islands,2014,import,aus,68,4993.0
Cook Islands,2014,import,aus,70,4147.0
Cook Islands,2014,import,aus,71,106516.0
Cook Islands,2014,import,aus,73,127873.0
Cook Islands,2014,import,aus,74,28.0
Cook Islands,2014,import,aus,76,19750.0
Cook Islands,2014,import,aus,80,23.0
Cook Islands,2014,import,aus,82,80.0
Cook Islands,2014,import,aus,84,805315.0
Cook Islands,2014,import,aus,85,570947.0
Cook Islands,2014,import,aus,87,64319.0
Cook Islands,2014,import,aus,88,144330.0
Cook Islands,2014,import,aus,90,103554.0
Cook Islands,2014,import,aus,94,4334.0
Cook Islands,2014,import,aus,95,23036.0
Cook Islands,2014,import,aus,96,25.0
Cook Islands,2014,import,aus,97,3922.0
Cook Islands,2014,import,china,03,288600.0
Cook Islands,2014,import,china,16,401700.0
Cook Islands,2014,import,china,25,535.0
Cook Islands,2014,import,china,27,2939931.0
Cook Islands,2014,import,china,29,31850.0
Cook Islands,2014,import,china,32,163808.0
Cook Islands,2014,import,china,34,62938.0
Cook Islands,2014,import,china,35,2165.0
Cook Islands,2014,import,china,38,4931.0
Cook Islands,2014,import,china,39,849646.0
Cook Islands,2014,import,china,40,42828.0
Cook Islands,2014,import,china,42,38814.0
Cook Islands,2014,import,china,44,6338.0
Cook Islands,2014,import,china,46,10854.0
Cook Islands,2014,import,china,48,28836.0
Cook Islands,2014,import,china,49,23084.0
Cook Islands,2014,import,china,52,40451.0
Cook Islands,2014,import,china,55,13134.0
Cook Islands,2014,import,china,56,960854.0
Cook Islands,2014,import,china,57,6349.0
Cook Islands,2014,import,china,61,36672.0
Cook Islands,2014,import,china,62,4595.0
Cook Islands,2014,import,china,63,4226.0
Cook Islands,2014,import,china,64,2368.0
Cook Islands,2014,import,china,65,1976.0
Cook Islands,2014,import,china,67,78857.0
Cook Islands,2014,import,china,68,18983.0
Cook Islands,2014,import,china,69,79465.0
Cook Islands,2014,import,china,70,26911.0
Cook Islands,2014,import,china,71,31.0
Cook Islands,2014,import,china,72,8087.0
Cook Islands,2014,import,china,73,3070152.0
Cook Islands,2014,import,china,76,20920.0
Cook Islands,2014,import,china,82,4693.0
Cook Islands,2014,import,china,83,139013.0
Cook Islands,2014,import,china,84,6853315.0
Cook Islands,2014,import,china,85,940919.0
Cook Islands,2014,import,china,87,1397140.0
Cook Islands,2014,import,china,90,15086.0
Cook Islands,2014,import,china,91,447.0
Cook Islands,2014,import,china,94,504137.0
Cook Islands,2014,import,china,95,279340.0
Cook Islands,2014,import,china,96,15279.0
Cook Islands,2014,import,us,02,2079124.0
Cook Islands,2014,import,us,03,20199.0
Cook Islands,2014,import,us,09,3113.0
Cook Islands,2014,import,us,11,10030.0
Cook Islands,2014,import,us,15,15200.0
Cook Islands,2014,import,us,16,147952.0
Cook Islands,2014,import,us,18,115669.0
Cook Islands,2014,import,us,19,3000.0
Cook Islands,2014,import,us,20,46158.0
Cook Islands,2014,import,us,21,307152.0
Cook Islands,2014,import,us,22,255874.0
Cook Islands,2014,import,us,27,3442.0
Cook Islands,2014,import,us,34,3304.0
Cook Islands,2014,import,us,38,3855.0
Cook Islands,2014,import,us,44,14379.0
Cook Islands,2014,import,us,48,114638.0
Cook Islands,2014,import,us,56,33169.0
Cook Islands,2014,import,us,59,3459.0
Cook Islands,2014,import,us,60,3918.0
Cook Islands,2014,import,us,62,27120.0
Cook Islands,2014,import,us,63,6746.0
Cook Islands,2014,import,us,64,16797.0
Cook Islands,2014,import,us,84,517830.0
Cook Islands,2014,import,us,85,588630.0
Cook Islands,2014,import,us,87,24735.0
Cook Islands,2014,import,us,90,49258.0
Cook Islands,2014,import,us,92,8662.0
Cook Islands,2014,import,us,94,131024.0
Cook Islands,2014,import,us,95,55831.0
Cook Islands,2014,import,world,01,1997.0
Cook Islands,2014,import,world,02,5385958.0
Cook Islands,2014,import,world,03,977250.0
Cook Islands,2014,import,world,04,3554655.0
Cook Islands,2014,import,world,05,84698.0
Cook Islands,2014,import,world,06,370.0
Cook Islands,2014,import,world,07,871531.0
Cook Islands,2014,import,world,08,419860.0
Cook Islands,2014,import,world,09,320114.0
Cook Islands,2014,import,world,10,145956.0
Cook Islands,2014,import,world,11,769815.0
Cook Islands,2014,import,world,12,80518.0
Cook Islands,2014,import,world,13,428.0
Cook Islands,2014,import,world,14,63120.0
Cook Islands,2014,import,world,15,592556.0
Cook Islands,2014,import,world,16,2903415.0
Cook Islands,2014,import,world,17,724801.0
Cook Islands,2014,import,world,18,498868.0
Cook Islands,2014,import,world,19,2229624.0
Cook Islands,2014,import,world,20,2054111.0
Cook Islands,2014,import,world,21,3424614.0
Cook Islands,2014,import,world,22,8519596.0
Cook Islands,2014,import,world,23,904455.0
Cook Islands,2014,import,world,24,983922.0
Cook Islands,2014,import,world,25,653436.0
Cook Islands,2014,import,world,26,1680294.0
Cook Islands,2014,import,world,27,37472347.0
Cook Islands,2014,import,world,28,97445.0
Cook Islands,2014,import,world,29,95958.0
Cook Islands,2014,import,world,30,796529.0
Cook Islands,2014,import,world,31,130228.0
Cook Islands,2014,import,world,32,1260177.0
Cook Islands,2014,import,world,33,1161543.0
Cook Islands,2014,import,world,34,1305810.0
Cook Islands,2014,import,world,35,133530.0
Cook Islands,2014,import,world,36,41273.0
Cook Islands,2014,import,world,37,31526.0
Cook Islands,2014,import,world,38,693920.0
Cook Islands,2014,import,world,39,4630968.0
Cook Islands,2014,import,world,40,851234.0
Cook Islands,2014,import,world,42,104533.0
Cook Islands,2014,import,world,43,12007.0
Cook Islands,2014,import,world,44,2929358.0
Cook Islands,2014,import,world,45,835.0
Cook Islands,2014,import,world,46,34996.0
Cook Islands,2014,import,world,47,1894.0
Cook Islands,2014,import,world,48,1750976.0
Cook Islands,2014,import,world,49,581516.0
Cook Islands,2014,import,world,51,2021.9999999999998
Cook Islands,2014,import,world,52,244393.0
Cook Islands,2014,import,world,53,1180.0
Cook Islands,2014,import,world,54,67609.0
Cook Islands,2014,import,world,55,103086.0
Cook Islands,2014,import,world,56,1163917.0
Cook Islands,2014,import,world,57,47423.0
Cook Islands,2014,import,world,58,22591.0
Cook Islands,2014,import,world,59,29450.0
Cook Islands,2014,import,world,60,17729.0
Cook Islands,2014,import,world,61,958466.0
Cook Islands,2014,import,world,62,869830.0
Cook Islands,2014,import,world,63,632925.0
Cook Islands,2014,import,world,64,342710.0
Cook Islands,2014,import,world,65,28446.0
Cook Islands,2014,import,world,66,15423.0
Cook Islands,2014,import,world,67,119309.0
Cook Islands,2014,import,world,68,871812.0
Cook Islands,2014,import,world,69,432951.0
Cook Islands,2014,import,world,70,371913.0
Cook Islands,2014,import,world,71,325810.0
Cook Islands,2014,import,world,72,924266.0
Cook Islands,2014,import,world,73,5176727.0
Cook Islands,2014,import,world,74,111827.0
Cook Islands,2014,import,world,76,1343956.0
Cook Islands,2014,import,world,78,17781.0
Cook Islands,2014,import,world,79,16216.0
Cook Islands,2014,import,world,80,5665.0
Cook Islands,2014,import,world,82,481092.0
Cook Islands,2014,import,world,83,401103.0
Cook Islands,2014,import,world,84,14610084.0
Cook Islands,2014,import,world,85,7892768.0
Cook Islands,2014,import,world,87,7117021.0
Cook Islands,2014,import,world,88,217848.0
Cook Islands,2014,import,world,89,2893077.0
Cook Islands,2014,import,world,90,892949.0
Cook Islands,2014,import,world,91,28584.0
Cook Islands,2014,import,world,92,74597.0
Cook Islands,2014,import,world,93,2231.0
Cook Islands,2014,import,world,94,3277526.0
Cook Islands,2014,import,world,95,937883.0
Cook Islands,2014,import,world,96,325644.0
Cook Islands,2014,import,world,97,90486.0
Cook Islands,2015,export,aus,03,845129.0
Cook Islands,2015,export,aus,05,1127.0
Cook Islands,2015,export,aus,20,1655.0
Cook Islands,2015,export,aus,39,11512.0
Cook Islands,2015,export,aus,71,46976.0
Cook Islands,2015,export,aus,73,1394.0
Cook Islands,2015,export,aus,85,11883.0
Cook Islands,2015,export,china,03,1534798.0
Cook Islands,2015,export,china,20,59658.0
Cook Islands,2015,export,china,39,145.0
Cook Islands,2015,export,china,48,916.0
Cook Islands,2015,export,china,83,30.0
Cook Islands,2015,export,china,85,1208.0
Cook Islands,2015,export,china,96,213.0
Cook Islands,2015,export,us,03,3474.0
Cook Islands,2015,export,us,49,167467.0
Cook Islands,2015,export,us,61,9645.0
Cook Islands,2015,export,us,62,12242.0
Cook Islands,2015,export,us,64,322.0
Cook Islands,2015,export,us,67,12003.0
Cook Islands,2015,export,us,71,45007.0
Cook Islands,2015,export,us,73,33512.0
Cook Islands,2015,export,us,74,3321.0
Cook Islands,2015,export,us,84,73410.0
Cook Islands,2015,export,us,85,205223.0
Cook Islands,2015,export,us,87,5154.0
Cook Islands,2015,export,us,90,10118.0
Cook Islands,2015,export,us,94,14251.0
Cook Islands,2015,export,us,95,49846.0
Cook Islands,2015,export,us,97,56780.0
Cook Islands,2015,export,world,03,16713332.0
Cook Islands,2015,export,world,04,8956.0
Cook Islands,2015,export,world,05,35977.0
Cook Islands,2015,export,world,07,1138.0
Cook Islands,2015,export,world,08,17698.0
Cook Islands,2015,export,world,09,7.0
Cook Islands,2015,export,world,12,715.0
Cook Islands,2015,export,world,20,253947.0
Cook Islands,2015,export,world,22,321441.0
Cook Islands,2015,export,world,27,143.0
Cook Islands,2015,export,world,29,22.0
Cook Islands,2015,export,world,30,777.0
Cook Islands,2015,export,world,32,1797.0
Cook Islands,2015,export,world,33,1468.0
Cook Islands,2015,export,world,34,5417.0
Cook Islands,2015,export,world,37,36.0
Cook Islands,2015,export,world,38,490.0
Cook Islands,2015,export,world,39,131912.0
Cook Islands,2015,export,world,40,949.0
Cook Islands,2015,export,world,42,575.0
Cook Islands,2015,export,world,43,7455.0
Cook Islands,2015,export,world,44,4903.0
Cook Islands,2015,export,world,48,2953.0
Cook Islands,2015,export,world,49,170202.0
Cook Islands,2015,export,world,52,2310.0
Cook Islands,2015,export,world,54,43.0
Cook Islands,2015,export,world,55,334.0
Cook Islands,2015,export,world,56,15445.0
Cook Islands,2015,export,world,58,1124.0
Cook Islands,2015,export,world,61,24155.0
Cook Islands,2015,export,world,62,13957.0
Cook Islands,2015,export,world,63,43.0
Cook Islands,2015,export,world,64,4223.0
Cook Islands,2015,export,world,65,31767.0
Cook Islands,2015,export,world,67,12003.0
Cook Islands,2015,export,world,69,2134.0
Cook Islands,2015,export,world,70,41.0
Cook Islands,2015,export,world,71,2167841.0
Cook Islands,2015,export,world,72,50187.0
Cook Islands,2015,export,world,73,380291.0
Cook Islands,2015,export,world,74,3321.0
Cook Islands,2015,export,world,76,7876.0
Cook Islands,2015,export,world,82,10244.0
Cook Islands,2015,export,world,83,1739.0
Cook Islands,2015,export,world,84,1055951.0
Cook Islands,2015,export,world,85,419057.0
Cook Islands,2015,export,world,87,46753.0
Cook Islands,2015,export,world,88,47115.0
Cook Islands,2015,export,world,89,3063191.0
Cook Islands,2015,export,world,90,26697.0
Cook Islands,2015,export,world,92,1160.0
Cook Islands,2015,export,world,94,36325.0
Cook Islands,2015,export,world,95,137652.0
Cook Islands,2015,export,world,96,419.0
Cook Islands,2015,export,world,97,93832.0
Cook Islands,2015,import,aus,02,458275.0
Cook Islands,2015,import,aus,04,118120.0
Cook Islands,2015,import,aus,17,63993.0
Cook Islands,2015,import,aus,18,10554.0
Cook Islands,2015,import,aus,19,53089.0
Cook Islands,2015,import,aus,20,19597.0
Cook Islands,2015,import,aus,21,86219.0
Cook Islands,2015,import,aus,22,355523.0
Cook Islands,2015,import,aus,23,18640.0
Cook Islands,2015,import,aus,24,1827.0
Cook Islands,2015,import,aus,25,752.0
Cook Islands,2015,import,aus,28,159.0
Cook Islands,2015,import,aus,29,235.0
Cook Islands,2015,import,aus,30,43850.0
Cook Islands,2015,import,aus,32,22876.0
Cook Islands,2015,import,aus,33,179815.0
Cook Islands,2015,import,aus,34,78840.0
Cook Islands,2015,import,aus,38,82458.0
Cook Islands,2015,import,aus,39,52827.0
Cook Islands,2015,import,aus,40,9077.0
Cook Islands,2015,import,aus,42,10497.0
Cook Islands,2015,import,aus,48,134813.0
Cook Islands,2015,import,aus,49,75437.0
Cook Islands,2015,import,aus,56,9398.0
Cook Islands,2015,import,aus,61,20076.0
Cook Islands,2015,import,aus,62,3274.0
Cook Islands,2015,import,aus,63,75912.0
Cook Islands,2015,import,aus,64,71950.0
Cook Islands,2015,import,aus,65,259.0
Cook Islands,2015,import,aus,68,9661.0
Cook Islands,2015,import,aus,69,29772.0
Cook Islands,2015,import,aus,70,10178.0
Cook Islands,2015,import,aus,71,77344.0
Cook Islands,2015,import,aus,73,126715.0
Cook Islands,2015,import,aus,74,60.0
Cook Islands,2015,import,aus,76,33630.0
Cook Islands,2015,import,aus,80,56.0
Cook Islands,2015,import,aus,82,4097.0
Cook Islands,2015,import,aus,83,4672.0
Cook Islands,2015,import,aus,84,317548.0
Cook Islands,2015,import,aus,85,667183.0
Cook Islands,2015,import,aus,87,424884.0
Cook Islands,2015,import,aus,88,56565.0
Cook Islands,2015,import,aus,89,112771.0
Cook Islands,2015,import,aus,90,168546.0
Cook Islands,2015,import,aus,94,24484.0
Cook Islands,2015,import,aus,95,26398.0
Cook Islands,2015,import,aus,96,11.0
Cook Islands,2015,import,aus,97,8703.0
Cook Islands,2015,import,china,03,90000.0
Cook Islands,2015,import,china,27,183583.0
Cook Islands,2015,import,china,31,38614.0
Cook Islands,2015,import,china,32,300.0
Cook Islands,2015,import,china,33,170.0
Cook Islands,2015,import,china,34,63443.0
Cook Islands,2015,import,china,35,17.0
Cook Islands,2015,import,china,37,837.0
Cook Islands,2015,import,china,38,360.0
Cook Islands,2015,import,china,39,948025.0
Cook Islands,2015,import,china,40,107292.0
Cook Islands,2015,import,china,42,8915.0
Cook Islands,2015,import,china,44,18439.0
Cook Islands,2015,import,china,46,3343.0
Cook Islands,2015,import,china,48,122303.0
Cook Islands,2015,import,china,49,250.0
Cook Islands,2015,import,china,52,11943.0
Cook Islands,2015,import,china,54,304.0
Cook Islands,2015,import,china,55,27041.0
Cook Islands,2015,import,china,56,813.0
Cook Islands,2015,import,china,57,1255.0
Cook Islands,2015,import,china,58,9157.0
Cook Islands,2015,import,china,59,385.0
Cook Islands,2015,import,china,61,110309.0
Cook Islands,2015,import,china,62,3831.0
Cook Islands,2015,import,china,63,17978.0
Cook Islands,2015,import,china,64,7874.0
Cook Islands,2015,import,china,65,53.0
Cook Islands,2015,import,china,66,1374.0
Cook Islands,2015,import,china,67,4912.0
Cook Islands,2015,import,china,68,1920.0
Cook Islands,2015,import,china,69,71489.0
Cook Islands,2015,import,china,70,30219.0
Cook Islands,2015,import,china,71,2589.0
Cook Islands,2015,import,china,72,2676.0
Cook Islands,2015,import,china,73,1384050.0
Cook Islands,2015,import,china,76,47610.0
Cook Islands,2015,import,china,82,3890.0
Cook Islands,2015,import,china,83,51270.0
Cook Islands,2015,import,china,84,786928.0
Cook Islands,2015,import,china,85,325090.0
Cook Islands,2015,import,china,87,990018.0
Cook Islands,2015,import,china,89,8515350.0
Cook Islands,2015,import,china,90,4287.0
Cook Islands,2015,import,china,91,3908.0
Cook Islands,2015,import,china,94,247199.0
Cook Islands,2015,import,china,95,30075.0
Cook Islands,2015,import,china,96,7334.0
Cook Islands,2015,import,us,02,1627396.0
Cook Islands,2015,import,us,16,111786.0
Cook Islands,2015,import,us,18,158956.0
Cook Islands,2015,import,us,19,29359.0
Cook Islands,2015,import,us,20,11154.0
Cook Islands,2015,import,us,21,337558.0
Cook Islands,2015,import,us,22,137649.0
Cook Islands,2015,import,us,32,13096.0
Cook Islands,2015,import,us,33,3700.0
Cook Islands,2015,import,us,34,6534.0
Cook Islands,2015,import,us,36,9200.0
Cook Islands,2015,import,us,39,32777.0
Cook Islands,2015,import,us,40,11975.0
Cook Islands,2015,import,us,42,17918.0
Cook Islands,2015,import,us,48,35202.0
Cook Islands,2015,import,us,61,19109.0
Cook Islands,2015,import,us,62,84195.0
Cook Islands,2015,import,us,64,15521.0
Cook Islands,2015,import,us,70,17758.0
Cook Islands,2015,import,us,84,230812.0
Cook Islands,2015,import,us,85,475479.0
Cook Islands,2015,import,us,87,20373.0
Cook Islands,2015,import,us,89,11426.0
Cook Islands,2015,import,us,90,83816.0
Cook Islands,2015,import,us,92,7787.0
Cook Islands,2015,import,us,94,68412.0
Cook Islands,2015,import,us,95,6678.0
Cook Islands,2015,import,world,01,3970.0
Cook Islands,2015,import,world,02,4484251.0
Cook Islands,2015,import,world,03,684884.0
Cook Islands,2015,import,world,04,3049372.0
Cook Islands,2015,import,world,05,30070.0
Cook Islands,2015,import,world,07,891493.0
Cook Islands,2015,import,world,08,389352.0
Cook Islands,2015,import,world,09,359288.0
Cook Islands,2015,import,world,10,67238.0
Cook Islands,2015,import,world,11,618343.0
Cook Islands,2015,import,world,12,77936.0
Cook Islands,2015,import,world,13,446.0
Cook Islands,2015,import,world,15,431129.0
Cook Islands,2015,import,world,16,2356626.0
Cook Islands,2015,import,world,17,744570.0
Cook Islands,2015,import,world,18,583134.0
Cook Islands,2015,import,world,19,2143821.0
Cook Islands,2015,import,world,20,1546308.0
Cook Islands,2015,import,world,21,3584342.0
Cook Islands,2015,import,world,22,6412317.0
Cook Islands,2015,import,world,23,788383.0
Cook Islands,2015,import,world,24,531469.0
Cook Islands,2015,import,world,25,534869.0
Cook Islands,2015,import,world,27,27831540.0
Cook Islands,2015,import,world,28,97329.0
Cook Islands,2015,import,world,29,81168.0
Cook Islands,2015,import,world,30,704485.0
Cook Islands,2015,import,world,31,180597.0
Cook Islands,2015,import,world,32,1033042.0
Cook Islands,2015,import,world,33,963488.0
Cook Islands,2015,import,world,34,1118851.0
Cook Islands,2015,import,world,35,153723.0
Cook Islands,2015,import,world,36,75112.0
Cook Islands,2015,import,world,37,35461.0
Cook Islands,2015,import,world,38,526587.0
Cook Islands,2015,import,world,39,3130498.0
Cook Islands,2015,import,world,40,711621.0
Cook Islands,2015,import,world,41,4059.9999999999995
Cook Islands,2015,import,world,42,136451.0
Cook Islands,2015,import,world,43,2244.0
Cook Islands,2015,import,world,44,2527434.0
Cook Islands,2015,import,world,45,451.0
Cook Islands,2015,import,world,46,17523.0
Cook Islands,2015,import,world,48,1644092.0
Cook Islands,2015,import,world,49,377069.0
Cook Islands,2015,import,world,50,365.0
Cook Islands,2015,import,world,51,24216.0
Cook Islands,2015,import,world,52,239209.0
Cook Islands,2015,import,world,53,1183.0
Cook Islands,2015,import,world,54,49545.0
Cook Islands,2015,import,world,55,146933.0
Cook Islands,2015,import,world,56,147903.0
Cook Islands,2015,import,world,57,88433.0
Cook Islands,2015,import,world,58,39720.0
Cook Islands,2015,import,world,59,46592.0
Cook Islands,2015,import,world,60,3071.0
Cook Islands,2015,import,world,61,1006449.0
Cook Islands,2015,import,world,62,782921.0
Cook Islands,2015,import,world,63,805184.0
Cook Islands,2015,import,world,64,267389.0
Cook Islands,2015,import,world,65,56147.0
Cook Islands,2015,import,world,66,30206.0
Cook Islands,2015,import,world,67,31207.0
Cook Islands,2015,import,world,68,929436.0
Cook Islands,2015,import,world,69,344064.0
Cook Islands,2015,import,world,70,389952.0
Cook Islands,2015,import,world,71,571381.0
Cook Islands,2015,import,world,72,821219.0
Cook Islands,2015,import,world,73,3172235.0
Cook Islands,2015,import,world,74,90359.0
Cook Islands,2015,import,world,75,1044.0
Cook Islands,2015,import,world,76,987640.0
Cook Islands,2015,import,world,78,13015.0
Cook Islands,2015,import,world,79,13536.0
Cook Islands,2015,import,world,80,1550.0
Cook Islands,2015,import,world,82,476230.0
Cook Islands,2015,import,world,83,352342.0
Cook Islands,2015,import,world,84,8388967.0
Cook Islands,2015,import,world,85,6617997.0
Cook Islands,2015,import,world,86,7731.0
Cook Islands,2015,import,world,87,7811624.0
Cook Islands,2015,import,world,88,102577.0
Cook Islands,2015,import,world,89,16264576.0
Cook Islands,2015,import,world,90,1462730.0
Cook Islands,2015,import,world,91,32444.0
Cook Islands,2015,import,world,92,67490.0
Cook Islands,2015,import,world,93,1592.0
Cook Islands,2015,import,world,94,2557961.0
Cook Islands,2015,import,world,95,589635.0
Cook Islands,2015,import,world,96,273114.0
Cook Islands,2015,import,world,97,1269776.0
Cook Islands,2016,export,aus,03,367778.0
Cook Islands,2016,export,aus,15,1300.0
Cook Islands,2016,export,aus,20,6985.0
Cook Islands,2016,export,aus,30,2638.0
Cook Islands,2016,export,aus,71,53696.0
Cook Islands,2016,export,aus,84,8944.0
Cook Islands,2016,export,aus,85,935.0
Cook Islands,2016,export,aus,88,38464.0
Cook Islands,2016,export,china,03,1103968.0
Cook Islands,2016,export,china,20,79304.0
Cook Islands,2016,export,china,33,9309.0
Cook Islands,2016,export,china,49,374.0
Cook Islands,2016,export,china,84,6176.0
Cook Islands,2016,export,china,85,4267.0
Cook Islands,2016,export,us,03,4876.0
Cook Islands,2016,export,us,39,5038.0
Cook Islands,2016,export,us,49,30280.0
Cook Islands,2016,export,us,59,962.0
Cook Islands,2016,export,us,61,34237.0
Cook Islands,2016,export,us,62,18479.0
Cook Islands,2016,export,us,63,10774.0
Cook Islands,2016,export,us,64,205005.0
Cook Islands,2016,export,us,71,83984.0
Cook Islands,2016,export,us,79,2453.0
Cook Islands,2016,export,us,83,11970.0
Cook Islands,2016,export,us,84,107561.0
Cook Islands,2016,export,us,85,395907.0
Cook Islands,2016,export,us,90,182530.0
Cook Islands,2016,export,us,91,95105.0
Cook Islands,2016,export,us,94,1307.0
Cook Islands,2016,export,us,95,97077.0
Cook Islands,2016,export,us,97,202904.0
Cook Islands,2016,export,world,03,22086040.0
Cook Islands,2016,export,world,05,34656.0
Cook Islands,2016,export,world,08,17795.0
Cook Islands,2016,export,world,14,308.0
Cook Islands,2016,export,world,15,1300.0
Cook Islands,2016,export,world,20,465347.0
Cook Islands,2016,export,world,21,9506.0
Cook Islands,2016,export,world,22,86878.0
Cook Islands,2016,export,world,27,8544.0
Cook Islands,2016,export,world,29,13433.0
Cook Islands,2016,export,world,30,3264.0
Cook Islands,2016,export,world,32,3802.0
Cook Islands,2016,export,world,33,38465.0
Cook Islands,2016,export,world,38,6150.0
Cook Islands,2016,export,world,39,22036.0
Cook Islands,2016,export,world,40,13068.0
Cook Islands,2016,export,world,42,525.0
Cook Islands,2016,export,world,44,4863.0
Cook Islands,2016,export,world,48,266.0
Cook Islands,2016,export,world,49,33412.0
Cook Islands,2016,export,world,51,69.0
Cook Islands,2016,export,world,52,164.0
Cook Islands,2016,export,world,56,35809.0
Cook Islands,2016,export,world,58,343.0
Cook Islands,2016,export,world,59,972.0
Cook Islands,2016,export,world,60,1107.0
Cook Islands,2016,export,world,61,49848.0
Cook Islands,2016,export,world,62,176848.0
Cook Islands,2016,export,world,63,12441.0
Cook Islands,2016,export,world,64,224198.0
Cook Islands,2016,export,world,65,860.0
Cook Islands,2016,export,world,66,56.0
Cook Islands,2016,export,world,67,48.0
Cook Islands,2016,export,world,68,7023.0
Cook Islands,2016,export,world,69,2311.0
Cook Islands,2016,export,world,70,122.0
Cook Islands,2016,export,world,71,4143989.0
Cook Islands,2016,export,world,72,85477.0
Cook Islands,2016,export,world,73,115459.0
Cook Islands,2016,export,world,79,2453.0
Cook Islands,2016,export,world,82,4273.0
Cook Islands,2016,export,world,83,51558.0
Cook Islands,2016,export,world,84,177986.0
Cook Islands,2016,export,world,85,492451.0
Cook Islands,2016,export,world,87,16285.0
Cook Islands,2016,export,world,88,94099.0
Cook Islands,2016,export,world,89,9068790.0
Cook Islands,2016,export,world,90,228410.0
Cook Islands,2016,export,world,91,96063.0
Cook Islands,2016,export,world,94,46296.0
Cook Islands,2016,export,world,95,150609.0
Cook Islands,2016,export,world,96,11427.0
Cook Islands,2016,export,world,97,319859.0
Cook Islands,2016,import,aus,02,299623.0
Cook Islands,2016,import,aus,04,109721.0
Cook Islands,2016,import,aus,15,12532.0
Cook Islands,2016,import,aus,17,70150.0
Cook Islands,2016,import,aus,18,15608.0
Cook Islands,2016,import,aus,19,116670.0
Cook Islands,2016,import,aus,20,23088.0
Cook Islands,2016,import,aus,21,44951.0
Cook Islands,2016,import,aus,22,625338.0
Cook Islands,2016,import,aus,23,50065.0
Cook Islands,2016,import,aus,25,4034.0
Cook Islands,2016,import,aus,30,37611.0
Cook Islands,2016,import,aus,32,8378.0
Cook Islands,2016,import,aus,33,368027.0
Cook Islands,2016,import,aus,34,67704.0
Cook Islands,2016,import,aus,37,8662.0
Cook Islands,2016,import,aus,38,54933.0
Cook Islands,2016,import,aus,39,18976.0
Cook Islands,2016,import,aus,40,9899.0
Cook Islands,2016,import,aus,42,15168.0
Cook Islands,2016,import,aus,43,16475.0
Cook Islands,2016,import,aus,44,76159.0
Cook Islands,2016,import,aus,48,78008.0
Cook Islands,2016,import,aus,49,43695.0
Cook Islands,2016,import,aus,56,83.0
Cook Islands,2016,import,aus,57,3118.0
Cook Islands,2016,import,aus,61,66820.0
Cook Islands,2016,import,aus,62,53479.0
Cook Islands,2016,import,aus,63,79948.0
Cook Islands,2016,import,aus,64,77791.0
Cook Islands,2016,import,aus,65,11682.0
Cook Islands,2016,import,aus,66,12130.0
Cook Islands,2016,import,aus,67,534.0
Cook Islands,2016,import,aus,69,15159.0
Cook Islands,2016,import,aus,70,4151.0
Cook Islands,2016,import,aus,71,151730.0
Cook Islands,2016,import,aus,72,410.0
Cook Islands,2016,import,aus,73,300378.0
Cook Islands,2016,import,aus,74,2978.0
Cook Islands,2016,import,aus,76,14392.0
Cook Islands,2016,import,aus,82,9551.0
Cook Islands,2016,import,aus,83,7370.0
Cook Islands,2016,import,aus,84,446121.0
Cook Islands,2016,import,aus,85,787090.0
Cook Islands,2016,import,aus,87,112606.0
Cook Islands,2016,import,aus,88,144507.0
Cook Islands,2016,import,aus,89,586481.0
Cook Islands,2016,import,aus,90,71056.0
Cook Islands,2016,import,aus,91,1366.0
Cook Islands,2016,import,aus,94,120288.0
Cook Islands,2016,import,aus,95,45372.0
Cook Islands,2016,import,china,03,71250.0
Cook Islands,2016,import,china,25,4853.0
Cook Islands,2016,import,china,27,395612.0
Cook Islands,2016,import,china,33,1963.0
Cook Islands,2016,import,china,34,33307.0
Cook Islands,2016,import,china,35,918.0
Cook Islands,2016,import,china,39,48499.0
Cook Islands,2016,import,china,40,58351.0
Cook Islands,2016,import,china,42,7530.0
Cook Islands,2016,import,china,44,14381.0
Cook Islands,2016,import,china,48,3615.0
Cook Islands,2016,import,china,49,86.0
Cook Islands,2016,import,china,52,31676.0
Cook Islands,2016,import,china,55,18627.0
Cook Islands,2016,import,china,60,15864.0
Cook Islands,2016,import,china,61,60860.0
Cook Islands,2016,import,china,62,10060.0
Cook Islands,2016,import,china,63,9070.0
Cook Islands,2016,import,china,64,1434.0
Cook Islands,2016,import,china,65,1993.0
Cook Islands,2016,import,china,66,370.0
Cook Islands,2016,import,china,69,81243.0
Cook Islands,2016,import,china,70,26343.0
Cook Islands,2016,import,china,71,393.0
Cook Islands,2016,import,china,72,4688.0
Cook Islands,2016,import,china,73,344480.0
Cook Islands,2016,import,china,76,14421.0
Cook Islands,2016,import,china,80,2578.0
Cook Islands,2016,import,china,82,5758.0
Cook Islands,2016,import,china,83,9711.0
Cook Islands,2016,import,china,84,313048.0
Cook Islands,2016,import,china,85,533887.0
Cook Islands,2016,import,china,87,721471.0
Cook Islands,2016,import,china,90,1890.0
Cook Islands,2016,import,china,91,1036.0
Cook Islands,2016,import,china,92,189.0
Cook Islands,2016,import,china,94,300958.0
Cook Islands,2016,import,china,95,24548.0
Cook Islands,2016,import,china,96,2126.0
Cook Islands,2016,import,us,02,1621484.0
Cook Islands,2016,import,us,16,99905.0
Cook Islands,2016,import,us,18,193461.0
Cook Islands,2016,import,us,19,5676.0
Cook Islands,2016,import,us,20,5502.0
Cook Islands,2016,import,us,21,347861.0
Cook Islands,2016,import,us,22,32140.0
Cook Islands,2016,import,us,25,9921.0
Cook Islands,2016,import,us,32,14870.0
Cook Islands,2016,import,us,33,24186.0
Cook Islands,2016,import,us,38,38174.0
Cook Islands,2016,import,us,39,6407.0
Cook Islands,2016,import,us,42,8816.0
Cook Islands,2016,import,us,46,2574.0
Cook Islands,2016,import,us,61,29488.0
Cook Islands,2016,import,us,62,62587.0
Cook Islands,2016,import,us,63,27224.0
Cook Islands,2016,import,us,64,6295.0
Cook Islands,2016,import,us,67,7258.0
Cook Islands,2016,import,us,68,2707.0
Cook Islands,2016,import,us,71,3028.0
Cook Islands,2016,import,us,73,7932.0
Cook Islands,2016,import,us,83,16149.999999999998
Cook Islands,2016,import,us,84,176608.0
Cook Islands,2016,import,us,85,710787.0
Cook Islands,2016,import,us,87,11450.0
Cook Islands,2016,import,us,90,256714.0
Cook Islands,2016,import,us,92,6840.0
Cook Islands,2016,import,us,94,10682.0
Cook Islands,2016,import,us,95,16070.0
Cook Islands,2016,import,world,01,1607.0
Cook Islands,2016,import,world,02,4755361.0
Cook Islands,2016,import,world,03,779819.0
Cook Islands,2016,import,world,04,3197504.0
Cook Islands,2016,import,world,05,27179.0
Cook Islands,2016,import,world,06,206.0
Cook Islands,2016,import,world,07,1025831.0
Cook Islands,2016,import,world,08,450049.0
Cook Islands,2016,import,world,09,325434.0
Cook Islands,2016,import,world,10,72137.0
Cook Islands,2016,import,world,11,622926.0
Cook Islands,2016,import,world,12,70185.0
Cook Islands,2016,import,world,13,372.0
Cook Islands,2016,import,world,14,1313.0
Cook Islands,2016,import,world,15,527771.0
Cook Islands,2016,import,world,16,2091507.0
Cook Islands,2016,import,world,17,623316.0
Cook Islands,2016,import,world,18,548338.0
Cook Islands,2016,import,world,19,2179036.0
Cook Islands,2016,import,world,20,1741220.0
Cook Islands,2016,import,world,21,4296601.0
Cook Islands,2016,import,world,22,7673626.0
Cook Islands,2016,import,world,23,801108.0
Cook Islands,2016,import,world,24,305603.0
Cook Islands,2016,import,world,25,502099.0
Cook Islands,2016,import,world,27,19437506.0
Cook Islands,2016,import,world,28,106667.0
Cook Islands,2016,import,world,29,41874.0
Cook Islands,2016,import,world,30,833763.0
Cook Islands,2016,import,world,31,153393.0
Cook Islands,2016,import,world,32,1713318.0
Cook Islands,2016,import,world,33,1148018.0
Cook Islands,2016,import,world,34,1101121.0
Cook Islands,2016,import,world,35,175979.0
Cook Islands,2016,import,world,36,17727.0
Cook Islands,2016,import,world,37,44053.0
Cook Islands,2016,import,world,38,518523.0
Cook Islands,2016,import,world,39,2573747.0
Cook Islands,2016,import,world,40,722753.0
Cook Islands,2016,import,world,42,157177.0
Cook Islands,2016,import,world,43,49185.0
Cook Islands,2016,import,world,44,3707220.0
Cook Islands,2016,import,world,45,616.0
Cook Islands,2016,import,world,46,21588.0
Cook Islands,2016,import,world,48,1515498.0
Cook Islands,2016,import,world,49,374869.0
Cook Islands,2016,import,world,50,1350.0
Cook Islands,2016,import,world,52,214487.0
Cook Islands,2016,import,world,53,1586.0
Cook Islands,2016,import,world,54,62673.0
Cook Islands,2016,import,world,55,72024.0
Cook Islands,2016,import,world,56,190009.0
Cook Islands,2016,import,world,57,56585.0
Cook Islands,2016,import,world,58,63610.0
Cook Islands,2016,import,world,59,18136.0
Cook Islands,2016,import,world,60,33576.0
Cook Islands,2016,import,world,61,874208.0
Cook Islands,2016,import,world,62,799681.0
Cook Islands,2016,import,world,63,931860.0
Cook Islands,2016,import,world,64,240067.0
Cook Islands,2016,import,world,65,69701.0
Cook Islands,2016,import,world,66,46712.0
Cook Islands,2016,import,world,67,25261.0
Cook Islands,2016,import,world,68,938294.0
Cook Islands,2016,import,world,69,436336.0
Cook Islands,2016,import,world,70,368180.0
Cook Islands,2016,import,world,71,510560.0
Cook Islands,2016,import,world,72,720110.0
Cook Islands,2016,import,world,73,2845775.0
Cook Islands,2016,import,world,74,244882.0
Cook Islands,2016,import,world,75,991.0
Cook Islands,2016,import,world,76,1244307.0
Cook Islands,2016,import,world,78,12992.0
Cook Islands,2016,import,world,79,13172.0
Cook Islands,2016,import,world,80,4585.0
Cook Islands,2016,import,world,82,544935.0
Cook Islands,2016,import,world,83,389034.0
Cook Islands,2016,import,world,84,6973642.0
Cook Islands,2016,import,world,85,9530574.0
Cook Islands,2016,import,world,86,5215.0
Cook Islands,2016,import,world,87,7694777.0
Cook Islands,2016,import,world,88,307892.0
Cook Islands,2016,import,world,89,29901497.0
Cook Islands,2016,import,world,90,1643194.0
Cook Islands,2016,import,world,91,47054.0
Cook Islands,2016,import,world,92,50900.0
Cook Islands,2016,import,world,93,974.0
Cook Islands,2016,import,world,94,2836184.0
Cook Islands,2016,import,world,95,700362.0
Cook Islands,2016,import,world,96,271744.0
Cook Islands,2016,import,world,97,17638.0
Cook Islands,2017,export,aus,03,76714.0
Cook Islands,2017,export,aus,15,2329.0
Cook Islands,2017,export,aus,20,10401.0
Cook Islands,2017,export,aus,49,1381.0
Cook Islands,2017,export,aus,62,3521.0
Cook Islands,2017,export,aus,71,41261.0
Cook Islands,2017,export,aus,84,16104.0
Cook Islands,2017,export,aus,91,1929.0
Cook Islands,2017,export,china,03,5682206.0
Cook Islands,2017,export,china,19,340.0
Cook Islands,2017,export,china,20,30830.0
Cook Islands,2017,export,china,71,5131.0
Cook Islands,2017,export,china,85,45318.0
Cook Islands,2017,export,china,90,2220.0
Cook Islands,2017,export,us,38,15640.0
Cook Islands,2017,export,us,39,69748.0
Cook Islands,2017,export,us,40,510.0
Cook Islands,2017,export,us,48,18929.0
Cook Islands,2017,export,us,61,19305.0
Cook Islands,2017,export,us,62,2505.0
Cook Islands,2017,export,us,65,104586.0
Cook Islands,2017,export,us,70,3746.0
Cook Islands,2017,export,us,73,62411.0
Cook Islands,2017,export,us,84,1944292.0
Cook Islands,2017,export,us,85,291592.0
Cook Islands,2017,export,us,90,156960.0
Cook Islands,2017,export,us,94,411745.0
Cook Islands,2017,export,us,95,249455.0
Cook Islands,2017,export,us,97,27798.0
Cook Islands,2017,export,world,02,209.0
Cook Islands,2017,export,world,03,30150401.0
Cook Islands,2017,export,world,04,5.0
Cook Islands,2017,export,world,05,37.0
Cook Islands,2017,export,world,07,1492.0
Cook Islands,2017,export,world,08,17880.0
Cook Islands,2017,export,world,09,82.0
Cook Islands,2017,export,world,10,5.0
Cook Islands,2017,export,world,11,23.0
Cook Islands,2017,export,world,13,2580.0
Cook Islands,2017,export,world,15,2343.0
Cook Islands,2017,export,world,17,17.0
Cook Islands,2017,export,world,19,4502.0
Cook Islands,2017,export,world,20,792507.0
Cook Islands,2017,export,world,21,2021.9999999999998
Cook Islands,2017,export,world,22,84447.0
Cook Islands,2017,export,world,27,10150.0
Cook Islands,2017,export,world,28,220820.0
Cook Islands,2017,export,world,30,297786.0
Cook Islands,2017,export,world,33,299621.0
Cook Islands,2017,export,world,34,4466.0
Cook Islands,2017,export,world,38,15640.0
Cook Islands,2017,export,world,39,93695.0
Cook Islands,2017,export,world,40,1688.0
Cook Islands,2017,export,world,42,7737.0
Cook Islands,2017,export,world,44,5556.0
Cook Islands,2017,export,world,48,28171.0
Cook Islands,2017,export,world,49,5066.0
Cook Islands,2017,export,world,52,23536.0
Cook Islands,2017,export,world,53,10126.0
Cook Islands,2017,export,world,55,128.0
Cook Islands,2017,export,world,56,24751.0
Cook Islands,2017,export,world,57,145.0
Cook Islands,2017,export,world,61,41460.0
Cook Islands,2017,export,world,62,16726.0
Cook Islands,2017,export,world,63,4829.0
Cook Islands,2017,export,world,64,6557.0
Cook Islands,2017,export,world,65,104973.0
Cook Islands,2017,export,world,68,30203.0
Cook Islands,2017,export,world,69,1281.0
Cook Islands,2017,export,world,70,4442.0
Cook Islands,2017,export,world,71,3725421.0
Cook Islands,2017,export,world,72,96880.0
Cook Islands,2017,export,world,73,78627.0
Cook Islands,2017,export,world,74,226.0
Cook Islands,2017,export,world,75,180.0
Cook Islands,2017,export,world,82,4324.0
Cook Islands,2017,export,world,83,332.0
Cook Islands,2017,export,world,84,2159676.0
Cook Islands,2017,export,world,85,624899.0
Cook Islands,2017,export,world,87,97030.0
Cook Islands,2017,export,world,88,18879.0
Cook Islands,2017,export,world,89,7395671.0
Cook Islands,2017,export,world,90,180343.0
Cook Islands,2017,export,world,91,3430.0
Cook Islands,2017,export,world,92,3152.0
Cook Islands,2017,export,world,94,485784.0
Cook Islands,2017,export,world,95,288451.0
Cook Islands,2017,export,world,96,56.0
Cook Islands,2017,export,world,97,59924.0
Cook Islands,2017,import,aus,02,342818.0
Cook Islands,2017,import,aus,04,137468.0
Cook Islands,2017,import,aus,08,80111.0
Cook Islands,2017,import,aus,09,3867.0
Cook Islands,2017,import,aus,12,1734.0
Cook Islands,2017,import,aus,15,9186.0
Cook Islands,2017,import,aus,17,80698.0
Cook Islands,2017,import,aus,18,12390.0
Cook Islands,2017,import,aus,19,62517.0
Cook Islands,2017,import,aus,20,77558.0
Cook Islands,2017,import,aus,21,55298.0
Cook Islands,2017,import,aus,22,771137.0
Cook Islands,2017,import,aus,23,111728.0
Cook Islands,2017,import,aus,27,14528.0
Cook Islands,2017,import,aus,29,5241.0
Cook Islands,2017,import,aus,30,59791.0
Cook Islands,2017,import,aus,31,1653.0
Cook Islands,2017,import,aus,32,50177.0
Cook Islands,2017,import,aus,33,177147.0
Cook Islands,2017,import,aus,34,34844.0
Cook Islands,2017,import,aus,38,12799.0
Cook Islands,2017,import,aus,39,34729.0
Cook Islands,2017,import,aus,40,42008.0
Cook Islands,2017,import,aus,42,22042.0
Cook Islands,2017,import,aus,44,1035.0
Cook Islands,2017,import,aus,48,174106.0
Cook Islands,2017,import,aus,49,58471.0
Cook Islands,2017,import,aus,61,146361.0
Cook Islands,2017,import,aus,62,99460.0
Cook Islands,2017,import,aus,63,91398.0
Cook Islands,2017,import,aus,64,94965.0
Cook Islands,2017,import,aus,65,6974.0
Cook Islands,2017,import,aus,66,2990.0
Cook Islands,2017,import,aus,67,95.0
Cook Islands,2017,import,aus,68,10881.0
Cook Islands,2017,import,aus,69,21514.0
Cook Islands,2017,import,aus,70,9247.0
Cook Islands,2017,import,aus,71,72009.0
Cook Islands,2017,import,aus,73,53279.0
Cook Islands,2017,import,aus,74,9952.0
Cook Islands,2017,import,aus,76,50169.0
Cook Islands,2017,import,aus,80,77.0
Cook Islands,2017,import,aus,82,25708.0
Cook Islands,2017,import,aus,83,54634.0
Cook Islands,2017,import,aus,84,1080478.0
Cook Islands,2017,import,aus,85,394670.0
Cook Islands,2017,import,aus,87,393120.0
Cook Islands,2017,import,aus,88,72613.0
Cook Islands,2017,import,aus,89,70086.0
Cook Islands,2017,import,aus,90,105173.0
Cook Islands,2017,import,aus,91,3453.0
Cook Islands,2017,import,aus,94,249290.0
Cook Islands,2017,import,aus,95,171604.0
Cook Islands,2017,import,aus,96,61535.0
Cook Islands,2017,import,china,04,181.0
Cook Islands,2017,import,china,07,527.0
Cook Islands,2017,import,china,12,5070.0
Cook Islands,2017,import,china,15,2186.0
Cook Islands,2017,import,china,16,296825.0
Cook Islands,2017,import,china,19,4184.0
Cook Islands,2017,import,china,20,7123.0
Cook Islands,2017,import,china,21,12285.0
Cook Islands,2017,import,china,22,525.0
Cook Islands,2017,import,china,25,20387.0
Cook Islands,2017,import,china,27,328217.0
Cook Islands,2017,import,china,32,241375.0
Cook Islands,2017,import,china,33,494.0
Cook Islands,2017,import,china,34,85595.0
Cook Islands,2017,import,china,35,3494.0
Cook Islands,2017,import,china,38,5155.0
Cook Islands,2017,import,china,39,124717.0
Cook Islands,2017,import,china,40,24681.0
Cook Islands,2017,import,china,42,28551.0
Cook Islands,2017,import,china,44,86719.0
Cook Islands,2017,import,china,48,14328.0
Cook Islands,2017,import,china,49,714.0
Cook Islands,2017,import,china,52,13943.0
Cook Islands,2017,import,china,54,149.0
Cook Islands,2017,import,china,55,14490.0
Cook Islands,2017,import,china,56,3295.0
Cook Islands,2017,import,china,57,8875.0
Cook Islands,2017,import,china,59,208.0
Cook Islands,2017,import,china,60,7358.0
Cook Islands,2017,import,china,61,19697.0
Cook Islands,2017,import,china,62,1156.0
Cook Islands,2017,import,china,63,8341.0
Cook Islands,2017,import,china,64,5745.0
Cook Islands,2017,import,china,65,1487.0
Cook Islands,2017,import,china,68,45951.0
Cook Islands,2017,import,china,69,88557.0
Cook Islands,2017,import,china,70,32073.0
Cook Islands,2017,import,china,71,1719.0
Cook Islands,2017,import,china,72,358315.0
Cook Islands,2017,import,china,73,669934.0
Cook Islands,2017,import,china,74,23007.0
Cook Islands,2017,import,china,76,516614.0
Cook Islands,2017,import,china,79,3807.0
Cook Islands,2017,import,china,82,9063.0
Cook Islands,2017,import,china,83,7039.0
Cook Islands,2017,import,china,84,1360481.0
Cook Islands,2017,import,china,85,1610991.0
Cook Islands,2017,import,china,87,807527.0
Cook Islands,2017,import,china,89,5370.0
Cook Islands,2017,import,china,90,8887.0
Cook Islands,2017,import,china,91,2.0
Cook Islands,2017,import,china,92,163.0
Cook Islands,2017,import,china,94,338103.0
Cook Islands,2017,import,china,95,46527.0
Cook Islands,2017,import,china,96,33172.0
Cook Islands,2017,import,us,02,2225340.0
Cook Islands,2017,import,us,16,80564.0
Cook Islands,2017,import,us,17,7238.0
Cook Islands,2017,import,us,18,156199.0
Cook Islands,2017,import,us,19,32094.0
Cook Islands,2017,import,us,21,326182.0
Cook Islands,2017,import,us,22,2820.0
Cook Islands,2017,import,us,25,3035.0
Cook Islands,2017,import,us,28,24600.0
Cook Islands,2017,import,us,32,8908.0
Cook Islands,2017,import,us,33,23915.0
Cook Islands,2017,import,us,39,2934.0
Cook Islands,2017,import,us,42,9829.0
Cook Islands,2017,import,us,61,95211.0
Cook Islands,2017,import,us,62,68963.0
Cook Islands,2017,import,us,63,17230.0
Cook Islands,2017,import,us,64,40798.0
Cook Islands,2017,import,us,66,2931.0
Cook Islands,2017,import,us,68,2790.0
Cook Islands,2017,import,us,69,14464.0
Cook Islands,2017,import,us,70,4860.0
Cook Islands,2017,import,us,71,6411.0
Cook Islands,2017,import,us,73,4240.0
Cook Islands,2017,import,us,82,14659.0
Cook Islands,2017,import,us,84,204945.0
Cook Islands,2017,import,us,85,821082.0
Cook Islands,2017,import,us,87,12000.0
Cook Islands,2017,import,us,90,13165.0
Cook Islands,2017,import,us,91,4300.0
Cook Islands,2017,import,us,92,8450.0
Cook Islands,2017,import,us,94,12814.0
Cook Islands,2017,import,us,95,29288.0
Cook Islands,2017,import,world,01,1394.0
Cook Islands,2017,import,world,02,5789336.0
Cook Islands,2017,import,world,03,1100637.0
Cook Islands,2017,import,world,04,3632675.0
Cook Islands,2017,import,world,05,29287.0
Cook Islands,2017,import,world,06,112.0
Cook Islands,2017,import,world,07,1329130.0
Cook Islands,2017,import,world,08,609120.0
Cook Islands,2017,import,world,09,365554.0
Cook Islands,2017,import,world,10,77779.0
Cook Islands,2017,import,world,11,660517.0
Cook Islands,2017,import,world,12,90646.0
Cook Islands,2017,import,world,13,2342.0
Cook Islands,2017,import,world,14,2851.0
Cook Islands,2017,import,world,15,599961.0
Cook Islands,2017,import,world,16,3012403.0
Cook Islands,2017,import,world,17,679041.0
Cook Islands,2017,import,world,18,587253.0
Cook Islands,2017,import,world,19,2341140.0
Cook Islands,2017,import,world,20,2152480.0
Cook Islands,2017,import,world,21,5009820.0
Cook Islands,2017,import,world,22,7863722.0
Cook Islands,2017,import,world,23,679434.0
Cook Islands,2017,import,world,24,688620.0
Cook Islands,2017,import,world,25,451150.0
Cook Islands,2017,import,world,27,23760714.0
Cook Islands,2017,import,world,28,77955.0
Cook Islands,2017,import,world,29,99340.0
Cook Islands,2017,import,world,30,1085045.0
Cook Islands,2017,import,world,31,107818.0
Cook Islands,2017,import,world,32,1674816.0
Cook Islands,2017,import,world,33,1013709.0
Cook Islands,2017,import,world,34,1515235.0
Cook Islands,2017,import,world,35,371688.0
Cook Islands,2017,import,world,36,2522.0
Cook Islands,2017,import,world,37,42587.0
Cook Islands,2017,import,world,38,441642.0
Cook Islands,2017,import,world,39,3501178.0
Cook Islands,2017,import,world,40,900608.0
Cook Islands,2017,import,world,42,145977.0
Cook Islands,2017,import,world,43,465.0
Cook Islands,2017,import,world,44,3764080.0
Cook Islands,2017,import,world,45,2385.0
Cook Islands,2017,import,world,46,56396.0
Cook Islands,2017,import,world,48,1730311.0
Cook Islands,2017,import,world,49,531986.0
Cook Islands,2017,import,world,51,245.0
Cook Islands,2017,import,world,52,221489.0
Cook Islands,2017,import,world,53,3002.0
Cook Islands,2017,import,world,54,97423.0
Cook Islands,2017,import,world,55,110872.0
Cook Islands,2017,import,world,56,150082.0
Cook Islands,2017,import,world,57,133559.0
Cook Islands,2017,import,world,58,41436.0
Cook Islands,2017,import,world,59,31990.0
Cook Islands,2017,import,world,60,45980.0
Cook Islands,2017,import,world,61,944167.0
Cook Islands,2017,import,world,62,814075.0
Cook Islands,2017,import,world,63,771055.0
Cook Islands,2017,import,world,64,442487.0
Cook Islands,2017,import,world,65,66808.0
Cook Islands,2017,import,world,66,46727.0
Cook Islands,2017,import,world,67,30563.0
Cook Islands,2017,import,world,68,1799198.0
Cook Islands,2017,import,world,69,504861.0
Cook Islands,2017,import,world,70,353888.0
Cook Islands,2017,import,world,71,376285.0
Cook Islands,2017,import,world,72,1174755.0
Cook Islands,2017,import,world,73,3355891.0
Cook Islands,2017,import,world,74,165970.0
Cook Islands,2017,import,world,76,2068740.0
Cook Islands,2017,import,world,78,16794.0
Cook Islands,2017,import,world,79,5736.0
Cook Islands,2017,import,world,80,3314.0
Cook Islands,2017,import,world,82,697843.0
Cook Islands,2017,import,world,83,565229.0
Cook Islands,2017,import,world,84,9970592.0
Cook Islands,2017,import,world,85,9127083.0
Cook Islands,2017,import,world,86,54666.0
Cook Islands,2017,import,world,87,9679744.0
Cook Islands,2017,import,world,88,108822.0
Cook Islands,2017,import,world,89,15703213.0
Cook Islands,2017,import,world,90,1303237.0
Cook Islands,2017,import,world,91,36908.0
Cook Islands,2017,import,world,92,47051.0
Cook Islands,2017,import,world,93,21423.0
Cook Islands,2017,import,world,94,4240931.0
Cook Islands,2017,import,world,95,915440.0
Cook Islands,2017,import,world,96,399511.0
Cook Islands,2017,import,world,97,4205.0
Cook Islands,2018,export,aus,03,284268.0
Cook Islands,2018,export,aus,04,83989.0
Cook Islands,2018,export,aus,20,3543.0
Cook Islands,2018,export,aus,71,2536.0
Cook Islands,2018,export,aus,85,4077.0
Cook Islands,2018,export,aus,90,2164.0
Cook Islands,2018,export,china,03,2470017.0
Cook Islands,2018,export,china,19,132.0
Cook Islands,2018,export,china,20,27683.0
Cook Islands,2018,export,china,71,1146.0
Cook Islands,2018,export,china,85,30.0
Cook Islands,2018,export,china,90,12.0
Cook Islands,2018,export,us,18,65610.0
Cook Islands,2018,export,us,30,7304.0
Cook Islands,2018,export,us,39,1362.0
Cook Islands,2018,export,us,42,1750.0
Cook Islands,2018,export,us,61,70651.0
Cook Islands,2018,export,us,62,19226.0
Cook Islands,2018,export,us,70,49652.0
Cook Islands,2018,export,us,71,15969.0
Cook Islands,2018,export,us,82,3835.0
Cook Islands,2018,export,us,84,97441.0
Cook Islands,2018,export,us,85,416572.0
Cook Islands,2018,export,us,87,46197.0
Cook Islands,2018,export,us,90,23198.0
Cook Islands,2018,export,us,94,18889.0
Cook Islands,2018,export,us,96,49406.0
Cook Islands,2018,export,us,97,25700.0
Cook Islands,2018,export,world,03,22824293.0
Cook Islands,2018,export,world,04,83989.0
Cook Islands,2018,export,world,05,97.0
Cook Islands,2018,export,world,09,1923.0
Cook Islands,2018,export,world,12,104.0
Cook Islands,2018,export,world,15,2977.0
Cook Islands,2018,export,world,18,65610.0
Cook Islands,2018,export,world,19,236.0
Cook Islands,2018,export,world,20,1029149.0
Cook Islands,2018,export,world,22,11585.0
Cook Islands,2018,export,world,24,1708.0
Cook Islands,2018,export,world,25,1161.0
Cook Islands,2018,export,world,26,2.0
Cook Islands,2018,export,world,27,32232.0
Cook Islands,2018,export,world,29,158.0
Cook Islands,2018,export,world,30,21188.0
Cook Islands,2018,export,world,32,537.0
Cook Islands,2018,export,world,33,5403.0
Cook Islands,2018,export,world,34,18045.0
Cook Islands,2018,export,world,35,372.0
Cook Islands,2018,export,world,37,356.0
Cook Islands,2018,export,world,38,1423.0
Cook Islands,2018,export,world,39,57904.0
Cook Islands,2018,export,world,40,83984.0
Cook Islands,2018,export,world,41,2854.0
Cook Islands,2018,export,world,42,5809.0
Cook Islands,2018,export,world,44,29312.0
Cook Islands,2018,export,world,48,2320.0
Cook Islands,2018,export,world,49,1422.0
Cook Islands,2018,export,world,52,225.0
Cook Islands,2018,export,world,56,69826.0
Cook Islands,2018,export,world,59,230.0
Cook Islands,2018,export,world,61,147357.0
Cook Islands,2018,export,world,62,45100.0
Cook Islands,2018,export,world,63,355.0
Cook Islands,2018,export,world,64,6455.0
Cook Islands,2018,export,world,68,1115.0
Cook Islands,2018,export,world,69,16788.0
Cook Islands,2018,export,world,70,122703.0
Cook Islands,2018,export,world,71,78095.0
Cook Islands,2018,export,world,72,102467.0
Cook Islands,2018,export,world,73,44939.0
Cook Islands,2018,export,world,74,909.0
Cook Islands,2018,export,world,76,7656.0
Cook Islands,2018,export,world,82,11506.0
Cook Islands,2018,export,world,83,1328.0
Cook Islands,2018,export,world,84,1705055.0
Cook Islands,2018,export,world,85,726741.0
Cook Islands,2018,export,world,87,87808.0
Cook Islands,2018,export,world,88,1889.0
Cook Islands,2018,export,world,89,16245700.0
Cook Islands,2018,export,world,90,69003.0
Cook Islands,2018,export,world,91,5427.0
Cook Islands,2018,export,world,92,3896.0
Cook Islands,2018,export,world,93,2319.0
Cook Islands,2018,export,world,94,39635.0
Cook Islands,2018,export,world,95,18355.0
Cook Islands,2018,export,world,96,49694.0
Cook Islands,2018,export,world,97,81565.0
Cook Islands,2018,import,aus,02,353624.0
Cook Islands,2018,import,aus,04,74880.0
Cook Islands,2018,import,aus,07,23809.0
Cook Islands,2018,import,aus,08,4094.0
Cook Islands,2018,import,aus,09,2613.0
Cook Islands,2018,import,aus,10,315.0
Cook Islands,2018,import,aus,15,12709.0
Cook Islands,2018,import,aus,17,96870.0
Cook Islands,2018,import,aus,18,20849.0
Cook Islands,2018,import,aus,19,85086.0
Cook Islands,2018,import,aus,20,156742.0
Cook Islands,2018,import,aus,21,104905.0
Cook Islands,2018,import,aus,22,850060.0
Cook Islands,2018,import,aus,23,148577.0
Cook Islands,2018,import,aus,24,2133.0
Cook Islands,2018,import,aus,27,5480.0
Cook Islands,2018,import,aus,28,1295.0
Cook Islands,2018,import,aus,29,311.0
Cook Islands,2018,import,aus,30,81576.0
Cook Islands,2018,import,aus,32,9880.0
Cook Islands,2018,import,aus,33,508071.0
Cook Islands,2018,import,aus,34,37827.0
Cook Islands,2018,import,aus,37,3703.0
Cook Islands,2018,import,aus,38,45418.0
Cook Islands,2018,import,aus,39,133624.0
Cook Islands,2018,import,aus,40,45844.0
Cook Islands,2018,import,aus,42,44431.0
Cook Islands,2018,import,aus,43,4062.0000000000005
Cook Islands,2018,import,aus,44,1949.0
Cook Islands,2018,import,aus,48,156203.0
Cook Islands,2018,import,aus,49,34360.0
Cook Islands,2018,import,aus,56,81.0
Cook Islands,2018,import,aus,57,3782.0
Cook Islands,2018,import,aus,61,197002.0
Cook Islands,2018,import,aus,62,74473.0
Cook Islands,2018,import,aus,63,7809.0
Cook Islands,2018,import,aus,64,124977.0
Cook Islands,2018,import,aus,65,15602.0
Cook Islands,2018,import,aus,66,475.0
Cook Islands,2018,import,aus,67,1980.0
Cook Islands,2018,import,aus,68,5230.0
Cook Islands,2018,import,aus,69,27426.0
Cook Islands,2018,import,aus,70,11912.0
Cook Islands,2018,import,aus,71,90167.0
Cook Islands,2018,import,aus,72,74744.0
Cook Islands,2018,import,aus,73,144554.0
Cook Islands,2018,import,aus,74,14853.0
Cook Islands,2018,import,aus,76,132572.0
Cook Islands,2018,import,aus,82,54744.0
Cook Islands,2018,import,aus,83,19349.0
Cook Islands,2018,import,aus,84,576208.0
Cook Islands,2018,import,aus,85,3028279.0
Cook Islands,2018,import,aus,87,50508.0
Cook Islands,2018,import,aus,88,90905.0
Cook Islands,2018,import,aus,89,81.0
Cook Islands,2018,import,aus,90,384335.0
Cook Islands,2018,import,aus,91,819.0
Cook Islands,2018,import,aus,94,278632.0
Cook Islands,2018,import,aus,95,118692.0
Cook Islands,2018,import,aus,96,1805.0
Cook Islands,2018,import,aus,97,2105.0
Cook Islands,2018,import,china,03,92450.0
Cook Islands,2018,import,china,16,106500.0
Cook Islands,2018,import,china,25,15338.0
Cook Islands,2018,import,china,27,334904.0
Cook Islands,2018,import,china,28,451.0
Cook Islands,2018,import,china,30,17.0
Cook Islands,2018,import,china,32,315630.0
Cook Islands,2018,import,china,33,20.0
Cook Islands,2018,import,china,34,45958.0
Cook Islands,2018,import,china,38,8600.0
Cook Islands,2018,import,china,39,46932.0
Cook Islands,2018,import,china,40,4388.0
Cook Islands,2018,import,china,42,11330.0
Cook Islands,2018,import,china,44,38922.0
Cook Islands,2018,import,china,48,7413.0
Cook Islands,2018,import,china,49,146.0
Cook Islands,2018,import,china,52,10608.0
Cook Islands,2018,import,china,55,16952.0
Cook Islands,2018,import,china,56,1418.0
Cook Islands,2018,import,china,57,361.0
Cook Islands,2018,import,china,60,21308.0
Cook Islands,2018,import,china,61,12955.0
Cook Islands,2018,import,china,62,285.0
Cook Islands,2018,import,china,63,17091.0
Cook Islands,2018,import,china,64,4.0
Cook Islands,2018,import,china,65,9.0
Cook Islands,2018,import,china,66,4977.0
Cook Islands,2018,import,china,67,635.0
Cook Islands,2018,import,china,69,104122.0
Cook Islands,2018,import,china,70,27413.0
Cook Islands,2018,import,china,71,814.0
Cook Islands,2018,import,china,72,21287.0
Cook Islands,2018,import,china,73,652069.0
Cook Islands,2018,import,china,76,18785.0
Cook Islands,2018,import,china,82,4312.0
Cook Islands,2018,import,china,83,1670.0
Cook Islands,2018,import,china,84,1691076.0
Cook Islands,2018,import,china,85,140879.0
Cook Islands,2018,import,china,87,1209109.0
Cook Islands,2018,import,china,89,418.0
Cook Islands,2018,import,china,90,7767.0
Cook Islands,2018,import,china,91,909.0
Cook Islands,2018,import,china,92,38.0
Cook Islands,2018,import,china,94,76463.0
Cook Islands,2018,import,china,95,38824.0
Cook Islands,2018,import,china,96,43549.0
Cook Islands,2018,import,us,02,2284463.0
Cook Islands,2018,import,us,07,7110.0
Cook Islands,2018,import,us,16,106898.0
Cook Islands,2018,import,us,18,199141.0
Cook Islands,2018,import,us,19,11134.0
Cook Islands,2018,import,us,20,6812.0
Cook Islands,2018,import,us,21,202616.0
Cook Islands,2018,import,us,22,34075.0
Cook Islands,2018,import,us,33,11090.0
Cook Islands,2018,import,us,39,16242.0
Cook Islands,2018,import,us,40,10345.0
Cook Islands,2018,import,us,42,12422.0
Cook Islands,2018,import,us,44,2518.0
Cook Islands,2018,import,us,48,12252.0
Cook Islands,2018,import,us,59,55061.0
Cook Islands,2018,import,us,61,119928.0
Cook Islands,2018,import,us,62,24288.0
Cook Islands,2018,import,us,63,66853.0
Cook Islands,2018,import,us,64,53468.0
Cook Islands,2018,import,us,65,4032.0
Cook Islands,2018,import,us,68,2873.0
Cook Islands,2018,import,us,69,24781.0
Cook Islands,2018,import,us,71,13095.0
Cook Islands,2018,import,us,73,9494.0
Cook Islands,2018,import,us,74,5631.0
Cook Islands,2018,import,us,82,2823.0
Cook Islands,2018,import,us,84,175885.0
Cook Islands,2018,import,us,85,851654.0
Cook Islands,2018,import,us,90,83960.0
Cook Islands,2018,import,us,95,17850.0
Cook Islands,2018,import,world,01,2261.0
Cook Islands,2018,import,world,02,6031819.0
Cook Islands,2018,import,world,03,705078.0
Cook Islands,2018,import,world,04,3909522.0
Cook Islands,2018,import,world,05,636.0
Cook Islands,2018,import,world,06,20958.0
Cook Islands,2018,import,world,07,1226738.0
Cook Islands,2018,import,world,08,485038.0
Cook Islands,2018,import,world,09,367209.0
Cook Islands,2018,import,world,10,99603.0
Cook Islands,2018,import,world,11,615845.0
Cook Islands,2018,import,world,12,107791.0
Cook Islands,2018,import,world,13,1879.0
Cook Islands,2018,import,world,14,2241.0
Cook Islands,2018,import,world,15,636129.0
Cook Islands,2018,import,world,16,2783173.0
Cook Islands,2018,import,world,17,716987.0
Cook Islands,2018,import,world,18,604465.0
Cook Islands,2018,import,world,19,2207926.0
Cook Islands,2018,import,world,20,2190040.0
Cook Islands,2018,import,world,21,4717129.0
Cook Islands,2018,import,world,22,8446608.0
Cook Islands,2018,import,world,23,810684.0
Cook Islands,2018,import,world,24,1399700.0
Cook Islands,2018,import,world,25,287745.0
Cook Islands,2018,import,world,27,27428472.0
Cook Islands,2018,import,world,28,69878.0
Cook Islands,2018,import,world,29,76198.0
Cook Islands,2018,import,world,30,1364970.0
Cook Islands,2018,import,world,31,180047.0
Cook Islands,2018,import,world,32,1562529.0
Cook Islands,2018,import,world,33,1423979.0
Cook Islands,2018,import,world,34,1150280.0
Cook Islands,2018,import,world,35,188060.0
Cook Islands,2018,import,world,36,5194.0
Cook Islands,2018,import,world,37,45156.0
Cook Islands,2018,import,world,38,773726.0
Cook Islands,2018,import,world,39,3916269.0
Cook Islands,2018,import,world,40,1178961.0
Cook Islands,2018,import,world,42,181353.0
Cook Islands,2018,import,world,43,4062.0000000000005
Cook Islands,2018,import,world,44,4723688.0
Cook Islands,2018,import,world,45,4435.0
Cook Islands,2018,import,world,46,51782.0
Cook Islands,2018,import,world,48,1705684.0
Cook Islands,2018,import,world,49,430727.0
Cook Islands,2018,import,world,51,379.0
Cook Islands,2018,import,world,52,209129.0
Cook Islands,2018,import,world,53,1123.0
Cook Islands,2018,import,world,54,145751.0
Cook Islands,2018,import,world,55,97631.0
Cook Islands,2018,import,world,56,234497.0
Cook Islands,2018,import,world,57,49287.0
Cook Islands,2018,import,world,58,34429.0
Cook Islands,2018,import,world,59,78028.0
Cook Islands,2018,import,world,60,36542.0
Cook Islands,2018,import,world,61,1072861.0
Cook Islands,2018,import,world,62,961914.0
Cook Islands,2018,import,world,63,955851.0
Cook Islands,2018,import,world,64,435663.0
Cook Islands,2018,import,world,65,72055.0
Cook Islands,2018,import,world,66,31598.0
Cook Islands,2018,import,world,67,21408.0
Cook Islands,2018,import,world,68,1456443.0
Cook Islands,2018,import,world,69,395399.0
Cook Islands,2018,import,world,70,306427.0
Cook Islands,2018,import,world,71,461969.0
Cook Islands,2018,import,world,72,1287819.0
Cook Islands,2018,import,world,73,4418351.0
Cook Islands,2018,import,world,74,141532.0
Cook Islands,2018,import,world,76,1826532.0
Cook Islands,2018,import,world,78,17468.0
Cook Islands,2018,import,world,80,4156.0
Cook Islands,2018,import,world,81,24.0
Cook Islands,2018,import,world,82,967472.0
Cook Islands,2018,import,world,83,415437.0
Cook Islands,2018,import,world,84,11832451.0
Cook Islands,2018,import,world,85,9883088.0
Cook Islands,2018,import,world,86,76228.0
Cook Islands,2018,import,world,87,9547467.0
Cook Islands,2018,import,world,88,115064.0
Cook Islands,2018,import,world,89,8101097.0
Cook Islands,2018,import,world,90,2138177.0
Cook Islands,2018,import,world,91,19381.0
Cook Islands,2018,import,world,92,42735.0
Cook Islands,2018,import,world,93,2631.0
Cook Islands,2018,import,world,94,3399986.0
Cook Islands,2018,import,world,95,798705.0
Cook Islands,2018,import,world,96,378774.0
Cook Islands,2018,import,world,97,17082.0
Cook Islands,2019,export,aus,20,6734.0
Cook Islands,2019,export,aus,49,1459.0
Cook Islands,2019,export,aus,63,13281.0
Cook Islands,2019,export,aus,84,8880.0
Cook Islands,2019,export,aus,85,4649.0
Cook Islands,2019,export,aus,88,779.0
Cook Islands,2019,export,aus,90,112318.0
Cook Islands,2019,export,china,03,1739757.0
Cook Islands,2019,export,china,20,72.0
Cook Islands,2019,export,china,49,224.0
Cook Islands,2019,export,china,85,2438.0
Cook Islands,2019,export,china,87,10995.0
Cook Islands,2019,export,china,91,143.0
Cook Islands,2019,export,us,03,7889.0
Cook Islands,2019,export,us,35,3896.0
Cook Islands,2019,export,us,40,47668.0
Cook Islands,2019,export,us,62,15190.0
Cook Islands,2019,export,us,63,355.0
Cook Islands,2019,export,us,64,84633.0
Cook Islands,2019,export,us,68,9936.0
Cook Islands,2019,export,us,71,2495.0
Cook Islands,2019,export,us,84,45476.0
Cook Islands,2019,export,us,85,70499.0
Cook Islands,2019,export,us,87,72668.0
Cook Islands,2019,export,us,89,7030.0
Cook Islands,2019,export,us,90,7797.0
Cook Islands,2019,export,us,95,16175.999999999998
Cook Islands,2019,export,us,97,85059.0
Cook Islands,2019,export,world,03,18980568.0
Cook Islands,2019,export,world,06,90.0
Cook Islands,2019,export,world,08,62548.0
Cook Islands,2019,export,world,15,21983.0
Cook Islands,2019,export,world,17,6100.0
Cook Islands,2019,export,world,20,1028149.0
Cook Islands,2019,export,world,22,67202.0
Cook Islands,2019,export,world,25,2202.0
Cook Islands,2019,export,world,27,2052.0
Cook Islands,2019,export,world,29,128835.0
Cook Islands,2019,export,world,30,1247.0
Cook Islands,2019,export,world,33,85487.0
Cook Islands,2019,export,world,35,3896.0
Cook Islands,2019,export,world,37,148.0
Cook Islands,2019,export,world,38,1414.0
Cook Islands,2019,export,world,39,39148.0
Cook Islands,2019,export,world,40,47922.0
Cook Islands,2019,export,world,42,9325.0
Cook Islands,2019,export,world,44,8695.0
Cook Islands,2019,export,world,48,58081.0
Cook Islands,2019,export,world,49,2383.0
Cook Islands,2019,export,world,55,115.0
Cook Islands,2019,export,world,56,30143.0
Cook Islands,2019,export,world,58,106.0
Cook Islands,2019,export,world,61,32087.0
Cook Islands,2019,export,world,62,55374.0
Cook Islands,2019,export,world,63,19567.0
Cook Islands,2019,export,world,64,90079.0
Cook Islands,2019,export,world,65,573.0
