country,year,partner,import_index,export_index,cwi,cwe,gdp_usd,gdp_source,import_openness,export_openness,import_index_gdp,export_index_gdp,cwi_trade,cwe_trade
Cook Islands,2002,aus,0.1044888155805107,0.25856738854732775,,,,,,,,,0.0008099439810138814,0.001986138761022363
Cook Islands,2002,china,0.0019394857974422723,0.01558593534269803,,,,,,,,,1.780210826596549e-05,0.0001841462965049637
Cook Islands,2002,us,0.020512082545055432,0.14498885261822916,,,,,,,,,0.00039269794350336675,0.0193705223767815
Cook Islands,2003,aus,0.08380386084947641,0.08632181485704113,,,,,,,,,0.0004132218522224944,0.0007373116268121073
Cook Islands,2003,china,0.009464243867744178,0.008459637773830514,,,,,,,,,0.000298283552362409,1.7856344553192136e-05
Cook Islands,2003,us,0.03610933718754392,0.3458133552192673,,,,,,,,,0.001731053721153499,0.03730758932266596
Cook Islands,2004,aus,0.05537988227868108,0.01316821672317763,,,,,,,,,0.00019257480764815627,1.9768238875270033e-05
Cook Islands,2004,china,0.011230233458809021,0.004912749396393177,,,,,,,,,0.00023967828324259884,1.3293508370572128e-06
Cook Islands,2004,us,0.01039545885006109,0.22270331598780874,,,,,,,,,9.459544270027933e-05,0.022510029199004213
Cook Islands,2005,aus,0.10783997603190974,0.03129710566009935,,,,,,,,,0.0009525870868291142,6.460748574917266e-05
Cook Islands,2005,china,0.01714132863039672,0.11261391843676263,,,,,,,,,0.00019007582411804423,0.001032899082430571
Cook Islands,2005,us,0.014840254886135582,0.1294893630456908,,,,,,,,,0.00010117459136338306,0.005434111834658373
Cook Islands,2006,aus,0.055040158888681266,0.023601664201091242,,,,,,,,,0.00010690981972007811,4.0907107172384594e-05
Cook Islands,2006,china,0.011186063621109629,0.08280379549969934,,,,,,,,,7.018797510624493e-05,0.0007821144896986613
Cook Islands,2006,us,0.036212490733522625,0.13614144878338325,,,,,,,,,0.0022548248360706345,0.032518276676285485
Cook Islands,2007,aus,0.06868736352290782,0.00741082611291144,,,,,,,,,0.00020952779285301942,1.1537936571171632e-05
Cook Islands,2007,china,0.010935271528484133,0.1179578934667436,,,,,,,,,4.9718088940944244e-05,0.001495383923324836
Cook Islands,2007,us,0.02031535925357204,0.10365125069566261,,,,,,,,,0.00020079856019495913,0.00896435055225078
Cook Islands,2008,aus,0.08549275626468321,0.002281493187956832,,,,,,,,,0.0001792682488574455,1.5007637600604717e-06
Cook Islands,2008,china,0.008974626753702687,0.0619232718418,,,,,,,,,8.531796071478406e-05,0.00047546350211737066
Cook Islands,2008,us,0.02520375962198573,0.0335770623634915,,,,,,,,,0.0008435334613366784,0.0032861762230401237
Cook Islands,2009,aus,0.07466156124372526,0.004642548995404345,,,,,,,,,0.00015481215193162345,8.85322782726761e-06
Cook Islands,2009,china,0.07003872025755485,0.014691493323003025,,,,,,,,,0.008154090653332198,1.8489807514147027e-05
Cook Islands,2009,us,0.015498691046735413,0.05005788603050707,,,,,,,,,0.0002772192148601229,0.009307317119483497
Cook Islands,2010,aus,0.07149796289711348,0.007541337573745399,,,,,,,,,0.0001922488627506469,1.6413186734249466e-05
Cook Islands,2010,china,0.04001792732276958,0.04768290825119022,,,,,,,,,0.004593325202040511,0.00015954250807825092
Cook Islands,2010,us,0.033437022474189865,0.06439683839476346,,,,,,,,,0.0006341351777444566,0.007936270515740678
Cook Islands,2011,aus,0.04793357342218327,0.003843081854447241,,,,,,,,,3.965512563853853e-05,1.1891492925361156e-05
Cook Islands,2011,china,0.04022330687943541,0.021324968807579975,,,,,,,,,0.005901162614027772,5.626177417411137e-05
Cook Islands,2011,us,0.03217097880259236,0.020381783545788196,,,,,,,,,0.0005723530584484616,0.0032585362022354717
Cook Islands,2012,aus,0.03912173067509065,0.002294759212625109,,,,,,,,,4.266629289221028e-05,8.475709872022104e-06
Cook Islands,2012,china,0.031876228251393385,0.019915504870204583,,,,,,,,,0.0036504478597515965,5.20746001882084e-05
Cook Islands,2012,us,0.03742119296796597,0.027785201086630285,,,,,,,,,0.0008198216008238316,0.0020784623327138726
Cook Islands,2013,aus,0.03333064167298499,0.014988598069344803,,,,,,,,,3.091238455852479e-05,1.027673239888079e-05
Cook Islands,2013,china,0.12773831138624656,0.03804313008431634,,,,,,,,,0.018188187425991126,0.0001524987318764579
Cook Islands,2013,us,0.027609510389255923,0.013974854028672727,,,,,,,,,0.0008655866287484529,0.0005310789716419699
Cook Islands,2014,aus,0.03986718735107835,0.013690394784238322,,,,,,,,,0.0038618243312397286,1.1765228907652495e-05
Cook Islands,2014,china,0.13349743630241045,0.05039317067190924,,,,,,,,,0.009836698780252907,0.00021895940086524233
Cook Islands,2014,us,0.031691595377725736,0.021817388971936524,,,,,,,,,0.000841274450133104,0.002082541313442461
Cook Islands,2015,aus,0.032249288654985546,0.03629410794355383,,,,,,,,,4.81286762279156e-05,1.4173091499909976e-05
Cook Islands,2015,china,0.11072870542611744,0.06302276994767861,,,,,,,,,0.0066516929843464965,0.0003822343963021066
Cook Islands,2015,us,0.027785787237379,0.02769485949626552,,,,,,,,,0.0006716472302826769,0.0024385276559992968
Cook Islands,2016,aus,0.03814653626028115,0.012497348076464096,,,,,,,,,4.124879316934118e-05,6.117040237207988e-06
Cook Islands,2016,china,0.022872434541570858,0.031283612099098766,,,,,,,,,0.00036450150794628533,0.0001032267042637238
Cook Islands,2016,us,0.02707202667801139,0.03874580842704546,,,,,,,,,0.000646497672594493,0.005432801494123998
Cook Islands,2017,aus,0.039844184524003255,0.003231710305483285,,,,,,,,,3.918811006682662e-05,1.122110007042866e-06
Cook Islands,2017,china,0.050575417686468435,0.1212847373625382,,,,,,,,,0.001534151337139437,0.0015706368000929151
Cook Islands,2017,us,0.02948480092948759,0.0710795792886998,,,,,,,,,0.0008609678856206518,0.011213394748736547
Cook Islands,2018,aus,0.058272204957630074,0.008653352794776678,,,,,,,,,5.436520239368962e-05,2.2850036280349022e-05
Cook Islands,2018,china,0.03498955883485332,0.05682135731061734,,,,,,,,,0.0007770818825618481,0.0005458048846900164
Cook Islands,2018,us,0.0300598180193473,0.020753885819862868,,,,,,,,,0.0008690820481022763,0.0016129299701862975
Cook Islands,2019,aus,0.033552346480556244,0.004600812706692909,,,,,,,,,6.253150463807333e-05,1.4021068200125872e-05
Cook Islands,2019,china,0.21137825512775424,0.05447750564500459,,,,,,,,,0.019525423067561436,0.0006044023591676367
Cook Islands,2019,us,0.036948247324623255,0.014811044373611465,,,,,,,,,0.0010625289668877832,0.001730984154364697
Cook Islands,2020,aus,0.054265725783015445,0.01293531409341543,,,,,,,,,6.987260251868344e-05,1.717038557699256e-05
Cook Islands,2020,china,0.05659555932562887,0.09238958455686383,,,,,,,,,0.004119126297938063,0.001271497774018283
Cook Islands,2020,us,0.028188500884739603,0.08621612090307383,,,,,,,,,0.0008834266637032851,0.01640529968803574
Cook Islands,2021,aus,0.03244354692135328,0.0026596838747701772,,,,,,,,,6.991654243093524e-05,9.935806606517493e-06
Cook Islands,2021,china,0.022712595602816854,0.06361024850092432,,,,,,,,,0.0005944416665825119,0.0005910054903327317
Cook Islands,2021,us,0.020207623042087758,0.035627775090529515,,,,,,,,,0.0008718640327373808,0.0014917747872537535
Cook Islands,2022,aus,0.032910480037670414,0.004979919055310179,,,,,,,,,2.4857962377608356e-05,1.1321267597611903e-05
Cook Islands,2022,china,0.06683719707905533,0.03009357488482118,,,,,,,,,0.0017475819253274436,0.00018893513573941235
Cook Islands,2022,us,0.021540558682096478,0.03693747187640824,,,,,,,,,0.0006960510536523734,0.006701699844203083
Cook Islands,2023,aus,0.02679552951699196,0.011602532268475126,,,,,,,,,2.394675048852186e-05,2.632395428542771e-06
Cook Islands,2023,china,0.05426314902894361,0.07962208150573061,,,,,,,,,0.0029984846981129885,0.0014522891071818954
Cook Islands,2023,us,0.015913860446901316,0.01435556291276723,,,,,,,,,0.00036271571430623184,0.0011285313559986254
Cook Islands,2024,aus,0.02549653584534746,0.002627295501856237,,,,,,,,,5.378539155835559e-05,1.1483381144735026e-05
Cook Islands,2024,china,0.07677410065117166,4.139676896469071e-05,,,,,,,,,0.006700860301138246,1.1483108529041503e-06
Cook Islands,2024,us,0.01804152307843706,0.007292244921709673,,,,,,,,,0.0005071199032950256,0.000295659499847296
Fiji,2002,aus,0.37026550252904056,0.26849978958017484,0.001002779022988193,0.0005722543083799676,1833279985.36741,world_bank_wdi,0.36067762986431307,0.2524325753260508,0.13354648387269316,0.06777809335822627,0.0027802639807892678,0.0022669590390258622
Fiji,2002,china,0.04622784794505358,0.0030279684677881687,0.0004199246422497264,1.1978362721756888e-05,1833279985.36741,world_bank_wdi,0.36067762986431307,0.2524325753260508,0.01667335063054978,0.0007643578783298434,0.0011642658359702043,4.745173124461141e-05
Fiji,2002,us,0.018826567578373095,0.35520857069434963,0.00019221770913800378,0.016390120380073963,1833279985.36741,world_bank_wdi,0.36067762986431307,0.2524325753260508,0.006790321772647928,0.08966621427826026,0.0005329349347513348,0.06492870565101952
Fiji,2003,aus,0.36564574015343976,0.2526041166883884,0.0017017077465569786,0.0006173371388167921,2300492465.32276,world_bank_wdi,0.4992465510374376,0.33120977811726876,0.1825473746731359,0.08366495343986978,0.0034085518327984818,0.0018638856084684085
Fiji,2003,china,0.03450416708369506,0.007004262518222118,0.0003218295854898233,2.3075005715196196e-06,2300492465.32276,world_bank_wdi,0.4992465510374376,0.33120977811726876,0.01722608641295424,0.00231988023453545,0.0006446305634381635,6.96688541212881e-06
Fiji,2003,us,0.08944502269508191,0.3367267641373961,0.009849577499603022,0.016457626380429698,2300492465.32276,world_bank_wdi,0.4992465510374376,0.33120977811726876,0.044655119087984974,0.11152719683609286,0.019728884414194823,0.04968943391098399
Fiji,2004,aus,0.32101485484393794,0.25241779981304446,0.0013397916144265696,0.0005815329729685736,2708078476.63012,world_bank_wdi,0.50769177661013,0.3158903098201617,0.16297660197396185,0.07973633698706617,0.002638986243528288,0.0018409332445165664
Fiji,2004,china,0.04013568351350329,0.007281979234205836,0.0005880699071409542,2.0935501385224376e-06,2708078476.63012,world_bank_wdi,0.50769177661013,0.3158903098201617,0.020376556468432387,0.0023003066763972652,0.001158320725751185,6.627459195295698e-06
Fiji,2004,us,0.03586241583438281,0.36878959474968703,0.0008692077851186564,0.016384439586396245,2708078476.63012,world_bank_wdi,0.50769177661013,0.3158903098201617,0.018207053608489066,0.11649705934393051,0.0017120777313400215,0.05186749665009986
Fiji,2005,aus,0.23818966395288005,0.20177801073490167,0.0008238161072002468,0.0005027001837353939,2980403844.72096,world_bank_wdi,0.5918054447970749,0.30979602366149994,0.14096194002169996,0.06251002538799999,0.0013920387425342571,0.001622681200984915
Fiji,2005,china,0.03396934743578311,0.003559388676433927,0.0005478096378277417,1.357735266118691e-06,2980403844.72096,world_bank_wdi,0.5918054447970749,0.30979602366149994,0.020103244768699995,0.0011026844586249998,0.0009256583268097187,4.382674929366514e-06
Fiji,2005,us,0.03603582565105086,0.2251802917666675,0.0016653531801377,0.007591329714020627,2980403844.72096,world_bank_wdi,0.5918054447970749,0.30979602366149994,0.021326197828049995,0.06975995899624998,0.0028140213895949126,0.024504283897185616
Fiji,2006,aus,0.2227263678385749,0.21899602157179002,0.0009473070821755332,0.0006762223865198527,3076305452.86506,world_bank_wdi,0.6463127954827357,0.27706166180806324,0.14395090142546543,0.060675401666034606,0.0014657099299233008,0.002440692740045396
Fiji,2006,china,0.03925120588257251,0.0030001303456198285,0.0005866459137724268,3.87236754319746e-06,3076305452.86506,world_bank_wdi,0.6463127954827357,0.27706166180806324,0.02536855660003384,0.0008312210991982288,0.0009076811071553313,1.3976554958657814e-05
Fiji,2006,us,0.027259417062356867,0.26362212774189636,0.0007589530364678804,0.009835287475574866,3076305452.86506,world_bank_wdi,0.6463127954827357,0.27706166180806324,0.017618110044801648,0.07303958480154733,0.0011742813104930298,0.035498550796928166
Fiji,2007,aus,0.2143877951873179,0.1587091723018034,0.0006957496212656221,0.00030060087804060506,3378314599.76402,world_bank_wdi,0.5620558201218543,0.2614965125100273,0.12049790804812409,0.041501895060274616,0.0012378657000914658,0.0011495406770638222
Fiji,2007,china,0.03775452643010846,0.006250924492114932,0.0006490946209209304,7.35812417198387e-06,3378314599.76402,world_bank_wdi,0.5620558201218543,0.2614965125100273,0.021220151315986834,0.0016345949546515684,0.0011548579299120254,2.8138517417901382e-05
Fiji,2007,us,0.031215693505738298,0.27242883666443524,0.0012876958759826594,0.008980168629227247,3378314599.76402,world_bank_wdi,0.5620558201218543,0.2614965125100273,0.01754496221404018,0.07123919069491368,0.0022910462446656733,0.03434144701598227
Fiji,2008,aus,0.18994689161314632,0.1465983456667301,0.0008531598778097029,0.0004232311671231734,3523185919.55826,world_bank_wdi,0.6918017282226187,0.29813717753836255,0.13140558788848905,0.04370641700887216,0.0012332433456066186,0.001419585341947884
Fiji,2008,china,0.04780676310908241,0.0027305673236462857,0.0011449292915210476,5.973197153428711e-07,3523185919.55826,world_bank_wdi,0.6918017282226187,0.29813717753836255,0.03307280133959254,0.0008140836349503841,0.0016549962869601485,2.0035063063076442e-06
Fiji,2008,us,0.06276011867904975,0.19954477387621922,0.005099009223984593,0.0058420338000807785,3523185919.55826,world_bank_wdi,0.6918017282226187,0.29813717753836255,0.043417558565623265,0.05949171567598678,0.007370622269309733,0.019595120099803923
Fiji,2009,aus,0.20682175805963499,0.17056257548050197,0.0008362045795653339,0.0006078988507019639,2870624635.68032,world_bank_wdi,0.5587558422175484,0.304970924487493,0.11556286561352537,0.052016626327256496,0.001496547358228359,0.0019933010063944443
Fiji,2009,china,0.06621427853917967,0.008511308474255028,0.001624508058901409,5.469780625223864e-06,2870624635.68032,world_bank_wdi,0.5587558422175484,0.304970924487493,0.03699761497198668,0.0025957016139917894,0.002907366574377429,1.793541674313999e-05
Fiji,2009,us,0.04420585404358772,0.1776400397685301,0.0019227309025364654,0.004346161479675645,2870624635.68032,world_bank_wdi,0.5587558422175484,0.304970924487493,0.024700279207070873,0.054175047154203654,0.0034410931524325094,0.014251068317346701
Fiji,2010,aus,0.19656604091316668,0.21788435670559456,0.0010119509496325813,0.000839468713718619,3140166712.79624,world_bank_wdi,0.6220606963445482,0.31171263424048484,0.12227600828813541,0.06791730678849432,0.0016267720426305153,0.0026930853019931584
Fiji,2010,china,0.07084098913696567,0.007333852308219544,0.0018899687170728743,2.9223161863387154e-06,3140166712.79624,world_bank_wdi,0.6220606963445482,0.31171263424048484,0.04406739503227744,0.002286054422125774,0.003038238435861659,9.375032851841874e-06
Fiji,2010,us,0.03517494690157415,0.2110907863621514,0.0014943205586209361,0.006097852451918546,3140166712.79624,world_bank_wdi,0.6220606963445482,0.31171263424048484,0.021880951963475722,0.06579966508084162,0.00240221021421559,0.019562416732887642
Fiji,2011,aus,0.19208615769870957,0.20512812840222633,0.001372594684388844,0.0007166086888226882,3779411899.37483,world_bank_wdi,0.6209611790099424,0.29400883353936774,0.11927804695608042,0.06030948175765221,0.0022104355808157,0.0024373712864199856
Fiji,2011,china,0.0857922810658003,0.00672948824036402,0.002460329157513228,3.2573923756514013e-06,3779411899.37483,world_bank_wdi,0.6209611790099424,0.29400883353936774,0.05327367600057171,0.001978528987866318,0.003962130388627459,1.107923301636186e-05
Fiji,2011,us,0.047190407276362326,0.1605923777185417,0.0020339544622174147,0.003803990347034434,3779411899.37483,world_bank_wdi,0.6209611790099424,0.29400883353936774,0.029303410940289314,0.047215577648342,0.003275493752218685,0.01293835393052937
Fiji,2012,aus,0.17439471992879632,0.18761013961863326,0.0011623137095017088,0.0005612970881678824,3972028104.47328,world_bank_wdi,0.5973754159311644,0.2944798937053615,0.10417911835366363,0.05524741397294315,0.0019457006071968022,0.0019060625196010217
Fiji,2012,china,0.08997229352946458,0.022313533731558692,0.0025371614750981943,0.0014698840159358276,3972028104.47328,world_bank_wdi,0.5973754159311644,0.2944798937053615,0.05374723626944471,0.006570887041460402,0.004247180930844586,0.004991457981869904
Fiji,2012,us,0.026668936667633432,0.21779646248490148,0.0004579636862666617,0.0059730111236022876,3972028104.47328,world_bank_wdi,0.5973754159311644,0.2944798937053615,0.015931367134269403,0.06413667912195754,0.0007666262689314166,0.020283256179039904
Fiji,2013,aus,0.13427606239406897,0.15948025818171024,0.001152147258821216,0.00037073229983850144,4189967998.51424,world_bank_wdi,0.711039493393848,0.26745734296714857,0.09547558337959952,0.04265416610899508,0.0016203702741206761,0.0013861361805423977
Fiji,2013,china,0.10006643244029648,0.06281607472019851,0.0037276957031155138,0.003117718226649412,4189967998.51424,world_bank_wdi,0.711039493393848,0.26745734296714857,0.07115118542807812,0.016800620440290164,0.00524260007742035,0.011656880278782839
Fiji,2013,us,0.04582687513666921,0.21013135138943584,0.0008884444119273783,0.005366266759351778,4189967998.51424,world_bank_wdi,0.711039493393848,0.26745734296714857,0.0325847180810004,0.05620117291671475,0.0012495007945153124,0.020064009833564038
Fiji,2014,aus,0.13496239837981958,0.13188046851436044,0.0008441729419085914,0.0003043827564494021,4857104768.86844,world_bank_wdi,0.7139045297571018,0.27060669957634204,0.09635026755023574,0.03568773832325277,0.0011824731553332656,0.0011248160408664654
Fiji,2014,china,0.1334269391055694,0.08775304501753539,0.005149815285662713,0.0023433043443042856,4857104768.86844,world_bank_wdi,0.7139045297571018,0.27060669957634204,0.09525409621909099,0.023746561889969417,0.0072135909929229355,0.00865944689459991
Fiji,2014,us,0.03935466331073757,0.18741188935000405,0.00041322764396929283,0.004704949058919998,4857104768.86844,world_bank_wdi,0.7139045297571018,0.27060669957634204,0.028095472404601175,0.0507149128383712,0.000578827597731995,0.01738666879381035
Fiji,2015,aus,0.13620987890806519,0.14824831090099108,0.0007875711633573823,0.00028885758454615974,4682479893.97558,world_bank_wdi,0.5951673384835112,0.22964830780875276,0.0810676711048745,0.034044973733918474,0.001323276854143436,0.0012578258786331467
Fiji,2015,china,0.13341598379827094,0.0532614032205584,0.00471321839883419,0.0008618053154880593,4682479893.97558,world_bank_wdi,0.5951673384835112,0.22964830780875276,0.07940483598837617,0.01223139112112089,0.007919148269868925,0.0037527179003023887
Fiji,2015,us,0.02432709500717434,0.23218747799732067,8.929525669726393e-05,0.0058177054330708945,4682479893.97558,world_bank_wdi,0.5951673384835112,0.22964830780875276,0.014478692388455467,0.05332146141646671,0.00015003386597925317,0.025333108214826393
Fiji,2016,aus,0.15934094199129206,0.16607096597779133,0.0005641140906484693,0.0003072661517619289,4930213644.36653,world_bank_wdi,0.5311485140186996,0.2019583932509145,0.08463370456101459,0.033539425454502024,0.0010620647064986596,0.001521432938814181
Fiji,2016,china,0.14974335666589966,0.04558039366847153,0.004256135836469126,0.0003831313750796478,4930213644.36653,world_bank_wdi,0.5311485140186996,0.2019583932509145,0.07953596137726474,0.009205343069028668,0.008013080568120135,0.0018970807249572576
Fiji,2016,us,0.026195512977639855,0.27170606542911835,0.00039976730030999495,0.006172687302596553,4930213644.36653,world_bank_wdi,0.5311485140186996,0.2019583932509145,0.01391370779203097,0.05487332041059259,0.0007526469335013912,0.030564153354733635
Fiji,2017,aus,0.15426050939974403,0.15383414874890297,0.0005201235325092539,0.0002703480220428939,5353469174.47838,world_bank_wdi,0.5035459876842682,0.20723739370519476,0.07767726056637245,0.0318801880495799,0.0010329216103999227,0.0013045330150574903
Fiji,2017,china,0.14520524965178266,0.04471537240417488,0.0039673640443996,0.00041849888183197615,5353469174.47838,world_bank_wdi,0.5035459876842682,0.20723739370519476,0.07311752085284765,0.00926669723559839,0.007878851468253985,0.002019417800762883
Fiji,2017,us,0.026351672923161405,0.25849007043964567,0.00029120664977164894,0.005746899046128241,5353469174.47838,world_bank_wdi,0.5035459876842682,0.20723739370519476,0.013269279169226095,0.05356880849658437,0.0005783119256115301,0.0277309946017922
Fiji,2018,aus,0.14910690087855533,0.1480716135083047,0.0004064874821765813,0.00024349638446818694,5581425327.44397,world_bank_wdi,0.5282134046484018,0.19284408602720038,0.07876026376963349,0.028554734973581877,0.0007695516217487026,0.0012626593300550692
Fiji,2018,china,0.16375234287259935,0.05214539110367253,0.005092095100130337,0.00034006464056984343,5581425327.44397,world_bank_wdi,0.5282134046484018,0.19284408602720038,0.08649618254788816,0.010055930287918634,0.009640223166089134,0.001763417523324401
Fiji,2018,us,0.02339928396761101,0.2700394141146951,0.00021335310121053968,0.005843961965861582,5581425327.44397,world_bank_wdi,0.5282134046484018,0.19284408602720038,0.012359815450866575,0.052075504006269056,0.0004039145908320053,0.030304076657229194
Fiji,2019,aus,0.13953457521858315,0.13631042659392759,0.0004809518826257106,0.0002523691985675397,5344907153.46698,world_bank_wdi,0.5526814945857131,0.19643787138920718,0.07711817757818915,0.026776530048265912,0.0008702152819251337,0.001284727821487713
Fiji,2019,china,0.12477268038564442,0.03204863135587664,0.004475978684724568,0.0004368700183756734,5344907153.46698,world_bank_wdi,0.5526814945857131,0.19643787138920718,0.06895955147900346,0.006295564924485808,0.008098658501457039,0.0022239602541308957
Fiji,2019,us,0.026986692964849093,0.2950168006584256,0.00018631146560325404,0.007613144809916134,5344907153.46698,world_bank_wdi,0.5526814945857131,0.19643787138920718,0.014915045801738547,0.05795247234539518,0.0003371045845182713,0.03875599321086117
Fiji,2020,aus,0.16306177413170841,0.14495025569757372,0.0004133436879349435,0.00034591149540621677,4227719873.3865,world_bank_wdi,0.455889616086633,0.23079080644442673,0.07433816960730981,0.0334531864067689,0.0009066749347859583,0.0014988096828263847
Fiji,2020,china,0.15414032574764086,0.059540627172798614,0.004289988210809481,0.0011266768845287856,4227719873.3865,world_bank_wdi,0.455889616086633,0.23079080644442673,0.07027097392856053,0.01374142936141714,0.009410146797452505,0.004881810076780869
Fiji,2020,us,0.034310467022638826,0.28605775803585737,0.00098504206637075,0.0072636378268918405,4227719873.3865,world_bank_wdi,0.455889616086633,0.23079080644442673,0.015641785638703894,0.06601950066678021,0.002160703011457848,0.031472821377921255
Fiji,2021,aus,0.162154533247653,0.15022533133478108,0.0007187388683486995,0.00032025084166832554,4158873156.17978,world_bank_wdi,0.5546072420056017,0.25153991302801304,0.08993207846318647,0.03778766677855527,0.0012959420900267291,0.001273161136986878
Fiji,2021,china,0.15187015883533084,0.08360060347497017,0.005447048613750058,0.0028265546394647166,4158873156.17978,world_bank_wdi,0.5546072420056017,0.25153991302801304,0.08422828993461551,0.0210288885271834,0.009821452374210145,0.011237002531482684
Fiji,2021,us,0.09896582374943438,0.3132025123112913,0.009460546949373013,0.01006119394268275,4158873156.17978,world_bank_wdi,0.5546072420056017,0.25153991302801304,0.05488716256248628,0.0787829327069374,0.017058102081684425,0.03999839954449803
Fiji,2022,aus,0.1558575427914699,0.1247772931717267,0.0011445671094451047,0.00023940746199467986,4977861885.60316,world_bank_wdi,0.6410239195725215,0.23341273275588578,0.09990841297513003,0.029124608985095057,0.0017855294857146362,0.001025682957257793
Fiji,2022,china,0.15261344600899157,0.05206578040137842,0.007292794420046144,0.0005272994438133368,4977861885.60316,world_bank_wdi,0.6410239195725215,0.23341273275588578,0.09782886934015315,0.012152816086553577,0.011376789847264167,0.002259086030087364
Fiji,2022,us,0.025392406649187203,0.34359004516569847,0.0009587291672404332,0.011311490460115592,4977861885.60316,world_bank_wdi,0.6410239195725215,0.23341273275588578,0.016277140037641337,0.0801982913898439,0.0014956215173371054,0.048461325680744634
Fiji,2023,aus,0.14918664118701522,0.12569396438464767,0.0009329671764143818,0.00020885573857493304,5476673518.13788,world_bank_wdi,0.5972423501542112,0.20454320424433187,0.08910058019414602,0.025709846229408764,0.0015621249500700756,0.0010210837331239308
Fiji,2023,china,0.15220538308846582,0.03222345219296255,0.006299111965254669,0.000602252914684211,5476673518.13788,world_bank_wdi,0.5972423501542112,0.20454320424433187,0.09090350070187736,0.006591088163362602,0.010546994806426912,0.002944379975414901
Fiji,2023,us,0.04826432884396337,0.3338996328700255,0.0022981319686919137,0.008552038213176462,5476673518.13788,world_bank_wdi,0.5972423501542112,0.20454320424433187,0.028825501187384365,0.06829690080324105,0.0038479052399725566,0.04181042457397335
Fiji,2024,aus,0.1375288649700912,0.14071911054805805,0.0005076442023663603,0.00021389193803617157,5968125909.27126,world_bank_wdi,0.5492806240745485,0.19890578735208864,0.075541940779036,0.02798984547904709,0.0009241982697308158,0.0010753429595165853
Fiji,2024,china,0.1576394208183441,0.040712801279322954,0.006344275856573131,0.0010889971656109138,5968125909.27126,world_bank_wdi,0.5492806240745485,0.19890578735208864,0.08658827944585042,0.008098011793772853,0.011550154107952085,0.005474939568667501
Fiji,2024,us,0.05690719910247257,0.30433316629275425,0.0010993486633663538,0.008015658169765651,5968125909.27126,world_bank_wdi,0.5492806240745485,0.19890578735208864,0.03125802183734072,0.060533628058814404,0.0020014335390376886,0.040298767956796114
Kiribati,2002,aus,0.4374268344881303,0.004569874443929471,0.003139686993184697,4.081846965370055e-06,74743869.1313473,world_bank_wdi,0.4607035921499839,0.3921830424444287,0.2015241139514781,0.0017922272630093018,0.006814982662784533,1.040801494100409e-05
Kiribati,2002,china,0.014235205120731316,0.0,8.741337474842244e-05,0.0,74743869.1313473,world_bank_wdi,0.4607035921499839,0.3921830424444287,0.006558210134112763,0.0,0.00018973886081609856,0.0
Kiribati,2002,us,0.08443297528727432,0.03198918933597259,0.00575767528437097,8.941658440149987e-05,74743869.1313473,world_bank_wdi,0.4607035921499839,0.3921830424444287,0.0388985750107581,0.012545617599112605,0.012497569766064545,0.000227997069542266
Kiribati,2003,aus,0.4269326692976076,0.004677236910993439,0.002070523871782818,3.1187647641431407e-06,96105619.3795504,world_bank_wdi,0.3108109826755454,0.2568759783182149,0.13269536248068306,0.0012014698073375052,0.006661681816901017,1.2141130457436748e-05
Kiribati,2003,china,0.02981321283524762,0.0,0.00017649174554507725,0.0,96105619.3795504,world_bank_wdi,0.3108109826755454,0.2568759783182149,0.009266273978038496,0.0,0.000567842693413818,0.0
Kiribati,2003,us,0.02611169038591084,0.04282575299572957,0.000125525522385347,9.20891261436025e-05,96105619.3795504,world_bank_wdi,0.3108109826755454,0.2568759783182149,0.00811580014816454,0.011000907197992255,0.00040386450087699345,0.00035849644932358597
Kiribati,2004,aus,0.3783782991332389,0.019554339893088916,0.002468356317010696,1.0107093495918693e-05,104085892.133271,world_bank_wdi,0.3964780447590436,0.10082193450927394,0.15001868821959907,0.0019715063760730937,0.006225707449982055,0.00010024697051403044
Kiribati,2004,china,0.021150015589647426,0.0,7.650407639579098e-05,0.0,104085892.133271,world_bank_wdi,0.3964780447590436,0.10082193450927394,0.008385516827606701,0.0,0.00019295917493309303,0.0
Kiribati,2004,us,0.01453238169805682,0.09304125035102921,8.070835887177166e-05,0.00018928974524045513,104085892.133271,world_bank_wdi,0.3964780447590436,0.10082193450927394,0.005761770281337677,0.009380598849552429,0.0002035632488069334,0.0018774659121725502
Kiribati,2005,aus,0.31820099002816205,0.13499485563972335,0.0042610901736612646,2.8718209479343968e-05,113895437.324786,world_bank_wdi,0.7737481331117544,0.07160544084609426,0.24620742198860235,0.009666366150037244,0.005507076516649669,0.00040106183468753006
Kiribati,2005,china,0.02157639922174497,0.004706130181804181,0.00024724462670998315,2.2182706060799437e-06,113895437.324786,world_bank_wdi,0.7737481331117544,0.07160544084609426,0.01669469861709908,0.0003369845263471981,0.00031954148401709036,3.097907896199957e-05
Kiribati,2005,us,0.026479301056521305,0.1437306427427858,0.00015483838482706358,0.00056735555263157,113895437.324786,world_bank_wdi,0.7737481331117544,0.07160544084609426,0.020488309758587467,0.010291896036689655,0.00020011471201146003,0.007923358140494104
Kiribati,2006,aus,0.3207359830947549,0.1830200753805284,0.004314943120946453,5.22193703580229e-05,112338353.264712,world_bank_wdi,0.6683055414128378,0.06561311240366344,0.21434963483271896,0.012008516778069564,0.0064565424847808466,0.0007958679057435978
Kiribati,2006,china,0.0297179628246149,2.4963135282963242e-05,0.00043345854452995076,1.0365732282046993e-10,112338353.264712,world_bank_wdi,0.6683055414128378,0.06561311240366344,0.01986067923519085,1.6379090012689238e-06,0.0006485933718484415,1.5798263338393674e-09
Kiribati,2006,us,0.041755269809089265,0.15794813338834268,0.0002923147292840688,0.0005230002042435105,112338353.264712,world_bank_wdi,0.6683055414128378,0.06561311240366344,0.027905278196602525,0.010363468629958154,0.0004373968359832809,0.007970970817935309
Kiribati,2007,aus,0.25384902374402835,0.2636588936824422,0.0025675118750517413,0.000159965411770563,138054945.643442,world_bank_wdi,0.7217346074463732,0.12521399301873654,0.18321162550254136,0.03301378287288112,0.0035574182650546025,0.0012775362235004069
Kiribati,2007,china,0.17347386514152405,3.453579809018772e-05,0.006798466673033257,3.348508152829241e-10,138054945.643442,world_bank_wdi,0.7217346074463732,0.12521399301873654,0.12520209196012294,4.3243651809612595e-06,0.009419621288616677,2.674228392611186e-09
Kiribati,2007,us,0.03428274975613974,0.07941596436646103,0.0002433895152867786,0.00036572693498510884,138054945.643442,world_bank_wdi,0.7217346074463732,0.12521399301873654,0.024743046937429763,0.009943990007758282,0.0003372285501840274,0.002920815207373691
Kiribati,2008,aus,0.2980572750607958,0.09287838096650816,0.0018794127328606493,7.882008125346748e-05,147017894.97877,world_bank_wdi,0.6326306060458202,0.2126284082935217,0.188560154558077,0.019748582309787953,0.002970790086505121,0.000370694028545145
Kiribati,2008,china,0.06398912695915901,0.0013779510745635158,0.0006292699927120829,1.4125414278398286e-06,147017894.97877,world_bank_wdi,0.6326306060458202,0.2126284082935217,0.040481480168515695,0.0002929915436907882,0.0009946878742482246,6.643239439058837e-06
Kiribati,2008,us,0.0672285035204491,0.03442875138822773,0.0037819029739554607,4.7636747232076713e-05,147017894.97877,world_bank_wdi,0.6326306060458202,0.2126284082935217,0.04253080892569527,0.0073205306072122375,0.00597805881949623,0.00022403754801341894
Kiribati,2009,aus,0.2589365332930851,0.030292734533256163,0.00215438396339856,5.097241865417365e-05,140177384.145395,world_bank_wdi,0.6358149108243858,0.2740898129483477,0.1646357088249185,0.008302929941914136,0.0033883822582978207,0.000185969767011295
Kiribati,2009,china,0.04769241814850653,0.0008018751526013261,0.00044933834941415123,2.975987045163082e-06,140177384.145395,world_bank_wdi,0.6358149108243858,0.2740898129483477,0.030323550592091995,0.00021978581058442525,0.000706712506681461,1.0857707600113936e-05
Kiribati,2009,us,0.05371022169060552,0.038734559856066934,0.0015059659007125499,0.0007943403636933534,140177384.145395,world_bank_wdi,0.6358149108243858,0.2740898129483477,0.03414975981457034,0.010616748265585965,0.002368560213160057,0.0028981024692189016
Kiribati,2010,aus,0.18517184212970822,0.03536952402355114,0.0016072334723728082,1.477547285956987e-05,165458433.127645,world_bank_wdi,0.7315068003008757,0.1582432608907945,0.13545446174212175,0.005596988817642026,0.0021971545195639164,9.337189322562428e-05
Kiribati,2010,china,0.0806319339986281,0.0002015454337336412,0.0022878258542404282,1.4233463973810927e-07,165458433.127645,world_bank_wdi,0.7315068003008757,0.1582432608907945,0.05898280804140783,3.189320665166092e-05,0.0031275524073042433,8.994673070870049e-07
Kiribati,2010,us,0.055191224870102376,0.04120559536261411,0.0018342718409830744,0.0003397268762720605,165458433.127645,world_bank_wdi,0.7315068003008757,0.1582432608907945,0.040372756309414705,0.0065205077771266565,0.002507525343891022,0.0021468647344578544
Kiribati,2011,aus,0.22020464293960856,0.029219639603587158,0.0025622571863452865,0.00011151776906243175,195970140.170383,world_bank_wdi,0.8484146250823955,0.299857835223822,0.18682483958101076,0.008761737877551901,0.0030200530620231206,0.00037190213482062885
Kiribati,2011,china,0.06653873032102518,0.0015297333626351276,0.0010557587722715956,2.4312555081720148e-05,195970140.170383,world_bank_wdi,0.8484146250823955,0.299857835223822,0.056452431938771204,0.0004587025345894272,0.0012443901142900069,8.108027280185159e-05
Kiribati,2011,us,0.10363243963439744,0.011023415988603204,0.0031813747533138846,5.8651331369826886e-06,195970140.170383,world_bank_wdi,0.8484146250823955,0.299857835223822,0.08792327741879129,0.0033054576551142245,0.0037497877326253294,1.955971279724872e-05
Kiribati,2012,aus,0.16083105599117675,0.004595626493348702,0.0027627922206756848,9.907217666787264e-06,207001545.867109,world_bank_wdi,0.8738986766607688,0.3403977622719581,0.1405500469966434,0.001564340974573624,0.0031614560068136473,2.9104826073656647e-05
Kiribati,2012,china,0.14253645293898906,0.0024575924483795104,0.008015401986356063,0.00030760377102762883,207001545.867109,world_bank_wdi,0.8738986766607688,0.3403977622719581,0.12456241759930249,0.0008365589700048481,0.0091720038036715,0.000903659791928571
Kiribati,2012,us,0.035517748177475356,0.008384615311472655,0.0011294289119428884,3.4535863279508785e-05,207001545.867109,world_bank_wdi,0.8738986766607688,0.3403977622719581,0.031038913130266146,0.0028541042895364886,0.0012924025886599572,0.0001014573745990628
Kiribati,2013,aus,0.17089069770031734,0.007516965345094298,0.0027188415455973868,8.183000925759467e-06,201730860.757856,world_bank_wdi,0.8314910439079549,0.4535902372906352,0.14209408462499562,0.0034096220945868043,0.0032698386416996207,1.804051377877487e-05
Kiribati,2013,china,0.06818374272681602,0.0049859267684874975,0.0011641961037133334,0.0002675867746615069,201730860.757856,world_bank_wdi,0.8314910439079549,0.4535902372906352,0.05669417141747168,0.0022615677060319737,0.0014001306595458755,0.0005899306304735397
Kiribati,2013,us,0.03476076808724189,0.012965663072426064,0.000271805427147203,3.9804373724209844e-05,201730860.757856,world_bank_wdi,0.8314910439079549,0.4535902372906352,0.028903267343903086,0.005881098189652164,0.0003268891819564704,8.775403536453416e-05
Kiribati,2014,aus,0.1392256707495974,0.006239124313880385,0.002362681895665359,9.415003632666818e-06,200287281.98074,world_bank_wdi,1.0147063257842963,0.4416136218200089,0.14127316882117816,0.0027552822852379946,0.0023284391115224127,2.1319549867744223e-05
Kiribati,2014,china,0.06493226889608139,0.03281211291511667,0.001582968766978547,0.00011803779659068633,200287281.98074,world_bank_wdi,1.0147063257842963,0.4416136218200089,0.06588718399638069,0.014490276024011761,0.0015600265089064306,0.00026728749014629736
Kiribati,2014,us,0.028620836800867924,0.036361298308758734,0.00025455284001694995,9.844812780378274e-05,200287281.98074,world_bank_wdi,1.0147063257842963,0.4416136218200089,0.029041744151080667,0.01605764464020871,0.0002508635587939186,0.00022292819546202274
Kiribati,2015,aus,0.13413032632781333,0.00470887938540696,0.0025256936941887506,5.34602936965708e-06,191559398.688293,world_bank_wdi,0.9769852342485849,0.7142311519918207,0.13104334828721784,0.0033632283480297498,0.002585191265588883,7.485012876781244e-06
Kiribati,2015,china,0.18902539634582405,0.035228726636153555,0.010399047893599273,7.196128926370154e-05,191559398.688293,world_bank_wdi,0.9769852342485849,0.7142311519918207,0.1846750211278565,0.025161454008544894,0.0106440174621445,0.00010075350124818643
Kiribati,2015,us,0.028702670549398523,0.02489777454947529,0.0022705253868911357,7.262606643028008e-05,191559398.688293,world_bank_wdi,0.9769852342485849,0.7142311519918207,0.028042085310264073,0.01778276619850437,0.0023240119781722532,0.00010168426037949096
Kiribati,2016,aus,0.1655479563909051,0.003972856424926271,0.0022064152078195135,7.920859242537254e-06,206467818.503227,world_bank_wdi,0.8021013453843008,0.6694247122964578,0.13278623854676655,0.002659528269251403,0.002750793550610966,1.1832337672992067e-05
Kiribati,2016,china,0.09308407984717415,0.06868190393117489,0.0036539060364518083,0.00021919055870652215,206467818.503227,world_bank_wdi,0.8021013453843008,0.6694247122964578,0.07466286567927806,0.04597736377909971,0.004555416915179413,0.0003274312326394258
Kiribati,2016,us,0.027037080882177784,0.02833064886170541,0.00014622348847158757,0.0002703057038253346,206467818.503227,world_bank_wdi,0.8021013453843008,0.6694247122964578,0.02168647895085896,0.018965236463419112,0.00018230051515688374,0.0004037880569094205
Kiribati,2017,aus,0.1538823971459239,0.008088225208406675,0.0006506035512011541,0.00016974144441808182,223029864.54193,world_bank_wdi,0.6963136139591009,0.7175068923108947,0.10715040808136789,0.005803357333594512,0.000934354202127331,0.00023657116919308016
Kiribati,2017,china,0.08711875437024659,0.0027120621083650655,0.0020969827666224915,3.819185307873701e-05,223029864.54193,world_bank_wdi,0.6963136139591009,0.7175068923108947,0.06066197469916161,0.0019459232551271512,0.0030115492855287782,5.32285522104623e-05
Kiribati,2017,us,0.018146400694027565,0.02553459226005061,6.959021626210041e-05,0.00017843342915483854,223029864.54193,world_bank_wdi,0.6963136139591009,0.7175068923108947,0.01263558584760827,0.01832124593893474,9.99409100540549e-05,0.00024868531726594703
Kiribati,2018,aus,0.13430822215262814,0.0029168337493480074,0.0009686420282699377,1.1655188619965896e-06,233859230.192198,world_bank_wdi,0.6074265312652138,0.5142828696611883,0.08158237750256866,0.0015000776309392965,0.0015946653272657437,2.2662992114912135e-06
Kiribati,2018,china,0.09701637990362437,0.0008502467236246081,0.001920085144667513,5.868154424316275e-08,233859230.192198,world_bank_wdi,0.6074265312652138,0.5142828696611883,0.05893032312076675,0.0004372673249456867,0.0031610162642519936,1.1410363382669618e-07
Kiribati,2018,us,0.020907904899055453,0.025647536643364725,0.00020146555075648576,7.616152123468664e-05,233859230.192198,world_bank_wdi,0.6074265312652138,0.5142828696611883,0.012700016148856226,0.013190088744690092,0.00033167064720872737,0.0001480926659775041
Kiribati,2019,aus,0.12060365285421487,0.0013378385409559782,0.0012339899912368868,3.269093470122313e-06,216891541.021351,world_bank_wdi,0.45837901529877156,0.5695156501647073,0.055282183636749894,0.0007619199864679473,0.0026920734807909384,5.740129299654666e-06
Kiribati,2019,china,0.202244307955023,0.007615739844409865,0.005996192779582255,4.381739353636875e-06,216891541.021351,world_bank_wdi,0.45837901529877156,0.5695156501647073,0.09270454673020495,0.004337283028974351,0.013081298618511004,7.693799726784768e-06
Kiribati,2019,us,0.013653490816515887,0.023461217914277705,3.290974580234389e-05,6.433654141229606e-05,216891541.021351,world_bank_wdi,0.45837901529877156,0.5695156501647073,0.006258473675865373,0.013361530774105745,7.179592586910488e-05,0.00011296711757383587
Kiribati,2020,aus,0.10618201882144611,0.011050880632908025,0.001057937794429993,4.918486134468869e-05,220909306.750809,world_bank_wdi,0.788276562727307,0.5022352594911381,0.08370079682001576,0.0055501419022741545,0.0013420896224158976,9.79319161990389e-05
Kiribati,2020,china,0.1097198584230178,0.003460985928391983,0.004012330890770177,9.575521169605845e-06,220909306.750809,world_bank_wdi,0.788276562727307,0.5022352594911381,0.08648959286062323,0.0017382291658411251,0.005090004042347997,1.9065808281377354e-05
Kiribati,2020,us,0.010633560423634803,0.01907115541945911,5.5045905496723845e-05,4.346550415597219e-05,220909306.750809,world_bank_wdi,0.788276562727307,0.5022352594911381,0.008382186460295968,0.00957820669088787,6.983070168453834e-05,8.654411121993145e-05
Kiribati,2021,aus,0.11451721073199776,0.007463179765917286,0.000991255040713956,2.924202466403164e-05,285451584.406531,world_bank_wdi,0.7862235078029057,0.3781585105734318,0.09003612312551584,0.002822264944421054,0.0012607802118306142,7.732742711433264e-05
Kiribati,2021,china,0.1420925463799544,5.6509764618673124e-06,0.007969119639046092,8.079837670758423e-08,285451584.406531,world_bank_wdi,0.7862235078029057,0.3781585105734318,0.11171650024749481,2.1369648421052644e-06,0.010135946788611959,2.1366272197619781e-07
Kiribati,2021,us,0.014286619059039789,0.010906958932945939,6.042233923126493e-05,8.505231262076536e-05,285451584.406531,world_bank_wdi,0.7862235078029057,0.3781585105734318,0.01123247575124211,0.0041245593449684235,7.68513515960806e-05,0.00022491180349688226
Kiribati,2022,aus,0.08855657064031947,0.00013121200174159717,0.0008765913020100884,1.6107608248259383e-07,271214374.500577,world_bank_wdi,0.703482937994476,0.46632746229949895,0.06229803649276729,6.118775979539645e-05,0.0012460732942708153,3.454141038323466e-07
Kiribati,2022,china,0.22332100603326555,2.751538210670432e-06,0.012320725418726104,4.0281751100201694e-08,271214374.500577,world_bank_wdi,0.703482937994476,0.46632746229949895,0.15710251744016376,1.2831178312020466e-06,0.017513893732590925,8.638082540017926e-08
Kiribati,2022,us,0.03507329357733419,0.010258224665957133,0.0009471701172311793,4.869567183985092e-05,271214374.500577,world_bank_wdi,0.703482937994476,0.46632746229949895,0.024673463610925844,0.004783691876173915,0.0013464009801451883,0.00010442377036884889
Kiribati,2023,aus,0.19033416608684195,0.0028635204587679998,0.0010121396431763566,1.1505773217491432e-05,291657337.839517,world_bank_wdi,0.5695450017835735,0.31025181355042797,0.10840387296340537,0.0008884124154715254,0.0017771021429505384,3.708527304263863e-05
Kiribati,2023,china,0.2271934704961886,0.00026758475434618845,0.008969462844595929,1.525937836558666e-06,291657337.839517,world_bank_wdi,0.5695450017835735,0.31025181355042797,0.129396905558968,8.301865531435073e-05,0.015748470825847606,4.918384905139779e-06
Kiribati,2023,us,0.006679620619052405,0.004456883623054916,1.9071522326443122e-05,5.7449830808865875e-05,291657337.839517,world_bank_wdi,0.5695450017835735,0.31025181355042797,0.003804344537391796,0.0013827562268359896,3.348554068022579e-05,0.00018517161963189636
Kiribati,2024,aus,0.11356696373719025,0.00010649160248031365,0.00021783272242705093,6.42804675958679e-08,343153235.077124,world_bank_wdi,0.5446240859655495,0.3187756833340497,0.06185130382124994,3.3946933349999966e-05,0.0003999689474637559,2.0164796424734647e-07
Kiribati,2024,china,0.28779148698853985,1.215845405604062e-06,0.014806968548388859,6.516072520879352e-09,343153235.077124,world_bank_wdi,0.5446240859655495,0.3187756833340497,0.15673817554979982,3.8758194999999964e-07,0.02718750222392016,2.0440933426063944e-08
Kiribati,2024,us,0.015169042359930761,0.008154647710302106,0.000249535590863909,3.8769805457714104e-05,343153235.077124,world_bank_wdi,0.5446240859655495,0.3187756833340497,0.008261425830249991,0.0025995033961999977,0.00045817949902365055,0.00012162096259107272
Marshall Islands,2002,aus,0.0017179661088738626,0.00027466375180488806,5.8868862137372e-05,1.0777692577276822e-06,131960000.0,world_bank_wdi,10.830752493179752,1.6291517429524098,0.018606865716883903,0.0004474689299787815,5.435343682208821e-06,6.615524074967433e-07
Marshall Islands,2002,china,0.01657845040513775,4.9255088535800695e-05,0.00024351793147486418,1.82715331488969e-07,131960000.0,world_bank_wdi,10.830752493179752,1.6291517429524098,0.17955709305850256,8.024401333737496e-05,2.2483934669194056e-05,1.1215366050423605e-07
Marshall Islands,2002,us,0.017811387587878074,0.02425323071330932,0.02801479978089935,0.0005700158343186533,131960000.0,world_bank_wdi,10.830752493179752,1.6291517429524098,0.19291073052440133,0.0395121930888148,0.002586597727031486,0.0003498850471016587
Marshall Islands,2003,aus,0.0053945628113202275,0.0005062599858910974,0.00044299961471059234,2.207396473686929e-06,131128500.0,world_bank_wdi,12.148101030668391,1.2670160033859916,0.06553369404820462,0.0006414395039979867,3.646657313700481e-05,1.7422009412571356e-06
Marshall Islands,2003,china,0.06290537330279737,0.0003495866918778855,0.00394786516396088,1.6254381719402056e-08,131128500.0,world_bank_wdi,12.148101030668391,1.2670160033859916,0.7641808302542926,0.00044293193318004857,0.0003249779660207244,1.2828868519390137e-08
Marshall Islands,2003,us,0.015598940119526974,0.03503764384359905,0.02269460430780212,0.0014407063640012867,131128500.0,world_bank_wdi,12.148101030668391,1.2670160033859916,0.18949750054336015,0.044393255470778666,0.0018681606491836576,0.0011370861616199974
Marshall Islands,2004,aus,0.0008228660912366563,0.0005957176483930939,1.4060915055039078e-05,4.14581898836663e-06,132900000.0,world_bank_wdi,10.443859285176824,4.874279811888638,0.008593897667419113,0.0029036945071482315,1.3463332539338224e-06,8.505500603914343e-07
Marshall Islands,2004,china,0.07534419120739669,2.8033699044103504e-06,0.005914356846128805,8.591710699914e-09,132900000.0,world_bank_wdi,10.443859285176824,4.874279811888638,0.7868841309255079,1.3664409330323551e-05,0.0005662999361283207,1.7626625945761962e-09
Marshall Islands,2004,us,0.011393189103596714,0.01525084170293749,0.007302269313445873,0.0024978008008938353,132900000.0,world_bank_wdi,10.443859285176824,4.874279811888638,0.11898886380737396,0.07433686982693755,0.0006991926177912152,0.0005124450990280782
Marshall Islands,2005,aus,0.0007777558689362778,6.0314174884768856e-05,4.8663632973214145e-05,1.0280043102533953e-07,138000000.0,world_bank_wdi,17.35176206521739,4.184129507246377,0.013495434782608694,0.0002523623188405797,2.804535515776995e-06,2.456913220475187e-08
Marshall Islands,2005,china,0.1173388006141873,1.2123104123166084e-07,0.022748529991375083,8.250258585069663e-12,138000000.0,world_bank_wdi,17.35176206521739,4.184129507246377,2.036034949275362,5.072463768115942e-07,0.0013110213190956454,1.9717980934340752e-12
Marshall Islands,2005,us,0.007456366316954658,0.025075600023686466,0.008359734245936213,0.0038257120503235867,138000000.0,world_bank_wdi,17.35176206521739,4.184129507246377,0.12938109420289853,0.10491955797101449,0.00048178013359771596,0.0009143388233318168
Marshall Islands,2006,aus,0.0006686984138458053,0.00036844755606116173,3.814977491871962e-05,1.8377936632900783e-05,143200000.0,world_bank_wdi,18.029010418994414,7.709608994413408,0.012055970670391061,0.002840586592178771,2.116021569244146e-06,2.3837702594538756e-06
Marshall Islands,2006,china,0.17707968082657496,0.00018293213009280932,0.04204103404033127,9.423832821650374e-07,143200000.0,world_bank_wdi,18.029010418994414,7.709608994413408,3.1925714106145255,0.0014103351955307263,0.0023318547753480167,1.222348997008686e-07
Marshall Islands,2006,us,0.005883573060019145,0.009245377717385417,0.007121647509717955,0.0035677234403488564,143200000.0,world_bank_wdi,18.029010418994414,7.709608994413408,0.106075,0.07127824720670392,0.0003950104495039264,0.0004627632144424089
Marshall Islands,2007,aus,0.0005692924048638461,0.0007663927589258444,4.665853447147791e-05,1.815116818637323e-05,150500000.0,world_bank_wdi,32.96686766777409,3.734577069767442,0.018767787375415283,0.0028621528239202655,1.4153159754721786e-06,4.860300871365746e-06
Marshall Islands,2007,china,0.1042576569110125,6.27235274035104e-05,0.03182798268323653,1.8273048384454847e-08,150500000.0,world_bank_wdi,32.96686766777409,3.734577069767442,3.437048378737542,0.00023424584717607973,0.0009654536489176116,4.892936480647523e-09
Marshall Islands,2007,us,0.004133581144700943,0.02022225987816338,0.007344554156022849,0.002416790187109051,150500000.0,world_bank_wdi,32.96686766777409,3.734577069767442,0.13627122259136212,0.07552158803986711,0.00022278592646526527,0.0006471389241565575
Marshall Islands,2008,aus,0.000790458331386471,0.0005275591024401297,9.72400069335023e-05,3.8838239327728455e-05,146600000.0,world_bank_wdi,58.40004680081855,11.107191282401091,0.046162803547066845,0.005859699863574352,1.6650672775169653e-06,3.496675112570189e-06
Marshall Islands,2008,china,0.05337160849312664,8.597849013962011e-07,0.03571221159472631,1.4453640320270529e-09,146600000.0,world_bank_wdi,58.40004680081855,11.107191282401091,3.1169044338335605,9.549795361527968e-06,0.0006115099824581949,1.3012867027123008e-10
Marshall Islands,2008,us,0.0025605890401379436,0.00907733508603679,0.009860914787638139,0.003470563055470734,146600000.0,world_bank_wdi,58.40004680081855,11.107191282401091,0.14953851978171895,0.10082369713506138,0.00016885114529565626,0.00031246090638321005
Marshall Islands,2009,aus,0.00025582109660639307,0.0011600054786395275,9.69362557536076e-05,1.5460996979602567e-05,151200000.0,world_bank_wdi,83.56208587962963,4.375965694444444,0.02137694444444445,0.00507614417989418,1.160050694441057e-06,3.533162291292925e-06
Marshall Islands,2009,china,0.1072278126477179,0.01793947030101729,0.13773378402523329,0.0006129100841284526,151200000.0,world_bank_wdi,83.56208587962963,4.375965694444444,8.96017968915344,0.0785025066137566,0.0016482808270683604,0.000140062817427152
Marshall Islands,2009,us,0.002305913846825636,0.020935543671144287,0.00851005309285079,0.0032352911968578243,151200000.0,world_bank_wdi,83.56208587962963,4.375965694444444,0.19268697089947093,0.0916132208994709,0.00010184108023714771,0.000739331937854363
Marshall Islands,2010,aus,0.00017768725730457562,0.0006932291451845375,7.027518153476091e-05,9.130930374510411e-06,161100000.0,world_bank_wdi,60.40834237740534,4.51985625698324,0.010733792675356922,0.003133296089385475,1.1633357044580334e-06,2.0201815844039287e-06
Marshall Islands,2010,china,0.19996629164791888,0.007197499591439988,0.3760631723225616,0.00011756963311778381,161100000.0,world_bank_wdi,60.40834237740534,4.51985625698324,12.079632209807574,0.03253166356300434,0.006225351624003861,2.6011807994145192e-05
Marshall Islands,2010,us,0.008415215582451714,0.01998733794595894,0.025684372845287542,0.0040517524440103585,161100000.0,world_bank_wdi,60.40834237740534,4.51985625698324,0.5083492240844196,0.09033989447548106,0.00042517923575559525,0.0008964339159570275
Marshall Islands,2011,aus,9.953900725666375e-05,0.0011986534380255618,7.113405742355996e-06,1.094694420218171e-05,172300000.0,world_bank_wdi,70.89233376088218,2.9545874521183983,0.00705655252466628,0.0035415264074289033,1.0034097292309929e-07,3.7050669102154694e-06
Marshall Islands,2011,china,0.17929284308794768,0.03249337409570226,0.38453176600751754,0.0006345273056154558,172300000.0,world_bank_wdi,70.89233376088218,2.9545874521183983,12.710488073128266,0.0960045153801509,0.005424165711690804,0.00021476003533437755
Marshall Islands,2011,us,0.010653552836826188,0.030434351084695273,0.03309578308940845,0.004878246691341045,172300000.0,world_bank_wdi,70.89233376088218,2.9545874521183983,0.7552552234474753,0.08992095182820663,0.00046684572694474384,0.0016510754108305069
Marshall Islands,2012,aus,0.00022916506610613349,0.0007668232324249272,9.737629256869645e-06,1.0196291383240231e-05,180700000.0,world_bank_wdi,48.21272290536801,5.554759374654123,0.011048671831765356,0.0042595185390149415,2.0197219053532147e-07,1.8355955128794615e-06
Marshall Islands,2012,china,0.20929597857980395,0.023293795294041703,0.29504568944996107,0.0011732502121100264,180700000.0,world_bank_wdi,48.21272290536801,5.554759374654123,10.090729020475926,0.12939142778085225,0.006119664513225629,0.00021121530798678045
Marshall Islands,2012,us,0.014529724049517915,0.020201341591912798,0.015440110319170183,0.0038394753227998465,180700000.0,world_bank_wdi,48.21272290536801,5.554759374654123,0.7005175594908688,0.11221359158826785,0.0003202497056529259,0.0006912046164085944
Marshall Islands,2013,aus,0.00024177623994238023,0.00042841069869965656,3.9754505230945296e-05,8.589904638139283e-06,186400000.0,world_bank_wdi,57.387861861587986,4.52482107832618,0.013875021459227468,0.0019384817596566524,6.927336886470515e-07,1.8983965309224682e-06
Marshall Islands,2013,china,0.1330240663430598,0.09218844708332188,0.14124159993659827,0.011720410798219857,186400000.0,world_bank_wdi,57.387861861587986,4.52482107832618,7.633966743562231,0.41713622854077254,0.00246117550567147,0.0025902484529963924
Marshall Islands,2013,us,0.0053991877015760765,0.021995349592042593,0.008377490355444535,0.0032221912393050316,186400000.0,world_bank_wdi,57.387861861587986,4.52482107832618,0.3098478379828326,0.09952502145922748,0.00014598017914746407,0.0007121146192363882
Marshall Islands,2014,aus,0.0001395626662088922,0.0005939478881696051,1.186468647148891e-05,7.736441020909848e-06,186000000.0,world_bank_wdi,69.02398975806452,4.586541548387097,0.009633172043010752,0.002724166666666667,1.7189221476584788e-07,1.6867700726771884e-06
Marshall Islands,2014,china,0.09642705005003172,0.05078961456291039,0.12882426312601833,0.004915653733388203,186000000.0,world_bank_wdi,69.02398975806452,4.586541548387097,6.655779715053764,0.23294867741935488,0.0018663694112374452,0.001071756067513842
Marshall Islands,2014,us,0.00292442425908802,0.018880499093884697,0.009014136395206906,0.002951190897537906,186000000.0,world_bank_wdi,69.02398975806452,4.586541548387097,0.20185543010752688,0.0865961935483871,0.00013059425319808795,0.0006434458003712453
Marshall Islands,2015,aus,0.0001505394792461845,0.0006024891021460107,2.347656606421296e-05,4.85485315201024e-06,183700000.0,world_bank_wdi,80.21070338595536,3.270084921066957,0.012074877517691887,0.0019701905280348395,2.9268620113264874e-07,1.4846260171207443e-06
Marshall Islands,2015,china,0.23096210477738977,0.04156862676552226,0.6991066495263615,0.002744176378611829,183700000.0,world_bank_wdi,80.21070338595536,3.270084921066957,18.525632879695152,0.13593293957539465,0.008715877308324077,0.0008391758761165334
Marshall Islands,2015,us,0.0030097434154393306,0.021432066075970185,0.009077893716702829,0.002101921124824914,183700000.0,world_bank_wdi,80.21070338595536,3.270084921066957,0.24141363636363636,0.07008467610234077,0.00011317559045732468,0.0006427726421670735
Marshall Islands,2016,aus,0.0001910318343792534,0.0007846833214458457,1.030905582530307e-05,1.2412661953958072e-05,201800000.0,world_bank_wdi,76.83192674430128,2.964955386521308,0.014677343904856291,0.0023265510406342916,1.3417671874365309e-07,4.1864582551177845e-06
Marshall Islands,2016,china,0.25481173234116083,0.03356764701084178,0.806854441548035,0.0016877174352072735,201800000.0,world_bank_wdi,76.83192674430128,2.964955386521308,19.577676352824575,0.09952657581764121,0.010501551578073373,0.0005692218651517117
Marshall Islands,2016,us,0.015797219258909784,0.018278950767533615,0.06677997219003656,0.0016507962819901627,201800000.0,world_bank_wdi,76.83192674430128,2.964955386521308,1.213730792864222,0.05419627353815659,0.0008691695629641321,0.0005567693495472766
Marshall Islands,2017,aus,0.0001514361846109475,0.00023099046106491152,2.6713390545065026e-06,8.840508985009164e-07,213700000.0,world_bank_wdi,62.94303497894244,3.007333790360318,0.009531853065044454,0.0006946654188114179,4.24405822725294e-08,2.9396500692229296e-07
Marshall Islands,2017,china,0.23019960303366685,0.028426610411695318,0.3980442796430532,0.0015194944263320844,213700000.0,world_bank_wdi,62.94303497894244,3.007333790360318,14.489461665886758,0.08548830603649976,0.006323881264642207,0.0005052629778585466
Marshall Islands,2017,us,0.03656896409755326,0.015216112675892759,0.12651344867988817,0.0012282662168865413,213700000.0,world_bank_wdi,62.94303497894244,3.007333790360318,2.301761586335985,0.04575992980814225,0.0020099674050069747,0.0004084236411746562
Marshall Islands,2018,aus,0.00025725313039888395,0.0018332945074577987,3.4653610682787748e-06,7.349766048790194e-05,220000000.0,world_bank_wdi,43.87194603636364,3.5568282181818183,0.011286195454545456,0.006520713636363636,7.898808649624251e-08,2.0663820679389604e-05
Marshall Islands,2018,china,0.2243553475344272,0.042377153266767525,0.25363631114650764,0.005606821560903879,220000000.0,world_bank_wdi,43.87194603636364,3.5568282181818183,9.842905700000001,0.15072825454545455,0.005781286996849399,0.0015763543294677236
Marshall Islands,2018,us,0.026731047795135375,0.015315794482716654,0.05018431637211809,0.002951751616606355,220000000.0,world_bank_wdi,43.87194603636364,3.5568282181818183,1.1727430863636363,0.05447565,0.0011438817035953315,0.0008298830968326137
Marshall Islands,2019,aus,0.0003997772792808103,4.624175881451924e-05,7.633085768411695e-06,2.9874944461124856e-07,232900000.0,world_bank_wdi,39.03630182052383,5.363192086732504,0.01560582653499356,0.0002480034349506226,1.9553813789805528e-07,5.570366300142348e-08
Marshall Islands,2019,china,0.2621463063487786,0.035775107231344284,0.6459640278656213,0.010119315694799317,232900000.0,world_bank_wdi,39.03630182052383,5.363192086732504,10.233222335766424,0.19186877200515243,0.016547777267312692,0.0018868083654569338
Marshall Islands,2019,us,0.00971270711908891,0.00775880992228729,0.008552728804002853,0.001019760715623365,232900000.0,world_bank_wdi,39.03630182052383,5.363192086732504,0.3791481665951052,0.04161198797767283,0.00021909679977692319,0.0001901406287770403
Marshall Islands,2020,aus,0.00032329025065539954,0.0003450812480937242,8.568384016100818e-06,1.831225523100586e-06,241800000.0,world_bank_wdi,49.74824444168735,3.430833945409429,0.01608312241521919,0.0011839164598842018,1.7223490220130865e-07,5.337552187714673e-07
Marshall Islands,2020,china,0.2730532051030377,0.009256513277014612,1.0555648808170832,0.0003234531921158171,241800000.0,world_bank_wdi,49.74824444168735,3.430833945409429,13.583917593052112,0.0317575599669148,0.021218133276127336,9.427830004673013e-05
Marshall Islands,2020,us,0.010720693281957681,0.03794455644387478,0.007368672854363327,0.010821896257711032,241800000.0,world_bank_wdi,49.74824444168735,3.430833945409429,0.5333356699751861,0.1301814722911497,0.00014811925399700393,0.0031543048803603837
Marshall Islands,2021,aus,0.00018479034459157855,6.2201025915971e-05,6.814923860794874e-06,1.8189751730719767e-07,261245500.0,world_bank_wdi,40.91334171497691,6.4220727285254675,0.007560390513903588,0.0003994595122212632,1.665697196838892e-07,2.8323802142452852e-08
Marshall Islands,2021,china,0.2981434924905442,0.0016385506281563038,0.682389624381879,3.414429375527137e-05,261245500.0,world_bank_wdi,40.91334171497691,6.4220727285254675,12.198046588362288,0.010522891303390873,0.016678902181487675,5.316709292875142e-06
Marshall Islands,2021,us,0.018795702588704347,0.009617805543836053,0.010572234772547522,0.0016367589290415584,261245500.0,world_bank_wdi,40.91334171497691,6.4220727285254675,0.768995002784737,0.061766246691330566,0.00025840555499472695,0.00025486458939828364
Marshall Islands,2022,aus,0.00028888262065421543,3.4755828200860155e-05,1.1954335865609592e-05,1.606825700374299e-08,258723500.0,world_bank_wdi,41.047636268062234,4.594340865827805,0.011857948736778838,0.0001596801218289023,2.912307979816819e-07,3.497402015435314e-09
Marshall Islands,2022,china,0.3265381735989102,0.00014719551320387526,0.6593147941066524,9.114167540459216e-07,258723500.0,world_bank_wdi,41.047636268062234,4.594340865827805,13.403620177525427,0.0006762663615790603,0.016062186621441165,1.9837813097955745e-07
Marshall Islands,2022,us,0.019961284284381802,0.01481130138994398,0.008906230990365136,0.0026665391097826156,258723500.0,world_bank_wdi,41.047636268062234,4.594340865827805,0.8193635367486911,0.0680481672519118,0.00021697305375156938,0.0005803964459006592
Marshall Islands,2023,aus,0.0003634050206243508,0.00010283579023988616,9.149628271824155e-06,5.41262231061942e-07,264000000.0,world_bank_wdi,52.31217648863636,4.265847689393939,0.019010507575757573,0.00043868181818181815,1.7490436999522864e-07,1.2688269025817953e-07
Marshall Islands,2023,china,0.25394486417356466,0.0009204749786000738,0.5583543901596674,5.7435875226784164e-06,264000000.0,world_bank_wdi,52.31217648863636,4.265847689393939,13.284408553030303,0.00392660606060606,0.010673507157190397,1.3464117664019138e-06
Marshall Islands,2023,us,0.0032821252899224965,0.01527252758628323,0.004129153139155615,0.002176612088167735,264000000.0,world_bank_wdi,52.31217648863636,4.265847689393939,0.17169511742424243,0.06515027651515151,7.893292568418712e-05,0.0005102413978772347
Marshall Islands,2024,aus,0.0002818222069743332,0.0001833354759725046,4.367998243002587e-06,1.7316123070186698e-06,285000000.0,world_bank_wdi,44.82007065263158,3.7502528210526314,0.012631291228070175,0.0006875543859649123,9.745629980942753e-08,4.6173215237596597e-07
Marshall Islands,2024,china,0.4156712623627814,0.0072498354342527445,1.3453708487058478,0.0002537650594905138,285000000.0,world_bank_wdi,44.82007065263158,3.7502528210526314,18.63041534736842,0.027188715789473683,0.030017151448351303,6.766612055218355e-05
Marshall Islands,2024,us,0.004657277391911696,0.019698446454399228,0.005548181064742416,0.0025079098169658626,285000000.0,world_bank_wdi,44.82007065263158,3.7502528210526314,0.20873950175438596,0.07387415438596491,0.00012378786967433438,0.0006687308660598342
Micronesia,2002,aus,0.07273264957946243,0.005843258471455083,0.0001794058882376017,4.274099057190771e-07,237654300.0,world_bank_wdi,0.3775428595232655,0.3385254506230268,0.02745969250293388,0.001978091707156151,0.00047519343489675,1.2625635825385245e-06
Micronesia,2002,china,0.014510009308029438,0.0,0.00037996716294625836,0.0,237654300.0,world_bank_wdi,0.3775428595232655,0.3385254506230268,0.005478150405862633,0.0,0.0010064212667829399,0.0
Micronesia,2002,us,0.25772367167099747,0.24639859611247344,0.010466029974166222,0.023079463906251218,237654300.0,world_bank_wdi,0.3775428595232655,0.3385254506230268,0.09730173196950359,0.08341219578185625,0.02772143535539776,0.06817645132374969
Micronesia,2003,aus,0.08034880645810241,0.002316739171583685,0.00017793790327490756,8.520788206758022e-07,240949900.0,world_bank_wdi,0.5225379508354226,0.38205857317226527,0.04198530067868881,0.0008851300623075586,0.0003405262775467776,2.2302308612025593e-06
Micronesia,2003,china,0.03491867434159948,0.0,0.0008616616832800355,0.0,240949900.0,world_bank_wdi,0.5225379508354226,0.38205857317226527,0.018246332536348844,0.0,0.0016489934977974882,0.0
Micronesia,2003,us,0.35685631506374543,0.20127908830373797,0.013042930872429253,0.020053073870041228,240949900.0,world_bank_wdi,0.5225379508354226,0.38205857317226527,0.1864709676160895,0.07690040128674051,0.024960734146824152,0.052486909804271176
Micronesia,2004,aus,0.06186896200821448,0.0003704630697659303,0.0003359461594026506,1.5803936956175758e-06,235538100.0,world_bank_wdi,0.6772560999685401,0.3229382507543366,0.04190113191878511,0.00011963669571929129,0.0004960400643394072,4.893795305839451e-06
Micronesia,2004,china,0.056702656911502704,0.0,0.0012957915190743943,0.0,235538100.0,world_bank_wdi,0.6772560999685401,0.3229382507543366,0.03840222027773851,0.0,0.0019132961949469137,0.0
Micronesia,2004,us,0.3394840565531706,0.19833859690901884,0.01402190579278839,0.015598713966394654,235538100.0,world_bank_wdi,0.6772560999685401,0.3229382507543366,0.22991764814269963,0.064051119542868,0.0207039933541237,0.048302466276318574
Micronesia,2005,aus,0.043711626548412555,0.00036257775529288677,9.851987134331022e-05,1.9462715874534866e-07,247000000.0,world_bank_wdi,0.5647948421052632,0.2125803967611336,0.0246881012145749,7.707692307692308e-05,0.00017443479295256852,9.155461261277156e-07
Micronesia,2005,china,0.03465402929512021,0.0003705766342309586,0.00011599177313165994,2.343144229775813e-07,247000000.0,world_bank_wdi,0.5647948421052632,0.2125803967611336,0.019572417004048583,7.877732793522267e-05,0.00020536974576343964,1.1022390895284158e-06
Micronesia,2005,us,0.3703449095908323,0.031126399465766303,0.013341826621563977,0.0013719752569751624,247000000.0,world_bank_wdi,0.5647948421052632,0.2125803967611336,0.2091688947368421,0.006616862348178138,0.02362242999924104,0.006453912392104457
Micronesia,2006,aus,0.05867713896574391,6.587069156783438e-05,0.0007685069715710298,1.4081878554075109e-08,250000000.0,world_bank_wdi,0.632595124,0.147258208,0.037118872,9.7e-06,0.0012148480796241954,9.562712153929721e-08
Micronesia,2006,china,0.03912773124694524,0.0019711498865991905,0.0002611802043423319,6.498026816365524e-06,250000000.0,world_bank_wdi,0.632595124,0.147258208,0.024752011999999997,0.000290268,0.00041287103620218853,4.4126754661889705e-05
Micronesia,2006,us,0.3869279460332989,0.04535149578894781,0.01546027071329667,0.00021038353702335216,250000000.0,world_bank_wdi,0.632595124,0.147258208,0.244768732,0.00667838,0.02443944021499709,0.0014286710389912673
Micronesia,2007,aus,0.04583978605744223,7.032642628705202e-05,0.00045163910576616166,1.1125367614112486e-07,253000000.0,world_bank_wdi,0.7019356719367589,0.1260075415019763,0.03217658102766798,8.861660079051383e-06,0.0006434195095399742,8.829128385095901e-07
Micronesia,2007,china,0.07619133933565132,0.010058059138690111,0.0018152425818657699,5.3390134970386323e-05,253000000.0,world_bank_wdi,0.7019356719367589,0.1260075415019763,0.053481418972332016,0.0012673913043478261,0.0025860526176953074,0.00042370586977565116
Micronesia,2007,us,0.4017919786744419,0.2617834405293767,0.017598260201321228,0.001560514389646011,253000000.0,world_bank_wdi,0.7019356719367589,0.1260075415019763,0.28203212252964427,0.03298668774703557,0.02507104412112959,0.012384293598979043
Micronesia,2008,aus,0.035388397614628433,0.0003432441701314922,0.0003050121382425624,1.8319140803195134e-07,261000000.0,world_bank_wdi,0.7091782528735632,0.12965090038314175,0.025096681992337163,4.450191570881226e-05,0.0004300923456220842,1.4129590113958928e-06
Micronesia,2008,china,0.04438883135823425,0.0003018125449464425,0.00042784248446267235,1.09028062442042e-07,261000000.0,world_bank_wdi,0.7091782528735632,0.12965090038314175,0.0314795938697318,3.913026819923371e-05,0.0006032932943573368,8.40935636542781e-07
Micronesia,2008,us,0.4055224479658406,0.1641990272433622,0.017711651676919727,0.0007557836601275739,261000000.0,world_bank_wdi,0.7091782528735632,0.12965090038314175,0.2875877011494253,0.02128855172413793,0.02497489397785788,0.005829374558094831
Micronesia,2009,aus,0.02377648654168163,0.0011689655544723737,4.7266407800128455e-05,7.989013514835204e-07,277000000.0,world_bank_wdi,0.7670917761732852,0.2073047653429603,0.018238747292418773,0.0002423321299638989,6.161766983857095e-05,3.853752952383107e-06
Micronesia,2009,china,0.04356276998038002,0.06902852529507995,0.0011604536073907634,5.077215533257835e-05,277000000.0,world_bank_wdi,0.7670917761732852,0.2073047653429603,0.03341664259927798,0.01430994223826715,0.0015127963086500593,0.00024491552448677216
Micronesia,2009,us,0.38968709903825327,0.10185157902472546,0.015216077237057994,0.00048328285399542594,277000000.0,world_bank_wdi,0.7670917761732852,0.2073047653429603,0.2989257689530686,0.021114317689530687,0.019836058356621854,0.002331267461198462
Micronesia,2010,aus,0.03292643825779325,6.493207006451029e-05,0.00011097423339651571,2.7962137781401827e-08,292000000.0,world_bank_wdi,0.6129013219178082,0.2171922089041096,0.020180657534246575,1.4102739726027399e-05,0.00018106378535662167,1.2874374233998015e-07
Micronesia,2010,china,0.03896024827702214,0.045118201832620164,0.0003948399837356275,4.35131320948142e-05,292000000.0,world_bank_wdi,0.6129013219178082,0.2171922089041096,0.023878787671232877,0.009799321917808218,0.0006442146061949212,0.0002003438903926119
Micronesia,2010,us,0.38468805113804494,0.09922812356487787,0.013792117679718482,0.001100130583116502,292000000.0,world_bank_wdi,0.6129013219178082,0.2171922089041096,0.23577581506849316,0.021551575342465754,0.022502998747925763,0.005065239626538399
Micronesia,2011,aus,0.0415919785053823,0.0013870906958983352,0.0002304330558476334,6.057353929172657e-07,308000000.0,world_bank_wdi,0.6946867435064935,0.18979741883116882,0.028893396103896105,0.00026326623376623376,0.0003317078640143641,3.191483828639881e-06
Micronesia,2011,china,0.028153337000905627,0.027633068443361646,0.0003451843275498572,1.6312008462513556e-05,308000000.0,world_bank_wdi,0.6946867435064935,0.18979741883116882,0.01955775,0.005244685064935065,0.0004968920607402243,8.594431137666649e-05
Micronesia,2011,us,0.3372195597252218,0.04304321054548848,0.013584838028993636,0.0002534120280024416,308000000.0,world_bank_wdi,0.6946867435064935,0.18979741883116882,0.23426195779220782,0.00816949025974026,0.019555343694084258,0.001335171097494535
Micronesia,2012,aus,0.051257072620249644,4.9829814436583184e-05,0.0005016392866029616,5.1730561119213095e-08,324000000.0,world_bank_wdi,0.7377426944444444,0.2699930524691358,0.03781453086419753,1.3453703703703703e-05,0.0006799651021698291,1.9159960097538681e-07
Micronesia,2012,china,0.02752589895788761,0.12489191965833506,0.00030372587887995083,0.0002736483340833801,324000000.0,world_bank_wdi,0.7377426944444444,0.2699930524691358,0.02030703086419753,0.03371995061728395,0.00041169622033149504,0.0010135384284181244
Micronesia,2012,us,0.31570492644703363,0.017096050333896908,0.012132759778916887,0.00026675994799020113,324000000.0,world_bank_wdi,0.7377426944444444,0.2699930524691358,0.23290900308641974,0.004615814814814815,0.01644578776622578,0.0009880252308369889
Micronesia,2013,aus,0.06453311526624982,0.0007977568991243563,0.0004184757034015181,1.0725539615228155e-06,314000000.0,world_bank_wdi,0.6981626114649682,0.13741555095541402,0.045054608280254774,0.00010962420382165607,0.0005993957518341213,7.805186196654099e-06
Micronesia,2013,china,0.04071489559538125,0.23135647665759188,0.000736248490503072,0.0005950198262125486,314000000.0,world_bank_wdi,0.6981626114649682,0.13741555095541402,0.028425617834394904,0.03179197770700637,0.0010545515878574298,0.004330076341982642
Micronesia,2013,us,0.30721201045182017,0.03879575557731659,0.01025253728896146,0.00021544129440330864,314000000.0,world_bank_wdi,0.6981626114649682,0.13741555095541402,0.21448393949044586,0.005331140127388536,0.014685027700707665,0.0015678086861741793
Micronesia,2014,aus,0.0156460428056661,0.0022598641345504874,1.7164416341943326e-05,3.1564992796526853e-06,316000000.0,world_bank_wdi,0.43548682911392406,0.11334976265822785,0.006813645569620253,0.00025615506329113925,3.9414317941296655e-05,2.7847427340189148e-05
Micronesia,2014,china,0.06787898031010516,0.1519453411328356,0.0013216763978761896,0.00023308295973678732,316000000.0,world_bank_wdi,0.43548682911392406,0.11334976265822785,0.02956040189873418,0.01722296835443038,0.00303494000166521,0.002056316257490357
Micronesia,2014,us,0.2562468100046741,0.010677352012680589,0.008348938653981312,0.00018875680821632087,316000000.0,world_bank_wdi,0.43548682911392406,0.11334976265822785,0.11159211075949367,0.001210275316455696,0.01917150668131278,0.0016652598451878573
Micronesia,2015,aus,0.012032720687123454,0.0009488602038497565,1.8976515635859632e-05,1.064663484458433e-06,312000000.0,world_bank_wdi,0.5186101987179487,0.07517791666666666,0.0062402916666666666,7.133333333333334e-05,3.659109613110443e-05,1.4161917909737672e-05
Micronesia,2015,china,0.07484896362122478,0.05730683323449373,0.002879241542507652,1.906499787900923e-05,312000000.0,world_bank_wdi,0.5186101987179487,0.07517791666666666,0.038817435897435894,0.004308208333333333,0.005551841343701681,0.00025359838000754963
Micronesia,2015,us,0.2092182556804218,0.026454295813648904,0.00820649377614502,0.00019025648658815256,312000000.0,world_bank_wdi,0.5186101987179487,0.07517791666666666,0.10850272115384614,0.0019887788461538463,0.015824011553247922,0.0025307496539407415
Micronesia,2016,aus,0.040390174968198606,0.00016161080730251826,4.1590579134299625e-05,9.567313830000527e-09,327000000.0,world_bank_wdi,0.522405636085627,0.19121333027522935,0.02110005504587156,3.0902140672782874e-05,7.961357278979003e-05,5.003476387461842e-08
Micronesia,2016,china,0.0829628432140998,0.11022458400570546,0.0017507851547501497,0.00015827996480281148,327000000.0,world_bank_wdi,0.522405636085627,0.19121333027522935,0.043340256880733945,0.021076409785932722,0.003351390248904551,0.000827766372642461
Micronesia,2016,us,0.2118952955131244,0.008746751130983776,0.007356096184034048,0.00024747708777808847,327000000.0,world_bank_wdi,0.522405636085627,0.19121333027522935,0.11069529663608564,0.0016724954128440367,0.014081196058972683,0.001294245999595708
Micronesia,2017,aus,0.014906212506104464,5.310757858753119e-05,1.6901088506018476e-05,2.998915240231738e-09,361000000.0,world_bank_wdi,0.5532087063711911,0.2666932908587258,0.008246246537396121,1.4163434903047092e-05,3.0551016842960186e-05,1.1244809460993676e-08
Micronesia,2017,china,0.13155377790100636,0.1210672373520713,0.0029846460613173137,0.00027592080842383837,361000000.0,world_bank_wdi,0.5532087063711911,0.2666932908587258,0.07277669529085873,0.03228781994459834,0.005395153812555294,0.0010345997364065698
Micronesia,2017,us,0.18098480742990292,0.007310970205973272,0.006370237768856272,0.0002602428910940387,361000000.0,world_bank_wdi,0.5532087063711911,0.2666932908587258,0.10012237119113573,0.0019497867036011082,0.011515071428724008,0.0009758134156884208
Micronesia,2018,aus,0.03786696332815482,6.289309181448288e-05,1.194515687598245e-05,8.851993329403978e-09,394000000.0,world_bank_wdi,0.3092827614213198,0.31755604060913706,0.011711598984771572,1.9972081218274112e-05,3.8622123073035376e-05,2.7875373784180124e-08
Micronesia,2018,china,0.15199310656599557,0.17403372105551057,0.0026912726332365793,0.0008868708084883152,394000000.0,world_bank_wdi,0.3092827614213198,0.31755604060913706,0.04700884771573604,0.05526545939086295,0.008701657411711992,0.002792800939283399
Micronesia,2018,us,0.3095020616227123,0.006264108785147479,0.00573736124909671,0.0002674306702465739,394000000.0,world_bank_wdi,0.3092827614213198,0.31755604060913706,0.09572365228426395,0.001989205583756345,0.018550536805641754,0.0008421526787321932
Micronesia,2019,aus,0.026496124040378547,0.0002929289677001191,1.3273711119277236e-05,6.970176683899074e-07,395000000.0,world_bank_wdi,0.3057663367088608,0.4267937518987342,0.008101622784810128,0.00012502025316455696,4.341129001364191e-05,1.6331487171238848e-06
Micronesia,2019,china,0.15408530331132395,0.07458872673281042,0.0030177086545141816,0.00029269885976628473,395000000.0,world_bank_wdi,0.3057663367088608,0.4267937518987342,0.04711409873417722,0.031834002531645575,0.00986932926297747,0.0006858086803382578
Micronesia,2019,us,0.3163222354046591,0.009465948311012964,0.005900947664450248,0.00015573528635775882,395000000.0,world_bank_wdi,0.3057663367088608,0.4267937518987342,0.09672069113924052,0.004040007594936709,0.019298879425268155,0.0003648958909658788
Micronesia,2020,aus,0.03195464131759229,3.4336130762996796e-05,4.4573399292614626e-05,9.695945930089491e-09,372902700.0,world_bank_wdi,0.35660129036341115,0.40526284470453017,0.011395066326953383,1.3915158029158811e-05,0.0001249950588995066,2.3925079875404395e-08
Micronesia,2020,china,0.1567152701465835,0.048037325524696806,0.005303206696441696,0.00010258518476098495,372902700.0,world_bank_wdi,0.35660129036341115,0.40526284470453017,0.055884867553922246,0.019467743194136165,0.014871529744149879,0.00025313246970809267
Micronesia,2020,us,0.376974024434073,0.016969016402989687,0.008333021184794398,0.0004499332517750759,372902700.0,world_bank_wdi,0.35660129036341115,0.40526284470453017,0.13442942354667853,0.006876911859313434,0.023367894087826337,0.0011102257649677066
Micronesia,2021,aus,0.034488335884511966,0.0002170858130009013,1.4192573394447592e-05,1.2054144750152262e-07,391601900.0,world_bank_wdi,0.3158612049635101,0.5087328662092804,0.010893527329668215,0.00011043868786132038,4.493294260714034e-05,2.3694448601230098e-07
Micronesia,2021,china,0.15742942897902212,0.08750595200278252,0.004073083373615789,0.00038359796301655973,391601900.0,world_bank_wdi,0.3158612049635101,0.5087328662092804,0.04972584913403127,0.04451715377274727,0.012895168224557153,0.0007540263043645323
Micronesia,2021,us,0.34142547534741335,0.009985686381063194,0.0065289888639795375,0.00039461494240578676,391601900.0,world_bank_wdi,0.3158612049635101,0.5087328662092804,0.1078430620484732,0.0050800468537052544,0.0206704361326482,0.0007756820300331288
Micronesia,2022,aus,0.020827940531481036,0.0004218717559233966,2.2367619739341762e-05,1.6905891291955612e-07,415232900.0,world_bank_wdi,0.3583387058202758,0.5121734453122573,0.007463457254952582,0.00021607151071121773,6.242032852169814e-05,3.3008137080688713e-07
Micronesia,2022,china,0.20424952561937637,0.00038649791263525895,0.007931485304833176,2.1148535892538465e-07,415232900.0,world_bank_wdi,0.3583387058202758,0.5121734453122573,0.0731905106748526,0.00019795396752039638,0.022134045739427323,4.129174615768066e-07
Micronesia,2022,us,0.3620638047147325,0.008316807632662552,0.0074268630525673235,0.0003757009118031096,415232900.0,world_bank_wdi,0.3583387058202758,0.5121734453122573,0.1297414752058423,0.004259648019220057,0.020725818707098456,0.0007335423482840968
Micronesia,2023,aus,0.029866006573665404,0.0007726618760857562,2.604795778545804e-05,9.387139952457964e-07,442975600.0,world_bank_wdi,0.3847356603840031,0.4323365914510867,0.011490517762152137,0.0003340500018511178,6.770351820119736e-05,2.1712573346963618e-06
Micronesia,2023,china,0.1516216154210349,0.16245092716474963,0.004551974173237553,0.0015412053562255477,442975600.0,world_bank_wdi,0.3847356603840031,0.4323365914510867,0.0583342423375012,0.0702334801284766,0.011831432960215453,0.00356482746707299
Micronesia,2023,us,0.2583633512960948,0.00727812022606469,0.005255106048471504,0.00035384560223895454,442975600.0,world_bank_wdi,0.3847356603840031,0.4323365914510867,0.0994015945799272,0.003146597690708021,0.013659004323192721,0.0008184493499643728
Micronesia,2024,aus,0.041224846870803536,0.0005757867460897939,1.7988904611421518e-05,6.674775050619508e-07,481121300.0,world_bank_wdi,0.3304173542098427,0.6855200341369214,0.013621404830756818,0.00039471334983506244,5.4442977592505805e-05,9.73680522557322e-07
Micronesia,2024,china,0.18567382806657978,0.281994433965442,0.005504925910132815,0.006711073732221678,481121300.0,world_bank_wdi,0.3304173542098427,0.6855200341369214,0.061349855015772524,0.19331283399841162,0.016660522941651323,0.009789755802937264
Micronesia,2024,us,0.260524907503941,0.005941947610000646,0.004793532266939951,0.0005416005082791959,481121300.0,world_bank_wdi,0.3304173542098427,0.6855200341369214,0.08608195064321617,0.004073324128447442,0.014507507568430125,0.0007900578849764442
Nauru,2002,aus,0.504898700496263,0.18634608999215427,0.01074411990690127,0.00030282043566464035,21017423.6082043,world_bank_wdi,0.9511639662720774,0.6014063966939259,0.4802414505296432,0.11206973052018356,0.011295760024437204,0.000503520476884377
Nauru,2002,china,0.021122938423940033,0.0,0.00027647801949328647,0.0,21017423.6082043,world_bank_wdi,0.9511639662720774,0.6014063966939259,0.020091377890635666,0.0,0.0002906733531726335,0.0
Nauru,2002,us,0.1364623989095902,0.051662130410783595,0.0158522692612832,0.0030202295245690485,21017423.6082043,world_bank_wdi,0.9511639662720774,0.6014063966939259,0.1297981165938482,0.031069935695881054,0.016666179358553104,0.005021944464129362
Nauru,2003,aus,0.6781331955080122,0.002797280846352328,0.00838560737613082,6.582379215258816e-06,24778159.5806639,world_bank_wdi,0.5642461844062995,0.8389087547979642,0.382634068084647,0.002346663391633627,0.014861611133364008,7.846358948589184e-06
Nauru,2003,china,0.0035857996240893524,0.0,0.00011657833331691031,0.0,24778159.5806639,world_bank_wdi,0.5642461844062995,0.8389087547979642,0.00202327375593796,0.0,0.00020660898830813392,0.0
Nauru,2003,us,0.12205215627915121,0.014777394010520712,0.005157311633427042,0.0008277283686320136,24778159.5806639,world_bank_wdi,0.5642461844062995,0.8389087547979642,0.06886746347907244,0.012396885208524826,0.009140179900115003,0.0009866727029584485
Nauru,2004,aus,0.5141290424557932,0.003099993330539009,0.0037538774936971605,1.9979716662154383e-06,30587565.7988334,world_bank_wdi,0.3185228946976745,0.5632281794930233,0.1637618708511628,0.0017460036,0.01178526742091851,3.5473574280567176e-06
Nauru,2004,china,0.010164284746542076,1.9039018320353425e-05,4.336107628467562e-06,1.679903561571308e-09,30587565.7988334,world_bank_wdi,0.3185228946976745,0.5632281794930233,0.0032375574000000004,1.0723311627906977e-05,1.3613174125468035e-05,2.9826340775126593e-09
Nauru,2004,us,0.07093137114024248,0.005592421402666008,0.0019883908285393804,0.00010349164545047127,30587565.7988334,world_bank_wdi,0.3185228946976745,0.5632281794930233,0.02259326566046512,0.0031498093255813956,0.006242536601416544,0.00018374727902220175
Nauru,2005,aus,0.1998584577124443,0.03646975798343268,0.0022172129349968977,2.3014467894923307e-05,30070666.0652533,world_bank_wdi,0.6938468191800011,0.14801171980500022,0.13867115517000023,0.005397951600000008,0.003195536642536222,0.00015549084846283787
Nauru,2005,china,0.0014167648720530956,8.110881365216361e-05,2.481282386317761e-05,3.5069604349533334e-09,30070666.0652533,world_bank_wdi,0.6938468191800011,0.14801171980500022,0.0009830178000000017,1.2005055000000017e-05,3.576124178604982e-05,2.3693802352770575e-08
Nauru,2005,us,0.07483245653033707,0.029810746850405464,0.0039390110515040025,0.00016148589335301177,30070666.0652533,world_bank_wdi,0.6938468191800011,0.14801171980500022,0.05192226193500008,0.004412339910000006,0.005677061481897671,0.0010910345043335977
Nauru,2006,aus,0.29346885085532315,0.024631518583948037,0.0030653859014886744,2.7313990297127983e-05,29200359.3890386,world_bank_wdi,0.927277731046155,0.33180016283076963,0.2721271301538465,0.008172741876923087,0.0033057904863414605,8.232060546353357e-05
Nauru,2006,china,0.0,4.6136296735449316e-05,0.0,4.1406507487082566e-09,29200359.3890386,world_bank_wdi,0.927277731046155,0.33180016283076963,0.0,1.5308030769230788e-05,0.0,1.247935116541863e-08
Nauru,2006,us,0.13303116615182944,0.02731949973804492,0.007622296245630141,0.0004093427359969573,29200359.3890386,world_bank_wdi,0.927277731046155,0.33180016283076963,0.12335683790769246,0.009064614461538473,0.00822007904474387,0.0012337026374689794
Nauru,2007,aus,0.2844804717611909,0.21888825278646426,0.004612930586865177,0.0005961568146249212,22766972.1889659,world_bank_wdi,1.6892058232775837,1.1450896844612053,0.4805460695077579,0.2506466803155169,0.0027308280159220972,0.0005206201948325371
Nauru,2007,china,0.0013186558192601393,0.0,0.00018257940125948532,0.0,22766972.1889659,world_bank_wdi,1.6892058232775837,1.1450896844612053,0.0022274810887931004,0.0,0.00010808594118224421,0.0
Nauru,2007,us,0.2015195653701267,0.011319273232202637,0.018951735616144424,0.00059764968211867,22766972.1889659,world_bank_wdi,1.6892058232775837,1.1450896844612053,0.3404080233275857,0.012961583013793085,0.011219317003875923,0.0005219239071216329
Nauru,2008,aus,0.13478974012639477,0.13154257625831703,0.0023647132373544235,0.000765150803586511,37602264.7306872,world_bank_wdi,2.2080108364388575,3.559079990487429,0.29761720683985715,0.46817055105814287,0.0010709699419629208,0.00021498555964787988
Nauru,2008,china,1.625992602239524e-05,0.0,4.783472396451051e-08,0.0,37602264.7306872,world_bank_wdi,2.2080108364388575,3.559079990487429,3.590209285714286e-05,0.0,2.166417083426081e-08,0.0
Nauru,2008,us,0.1278202420132207,0.001323579945785931,0.0159549853829932,0.0002440254429827367,37602264.7306872,world_bank_wdi,2.2080108364388575,3.559079990487429,0.28222847948142865,0.004710726900857143,0.007225954293198059,6.856419176724278e-05
Nauru,2009,aus,0.13055952091459513,0.019924960032620124,0.0020319969321567133,7.437759306262441e-05,44176245.5492433,world_bank_wdi,2.2144721848521978,0.5359482840977995,0.2891204275329997,0.01067874814019999,0.0009175987605788493,0.00013877755609914788
Nauru,2009,china,0.0002044015078158277,0.0,1.8412202690961545e-06,0.0,44176245.5492433,world_bank_wdi,2.2144721848521978,0.5359482840977995,0.0004526414535999995,0.0,8.314488128100126e-07,0.0
Nauru,2009,us,0.035526875194980545,0.005191926418206854,0.004527203856102377,0.00023490129342049114,44176245.5492433,world_bank_wdi,2.2144721848521978,0.5359482840977995,0.07867327693399992,0.0027826040549999973,0.0020443715152848214,0.0004382909702116455
Nauru,2010,aus,0.3733568897424767,0.09655604525243294,0.0017661607475555675,0.00025680447108427214,47562844.6104251,world_bank_wdi,0.4373280692181479,1.2452916028285177,0.16327944772037026,0.12024043235518511,0.004038525930231502,0.00020622035072024434
Nauru,2010,china,0.001046702236530379,0.0,1.0812928579819735e-05,0.0,47562844.6104251,world_bank_wdi,0.4373280692181479,1.2452916028285177,0.0004577522681481478,0.0,2.472498186350356e-05,0.0
Nauru,2010,us,0.11073592368900328,0.003684643480099844,0.0031438888721096966,9.305305189034246e-05,47562844.6104251,world_bank_wdi,0.4373280692181479,1.2452916028285177,0.04842792769999997,0.004588455585185182,0.007188856818018381,7.47239053720306e-05
Nauru,2011,aus,0.3386210721581878,0.11973185209069964,0.0013203749934007027,0.000122558343927086,65071879.7787162,world_bank_wdi,0.5119867769809998,1.1667104171290905,0.17336951135212114,0.13969239909637876,0.0025789240128162583,0.0001050460698111051
Nauru,2011,china,0.005542061515174927,0.00011732080225458258,2.119857889277187e-05,6.165671943703845e-08,65071879.7787162,world_bank_wdi,0.5119867769809998,1.1667104171290905,0.0028374622129848474,0.00013687940213636358,4.140454372234415e-05,5.284663489056381e-08
Nauru,2011,us,0.01403973509138658,0.00409239773846273,0.00012049223127667752,0.00012586172950207583,65071879.7787162,world_bank_wdi,0.5119867769809998,1.1667104171290905,0.007188158719106058,0.0047746430724999985,0.0002353424672160021,0.00010787743698370516
Nauru,2012,aus,0.4213254972113195,0.08916262761189467,0.0008272530220183046,8.34125291215634e-05,101055722.95058,world_bank_wdi,0.3834664665053251,0.9966976145354657,0.16156419966422392,0.08886817824648946,0.0021573021222882254,8.368890213551857e-05
Nauru,2012,china,0.025094705412678293,0.0006162705390335883,0.00045134010693901916,2.540324239649295e-06,101055722.95058,world_bank_wdi,0.3834664665053251,0.9966976145354657,0.009622978012591802,0.0006142353761632631,0.0011770001978328175,2.5487411654268605e-06
Nauru,2012,us,0.05441394614053589,0.004757183232207129,0.0019277356917238174,0.00026537655673682147,101055722.95058,world_bank_wdi,0.3834664665053251,0.9966976145354657,0.02086592365512237,0.004741473179448962,0.005027129775628105,0.0002662558361399374
Nauru,2013,aus,0.8140902703225131,0.22004185869627152,0.005040659988882749,0.0002599944901567439,94385014.9425842,world_bank_wdi,1.3672062676315646,0.7182939690293149,1.1130293200028147,0.15805474003553252,0.003686832124910291,0.0003619611208877254
Nauru,2013,china,0.00833036638169259,0.0005415938804936035,4.073561042151778e-05,2.6807772858405784e-06,94385014.9425842,world_bank_wdi,1.3672062676315646,0.7182939690293149,0.011389329128717388,0.0003890236180217389,2.9794780338510873e-05,3.7321450567980073e-06
Nauru,2013,us,0.005546675537660923,0.006461764582719084,0.00012033301737202559,0.00016463692100446878,94385014.9425842,world_bank_wdi,1.3672062676315646,0.7182939690293149,0.007583449559608692,0.004641446529054345,8.801379881068025e-05,0.00022920548981770672
Nauru,2014,aus,0.5449184697491601,0.13958686824355673,0.007414159221257702,7.614560993705118e-05,99149244.4001333,world_bank_wdi,1.1856092067186945,0.36509665019647225,0.6460603546456667,0.050962698007138894,0.006253459554162213,0.00020856288299570636
Nauru,2014,china,0.02340714734213908,0.0003612248794215827,0.0006760081451184174,1.1957554218588992e-07,99149244.4001333,world_bank_wdi,1.1856092067186945,0.36509665019647225,0.027751729391861116,0.00013188199344444444,0.0005701778809472517,3.2751750015110194e-07
Nauru,2014,us,0.006542664680610939,0.011446513648131772,5.463231158349224e-05,5.014190465500617e-05,99149244.4001333,world_bank_wdi,1.1856092067186945,0.36509665019647225,0.007757043481805556,0.004179083789361111,4.607952711053353e-05,0.00013733871463357148
Nauru,2015,aus,0.4820447136921544,0.34252325322103466,0.004976351082764742,0.0005488346667668613,84863440.5801997,world_bank_wdi,0.8369976696015882,0.3866562653559902,0.403470302004098,0.1324387618880294,0.00594547782329369,0.001419438183063076
Nauru,2015,china,0.025454304124163447,0.0027801801975870463,0.0013006699134086126,6.344739997923328e-06,84863440.5801997,world_bank_wdi,0.8369976696015882,0.3866562653559902,0.0213051932332549,0.001074974092215686,0.001553970770346031,1.6409251747367383e-05
Nauru,2015,us,0.01830003960833615,0.01536885661196098,0.0002705920484772016,0.00024310193159799752,84863440.5801997,world_bank_wdi,0.8369976696015882,0.3866562653559902,0.015317090505794117,0.005942464700372549,0.00032328889112200716,0.0006287288048317961
Nauru,2016,aus,0.6858815492394528,0.21532502271420653,0.004210536783614175,0.00010300431074731506,97541943.0355053,world_bank_wdi,0.4267849471159999,0.22479361511199994,0.2927239207199999,0.04840369027999999,0.009865710616241002,0.00045821724383050095
Nauru,2016,china,0.03370651240914091,0.0007488094709279592,0.0009272094515810189,2.7785850115998863e-07,97541943.0355053,world_bank_wdi,0.4267849471159999,0.22479361511199994,0.014385432115999998,0.00016832758799999997,0.0021725448796791886,1.2360604682724192e-06
Nauru,2016,us,0.010826018216486398,0.044394564351962616,5.285203875124177e-05,0.0011153899186845885,97541943.0355053,world_bank_wdi,0.4267849471159999,0.22479361511199994,0.004620381611999999,0.009979614611999997,0.00012383763557826847,0.0049618398553217926
Nauru,2017,aus,0.5978492630460148,0.24292833303367833,0.0034427575620424194,0.0001973101667998802,109355638.866955,world_bank_wdi,0.3639691415311859,0.25964609867575844,0.21759868303591018,0.06307539392999996,0.009458927060571793,0.0007599196283179195
Nauru,2017,china,0.01052073210850951,0.0030048146133490926,5.951084448934294e-05,7.090723803323795e-06,109355638.866955,world_bank_wdi,0.3639691415311859,0.25964609867575844,0.00382922183381379,0.0007801883915999994,0.00016350519233302607,2.7309186771870463e-05
Nauru,2017,us,0.0048316070331805286,0.05109864788977439,4.9264465781633e-06,0.0008185199967583733,109355638.866955,world_bank_wdi,0.3639691415311859,0.25964609867575844,0.0017585558640827571,0.013267564572186197,1.3535341368331875e-05,0.003152444812123008
Nauru,2018,aus,0.22303228371634107,0.18730064330538934,0.002258922702795469,0.00010362220880992075,130995566.30391,world_bank_wdi,0.8929183811353827,0.15654890145230735,0.19914962571692263,0.029321709950769166,0.0025298199146971925,0.0006619159115689437
Nauru,2018,china,0.0163088306905999,0.004368755733348833,0.0005235149444357491,3.988391491789992e-06,130995566.30391,world_bank_wdi,0.8929183811353827,0.15654890145230735,0.014562454698461508,0.0006839239107692293,0.0005862965255235066,2.547696888824899e-05
Nauru,2018,us,0.0065027676846152625,0.13051813186502387,6.0047692161937225e-05,0.0017404992879256696,130995566.30391,world_bank_wdi,0.8929183811353827,0.15654890145230735,0.005806440793846141,0.020432470163076876,6.724880283636238e-05,0.011117927189389528
Nauru,2019,aus,0.27652137550251354,0.13961586707106213,0.0023220440138015134,0.00023566703550813477,125160115.547819,world_bank_wdi,0.7023132378494495,0.34369021482378764,0.19420462256375376,0.047984607346462725,0.0033062797177393875,0.0006856960871841023
Nauru,2019,china,0.01367501749626736,0.0005415853108915184,0.00035899619649187045,1.9472742602532647e-07,125160115.547819,world_bank_wdi,0.7023132378494495,0.34369021482378764,0.009604145815451402,0.00018613757184571378,0.0005111625086138932,5.665783243935664e-07
Nauru,2019,us,0.013270474261869572,0.09484100994536793,0.00011669683571543623,0.0034267541959577875,125160115.547819,world_bank_wdi,0.7023132378494495,0.34369021482378764,0.009320029746651403,0.032595927082228485,0.00016616066653217748,0.009970473549020614
Nauru,2020,aus,0.2579467634445455,0.0024126463294233996,0.0019353092307310168,7.71279536615876e-06,124685688.161094,world_bank_wdi,0.8238925374279994,1.0576537126668326,0.2125204134556665,0.002551744347666665,0.0023489825951969433,7.292363534290678e-06
Nauru,2020,china,0.01861576490713188,0.0006156772904035776,0.0015609873834404662,6.147324569052034e-06,124685688.161094,world_bank_wdi,0.8238925374279994,1.0576537126668326,0.01533738978549999,0.0006511733719999995,0.0018946492564594715,5.812228043479179e-06
Nauru,2020,us,0.005603566667297461,0.028266133257628907,4.29257845750666e-05,0.0031333810765653497,124685688.161094,world_bank_wdi,0.8238925374279994,1.0576537126668326,0.004616736760166664,0.029895780782666644,5.210119357200503e-05,0.0029625774854651165
Nauru,2021,aus,0.3634344391587306,0.01990287435348356,0.001704624310995377,3.238251136000784e-05,149268323.992868,world_bank_wdi,0.6248103382232398,1.4119883533365745,0.22707759485273993,0.02810262678503999,0.0027282268021409212,2.293397908239605e-05
Nauru,2021,china,0.11900822770602526,0.00048529848164877935,0.009017460916863645,1.2091637894124956e-05,149268323.992868,world_bank_wdi,0.6248103382232398,1.4119883533365745,0.07435757100434999,0.0006852358039799997,0.014432317081222458,8.563553562996481e-06
Nauru,2021,us,0.013385408656285456,0.010624499161115998,6.491844843287858e-05,0.0015606842662984357,149268323.992868,world_bank_wdi,0.6248103382232398,1.4119883533365745,0.008363341709789997,0.015001669075529994,0.00010390104718415163,0.001105309588857789
Nauru,2022,aus,0.46593527158173886,0.017382701770303977,0.0013762091945328724,1.788425371753098e-05,180671357.349805,world_bank_wdi,0.4143341318627714,1.2368359615926756,0.1930528862550644,0.021499550659152624,0.0033214960793736315,1.445968121310234e-05
Nauru,2022,china,0.1685042716032462,0.00047355055046067313,0.008103688102349491,9.278137154207798e-07,180671357.349805,world_bank_wdi,0.4143341318627714,1.2368359615926756,0.06981707108989965,0.0005857043504417676,0.019558340670407175,7.501509854435609e-07
Nauru,2022,us,0.013126491901834278,0.011302499759778931,5.388777947255894e-05,0.001215238767760869,180671357.349805,world_bank_wdi,0.4143341318627714,1.2368359615926756,0.005438753626550205,0.01397933815878716,0.00013005875048306838,0.000982538352293706
Nauru,2023,aus,0.492700411369809,0.0020029968979223206,0.001075621256841758,6.0551929436606836e-06,161531316.884061,world_bank_wdi,0.4211584063839997,1.395835478527249,0.20750492007724985,0.002795854133499998,0.0025539588918024317,4.338042009112377e-06
Nauru,2023,china,0.0881107457574181,1.182412952951589e-05,0.002155495115444941,4.951490595709917e-10,161531316.884061,world_bank_wdi,0.4211584063839997,1.395835478527249,0.037108581268499974,1.650453949999999e-05,0.005118015176170138,3.5473310944454943e-10
Nauru,2023,us,0.017970661648978856,0.00513003120758562,7.332581762569193e-05,0.0003265348115910409,161531316.884061,world_bank_wdi,0.4211584063839997,1.395835478527249,0.007568495221749995,0.0071606795654999954,0.00017410507902538606,0.00023393502788420948
Nauru,2024,aus,0.5071384409693668,0.0006042702253546873,0.0015174664188037223,1.1737269369790229e-06,167833414.846177,world_bank_wdi,0.36083316338110877,1.2055209577034278,0.1829923679271403,0.0007284604207812488,0.004205451640266745,9.73626322693739e-07
Nauru,2024,china,0.18861761937304283,0.04114143136393482,0.007707290468051104,0.002785254807899314,167833414.846177,world_bank_wdi,0.36083316338110877,1.2055209577034278,0.06805949226778896,0.04959685773914055,0.021359706507660253,0.0023104159161242213
Nauru,2024,us,0.014334824607097025,0.011291525099215898,3.2290522079632676e-05,0.0016629796179646046,167833414.846177,world_bank_wdi,0.36083316338110877,1.2055209577034278,0.005172480109492179,0.013612170151539042,8.948878694258963e-05,0.0013794696868088103
Niue,2002,aus,0.005835816027707488,0.0010841654778887303,,,,,,,,,2.530148242664974e-05,6.856105526756749e-08
Niue,2002,china,0.0,0.0,,,,,,,,,0.0,0.0
Niue,2002,us,0.06889415563043515,0.02615484372973674,,,,,,,,,0.006008559592971316,0.008252924745058537
Niue,2003,aus,0.010396286051202878,0.001449967087330545,,,,,,,,,4.536420504853489e-06,3.0000349707827423e-07
Niue,2003,china,0.0,0.0,,,,,,,,,0.0,0.0
Niue,2003,us,0.01386489649727127,0.27588507936364315,,,,,,,,,0.0002133163857761261,0.06287117150871374
Niue,2004,aus,0.012890091564840037,0.0,,,,,,,,,6.925200348871725e-06,0.0
Niue,2004,china,0.0,0.0,,,,,,,,,0.0,0.0
Niue,2004,us,0.029224155427410792,0.17407616578204718,,,,,,,,,0.0023257247175483956,0.020102035776141162
Niue,2005,aus,0.006187934357839992,0.0008016384907741612,,,,,,,,,2.2322064897485744e-06,5.688845209095381e-06
Niue,2005,china,0.0,0.0,,,,,,,,,0.0,0.0
Niue,2005,us,0.03847154502849165,0.08393067546933747,,,,,,,,,0.0014015532716034796,0.008361768851309527
Niue,2006,aus,0.006889108056055008,0.0014981729896956129,,,,,,,,,7.693067282350853e-06,1.1134360768362986e-07
Niue,2006,china,0.0,0.0,,,,,,,,,0.0,0.0
Niue,2006,us,0.16491865428478,0.030801913146048757,,,,,,,,,0.007724687382848934,0.001377427207089174
Niue,2007,aus,0.18818496780105853,0.010353192491433183,,,,,,,,,0.0009395621705327609,1.0913831827783131e-05
Niue,2007,china,0.0,0.0,,,,,,,,,0.0,0.0
Niue,2007,us,0.1037670371778807,0.17843112319661503,,,,,,,,,0.004090089104420528,0.01500965240014482
Niue,2008,aus,0.002472665016770749,0.0017638127594425998,,,,,,,,,1.0049488289459444e-06,1.2076324517741072e-06
Niue,2008,china,0.0,0.0,,,,,,,,,0.0,0.0
Niue,2008,us,0.016509183926581152,0.008314203961881697,,,,,,,,,0.000758957747883896,0.0010246199980511047
Niue,2009,aus,0.00020498128191224184,0.0004530468789298462,,,,,,,,,2.016698652807203e-08,1.9321147680647462e-06
Niue,2009,china,0.0,0.0,,,,,,,,,0.0,0.0
Niue,2009,us,0.0033837107106172814,0.00029534534552494034,,,,,,,,,7.940501398904842e-05,3.6091392644031623e-07
Niue,2010,aus,0.0016742154782019615,3.329686877384462e-05,,,,,,,,,6.982794899872151e-07,4.233240393248773e-09
Niue,2010,china,0.0,0.0,,,,,,,,,0.0,0.0
Niue,2010,us,0.013707745757629224,6.556850156025106e-05,,,,,,,,,0.0007212581405223853,6.97957966572873e-08
Niue,2011,aus,0.00026549109972296033,0.005460463288216365,,,,,,,,,9.599660282794591e-08,1.2701996621578346e-05
Niue,2011,china,0.0,0.0,,,,,,,,,0.0,0.0
Niue,2011,us,0.00044243400578430604,0.007370851654425311,,,,,,,,,3.119474485653825e-05,8.008025320763226e-05
Niue,2012,aus,0.014623320756709695,0.0018571651600700187,,,,,,,,,1.1645385632837007e-05,1.076696739878096e-05
Niue,2012,china,0.0,0.0,,,,,,,,,0.0,0.0
Niue,2012,us,0.048793937223398344,0.0345369341250028,,,,,,,,,0.0023675274074936477,0.0008235259928748001
Niue,2013,aus,0.02436542002485241,0.0009897451239426688,,,,,,,,,1.0439963159257741e-05,6.065151122032397e-08
Niue,2013,china,0.0,0.0,,,,,,,,,0.0,0.0
Niue,2013,us,0.014672089797298478,0.08928520497918865,,,,,,,,,0.00011966717328508419,0.01068008498962545
Niue,2014,aus,0.007695256339834763,0.011367675953842011,,,,,,,,,1.5869762488272316e-05,1.566415935890003e-05
Niue,2014,china,0.0,0.0,,,,,,,,,0.0,0.0
Niue,2014,us,0.005503730399984238,0.04844255961536184,,,,,,,,,2.7981282472535985e-05,0.001641632183336846
Niue,2015,aus,0.004887130269235543,0.004646654780943053,,,,,,,,,5.659724179855684e-06,1.7939203962941864e-06
Niue,2015,china,0.0,0.0,,,,,,,,,0.0,0.0
Niue,2015,us,0.003604229086509915,0.07383431913422961,,,,,,,,,2.469732460703261e-05,0.012615534122353667
Niue,2016,aus,0.007867385944580476,0.014928267413506748,,,,,,,,,4.345653050534192e-06,0.00010138233833980662
Niue,2016,china,0.0,0.0,,,,,,,,,0.0,0.0
Niue,2016,us,0.0040106548453229685,0.4094548854445363,,,,,,,,,2.5460341590088003e-05,0.04987695932111304
Niue,2017,aus,0.004609537730204066,0.00010147853207367721,,,,,,,,,4.7946857503532655e-06,1.322312324062581e-07
Niue,2017,china,0.0,0.0,,,,,,,,,0.0,0.0
Niue,2017,us,0.0034531231125389758,0.0035877315643784878,,,,,,,,,1.332633750602506e-05,0.0001866453087923139
Niue,2018,aus,0.008030665618443306,9.480563598563123e-06,,,,,,,,,2.934285907368833e-06,2.4093805888317386e-09
Niue,2018,china,0.0,0.0,,,,,,,,,0.0,0.0
Niue,2018,us,0.04854194910556918,0.0025126195834605167,,,,,,,,,0.0013036062626938536,0.0005342413860463421
Niue,2019,aus,0.021702820974459764,0.0002182789310119209,,,,,,,,,6.9807492528513235e-06,2.560050870944772e-07
Niue,2019,china,0.0,0.0,,,,,,,,,0.0,0.0
Niue,2019,us,0.008961505838724949,0.005264275604299446,,,,,,,,,0.0001819882658506945,0.0006857294627126083
Niue,2020,aus,0.011646826461999578,0.003058517085550519,,,,,,,,,1.357399471596553e-05,3.313599519145738e-05
Niue,2020,china,0.0,0.0,,,,,,,,,0.0,0.0
Niue,2020,us,0.007519956703362166,0.006142777088970324,,,,,,,,,0.0001517542122861538,0.0010582737473058177
Niue,2021,aus,0.0034744438096869375,0.03206611703067997,,,,,,,,,4.854830711047932e-07,0.00016384872803012525
Niue,2021,china,0.0,0.0,,,,,,,,,0.0,0.0
Niue,2021,us,0.0023740933682319942,0.02645886569275027,,,,,,,,,7.932614282312157e-05,0.0016141056608081864
Niue,2022,aus,0.0026360820428580974,0.03646118934968622,,,,,,,,,7.806134631667801e-07,0.0001121515069293627
Niue,2022,china,0.0,0.0,,,,,,,,,0.0,0.0
Niue,2022,us,0.011094334397529057,0.5365269530913386,,,,,,,,,0.0006940972899521547,0.0659737812487063
Niue,2023,aus,0.010819399648425664,0.008183941322415511,,,,,,,,,4.138242836498144e-06,6.116601860280059e-05
Niue,2023,china,0.0,0.0,,,,,,,,,0.0,0.0
Niue,2023,us,0.0005511728414735606,0.44164261262573057,,,,,,,,,1.9194889007552675e-06,0.052972433396037424
Niue,2024,aus,0.00913016063508835,0.003790904871954202,,,,,,,,,8.702252827479333e-07,9.008889102619306e-07
Niue,2024,china,0.0,0.0,,,,,,,,,0.0,0.0
Niue,2024,us,0.016875894818337085,0.5040686020942282,,,,,,,,,0.0002930811089312125,0.08895322640212303
Palau,2002,aus,0.014876496842377566,9.181965519433668e-06,1.4844507996137025e-05,9.183192640377292e-09,162658718.75,world_bank_wdi,0.21445934941621445,0.15868480459182271,0.0031904038344086616,1.4570384042201855e-06,6.921828326228564e-05,5.7870649076947073e-08
Palau,2002,china,0.008362448426102256,0.0,4.6661971282969566e-05,0.0,162658718.75,world_bank_wdi,0.21445934941621445,0.15868480459182271,0.0017934052489885363,0.0,0.00021757956186097447,0.0
Palau,2002,us,0.4421651807809399,0.6363420955500128,0.011853871988796724,0.029968973360409983,162658718.75,world_bank_wdi,0.21445934941621445,0.15868480459182271,0.09482645700478322,0.10097782108590475,0.0552732814916415,0.18885849491069878
Palau,2003,aus,0.03119534357004916,4.0447268988047616e-05,1.5425501695609012e-05,1.5817425900475442e-11,154566781.25,world_bank_wdi,0.17103761743760837,0.10476975627646383,0.0053355772393688244,4.2376505139263225e-06,9.018777229655911e-05,1.509732050796874e-10
Palau,2003,china,0.007146722435532316,0.0,2.1140166262341023e-05,0.0,154566781.25,world_bank_wdi,0.17103761743760837,0.10476975627646383,0.001222358377861349,0.0,0.00012359951324773685,0.0
Palau,2003,us,0.4927066255612361,0.11141857896825995,0.007910579670184756,0.0029297053439168966,154566781.25,world_bank_wdi,0.17103761743760837,0.10476975627646383,0.08427136733171765,0.011673297363174533,0.04625052540310556,0.027963273448742814
Palau,2004,aus,0.015438842277188294,0.02204247573571647,8.434886697326114e-06,3.5137948250911514e-05,166363734.375,world_bank_wdi,0.22940524954779526,0.11480859738906063,0.0035417514653274325,0.00253066572220001,3.676849903806911e-05,0.000306056767959954
Palau,2004,china,0.011333295986444442,0.0,3.161827327211239e-05,0.0,166363734.375,world_bank_wdi,0.22940524954779526,0.11480859738906063,0.0025999175939693136,0.0,0.00013782715667770676,0.0
Palau,2004,us,0.3738965789184219,0.009423880759709418,0.006925411085715225,8.539005480805674e-05,166363734.375,world_bank_wdi,0.22940524954779526,0.11480859738906063,0.0857738379918475,0.0010819425319839933,0.030188546684814882,0.0007437601081275208
Palau,2005,aus,0.046298107739233714,7.285638911755686e-05,1.5037273655976328e-05,6.673122508094749e-09,185658171.875,world_bank_wdi,0.16337479623801235,0.1708512783447874,0.007563943918102851,1.2447607216319845e-05,9.204157558102962e-05,3.905807771966456e-08
Palau,2005,china,0.02250395672986291,0.0,0.00011273061368410635,0.0,185658171.875,world_bank_wdi,0.16337479623801235,0.1708512783447874,0.0036765793452903997,0.0,0.0006900122679870089,0.0
Palau,2005,us,0.34057294727597703,0.019464288956951237,0.004482747142322844,1.4921264378354958e-05,185658171.875,world_bank_wdi,0.16337479623801235,0.1708512783447874,0.05564103586539207,0.003325498650367447,0.027438425299041596,8.73348126096137e-05
Palau,2006,aus,0.016047451036286374,0.00016384746794609673,1.0174373806349247e-05,1.8261116960149116e-08,190777421.875,world_bank_wdi,0.1685449812875033,0.22150847613240396,0.0027047173346230126,3.629360294289279e-05,6.0365925633785815e-05,8.243981123879773e-08
Palau,2006,china,0.021326108566130413,0.00011820018809802906,0.00012335636983019772,2.0506971362031996e-07,190777421.875,world_bank_wdi,0.1685449812875033,0.22150847613240396,0.0035944085692137147,2.618234354415793e-05,0.0007318899019590322,9.257872077894756e-07
Palau,2006,us,0.2864583166496017,0.02339866786613236,0.004026845853348101,2.3375102682776882e-05,190777421.875,world_bank_wdi,0.1685449812875033,0.22150847613240396,0.04828111161935682,0.005183003262555227,0.02389181702467381,0.00010552689942575698
Palau,2007,aus,0.00834232251214379,0.0009026642323705284,6.959498469386491e-06,1.094014370892858e-07,196012718.75,world_bank_wdi,0.632508052490854,0.1661074455149355,0.005276586165406677,0.0001499392497967686,1.100301955363189e-05,6.586185029222485e-07
Palau,2007,china,0.039998564925463595,2.9024079604972755e-05,0.000706793377558454,5.830816966929777e-12,196012718.75,world_bank_wdi,0.632508052490854,0.1661074455149355,0.02529941440343396,4.821115721604162e-06,0.0011174456590316282,3.5102682777729556e-11
Palau,2007,us,0.30162677620015027,0.01857559522705307,0.009047346043056516,5.8182809553513045e-05,196012718.75,world_bank_wdi,0.632508052490854,0.1661074455149355,0.1907813647934517,0.003085544672085214,0.014303922309648921,0.0003502721348410692
Palau,2008,aus,0.011188971062629742,9.047368242396105e-05,5.1890087419098185e-06,7.302268892080581e-08,199046109.375,world_bank_wdi,0.7922061149304994,0.14682009154442938,0.00886397129559569,1.3283354335847593e-05,6.5500740831381395e-06,4.973616904380443e-07
Palau,2008,china,0.028891430726893833,0.0020469841740861474,0.0006208434511418589,1.5598433830066006e-05,199046109.375,world_bank_wdi,0.7922061149304994,0.14682009154442938,0.02288796809093622,0.0003005384038293263,0.0007836892942896885,0.00010624182062538592
Palau,2008,us,0.24930958002523312,0.00038622407470470814,0.009437378661046358,6.02867626577382e-06,199046109.375,world_bank_wdi,0.7922061149304994,0.14682009154442938,0.19750457380674438,5.670545400480778e-05,0.01191278189246785,4.106165717754968e-05
Palau,2009,aus,0.009427888468856073,0.0,3.0207066451156594e-06,0.0,184049765.625,world_bank_wdi,0.6424893810564992,0.09972813025688959,0.0060573182270250445,0.0,4.701566647138133e-06,0.0
Palau,2009,china,0.021481053449293287,0.0,0.00030066513874638264,0.0,184049765.625,world_bank_wdi,0.6424893810564992,0.09972813025688959,0.01380134873507802,0.0,0.00046796903981817365,0.0
Palau,2009,us,0.30665093333599436,0.000330537737009096,0.010454408617171174,2.4939455575029024e-07,184049765.625,world_bank_wdi,0.6424893810564992,0.09972813025688959,0.19701996835944083,3.296391049126064e-05,0.01627172203216824,2.5007443246742424e-06
Palau,2010,aus,0.011204044886638637,0.013044607355474868,2.233015466455357e-06,8.790231492052328e-06,184292328.125,world_bank_wdi,0.6980324374259679,0.09682569090937301,0.00782078676125032,0.0012630531198353433,3.199013894955543e-06,9.078408229774282e-05
Palau,2010,china,0.02069201756878466,0.001788421042721256,0.0006060975654366529,4.127968031326716e-06,184292328.125,world_bank_wdi,0.6980324374259679,0.09682569090937301,0.014443699458799706,0.00017316510309834692,0.0008682942696354775,4.2632982967200455e-05
Palau,2010,us,0.29599733517872306,0.0007109860486010269,0.010843406326848605,7.358129772393759e-06,184292328.125,world_bank_wdi,0.6980324374259679,0.09682569090937301,0.20661574134639524,6.88417153827195e-05,0.015534244177583279,7.599356847637501e-05
Palau,2011,aus,0.010648923654095218,0.0,1.7224819804111247e-05,0.0,195163578.125,world_bank_wdi,0.7557328442991212,0.0998035606189007,0.00804774136183357,0.0,2.2792207503017577e-05,0.0
Palau,2011,china,0.013539340558453508,0.00026968860284566913,0.00019522417786619215,6.979401818026732e-08,195163578.125,world_bank_wdi,0.7557328442991212,0.0998035606189007,0.010232124350174522,2.6915882822334373e-05,0.00025832432629978677,6.993139097188664e-07
Palau,2011,us,0.2632838445240576,0.0013175363820347242,0.009877733994163473,8.580380736417333e-07,195163578.125,world_bank_wdi,0.7557328442991212,0.0998035606189007,0.19897224868017369,0.00013149482217200968,0.013070404533395981,8.597269158744212e-06
Palau,2012,aus,0.017592442691139104,8.109658806379868e-06,4.485856354073447e-05,7.828464979881725e-11,214928296.875,world_bank_wdi,0.7649550356583311,0.12621951317921362,0.01345742762611746,1.0235971865907896e-06,5.8642091952670865e-05,6.202262061307769e-10
Palau,2012,china,0.012131227666303979,0.0012835746786225154,0.0001847184420258913,6.196529329941406e-06,214928296.875,world_bank_wdi,0.7649550356583311,0.12621951317921362,0.009279843692056892,0.00016201217106489948,0.00024147620894726183,4.909327546797952e-05
Palau,2012,us,0.3269287518606706,0.025551949829227174,0.011599122898428444,0.0002551763951035859,214928296.875,world_bank_wdi,0.7649550356583311,0.12621951317921362,0.250085795037313,0.0032251546682247447,0.015163143397632613,0.002021687365734583
Palau,2013,aus,0.006637547987843227,0.0003460295528596439,1.5163229087891234e-05,3.616225240677595e-07,226257828.125,world_bank_wdi,0.8405429220991733,0.07305992520562651,0.005579143981275234,2.5280893250861968e-05,1.803980342850614e-05,4.949670055779226e-06
Palau,2013,china,0.029929038166780362,0.0008220621667499476,0.0014663585225175076,1.5986958562277649e-06,226257828.125,world_bank_wdi,0.8405429220991733,0.07305992520562651,0.02515664119632325,6.005980041712645e-05,0.0017445373507582712,2.1881980466421908e-05
Palau,2013,us,0.25443493316858223,0.01012003353824897,0.010721887839001569,3.534445513599378e-05,226257828.125,world_bank_wdi,0.8405429220991733,0.07305992520562651,0.21386348220962798,0.0007393688933829016,0.012755907589138587,0.0004837734919179991
Palau,2014,aus,0.008277569697594167,0.007660613885306112,2.714030919240227e-05,1.2479157799983386e-06,245436546.875,world_bank_wdi,0.7596147043861069,0.095784765143282,0.006287763658873389,0.0007337701018574111,3.5729046628100865e-05,1.3028332617735324e-05
Palau,2014,china,0.0633359295604134,0.003654502545016432,0.0029628115477481633,1.56171201367171e-05,245436546.875,world_bank_wdi,0.7596147043861069,0.095784765143282,0.04811090341005271,0.0003500456679899253,0.003900413631595771,0.0001630438839971664
Palau,2014,us,0.2970128173447779,0.20417883607705312,0.01302510978936272,0.0026738930065387427,245436546.875,world_bank_wdi,0.7596147043861069,0.095784765143282,0.22561530344623823,0.01955722186086921,0.017146995330862034,0.027915639846680565
Palau,2015,aus,0.02151324350306966,0.0017404558688429862,3.1053707795697604e-05,5.353892033464808e-07,283224750.0,world_bank_wdi,0.5931130418510387,0.06569762706119434,0.012759785294187743,0.00011434382058771347,5.235714881396385e-05,8.149292863314382e-06
Palau,2015,china,0.07437272721682378,0.00041962264702566116,0.0015291393829105664,2.4608910369909116e-07,283224750.0,world_bank_wdi,0.5931130418510387,0.06569762706119434,0.04411143447032789,2.7568212170723076e-05,0.0025781584200851413,3.7457837475601728e-06
Palau,2015,us,0.3471929664281172,0.1394523000082656,0.010409170773895098,0.0011880278728763156,283224750.0,world_bank_wdi,0.5931130418510387,0.06569762706119434,0.20592467642746617,0.009161685198768822,0.017550062196253942,0.01808326915323322
Palau,2016,aus,0.011388456000758341,6.392481711885045e-05,1.037590015002148e-05,6.478469462718547e-10,303326125.0,world_bank_wdi,0.6360362662464369,0.07952525355341548,0.007243471033034164,5.083637289732297e-06,1.6313378184006353e-05,8.146430439693088e-09
Palau,2016,china,0.07662558247077995,0.0018876061594504654,0.001487074024171619,1.2390738942386835e-05,303326125.0,world_bank_wdi,0.6360362662464369,0.07952525355341548,0.04873664937367331,0.00015011235843928708,0.0023380333843973627,0.00015580885805116268
Palau,2016,us,0.33423426577312254,0.04971887382712781,0.012714024307151543,0.00023184478016054469,303326125.0,world_bank_wdi,0.6360362662464369,0.07952525355341548,0.21258511445395614,0.0039539060474926115,0.01998946440929109,0.0029153604647713482
Palau,2017,aus,0.010498745145513457,0.03223279384701956,6.405271696409328e-06,1.553000467270187e-05,289983656.25,world_bank_wdi,0.6852712513862581,0.0963857493261743,0.007194488223851409,0.003106781987821081,9.34706028226325e-06,0.00016112345218324278
Palau,2017,china,0.0845436165819005,8.694005772819832e-06,0.002126280551073108,2.7733050860573894e-11,289983656.25,world_bank_wdi,0.6852712513862581,0.0963857493261743,0.057935309931798955,8.379782610593247e-07,0.0031028305167797193,2.8772978427260893e-10
Palau,2017,us,0.2878186201481447,0.03819562958412027,0.009456927949223221,0.00013538829641446945,289983656.25,world_bank_wdi,0.6852712513862581,0.0963857493261743,0.1972338260011852,0.0036815143784504232,0.01380026949925666,0.0014046505563421886
Palau,2018,aus,0.010791691447607778,0.004177793768755476,1.6621674488043315e-06,1.8773770366643755e-07,288228343.75,world_bank_wdi,0.6293486672405028,0.10989001146768725,0.006791736629822687,0.0004590978051581716,2.6410915527833186e-06,1.7084146334959764e-06
Palau,2018,china,0.06278024992419352,0.0014458813031092068,0.0011735818894059351,1.3970926701400473e-05,288228343.75,world_bank_wdi,0.6293486672405028,0.10989001146768725,0.039510666618816866,0.00015888791297958532,0.0018647562956663195,0.0001271355468509399
Palau,2018,us,0.2946596146674005,0.0377101730991062,0.008361256963462132,0.00010009891151144354,288228343.75,world_bank_wdi,0.6293486672405028,0.10989001146768725,0.18544363578052858,0.004143971354309252,0.013285571891529747,0.0009109009105971134
Palau,2019,aus,0.008722830864993187,0.004070700169041482,1.737132796361756e-06,1.8449630411853583e-07,281954000.0,world_bank_wdi,0.36319652851174306,0.08483291955425352,0.0031681018889606104,0.00034532937996978227,4.782900330793195e-06,2.1748196936749795e-06
Palau,2019,china,0.18174986553841652,0.0024310818257684136,0.004460075900169406,1.1342405659818346e-05,281954000.0,world_bank_wdi,0.36319652851174306,0.08483291955425352,0.06601092022102896,0.0002062357689552196,0.01228006203265569,0.00013370287995999588
Palau,2019,us,0.16489732103543592,0.06679122325487026,0.003213894197223374,0.00017100920557184946,281954000.0,world_bank_wdi,0.36319652851174306,0.08483291955425352,0.05989013456095675,0.0056660944693105965,0.00884891221398186,0.0020158354382992004
Palau,2020,aus,0.011067159176980944,0.009088021670853947,2.4571865002530817e-06,3.640487133638577e-07,258985859.375,world_bank_wdi,0.3445275978207063,0.05610389322052151,0.0038129417659446296,0.0005098733974073753,7.132045490102689e-06,6.48883156705241e-06
Palau,2020,china,0.2697177165998175,0.0004721228978573122,0.017055396500903063,6.407128357845951e-08,258985859.375,world_bank_wdi,0.3445275978207063,0.05610389322052151,0.09292519698982117,2.6487932648349828e-05,0.049503716418615513,1.142011363215409e-06
Palau,2020,us,0.20238616056058598,0.0330652579143386,0.005398021435324227,0.00023587358711065417,258985859.375,world_bank_wdi,0.3445275978207063,0.05610389322052151,0.06972761773009446,0.0018550896993350565,0.01566789270139509,0.004204228504847807
Palau,2021,aus,0.011682064090499756,0.023609278823607985,2.658090937223282e-06,5.536297851490449e-07,235935734.375,world_bank_wdi,0.44394192459850856,0.02360746249293124,0.005186158015619587,0.0005573551643134813,5.987474464429558e-06,2.3451473673412284e-05
Palau,2021,china,0.3216895125042958,0.01521083893911571,0.024187380003010177,9.547214977994332e-07,235935734.375,world_bank_wdi,0.44394192459850856,0.02360746249293124,0.14281146130431305,0.00035908930974119216,0.05448320751612887,4.0441512851510596e-05
Palau,2021,us,0.2175255230568773,0.08731447415762453,0.00512462829281596,0.0003152050406275311,235935734.375,world_bank_wdi,0.44394192459850856,0.02360746249293124,0.09656869935516736,0.002061273173766135,0.011543465504976945,0.013351923813154956
Palau,2022,aus,0.013042609911058791,0.023400282368938458,1.7214312554604127e-06,8.874038564253677e-07,247470812.5,world_bank_wdi,0.6205566040237573,0.032047250016605494,0.008093677714013243,0.0007499146995365362,2.7740116603359997e-06,2.769048376898341e-05
Palau,2022,china,0.3526617405065729,0.015889147558260187,0.0236131371952177,1.7022232426749758e-06,247470812.5,world_bank_wdi,0.6205566040237573,0.032047250016605494,0.21884657205786642,0.0005092034843503009,0.038051544439471785,5.311604714267083e-05
Palau,2022,us,0.136655116489263,0.06806839042770055,0.004855454413042105,0.0003146302094227534,247470812.5,world_bank_wdi,0.6205566040237573,0.032047250016605494,0.08480223501104801,0.002181404726264436,0.007824353784262071,0.009817697595260924
Palau,2023,aus,0.006816874059798453,0.00076720308202418,2.151764597013987e-06,2.829465166813323e-09,276157406.25,world_bank_wdi,0.6512580576498661,0.02214577940547267,0.004439544159428098,1.6990310213706246e-05,3.3040122448217507e-06,1.2776543624895429e-07
Palau,2023,china,0.23363716252549852,0.0003979906866255017,0.016611687689159802,4.410341355189371e-09,276157406.25,world_bank_wdi,0.6512580576498661,0.02214577940547267,0.15215808466118225,8.813813951440963e-06,0.025507074337175716,1.9915042385455564e-07
Palau,2023,us,0.0974182636553884,0.08280740733594616,0.0037162471333369116,0.00020299038245061765,276157406.25,world_bank_wdi,0.6512580576498661,0.02214577940547267,0.0634444291678308,0.001833834576000983,0.005706258970134487,0.009166097915725405
Palau,2024,aus,0.01574040949230767,0.0,1.9680719711843833e-06,0.0,321501812.5,world_bank_wdi,0.5364350068788493,0.06118917603302781,0.00844370667428197,0.0,3.6687985421295612e-06,0.0
Palau,2024,china,0.24418812074649865,0.00016383333610370777,0.009914881807604997,3.9373715633598736e-09,321501812.5,world_bank_wdi,0.5364350068788493,0.06118917603302781,0.13099105623238128,1.0024826842927985e-05,0.018482913457294588,6.434751730003058e-08
Palau,2024,us,0.10442911933573563,0.07647524599272962,0.0031183654289373623,0.0005734100115052107,321501812.5,world_bank_wdi,0.5364350068788493,0.06118917603302781,0.056019435349217515,0.004679457289218237,0.005813128130993933,0.00937110202620973
Papua New Guinea,2002,aus,0.5563650177499067,0.43103500520515914,0.002855792267687333,0.002748248924385722,2999511040.19764,world_bank_wdi,0.43301116135062456,0.7098291829790063,0.24091226247074793,0.30596122558012984,0.006595193201902009,0.003871704616104806
Papua New Guinea,2002,china,0.022491815214500114,0.08623374150309879,0.0004970191701942325,0.0015164807637544138,2999511040.19764,world_bank_wdi,0.43301116135062456,0.7098291829790063,0.009739207026914342,0.06121122627636744,0.0011478206904504671,0.0021364023910514043
Papua New Guinea,2002,us,0.08656637850490462,0.05837822289931945,0.0011587575967790824,0.0018057188323280522,2999511040.19764,world_bank_wdi,0.43301116135062456,0.7098291829790063,0.037484208090326494,0.04143856626439024,0.0026760455623470523,0.0025438779858977106
Papua New Guinea,2003,aus,0.5082210205644964,0.42901230065252627,0.0017124699477598232,0.003660862141937858,3536411824.2958,world_bank_wdi,0.41537834363861437,0.744603267896931,0.21110400572440666,0.3194439610338517,0.00412267508401858,0.004916527095398942
Papua New Guinea,2003,china,0.047199327124851365,0.09284593429056583,0.0006490950346292871,0.0017751139204180905,3536411824.2958,world_bank_wdi,0.41537834363861437,0.744603267896931,0.019605578321977884,0.06913338608369904,0.0015626597885276606,0.002383972777116262
Papua New Guinea,2003,us,0.08942740571301268,0.030190283472984605,0.0007401391119041088,0.0007080708396899742,3536411824.2958,world_bank_wdi,0.41537834363861437,0.744603267896931,0.037146207660969564,0.022479783732719045,0.0017818432839340353,0.0009509370563063206
Papua New Guinea,2004,aus,0.5457803916600291,0.4337587607930293,0.0025997529739085166,0.0035249892745047202,3927157866.96465,world_bank_wdi,0.454558849802426,0.7651161325282794,0.2480893070777004,0.3318758255082216,0.005719287997667407,0.004607129721414459
Papua New Guinea,2004,china,0.03742139953080681,0.1033076752377702,0.0005192319866379668,0.0017607163561979189,3927157866.96465,world_bank_wdi,0.454558849802426,0.7651161325282794,0.017010228328720588,0.07904236893841023,0.0011422767082054414,0.002301240663139254
Papua New Guinea,2004,us,0.07357540164836124,0.028588053977085706,0.0005599366903863916,0.0007164374475205393,3927157866.96465,world_bank_wdi,0.454558849802426,0.7651161325282794,0.033444349947030605,0.02187318129545751,0.0012318244175199057,0.0009363773903879345
Papua New Guinea,2005,aus,0.550746259569258,0.4659298481381676,0.0019795945981367696,0.0031399725333201836,4865892972.27595,world_bank_wdi,0.3354771180337883,0.687644851020008,0.1847627679281834,0.32039426100874524,0.0059008334450321295,0.004566270697239354
Papua New Guinea,2005,china,0.04078990217856797,0.09248762974814385,0.0007147027705089109,0.0019203558550475463,4865892972.27595,world_bank_wdi,0.3354771180337883,0.687644851020008,0.013684078827746126,0.06359864237935604,0.0021304069103065563,0.002792656488591479
Papua New Guinea,2005,us,0.02886193006269348,0.017948192725550465,0.00027821856101850856,0.00047246267117554173,4865892972.27595,world_bank_wdi,0.3354771180337883,0.687644851020008,0.009682517118325164,0.012341982312839542,0.0008293220194841639,0.0006870736696053508
Papua New Guinea,2006,aus,0.5283752708885943,0.4495316836838549,0.0010678887926024521,0.002909916618381321,8354911040.70193,world_bank_wdi,0.2252927099798133,0.46699331111875053,0.11903909666480936,0.2099282894163102,0.004740005980211864,0.006231174085577783
Papua New Guinea,2006,china,0.06715008131937272,0.10043063747914838,0.0007711546526595735,0.0017028212296066867,8354911040.70193,world_bank_wdi,0.2252927099798133,0.46699331111875053,0.015128423795806317,0.04690043593415438,0.003422901046059904,0.0036463503631932763
Papua New Guinea,2006,us,0.0217463040108021,0.022114307316996602,7.048382232465148e-05,0.00038996037299025507,8354911040.70193,world_bank_wdi,0.2252927099798133,0.46699331111875053,0.004899283762638488,0.010327233597061856,0.00031285442982583405,0.0008350448790284558
Papua New Guinea,2007,aus,0.5180690499813789,0.43667528939713646,0.0011307521092325983,0.0031028627177349783,9545028944.34579,world_bank_wdi,0.2535157309746484,0.5197774492804372,0.13133865390137095,0.22697396808664033,0.004460283805211573,0.005969598569600276
Papua New Guinea,2007,china,0.08834403368994752,0.09440930094015425,0.0009559498738190656,0.0019734791649066554,9545028944.34579,world_bank_wdi,0.2535157309746484,0.5197774492804372,0.02239660227815601,0.04907182563102256,0.0037707714237056977,0.003796777193082684
Papua New Guinea,2007,us,0.025285740956584455,0.02089688172315837,0.0002465188886528364,0.00056760153064638,9545028944.34579,world_bank_wdi,0.2535157309746484,0.5197774492804372,0.006410333101844114,0.010861727879978245,0.0009724007567699549,0.001092008765351688
Papua New Guinea,2008,aus,0.4053714577373576,0.4121155160278301,0.0006666766495161572,0.003569582093076032,11670892800.5309,world_bank_wdi,0.24488810409345796,0.52077009256083,0.09927064773890282,0.21461743542756728,0.002722372538201079,0.006854429899234425
Papua New Guinea,2008,china,0.12038269231725432,0.08476807915730328,0.0013055519882843448,0.0018031735999011877,11670892800.5309,world_bank_wdi,0.24488810409345796,0.52077009256083,0.029480289287238497,0.04414468042895259,0.005331218489021011,0.0034625137381339983
Papua New Guinea,2008,us,0.023405127326993513,0.018021257241804433,0.00015565558529875983,0.0002873691325790344,11670892800.5309,world_bank_wdi,0.24488810409345796,0.52077009256083,0.005731637257173425,0.009384931801877022,0.0006356192183159544,0.0005518157372784757
Papua New Guinea,2009,aus,0.412320708354087,0.45852740332307834,0.0009011151175245554,0.004147873402902845,11619456449.266,world_bank_wdi,0.27323611339845033,0.43838140099245104,0.11266090782436669,0.20100988546220175,0.003297935643706408,0.009461791475442342
Papua New Guinea,2009,china,0.16636062718981645,0.07022815183103566,0.0028512129039610446,0.0013385621925770335,11619456449.266,world_bank_wdi,0.27323611339845033,0.43838140099245104,0.04545573119587401,0.030786715588799977,0.010434978262932704,0.0030534192133759882
Papua New Guinea,2009,us,0.05362820682034776,0.020848447020002173,0.000978261870851911,0.00029417251186888846,11619456449.266,world_bank_wdi,0.27323611339845033,0.43838140099245104,0.014653162800120087,0.009139571413145444,0.0035802802882990326,0.0006710424101088955
Papua New Guinea,2010,aus,0.3984640307619865,0.4322481131298684,0.0007927511672533391,0.0032046508928331888,14250786674.7766,world_bank_wdi,0.3011721634003957,0.453576442024828,0.1200062741818293,0.19605756122539103,0.0026322192539401782,0.007065293952497144
Papua New Guinea,2010,china,0.08211372321729289,0.12028279295593056,0.0014710111412097671,0.0030031581180354613,14250786674.7766,world_bank_wdi,0.3011721634003957,0.453576442024828,0.0247303676662134,0.05455744126576002,0.004884286531003597,0.006621062823785441
Papua New Guinea,2010,us,0.036600480374860425,0.015558397454884023,0.0005859480555863964,0.0002647814309273954,14250786674.7766,world_bank_wdi,0.3011721634003957,0.453576442024828,0.01102304585599044,0.007056922561194434,0.0019455584771538236,0.0005837636314297419
Papua New Guinea,2011,aus,0.3256568451659723,0.5120547638514605,0.0008842548019763781,0.005330978146606501,17985138065.8549,world_bank_wdi,0.3902333662550279,0.6547613545629039,0.12708216693310978,0.33527367078977016,0.002265964108764841,0.008141864374639641
Papua New Guinea,2011,china,0.07124854466672058,0.09202636119210338,0.001360206800435561,0.003635790722454781,17985138065.8549,world_bank_wdi,0.3902333662550279,0.6547613545629039,0.027803559426066087,0.06025530490963665,0.0034856240343800575,0.005552848678556953
Papua New Guinea,2011,us,0.05209276793428917,0.01295123989428739,0.00024796637087676524,0.0002273722627173393,17985138065.8549,world_bank_wdi,0.3902333662550279,0.6547613545629039,0.02032833618853964,0.008479971376452731,0.000635430981354661,0.000347259747590212
Papua New Guinea,2012,aus,0.2988066952071871,0.4830811180577383,0.0012231972826106672,0.002658752703301979,21295168665.7247,world_bank_wdi,0.4296760404967947,0.4910277823171283,0.1283900776705567,0.23720625007917007,0.002846789598033898,0.005414668576909228
Papua New Guinea,2012,china,0.07537223394622457,0.08157233652823492,0.0014279274062234597,0.002705208199586964,21295168665.7247,world_bank_wdi,0.4296760404967947,0.4910277823171283,0.032385643045411874,0.04005428350388567,0.003323265138480794,0.005509277269040179
Papua New Guinea,2012,us,0.04894917631270665,0.01197612338127069,0.00033514276035765154,0.00021134590263530815,21295168665.7247,world_bank_wdi,0.4296760404967947,0.4910277823171283,0.021032288263623286,0.005880609304661655,0.0007799894077644099,0.0004304153659859744
Papua New Guinea,2013,aus,0.3598135282025617,0.42638579343330135,0.0006860311764301728,0.0010815851272110836,21261338064.8783,world_bank_wdi,0.27678407643219444,0.31922152139669907,0.09959065509135538,0.1361115216817171,0.0024785789170867793,0.0033881961419104612
Papua New Guinea,2013,china,0.09398282642008374,0.11753073202789821,0.001581627570326459,0.0042547219156087186,21261338064.8783,world_bank_wdi,0.27678407643219444,0.31922152139669907,0.02601294981117012,0.03751833908881341,0.005714301164698398,0.013328430667809964
Papua New Guinea,2013,us,0.023896456515321195,0.01230399697661645,8.743640965002463e-05,0.00019041417476026976,21261338064.8783,world_bank_wdi,0.27678407643219444,0.31922152139669907,0.006614158646595272,0.003927700634135889,0.00031590115579298685,0.0005964954177498596
Papua New Guinea,2014,aus,0.3235221952824925,0.33668452246494185,0.0005888184395496279,0.0008879129265421327,23210823987.308,world_bank_wdi,0.2284102070180267,0.4274816849856601,0.07389577159940057,0.14392646697190567,0.002577898979370729,0.002077078288329283
Papua New Guinea,2014,china,0.12005028012438698,0.14142349461030151,0.0019505311875859445,0.005553517915301139,23210823987.308,world_bank_wdi,0.2284102070180267,0.4274816849856601,0.027420709335783326,0.06045595377257211,0.008539597301936703,0.01299124175457349
Papua New Guinea,2014,us,0.022364498171241906,0.010012061588568232,9.431075986064367e-05,0.00024128844851859833,23210823987.308,world_bank_wdi,0.2284102070180267,0.4274816849856601,0.005108279657147643,0.004279972958061352,0.00041290081162266286,0.0005644416053209213
Papua New Guinea,2015,aus,0.24063986639987664,0.2328992918626734,0.00042391100655142874,0.0007264925421169458,21723437010.0982,world_bank_wdi,0.218126197654511,0.44316446944030247,0.052489859061894614,0.10321269111134382,0.0019434208779582694,0.0016393293962272616
Papua New Guinea,2015,china,0.20829526281144406,0.1843393365306119,0.004283757366374437,0.005617661521388149,21723437010.0982,world_bank_wdi,0.218126197654511,0.44316446944030247,0.04543465366650736,0.081692644270566,0.01963889442184042,0.012676245296657045
Papua New Guinea,2015,us,0.03753974720828135,0.009429943931878909,0.00018654019062090118,0.00023602760995594535,21723437010.0982,world_bank_wdi,0.218126197654511,0.44316446944030247,0.008188402319453955,0.004179016099422917,0.0008551938860473846,0.0005325959688375695
Papua New Guinea,2016,aus,0.3020210789804241,0.30336584006959794,0.00043758672271605433,0.0011800598308469923,20758876952.6232,world_bank_wdi,0.18928047104703705,0.42123408982849714,0.057166692095549046,0.1277880335267745,0.0023118429508098173,0.0028014347825634114
Papua New Guinea,2016,china,0.16485588259366366,0.18648385446285143,0.00309728878016182,0.00614596043831666,20758876952.6232,world_bank_wdi,0.18928047104703705,0.42123408982849714,0.03120399911220369,0.07855335670236914,0.016363488335741354,0.014590368127183034
Papua New Guinea,2016,us,0.02241384916222923,0.009931340737646161,7.218984473977338e-05,0.00016618067230898898,20758876952.6232,world_bank_wdi,0.18928047104703705,0.42123408982849714,0.004242503927403985,0.004183419276399056,0.0003813908764091879,0.0003945090777829696
Papua New Guinea,2017,aus,0.27959613612590045,0.24304020366238613,0.0003853906545484802,0.0009638953065683519,22742699138.356,world_bank_wdi,0.18775904711320365,0.4668188970628686,0.05249670409553264,0.11345575981561005,0.002052581009937276,0.002064816383040594
Papua New Guinea,2017,china,0.18139002190289436,0.1950053474171646,0.003582456710570728,0.008272822656490098,22742699138.356,world_bank_wdi,0.18775904711320365,0.4668188970628686,0.034057617668330584,0.0910321812026423,0.01908007505178056,0.017721696162132785
Papua New Guinea,2017,us,0.019712924582922352,0.011474285953894789,3.235811349288759e-05,0.0001959099964684419,22742699138.356,world_bank_wdi,0.18775904711320365,0.4668188970628686,0.0037012799355039486,0.005356413513581131,0.0001723385050701618,0.00041967023550475044
Papua New Guinea,2018,aus,0.3171257261809117,0.24161390387985965,0.0004758803755118808,0.0009180162515573797,24109780708.0268,world_bank_wdi,0.18057427791330208,0.46403809621857156,0.05726474901284969,0.11211805597634701,0.0026353718869105047,0.001978320872872849
Papua New Guinea,2018,china,0.1803430524849932,0.2525801435137075,0.0028058450052184593,0.009882110169763978,24109780708.0268,world_bank_wdi,0.18057427791330208,0.46403809621857156,0.032565316479158384,0.11720680893871442,0.015538453414531226,0.021295902750857982
Papua New Guinea,2018,us,0.01689589363649208,0.007471205695828386,2.6013689435701688e-05,0.00014874965170566455,24109780708.0268,world_bank_wdi,0.18057427791330208,0.46403809621857156,0.003050963793109513,0.0034669240675495525,0.00014406088029985902,0.00032055482710971293
Papua New Guinea,2019,aus,0.32196399476071724,0.3578176696625444,0.0004947610986620238,0.002845987620585033,24750626029.8777,world_bank_wdi,0.210986362756894,0.6116975694159769,0.0679300121932434,0.21887619882666734,0.0023449908903927837,0.004652605736691519
Papua New Guinea,2019,china,0.16245066294016813,0.17777676893198238,0.0021236738384635754,0.008529165745967559,24750626029.8777,world_bank_wdi,0.210986362756894,0.6116975694159769,0.03427487450119223,0.10874561745431938,0.010065455466951426,0.013943435731011401
Papua New Guinea,2019,us,0.025791197949566635,0.0051462381128054785,9.388724309527292e-05,0.00011609839980770325,24750626029.8777,world_bank_wdi,0.210986362756894,0.6116975694159769,0.005441591046522127,0.003147941345238975,0.00044499199791151026,0.00018979705922086485
Papua New Guinea,2020,aus,0.3101436452588011,0.3395150253882705,0.0003793773298872867,0.002737203462800619,23848447849.6081,world_bank_wdi,0.18511664838064282,0.5561828907543753,0.05741275212686431,0.1888324482749934,0.0020493960603003075,0.0049214089615162914
Papua New Guinea,2020,china,0.20070616291249738,0.16173940372298942,0.0029924170401260395,0.007041875789055203,23848447849.6081,world_bank_wdi,0.18511664838064282,0.5561828907543753,0.03715405218770079,0.08995668911154123,0.01616503467571936,0.012661079486828508
Papua New Guinea,2020,us,0.018170464390394703,0.006632288044730102,4.430836953858962e-05,0.00014319534931753192,23848447849.6081,world_bank_wdi,0.18511664838064282,0.5561828907543753,0.0033636554674696876,0.003688765137033672,0.00023935378004187567,0.0002574609030553057
Papua New Guinea,2021,aus,0.31853065267226405,0.2206384477152221,0.0004370777551449708,0.001135066409121904,26113409477.7318,world_bank_wdi,0.18749361392946964,0.5471017619580841,0.05972246321683546,0.12071168350069462,0.0023311607578772706,0.0020746897342452104
Papua New Guinea,2021,china,0.18485663025034746,0.19657906903497555,0.0027688439752774235,0.009974001208953977,26113409477.7318,world_bank_wdi,0.18749361392946964,0.5471017619580841,0.03465943766446137,0.10754875503311498,0.014767670840879907,0.018230614307029283
Papua New Guinea,2021,us,0.012621049276629858,0.0068890693300641395,4.218811832149034e-05,0.0001852427825462783,26113409477.7318,world_bank_wdi,0.18749361392946964,0.5471017619580841,0.002366366140457251,0.003769021968729489,0.00022501096137258542,0.00033858926332697604
Papua New Guinea,2022,aus,0.26730637555278197,0.18904221181795244,0.0004511174739776468,0.0009758727998373702,31653230962.4549,world_bank_wdi,0.20164054274808832,0.5400243100072554,0.053899802646487284,0.10208738999923518,0.0022372359637081152,0.0018070904989893122
Papua New Guinea,2022,china,0.1992991840392681,0.1917371444944088,0.0036669441455893827,0.00875259465421933,31653230962.4549,world_bank_wdi,0.20164054274808832,0.5400243100072554,0.040186795638929164,0.10354271915835453,0.018185549868165823,0.016207778968509282
Papua New Guinea,2022,us,0.02146238893567658,0.004510050247882878,6.67055654339558e-05,7.687158922268139e-05,31653230962.4549,world_bank_wdi,0.20164054274808832,0.5400243100072554,0.004327687753660391,0.0024355367732110025,0.00033081425255481367,0.00014234838654142922
Papua New Guinea,2023,aus,0.2569003075667799,0.2299215088216317,0.00044281652346681065,0.0011624525031435286,30816328065.6492,world_bank_wdi,0.21517460921606102,0.5116305785495229,0.05527842328816775,0.11763487457939066,0.0020579404097914263,0.00227205439213405
Papua New Guinea,2023,china,0.20402065812826517,0.21154783932834403,0.004092452879095477,0.008913389875800018,30816328065.6492,world_bank_wdi,0.21517460921606102,0.5116305785495229,0.043900065384753044,0.10823434342646217,0.019019218364124763,0.01742153469612695
Papua New Guinea,2023,us,0.02435810715317453,0.005113045041768735,7.138370766060189e-05,7.171520822336008e-05,30816328065.6492,world_bank_wdi,0.21517460921606102,0.5116305785495229,0.00524124618792727,0.0026159901928699074,0.0003317478206219216,0.00014016990232810814
Papua New Guinea,2024,aus,0.29118408261563666,0.1937126828853676,0.0004860425267239877,0.0008236576802145364,30803971189.4102,world_bank_wdi,0.1777551119409692,0.45061299569621405,0.05175945920077092,0.08728945233932624,0.00273433782813176,0.0018278604658126965
Papua New Guinea,2024,china,0.2428972769950131,0.23516817494034725,0.005283428036175183,0.009469398193525479,30803971189.4102,world_bank_wdi,0.1777551119409692,0.45061299569621405,0.04317623266240516,0.10596983580228121,0.029723072256452234,0.021014480904828103
Papua New Guinea,2024,us,0.008903614096020064,0.005693598399602928,4.429181474455792e-06,0.00010295786998946247,30803971189.4102,world_bank_wdi,0.1777551119409692,0.45061299569621405,0.0015826629203172379,0.0025656094311362456,2.4917322636137074e-05,0.00022848402281516246
Samoa,2002,aus,0.21245516877618917,0.6540365221341952,0.0011001209561111835,0.0006296706255285106,281790134.211972,world_bank_wdi,0.4110584507293897,0.11860261926295676,0.08733149252659132,0.07757044461875034,0.0026763127096866846,0.005309078580570405
Samoa,2002,china,0.024071127155160358,0.0,0.00037414380753303,0.0,281790134.211972,world_bank_wdi,0.4110584507293897,0.11860261926295676,0.009894640235710357,0.0,0.0009101961214254136,0.0
Samoa,2002,us,0.059539627559227565,0.17380708707877743,0.000949537540708168,0.002992106573663781,281790134.211972,world_bank_wdi,0.4110584507293897,0.11860261926295676,0.024474267061500955,0.020613975774007812,0.002309981801914767,0.025227997427526527
Samoa,2003,aus,0.12234843990698394,0.39799127958346375,0.00012029946657806615,0.00017455052442240997,333426188.41876,world_bank_wdi,0.44302843367083516,0.054378584015807495,0.054203837694061396,0.021642202234388112,0.0002715389294120278,0.0032099130122930247
Samoa,2003,china,0.019169903220937954,0.019696166462709344,0.0001925875414246415,8.441567685648843e-06,333426188.41876,world_bank_wdi,0.44302843367083516,0.054378584015807495,0.00849281219759364,0.00107104964278177,0.00043470695510196473,0.00015523698967952044
Samoa,2003,us,0.06461063235647675,0.22103055918281173,0.0012155170724852235,0.0014500655143466475,333426188.41876,world_bank_wdi,0.44302843367083516,0.054378584015807495,0.028624347251372077,0.012019328832583439,0.002743654763676722,0.026666113886399157
Samoa,2004,aus,0.09300098535879597,0.05186284475944636,0.00016964928632834817,7.824470930204314e-06,407747565.096959,world_bank_wdi,0.45195147138690883,0.03876289732408724,0.042031932173340204,0.002010354126345495,0.00037537058084520313,0.0002018546463332139
Samoa,2004,china,0.03193263814992526,0.06170664763866349,0.0006371168543213645,9.76641483903365e-05,407747565.096959,world_bank_wdi,0.45195147138690883,0.03876289732408724,0.01443200279712446,0.0023919284466311433,0.0014097019141595811,0.0025195265352274906
Samoa,2004,us,0.058111890968560204,0.2735742806117145,0.0014494022428384221,0.0010071761378477758,407747565.096959,world_bank_wdi,0.45195147138690883,0.03876289732408724,0.026263754628316403,0.01060453174986292,0.0032069864456699838,0.025982994238717992
Samoa,2005,aus,0.09613929116574034,0.4228181215745325,0.00011041136555547002,0.00017154813589294205,476801793.159429,world_bank_wdi,0.4512459833137798,0.05944290144589091,0.04338246897717428,0.025133535930291658,0.00024468110440485413,0.0028859314017351118
Samoa,2005,china,0.027614208022616486,0.0014368536954526424,0.00013648475367065326,2.432352563400712e-06,476801793.159429,world_bank_wdi,0.4512459833137798,0.05944290144589091,0.012460800452596843,8.541075261095557e-05,0.00030246198020060115,4.09191426433787e-05
Samoa,2005,us,0.061251402443116165,0.21625579580503923,0.001574228984552971,0.0014941308002887868,476801793.159429,world_bank_wdi,0.4512459833137798,0.05944290144589091,0.02763944932479201,0.012854871957141654,0.003488627140772376,0.025135563102498443
Samoa,2006,aus,0.08683161079881191,0.6919627484288856,8.637161168169438e-05,0.0010212024592489793,499923757.780736,world_bank_wdi,0.4618206244586212,0.17233836691911647,0.04010062872185527,0.11925173003309757,0.00018702415420044372,0.005925566532310592
Samoa,2006,china,0.056095801963089116,0.00013438407176634062,0.0005767567188995802,7.783712453069292e-09,499923757.780736,world_bank_wdi,0.4618206244586212,0.17233836691911647,0.025906198292100967,2.315953146815249e-05,0.0012488760535017145,4.5165290771975466e-08
Samoa,2006,us,0.0747764520749405,0.03969845690686541,0.001131852649058226,0.0006876869118474763,499923757.780736,world_bank_wdi,0.4618206244586212,0.17233836691911647,0.03453330779204918,0.006841567232538104,0.00245084907237537,0.003990329745727649
Samoa,2007,aus,0.07944584499244679,0.7586917147104623,6.206770316538708e-05,0.0012212536837249008,573548459.833372,world_bank_wdi,0.4247110158237871,0.18589278233085124,0.033741525529721206,0.14103531377889225,0.00014614102496258072,0.006569667032856167
Samoa,2007,china,0.04777883643627904,0.0027901719400172872,0.0005364469603331768,9.312361140728882e-06,573548459.833372,world_bank_wdi,0.4247110158237871,0.18589278233085124,0.020292198157730642,0.0005186728251112825,0.0012630869940885852,5.009533465454715e-05
Samoa,2007,us,0.06476131563557441,0.03976986399520331,0.0009650440992355349,0.0007784718947418093,573548459.833372,world_bank_wdi,0.4247110158237871,0.18589278233085124,0.027504844149669718,0.0073929306709878875,0.002272237034783982,0.0041877467483180065
Samoa,2008,aus,0.06594999995522341,0.6969963137600359,5.308018845660039e-05,0.0008192840839100381,641346191.664776,world_bank_wdi,0.4074200321073661,0.1314329532092388,0.026869351099237916,0.09160828389343473,0.00013028369808436993,0.006233475425342936
Samoa,2008,china,0.09664328469144529,0.030975398683066785,0.002077847968213301,8.569808940162172e-05,641346191.664776,world_bank_wdi,0.4074200321073661,0.1314329532092388,0.03937441015194996,0.004071188125749034,0.005100014246883502,0.0006520289418224664
Samoa,2008,us,0.04789615380850148,0.036888439446193716,0.000792905146594576,0.0005919263579089286,641346191.664776,world_bank_wdi,0.4074200321073661,0.1314329532092388,0.019513852522479017,0.004848356535693418,0.001946161416004268,0.004503637356200868
Samoa,2009,aus,0.2141393913364467,0.35217784239976346,0.0011356555646474453,0.00033870787137273465,628006115.424052,world_bank_wdi,0.4177331725867978,0.13549186530221033,0.08945312731877972,0.04771723278485181,0.0027186147502122914,0.0024998391646410462
Samoa,2009,china,0.0993582970570821,0.08964936069833113,0.0015750577769000785,0.0003642771782547179,628006115.424052,world_bank_wdi,0.4177331725867978,0.13549186530221033,0.041505256652476404,0.01214675910416755,0.0037704876707458715,0.002688553865888621
Samoa,2009,us,0.13024359585561715,0.04236335482124045,0.0026639247557536314,0.0004167030450713738,628006115.424052,world_bank_wdi,0.4177331725867978,0.13549186530221033,0.054407070505879666,0.005739889965189254,0.006377096506981651,0.003075483861277803
Samoa,2010,aus,0.1679063657228638,0.42790209085424735,0.0010768308302387727,0.0005355851712083868,680260907.153983,world_bank_wdi,0.6786840242393852,0.15043846401250724,0.11395536798420318,0.0643729332958533,0.0015866453191462678,0.0035601611245104107
Samoa,2010,china,0.16092774724848072,0.00043882292658463514,0.007591700369027613,7.504713578046051e-07,680260907.153983,world_bank_wdi,0.6786840242393852,0.15043846401250724,0.10921909111437755,6.601584704886574e-05,0.011185912881234803,4.988560357424362e-06
Samoa,2010,us,0.08082374237465204,0.04578356226852184,0.0021412043118449707,0.00039560755879028165,680260907.153983,world_bank_wdi,0.6786840242393852,0.15043846401250724,0.05485378272891617,0.006887608784697407,0.003154935485986518,0.0026296968756433954
Samoa,2011,aus,0.08426582257578727,0.40264983741323923,0.000241531001688802,0.0003845221011883725,744097050.169115,world_bank_wdi,0.6296832394289309,0.11173634673206098,0.053060776132665265,0.04499062184481368,0.0003835754019875931,0.003441334108680322
Samoa,2011,china,0.0867204084053824,0.0011534628554097951,0.0029195858130344494,6.226002279482019e-08,744097050.169115,world_bank_wdi,0.6296832394289309,0.11173634673206098,0.054606387689301074,0.000128883725554622,0.004636594449746297,5.572047468503429e-07
Samoa,2011,us,0.08919150277251336,0.050520270658564,0.0026361355821003657,0.000249141536626199,744097050.169115,world_bank_wdi,0.6296832394289309,0.11173634673206098,0.05616239439533069,0.005644950479302874,0.004186447116634574,0.0022297268875599617
Samoa,2012,aus,0.07165310440166862,0.3017389969534016,0.00022634556544243387,0.0001811502567999259,773141661.165548,world_bank_wdi,0.5341324219644858,0.1005055449771727,0.03827224619533742,0.030326442329667084,0.00042376301481560964,0.0018023906724854793
Samoa,2012,china,0.14121686130842667,0.00030344241319583146,0.005647989012299905,4.452744863569412e-09,773141661.165548,world_bank_wdi,0.5341324219644858,0.1005055449771727,0.07542850415289283,3.0497645107435464e-05,0.010574136262927391,4.430347464491378e-08
Samoa,2012,us,0.11326204191365466,0.04817739970069374,0.0033452846873379444,0.0003394793069336322,773141661.165548,world_bank_wdi,0.5341324219644858,0.1005055449771727,0.06049692876398347,0.004842095812501302,0.00626302495368905,0.00337771718974049
Samoa,2013,aus,0.06439111249654977,0.2883593263091682,0.000211325837268925,0.00021158649551858812,797736334.281305,world_bank_wdi,0.5391169406712064,0.12808555610301298,0.034714339575555406,0.036934664667799995,0.0003919851544746898,0.0016519153443688794
Samoa,2013,china,0.10508341589835322,0.0003185308001481564,0.002832315250485028,5.029885138258414e-08,797736334.281305,world_bank_wdi,0.5391169406712064,0.12808555610301298,0.056652249694400206,4.0799194672914304e-05,0.005253619459553181,3.926972947842083e-07
Samoa,2013,us,0.11868892859004002,0.04739582108964565,0.0028499595967180634,0.0007842256185232809,797736334.281305,world_bank_wdi,0.5391169406712064,0.12808555610301298,0.06398721207300566,0.006070720101226173,0.005286347695121272,0.006122670208751457
Samoa,2014,aus,0.07044228887939424,0.4291832345717205,0.0002657415395730756,0.00022493350829076692,796683519.593842,world_bank_wdi,0.6159696767044723,0.07123252910883818,0.04339031390736352,0.030571807249655403,0.0004314198403318028,0.0031577358140279523
Samoa,2014,china,0.13579532849326648,0.0035570533116761577,0.005940898146100106,1.5204552133789996e-07,796683519.593842,world_bank_wdi,0.6159696767044723,0.07123252910883818,0.08364580458997498,0.00025337790356566115,0.009644789947915582,2.134495619348084e-06
Samoa,2014,us,0.08466761011270306,0.10474345082065689,0.002498964122011679,0.0010035735239199287,796683519.593842,world_bank_wdi,0.6159696767044723,0.07123252910883818,0.052152680428462016,0.0074611409095426025,0.004056959646749986,0.01408869706684906
Samoa,2015,aus,0.08709939955543422,0.37795356744147374,0.00041982671259253564,0.0002550091984029086,824150498.653536,world_bank_wdi,0.5610761793573733,0.1032126646030939,0.048869398326884333,0.03900959479187966,0.0007482526046166899,0.0024707161604978507
Samoa,2015,china,0.14875577638728238,0.01152177399727018,0.005596586094257894,2.6253449668313433e-06,824150498.653536,world_bank_wdi,0.5610761793573733,0.1032126646030939,0.08346332267271617,0.0011891929952128958,0.009974734804582016,2.5436267699580793e-05
Samoa,2015,us,0.08564726997656089,0.05901568993127886,0.0021957422862997123,0.00034654559113530495,824150498.653536,world_bank_wdi,0.5610761793573733,0.1032126646030939,0.04805464301083825,0.006091166611197271,0.0039134477047565955,0.0033575878742008263
Samoa,2016,aus,0.09239543038270442,0.325915622927496,0.00016286579869980242,0.00019771394509909872,843924796.697421,world_bank_wdi,0.5312536327342283,0.1083310081156185,0.049085408038854215,0.03530676799236542,0.0003065688188550792,0.0018250909738427288
Samoa,2016,china,0.13494161908349375,0.009662107300000708,0.0044308036437163125,1.7770076217587265e-06,843924796.697421,world_bank_wdi,0.5312536327342283,0.1083310081156185,0.07168822534514453,0.0010467058243303533,0.008340279238961783,1.6403499355070882e-05
Samoa,2016,us,0.0872031905812942,0.0746410233793549,0.0022802643775909908,0.0005075097207573546,843924796.697421,world_bank_wdi,0.5312536327342283,0.1083310081156185,0.04632701178232778,0.008085937309466966,0.0042922330071514915,0.004684805667235224
Samoa,2017,aus,0.08730117659838606,0.28446087682282983,0.00023532453149205878,0.00012252494795337565,884844384.463214,world_bank_wdi,0.5171714066735139,0.07947585274292215,0.045149672305640175,0.02260777075749374,0.00045502231649983163,0.001541662577055989
Samoa,2017,china,0.10016871670511064,0.011151564957517488,0.0029214102830502388,1.5278484560043949e-06,884844384.463214,world_bank_wdi,0.5171714066735139,0.07947585274292215,0.051804396123062785,0.0008862801344167909,0.005648824055917889,1.9224058670329396e-05
Samoa,2017,us,0.10778549007490917,0.08304737735731488,0.002579737842112258,0.00043675381886593937,884844384.463214,world_bank_wdi,0.5171714066735139,0.07947585274292215,0.05574357352103485,0.006600261133535845,0.004988167962929987,0.0054954279041043086
Samoa,2018,aus,0.0990384514573491,0.11496465321068194,0.00030274771516547195,4.4950624639374636e-05,878448433.404342,world_bank_wdi,0.5306207983018255,0.08246852318837765,0.052551862174875175,0.009480965169148918,0.0005705538044011314,0.0005450640183854967
Samoa,2018,china,0.12685956036982504,0.008786869423693458,0.004767763296390824,1.5538259368513752e-06,878448433.404342,world_bank_wdi,0.5306207983018255,0.08246852318837765,0.0673143211956552,0.0007246401448211105,0.008985255217378125,1.8841442489543173e-05
Samoa,2018,us,0.08905086253744664,0.12313837608718803,0.0023803688691703263,0.000620865600216962,878448433.404342,world_bank_wdi,0.5306207983018255,0.08246852318837765,0.04725223976908606,0.010155040023725434,0.004486007478011322,0.007528516047253057
Samoa,2019,aus,0.10446327056368437,0.09937450528524314,0.0002392420086673799,3.0161462475405704e-05,912950466.064906,world_bank_wdi,0.562035841015191,0.08030968571167521,0.05871210212645779,0.007980735287211084,0.0004256703775959255,0.00037556444416543034
Samoa,2019,china,0.13218916270774167,0.009972808461790102,0.005529799751536149,1.6809363206455982e-06,912950466.064906,world_bank_wdi,0.562035841015191,0.08030968571167521,0.07429504723553951,0.0008009131132290982,0.009838873872434564,2.093067985199733e-05
Samoa,2019,us,0.07331056355707817,0.13682520429797201,0.001995444972273775,0.0005270415591362282,912950466.064906,world_bank_wdi,0.562035841015191,0.08030968571167521,0.04120316424410004,0.010988389154605885,0.003550387407090362,0.006562615137461662
Samoa,2020,aus,0.0530910947389644,0.04606428282846827,7.145049735834387e-05,4.263746051646432e-06,868884902.953089,world_bank_wdi,0.4154973538762146,0.05566854463186762,0.022059209378431126,0.002564331584571559,0.00017196378434609832,7.659165656013284e-05
Samoa,2020,china,0.24172712136244387,0.011876767614870493,0.009604506046108654,3.4781242047042773e-06,868884902.953089,world_bank_wdi,0.4154973538762146,0.05566854463186762,0.10043697928621002,0.000661162368050738,0.02311568523001963,6.247916534741264e-05
Samoa,2020,us,0.0686222499668702,0.10400173596789948,0.0017380118720672297,0.00032755284586422995,868884902.953089,world_bank_wdi,0.4154973538762146,0.05566854463186762,0.028512363278266725,0.005789625280520724,0.004182967366345779,0.0058839843583178815
Samoa,2021,aus,0.08903857986737233,0.06356699387773754,0.00015230044354179223,6.524871606672404e-06,859724936.05765,world_bank_wdi,0.5539835684934267,0.07301715510062926,0.0493259102085139,0.004641481051251512,0.0002749187019318595,8.936080291926046e-05
Samoa,2021,china,0.15257825352646964,0.011047306358556825,0.005464202320898481,1.4198319577848732e-05,859724936.05765,world_bank_wdi,0.5539835684934267,0.07301715510062926,0.08452584536308841,0.0008066428818269115,0.009863473632906707,0.00019445183201510918
Samoa,2021,us,0.08775514920116653,0.21760035086764057,0.003174734632776347,0.0010476891004284786,859724936.05765,world_bank_wdi,0.5539835684934267,0.07301715510062926,0.04861491070813532,0.015888558569253856,0.005730737901505137,0.014348533560155778
Samoa,2022,aus,0.07348201984801606,0.04831440344758224,0.00014953161160585732,7.728569408709914e-06,889554711.842341,world_bank_wdi,0.6532010535884645,0.10341810770634735,0.04799853278453255,0.00499658417950998,0.00022892126518226125,7.473129783668985e-05
Samoa,2022,china,0.14443005202190848,0.01890610212512894,0.0058349742450784945,4.409250472949845e-05,889554711.842341,world_bank_wdi,0.6532010535884645,0.10341810770634735,0.09434186215054735,0.0019552333058837873,0.008932891661798661,0.00042635188080116307
Samoa,2022,us,0.09508317907809817,0.17447890841852856,0.003153188993839812,0.0012751799557609797,889554711.842341,world_bank_wdi,0.6532010535884645,0.10341810770634735,0.062108432752354364,0.0180442785433133,0.004827287060419245,0.01233033541265148
Samoa,2023,aus,0.09074722587958944,0.08933599670080315,0.0001860017577980726,2.2102148035858484e-05,1044909500.02527,world_bank_wdi,0.5713861468247357,0.08291789193026254,0.051851707730372544,0.007407552519919486,0.00032552724428428593,0.00026655463038601277
Samoa,2023,china,0.15002020452959022,0.029556093738842337,0.007610117017107724,8.353857674990556e-05,1044909500.02527,world_bank_wdi,0.5713861468247357,0.08291789193026254,0.08571946661202132,0.0024507289865180384,0.013318693600462833,0.001007485535451927
Samoa,2023,us,0.06674073813371147,0.12345461670514679,0.00186548501831392,0.0007463942544862624,1044909500.02527,world_bank_wdi,0.5713861468247357,0.08291789193026254,0.03813473319846009,0.010236596566249347,0.003264841173837787,0.0090016067354198
Samoa,2024,aus,0.08872743260563935,0.10561662921443819,0.00014845428792691103,1.6284024941677784e-05,1175749785.65113,world_bank_wdi,0.5140746197672242,0.06323912358514538,0.04561252117966606,0.006679103067538333,0.00028877964835947735,0.00025749921913058955
Samoa,2024,china,0.14367226128826932,0.021254970150249783,0.006706333132295449,3.2026904190752254e-05,1175749785.65113,world_bank_wdi,0.5140746197672242,0.06323912358514538,0.07385826309286433,0.0013441456841302222,0.013045446856201758,0.0005064413036596105
Samoa,2024,us,0.07793880996518592,0.08354797722325652,0.002440268594360646,0.00037969384912590843,1175749785.65113,world_bank_wdi,0.5140746197672242,0.06323912358514538,0.040066364097962895,0.005283500856910431,0.004746915137467033,0.006004097267646147
Solomon Islands,2002,aus,0.2991211610200738,0.011222644600179483,0.00030857147205921436,4.6951828984815916e-06,346406738.885237,world_bank_wdi,0.15504519679045117,0.22507821369442427,0.04637729927454558,0.0025259727995357744,0.00199020336293461,2.086022819096997e-05
Solomon Islands,2002,china,0.01988930992764096,0.23364829769313575,7.762401589377237e-05,0.0011450399887415444,346406738.885237,world_bank_wdi,0.15504519679045117,0.22507821369442427,0.003083741971757367,0.05258914147751406,0.0005006541157072015,0.005087298188247128
Solomon Islands,2002,us,0.01645949322066084,0.010771026955591487,2.9419758820239416e-05,0.0001932817258466071,346406738.885237,world_bank_wdi,0.15504519679045117,0.22507821369442427,0.002551965365468457,0.002424323506819025,0.00018974956612168524,0.0008587313835225945
Solomon Islands,2003,aus,0.2690016429876746,0.030474942374867867,0.00023027060983550653,1.0077255534409778e-05,417666638.600021,world_bank_wdi,0.20529242241469198,0.26798340029065076,0.05522399892247186,0.008166778681278731,0.0011216712586222908,3.760402891925447e-05
Solomon Islands,2003,china,0.024673190349538524,0.29160244888741865,0.00010212268407022349,0.0019881495294755552,417666638.600021,world_bank_wdi,0.20529242241469198,0.26798340029065076,0.005065219015555564,0.07814461578593114,0.0004974498467553519,0.007418927916129276
Solomon Islands,2003,us,0.01455786958627304,0.011189631423406208,2.2118143494194297e-05,0.00018471683033217557,417666638.600021,world_bank_wdi,0.20529242241469198,0.26798340029065076,0.002988620312563162,0.00299863547684351,0.00010773969752042532,0.0006892845979707493
Solomon Islands,2004,aus,0.25472025788945396,0.022106441392090066,0.00032664119776786065,1.527642358328036e-05,468000121.313434,world_bank_wdi,0.2147663182605992,0.39380687868789577,0.054705331973308374,0.008705668683515891,0.0015209144544328014,3.879166263976664e-05
Solomon Islands,2004,china,0.03303493282100826,0.3144424786998807,0.00016674967970638717,0.0031246643733740106,468000121.313434,world_bank_wdi,0.2147663182605992,0.39380687868789577,0.007094790895954173,0.12382961106368516,0.0007764237942750956,0.007934509381311251
Solomon Islands,2004,us,0.01894630821408471,0.018600385204329162,6.381322777185865e-05,0.0007056975660728212,468000121.313434,world_bank_wdi,0.2147663182605992,0.39380687868789577,0.004069028859769522,0.007324959639709385,0.0002971286572712354,0.0017919889272226465
Solomon Islands,2005,aus,0.22733262967517917,0.014728681765087752,0.00035153393357299117,1.9438478531322033e-05,552881356.697517,world_bank_wdi,0.2218575206309735,0.3665571311909461,0.05043545357825452,0.005398903334034966,0.0015845031197194114,5.302987413767211e-05
Solomon Islands,2005,china,0.041401208846630955,0.4766666375213456,0.00038713904869523274,0.005794769070438502,552881356.697517,world_bank_wdi,0.2218575206309735,0.3665571311909461,0.00918516954583867,0.174725555184259,0.0017449895211764316,0.01580863821039647
Solomon Islands,2005,us,0.013219250566808635,0.010856788359435073,2.7272083607558447e-05,0.00022604842549993624,552881356.697517,world_bank_wdi,0.2218575206309735,0.3665571311909461,0.0029327901553517547,0.003979633194981778,0.00012292611731166617,0.0006166799286253243
Solomon Islands,2006,aus,0.2208510144595477,0.013491056398229307,0.000423318139380791,1.8832085227349994e-05,617257457.758489,world_bank_wdi,0.24640347733070103,0.3771587999040232,0.05441845793484548,0.005088270640593659,0.0017179876841293545,4.993144858914138e-05
Solomon Islands,2006,china,0.03295308392188893,0.5363410466316479,0.0003397952412952574,0.007312482899321492,617257457.758489,world_bank_wdi,0.24640347733070103,0.3771587999040232,0.008119754467123846,0.20228574548686007,0.001379019667158407,0.01938833960968781
Solomon Islands,2006,us,0.020194032936811133,0.011798182301631635,0.00017744551828519786,0.0006940072825275744,617257457.758489,world_bank_wdi,0.24640347733070103,0.3771587999040232,0.004975879936960972,0.004449788277932273,0.0007201421027311482,0.0018400930396007748
Solomon Islands,2007,aus,0.23259486497373236,0.017969770165703863,0.0003958410675079123,2.9531704261579225e-05,695291217.982227,world_bank_wdi,0.3086084829644503,0.4760255853087165,0.0717807484248647,0.008554070360992294,0.001282664247286782,6.203806092150919e-05
Solomon Islands,2007,china,0.0478001709890791,0.5509086238227934,0.000517633910595116,0.01129685754630792,695291217.982227,world_bank_wdi,0.3086084829644503,0.4760255853087165,0.01475153825438103,0.26224660010686474,0.001677315884588772,0.02373161841496729
Solomon Islands,2007,us,0.009964591592536104,0.004723925807050496,2.7255010366381164e-05,9.110153278603614e-05,695291217.982227,world_bank_wdi,0.3086084829644503,0.4760255853087165,0.003075157494732883,0.0022487095472561633,8.831581719521548e-05,0.00019137948798897883
Solomon Islands,2008,aus,0.18845239343780554,0.014761372252759124,0.0004597495367963658,4.1649030960080935e-05,776335523.470373,world_bank_wdi,0.3041874857720744,0.49348610158584416,0.05732485974757583,0.0072845320470715505,0.0015114018764757896,8.439757639828058e-05
Solomon Islands,2008,china,0.05040049048841521,0.5611588372095737,0.0006102062994652948,0.013260024058878482,776335523.470373,world_bank_wdi,0.3041874857720744,0.49348610158584416,0.015331198483350373,0.27692408694499787,0.00200602039205031,0.026870106404753204
Solomon Islands,2008,us,0.008404255621425074,0.00399183222171364,3.3919674435273666e-05,0.00013481837033108628,776335523.470373,world_bank_wdi,0.3041874857720744,0.49348610158584416,0.002556469387267116,0.0019699137212782236,0.00011150910547546143,0.0002731958810954152
Solomon Islands,2009,aus,0.18601086190221808,0.014831492339939502,0.00019538015857449703,2.558998204218379e-05,805557289.459198,world_bank_wdi,0.308995392701499,0.3703002938503097,0.05747649932022018,0.005492105971718215,0.0006323076757433775,6.91060268305601e-05
Solomon Islands,2009,china,0.10380560288714925,0.5970694396073276,0.0009998899402841057,0.013301032903762975,805557289.459198,world_bank_wdi,0.308995392701499,0.3703002938503097,0.03207545302873054,0.22109498893563317,0.0032359380233544016,0.03591958506287275
Solomon Islands,2009,us,0.1306545694624483,0.0032542178335892256,0.005396909877248433,7.547736660264014e-05,805557289.459198,world_bank_wdi,0.308995392701499,0.3703002938503097,0.04037165999929449,0.0012050378200310085,0.017465988182102272,0.00020382745532778628
Solomon Islands,2010,aus,0.29281030691772736,0.013188410300722472,0.0003903413043026683,1.9465679680153916e-05,898128551.289162,world_bank_wdi,0.30111661923208194,0.4593445775750369,0.08817004969537436,0.006058024758471629,0.0012963127219551356,4.237707514240564e-05
Solomon Islands,2010,china,0.10492250645632395,0.6958026978904497,0.0017353255710786622,0.026395156730720327,898128551.289162,world_bank_wdi,0.30111661923208194,0.4593445775750369,0.03159391042548456,0.3196131963380596,0.005762968432310876,0.05746265008735955
Solomon Islands,2010,us,0.007175383514551929,0.0029566757503227243,1.7643663123403292e-05,7.552900678071305e-05,898128551.289162,world_bank_wdi,0.30111661923208194,0.4593445775750369,0.002160627225595491,0.001358132973558347,5.85941193428605e-05,0.00016442777485138572
Solomon Islands,2011,aus,0.2864038961740836,0.10416482669673803,0.00119857014822002,0.0012511335178404305,1063898226.71892,world_bank_wdi,0.4087465765791623,0.6699200704545409,0.11706661208009052,0.06978210803956379,0.0029323062672499027,0.0018675862584495132
Solomon Islands,2011,china,0.1058055962309091,0.6025733185062396,0.0016217561402257657,0.03917064239801815,1063898226.71892,world_bank_wdi,0.4087465765791623,0.6699200704545409,0.04324767524230121,0.4036759599877266,0.003967632350094261,0.058470620788299205
Solomon Islands,2011,us,0.011640216657887921,0.001964292698278383,2.6358996629049627e-05,0.00010725481324566955,1063898226.71892,world_bank_wdi,0.4087465765791623,0.6699200704545409,0.004757898709551426,0.0013159191028239946,6.448738200977851e-05,0.00016010091050548333
Solomon Islands,2012,aus,0.3085620527459821,0.16468918912962563,0.002957180640088304,0.0012551086458631514,1185217634.37393,world_bank_wdi,0.4130898602927244,0.6158014105025823,0.127463855260474,0.10141583496055001,0.007158686097966148,0.002038171112402621
Solomon Islands,2012,china,0.09147772900406428,0.5687207402179171,0.0018646377077795233,0.03401094931699485,1185217634.37393,world_bank_wdi,0.4130898602927244,0.6158014105025823,0.03778852229418462,0.35021903400826604,0.004513879150793488,0.05523038553815107
Solomon Islands,2012,us,0.01278820519354452,0.0022145862204989487,2.9083446379551065e-05,2.1540209672268897e-05,1185217634.37393,world_bank_wdi,0.4130898602927244,0.6158014105025823,0.005282677896795998,0.0013637453182628353,7.040464841945505e-05,3.497914961690165e-05
Solomon Islands,2013,aus,0.2606914377471885,0.1038968247488348,0.0025272025525683098,0.0006368690381761554,1285905957.64116,world_bank_wdi,0.42298637141222767,0.7066473995243542,0.1102689253109199,0.07341842102760167,0.005974666616635237,0.0009012543435450739
Solomon Islands,2013,china,0.08336643451303136,0.6758225305903764,0.0017442532795161078,0.05562151885919626,1285905957.64116,world_bank_wdi,0.42298637141222767,0.7066473995243542,0.035262865632242235,0.4775682337816578,0.0041236630714426015,0.07871184256339897
Solomon Islands,2013,us,0.01615332360170631,0.010863501095857946,4.260513118485126e-05,0.00012554008795752177,1285905957.64116,world_bank_wdi,0.42298637141222767,0.7066473995243542,0.0068326357365332486,0.007676664799117989,0.00010072459555281935,0.00017765591162158533
Solomon Islands,2014,aus,0.2759338258064485,0.05575514975186151,0.002505673654486964,0.00021182048589391943,1335576762.84974,world_bank_wdi,0.3566995348013536,0.5312662856502753,0.09842546730111791,0.029620831314546334,0.007024605893815861,0.0003987086920726562
Solomon Islands,2014,china,0.117200601822491,0.6758742895568345,0.002108313413045011,0.04779341406026792,1335576762.84974,world_bank_wdi,0.3566995348013536,0.5312662856502753,0.04180540014852121,0.35906922337937813,0.005910614417311011,0.08996131573033718
Solomon Islands,2014,us,0.01022296596758339,0.013419790741783602,3.10164201292747e-05,0.00022241948886088443,1335576762.84974,world_bank_wdi,0.3566995348013536,0.5312662856502753,0.003646527204927065,0.0071294823815913275,8.695391247579783e-05,0.0004186591448931127
Solomon Islands,2015,aus,0.28249285676264296,0.014034470995920015,0.0027205555460636747,1.4386116703056623e-05,1307908813.59962,world_bank_wdi,0.3500001515703013,0.5289793201223834,0.09887254268445245,0.007423944925699078,0.007773012479730946,2.719599076146925e-05
Solomon Islands,2015,china,0.11560115666641763,0.6012099311632756,0.002243084779650346,0.03502791692999531,1307908813.59962,world_bank_wdi,0.3500001515703013,0.5289793201223834,0.04046042235494832,0.3180276206375744,0.006408810880756999,0.06621793253069201
Solomon Islands,2015,us,0.011001192496335532,0.005750463808102231,9.127308914394486e-05,4.3328291876280946e-05,1307908813.59962,world_bank_wdi,0.3500001515703013,0.5289793201223834,0.003850419041171497,0.00304187643559829,0.00026078014176405775,8.190923582089488e-05
Solomon Islands,2016,aus,0.18372055108927784,0.01229186302662524,0.0007064643118560493,1.2997397070852538e-05,1379486290.71433,world_bank_wdi,0.40042708486357115,0.4877310883978405,0.07356668470220831,0.005995123732413102,0.0017642770395932322,2.6648695110963702e-05
Solomon Islands,2016,china,0.14392730223956618,0.5201968584834228,0.0032033176366856085,0.027125172380024057,1379486290.71433,world_bank_wdi,0.40042708486357115,0.4877310883978405,0.05763239006806762,0.2537161799692572,0.00799975265853209,0.05561501619494501
Solomon Islands,2016,us,0.015719477980082372,0.005343843550045863,5.243193475171522e-05,5.8103603407609505e-05,1379486290.71433,world_bank_wdi,0.40042708486357115,0.4877310883978405,0.006294504743141482,0.002606358630891649,0.00013094003061650842,0.00011913040769756018
Solomon Islands,2017,aus,0.1826022782563885,0.0148658607657861,0.0008996202605457919,4.191068887125193e-05,1469790526.3972,world_bank_wdi,0.4529825822404813,0.6205624873877521,0.08271565152757376,0.009225195533976216,0.0019859930509826926,6.753661351280562e-05
Solomon Islands,2017,china,0.12628042945969645,0.6204511732424385,0.0027852588931951035,0.06504141712205974,1469790526.3972,world_bank_wdi,0.4529825822404813,0.6205624873877521,0.057202835023090245,0.38502872336997673,0.006148710794616057,0.1048104235173005
Solomon Islands,2017,us,0.01406336520400679,0.005856454730825108,7.063985521933175e-05,6.93950565033127e-05,1469790526.3972,world_bank_wdi,0.4529825822404813,0.6205624873877521,0.006370459485101929,0.0036342961150345977,0.00015594386625185992,0.0001118260576713718
Solomon Islands,2018,aus,0.1750056074686116,0.01091349413174325,0.0008776139080508516,2.7381943946234546e-05,1615473250.25259,world_bank_wdi,0.41644424994026386,0.6203273392755414,0.0728800789376062,0.006769938776943525,0.002107398308841434,4.414112068349746e-05
Solomon Islands,2018,china,0.1533689301892878,0.632420028669497,0.0037776895050340626,0.061913649344791676,1615473250.25259,world_bank_wdi,0.41644424994026386,0.6203273392755414,0.06386960909681864,0.3923074336891107,0.009071297071759177,0.09980802944635402
Solomon Islands,2018,us,0.01753402049846572,0.004924091978748584,6.363308674894161e-05,6.011165186701013e-05,1615473250.25259,world_bank_wdi,0.41644424994026386,0.6203273392755414,0.007301942014920768,0.003054548875525145,0.00015280097337895613,9.690311559895527e-05
Solomon Islands,2019,aus,0.12562935023706295,0.008423160173328458,0.00045584336503550155,1.9105794368940487e-05,1619150563.92084,world_bank_wdi,0.25979089985393417,0.44087646875247594,0.03263736194615164,0.0037135731129535436,0.00175465486008862,4.333593585296831e-05
Solomon Islands,2019,china,0.23343804473910698,0.6459620192010124,0.005444937616469352,0.04785885912190847,1619150563.92084,world_bank_wdi,0.25979089985393417,0.44087646875247594,0.06064507970291554,0.28478945397356137,0.020958923578657813,0.10855389777851396
Solomon Islands,2019,us,0.02617538457095421,0.007370596105683575,4.680301173891735e-05,9.275526382542444e-05,1619150563.92084,world_bank_wdi,0.25979089985393417,0.44087646875247594,0.006800126711710978,0.0032495223836745252,0.0001801564710897574,0.00021038832961053455
Solomon Islands,2020,aus,0.1272745377763794,0.009784004800323983,0.00039881041498823224,1.1498600006266254e-05,1536143427.82958,world_bank_wdi,0.23503972640766682,0.3607687823675552,0.029914572537622468,0.0035297634984911984,0.0016967787577173734,3.187249165741661e-05
Solomon Islands,2020,china,0.32278591580067123,0.6410037283897735,0.008425347841401712,0.03841205225415768,1536143427.82958,world_bank_wdi,0.23503972640766682,0.3607687823675552,0.07586751333803794,0.23125413458424166,0.035846484210027924,0.10647277184593833
Solomon Islands,2020,us,0.007957583029150226,0.006152052620176299,8.797865028173587e-06,3.555491925703956e-05,1536143427.82958,world_bank_wdi,0.23503972640766682,0.3607687823675552,0.0018703481380377618,0.002219468532842131,3.7431395801210425e-05,9.855320358848514e-05
Solomon Islands,2021,aus,0.11718021501248897,0.025821688772821826,0.0005170867143040104,2.458072764325508e-05,1558312103.84225,world_bank_wdi,0.29749794720642836,0.3428608586705082,0.03486087341942337,0.008853246384972313,0.0017381185959754319,7.16930119657588e-05
Solomon Islands,2021,china,0.3482013830478786,0.600136697653507,0.012578748867473835,0.019681251052099353,1558312103.84225,world_bank_wdi,0.29749794720642836,0.3428608586705082,0.10358919667118313,0.20576338347716455,0.042281800548847726,0.05740302678006526
Solomon Islands,2021,us,0.011895085450640617,0.003565723836286344,1.9113154136083334e-05,6.413034325579156e-05,1558312103.84225,world_bank_wdi,0.29749794720642836,0.3428608586705082,0.0035387635034106364,0.0012225471362910345,6.424633956489477e-05,0.0001870448073439065
Solomon Islands,2022,aus,0.09897391959659432,0.04218671253526948,0.0004983234060951187,9.568103334027911e-05,1466670929.62333,world_bank_wdi,0.3687339873429488,0.38541522135791856,0.036495048015812645,0.016259401150143765,0.0013514441933763011,0.00024825442286158245
Solomon Islands,2022,china,0.3631233230984656,0.5334146505911087,0.019074332570672627,0.017201845640565313,1466670929.62333,world_bank_wdi,0.3687339873429488,0.38541522135791856,0.13389591082331914,0.20558612563312895,0.05172924988043519,0.044631983085563445
Solomon Islands,2022,us,0.012041487585450766,0.0025804096457076736,2.9632876579416513e-05,4.9530380982369264e-05,1466670929.62333,world_bank_wdi,0.3687339873429488,0.38541522135791856,0.0044401057309238785,0.0009945291547945312,8.036383299773186e-05,0.00012851174068284274
Solomon Islands,2023,aus,0.1212951034962143,0.10611278878242321,0.0005723747212178055,0.000353666621088532,1506124566.40404,world_bank_wdi,0.3902349627051561,0.3726685684040738,0.047333590189163235,0.03954490108490952,0.0014667438233879262,0.0009490111350229607
Solomon Islands,2023,china,0.3921931630245454,0.5434484095847116,0.02210547620126563,0.032763431936916186,1506124566.40404,world_bank_wdi,0.3902349627051561,0.3726685684040738,0.1530474843461007,0.20252614080140524,0.056646580429461746,0.08791573723864939
Solomon Islands,2023,us,0.00970900241096073,0.001977138948196123,3.096358485473361e-05,3.29740480092091e-05,1506124566.40404,world_bank_wdi,0.3902349627051561,0.3726685684040738,0.0037887921937455314,0.0007368175413601854,7.934600385390965e-05,8.848089376149451e-05
Solomon Islands,2024,aus,0.12472934100357308,0.13638050358134565,0.0005484426995064548,0.0005464660374637188,1583964703.75061,world_bank_wdi,0.3512560719835331,0.4284015107112128,0.04381193838200971,0.05842561376580444,0.0015613757120536435,0.0012755931615565513
Solomon Islands,2024,china,0.3739271712094899,0.5846650394830403,0.01968964488558479,0.0641930665603753,1583964703.75061,world_bank_wdi,0.3512560719835331,0.4284015107112128,0.1313441893669595,0.2504713861745653,0.05605495948980446,0.14984323107032202
Solomon Islands,2024,us,0.012382864992207985,0.001748865964096484,6.0751585116356796e-05,2.4929245245783484e-05,1583964703.75061,world_bank_wdi,0.3512560719835331,0.4284015107112128,0.00434955651706538,0.0007492168210503553,0.0001729552596010492,5.819131030699933e-05
Tonga,2002,aus,0.1402694661219689,0.01838302056882047,0.0003086051004050832,3.180933315178743e-06,182764280.828501,world_bank_wdi,0.3215226724479102,0.1330258893575261,0.04509981361037704,0.0024454176602450384,0.0009598237600338441,2.391213718278199e-05
Tonga,2002,china,0.07361554560142239,0.00040600712863129285,0.00047002185411836663,8.517636560156379e-08,182764280.828501,world_bank_wdi,0.3215226724479102,0.1330258893575261,0.02366906695548033,5.400945937167323e-05,0.001461862239884544,6.402991629143717e-07
Tonga,2002,us,0.15276652633993648,0.31108931700272385,0.0076036934360771535,0.005332908829900301,182764280.828501,world_bank_wdi,0.3215226724479102,0.1330258893575261,0.04911790180940045,0.041382933063912705,0.023649011679912013,0.0400892552243522
Tonga,2003,aus,0.10979009866343477,0.01776413528396912,0.00012527742398226775,3.5359263340088493e-06,202246591.215502,world_bank_wdi,0.35787997990471027,0.12711009785380026,0.03929167830340619,0.0022580009742334604,0.00035005429478235785,2.7817824025875646e-05
Tonga,2003,china,0.028231277018683863,0.0020455442253927867,0.0001406409724711762,5.417061480652736e-06,202246591.215502,world_bank_wdi,0.35787997990471027,0.12711009785380026,0.01010340885213089,0.0002600093266539532,0.00039298362682546123,4.261708213680507e-05
Tonga,2003,us,0.0574492077273384,0.3717378109121417,0.000647286874652819,0.007002219477651414,202246591.215502,world_bank_wdi,0.35787997990471027,0.12711009785380026,0.02055992130700139,0.04725162952099983,0.0018086702553888785,0.05508783012428517
Tonga,2004,aus,0.11023048521380971,0.017422969382787926,0.00027321458824717203,2.305380877214282e-06,230678011.42199,world_bank_wdi,0.346760735914575,0.11326900574065385,0.038223604172961334,0.001973482419038242,0.0007879052036458903,2.0353148349273874e-05
Tonga,2004,china,0.07849091081635039,0.0,0.001448332099294472,0.0,230678011.42199,world_bank_wdi,0.346760735914575,0.11326900574065385,0.027217565997282936,0.0,0.004176747680138938,0.0
Tonga,2004,us,0.07391791859382758,0.16937315100130051,0.0004407213317143896,0.0020141117516425384,230678011.42199,world_bank_wdi,0.346760735914575,0.11326900574065385,0.025631831848869302,0.01918472841307894,0.0012709666524152318,0.017781667089531494
Tonga,2005,aus,0.10940287506086072,0.033525226353406413,0.00014588417556774455,5.353282397956212e-06,261823805.433238,world_bank_wdi,0.327522456783885,0.06560691825396316,0.03583189841915352,0.002199486784813546,0.0004454173219151379,8.159630935923183e-05
Tonga,2005,china,0.03429506797509167,7.876604290519671e-05,0.00020032255245511362,1.1098897162326034e-09,261823805.433238,world_bank_wdi,0.327522456783885,0.06560691825396316,0.01123240491877236,5.1675973380693955e-06,0.0006116299762226566,1.6917266437302253e-08
Tonga,2005,us,0.08758124597041164,0.2742596937974448,0.0008161280433501148,0.0016613468317439133,261823805.433238,world_bank_wdi,0.327522456783885,0.06560691825396316,0.028684824848422948,0.017993333311325927,0.002491823160353964,0.02532273845439395
Tonga,2006,aus,0.07115175254053031,0.028810932012749705,2.982330319255381e-05,3.964587193243495e-06,292232703.306768,world_bank_wdi,0.30608436012756285,0.06733870568668915,0.021778438648322917,0.001940090871365763,9.743491363010098e-05,5.887531031097877e-05
Tonga,2006,china,0.04181728886526743,0.0006855680381686232,0.0003501869035440516,3.722094722336078e-08,292232703.306768,world_bank_wdi,0.30608436012756285,0.06733870568668915,0.01279961810459484,4.616526435043779e-05,0.0011440862362196772,5.527422430205434e-07
Tonga,2006,us,0.09550423006207191,0.3202716640211495,0.001290331614535347,0.0025451746907217882,292232703.306768,world_bank_wdi,0.30608436012756285,0.06733870568668915,0.029232351148024832,0.021566679323306377,0.004215607795176441,0.03779660842552982
Tonga,2007,aus,0.0788509357365164,0.025729875723663385,4.6023570248792905e-05,1.9373624126394505e-06,298519623.342085,world_bank_wdi,0.3594452679482285,0.06794266913822893,0.028342595723780683,0.00174815643326061,0.00012804055124025657,2.851466445479054e-05
Tonga,2007,china,0.07156277808916423,0.0019346008474417494,0.0009012583357604531,1.3797865616820195e-06,298519623.342085,world_bank_wdi,0.3594452679482285,0.06794266913822893,0.02572290194537925,0.00013144194529227208,0.0025073590227101357,2.030810062635091e-05
Tonga,2007,us,0.1011338372581042,0.25343714839894255,0.00124655549256945,0.0014751722326604663,298519623.342085,world_bank_wdi,0.3594452679482285,0.06794266913822893,0.036352079231871795,0.01721919632100558,0.0034679980618050406,0.021712014723166643
Tonga,2008,aus,0.08317001750688487,0.05492334162092533,0.00011761901314914352,3.982883167634313e-06,344438844.333518,world_bank_wdi,0.6445749591036911,0.05239787642105884,0.053609310633153585,0.002877866466884843,0.0001824753063828259,7.601230125489556e-05
Tonga,2008,china,0.04051083933550318,0.0038595703070457535,0.0005254194756637432,7.588276602848467e-07,344438844.333518,world_bank_wdi,0.6445749591036911,0.05239787642105884,0.026112272607938164,0.0002022332879869715,0.0008151409983322362,1.4482030801917613e-05
Tonga,2008,us,0.08405726175839043,0.21536404529644063,0.001583422204200349,0.000802450158180484,344438844.333518,world_bank_wdi,0.6445749591036911,0.05239787642105884,0.05418120606028277,0.011284618630982214,0.0024565369501821244,0.015314554958910077
Tonga,2009,aus,0.10299569335004828,0.06806221055161875,0.00010227483755155025,2.0147852591663602e-05,312415028.446113,world_bank_wdi,0.5396450511313347,0.04992160933349634,0.05558111620419407,0.0033977750855320836,0.00018952242281688116,0.00040358980530991856
Tonga,2009,china,0.05980019102072572,0.007480318519932438,0.0010965085179594175,8.769266805199899e-06,312415028.446113,world_bank_wdi,0.5396450511313347,0.04992160933349634,0.03227087714104311,0.00037342953884218473,0.0020319069278234847,0.0001756607393527257
Tonga,2009,us,0.11640283360379892,0.1569474888885227,0.0024704672513609716,0.00036378286577856776,312415028.446113,world_bank_wdi,0.5396450511313347,0.04992160933349634,0.06281621309195431,0.007835071226166088,0.004577948498150367,0.007287082100025112
Tonga,2010,aus,0.0784511434226632,0.0375510166119363,5.936946681941775e-05,2.9019300387321935e-06,366887374.989696,world_bank_wdi,0.5610833897072129,0.04161379497026516,0.04401763347799459,0.0015626403062141384,0.00010581219816611965,6.973480887301306e-05
Tonga,2010,china,0.06393158578500616,0.0031881943800378004,0.0010345890456380017,1.9969099100822464e-07,366887374.989696,world_bank_wdi,0.5610833897072129,0.04161379497026516,0.03587095086160873,0.00013267286725624468,0.00184391315910791,4.798672919663117e-06
Tonga,2010,us,0.11593185576221704,0.14938854733718043,0.002902881204265804,0.0002361496207534874,366887374.989696,world_bank_wdi,0.5610833897072129,0.04161379497026516,0.06504743860611242,0.006216624379795178,0.005173707255494764,0.005674791758892127
Tonga,2011,aus,0.06219542159722474,0.056603967579862295,3.716680712040349e-05,3.6637204820653976e-05,414143828.494419,world_bank_wdi,0.5213191315318839,0.05659779860830613,0.03242366317232458,0.0032036599575161356,7.12937716503703e-05,0.0006473256155103744
Tonga,2011,china,0.07617974120474726,0.0021101869829083047,0.0014168144600104071,4.304241990125603e-07,414143828.494419,world_bank_wdi,0.5213191315318839,0.05659779860830613,0.03971395652518251,0.00011943193788451337,0.002717748830446969,7.6049636133620296e-06
Tonga,2011,us,0.10907383005888423,0.10363858574724029,0.002595812359240169,0.00018424936709163182,414143828.494419,world_bank_wdi,0.5213191315318839,0.05659779860830613,0.05686227435915382,0.005865715804171973,0.004979315360271617,0.0032554157868711154
Tonga,2012,aus,0.05527884057279728,0.09616205275283954,4.155542611215238e-05,5.534391747484917e-05,471122971.305043,world_bank_wdi,0.4813103962472245,0.044138603435950545,0.02660628066018021,0.004244458712044541,8.633810205671829e-05,0.0012538665287667888
Tonga,2012,china,0.08690929733647543,8.704136773246657e-05,0.0018912941045401434,5.5815174957774925e-08,471122971.305043,world_bank_wdi,0.4813103962472245,0.044138603435950545,0.04183034833858684,3.841884412866084e-06,0.003929468632480323,1.2645432934634697e-06
Tonga,2012,us,0.11955696912153971,0.14799369647376664,0.0027021445286531383,0.00024502826166569833,471122971.305043,world_bank_wdi,0.4813103962472245,0.044138603435950545,0.05754401218200546,0.006532235079676018,0.005614141206426767,0.005551336983764301
Tonga,2013,aus,0.04941426242880864,0.11871599898348874,2.806227745119531e-05,4.681032364265023e-05,451788498.263614,world_bank_wdi,0.5227402886697623,0.04021355804724171,0.02583082580643882,0.004773992716258812,5.368302015252447e-05,0.0011640433206049272
Tonga,2013,china,0.14106878131906497,0.0018240289546088751,0.0017633178400365693,2.9554449643128923e-07,451788498.263614,world_bank_wdi,0.5227402886697623,0.04021355804724171,0.0737423354690196,7.33506942460136e-05,0.003373219700596932,7.349374459332652e-06
Tonga,2013,us,0.09899463115353664,0.12932997718023584,0.0023035246946507505,0.0002304092301377682,451788498.263614,world_bank_wdi,0.5227402886697623,0.04021355804724171,0.051748482065956385,0.005200818544585859,0.004406633168667026,0.005729640482622558
Tonga,2014,aus,0.05415415142807239,0.08760269834183479,5.248487510730033e-05,7.980183229715902e-06,440997734.928723,world_bank_wdi,0.5778548273976686,0.04245746750383251,0.03129323782633598,0.0037193887180964925,9.082709465915953e-05,0.0001879571180027531
Tonga,2014,china,0.10559399624859717,0.001786350704005475,0.0017047012684404802,1.8951774048435382e-06,440997734.928723,world_bank_wdi,0.5778548273976686,0.04245746750383251,0.06101800047646318,7.584392696576078e-05,0.002950051098677311,4.4637080736679976e-05
Tonga,2014,us,0.09572573642147218,0.25478444450485527,0.002553796024170504,0.0012656482616001823,440997734.928723,world_bank_wdi,0.5778548273976686,0.04245746750383251,0.05531557889734452,0.01081750227304691,0.004419442225085074,0.029809791681190974
Tonga,2015,aus,0.04629950099185869,0.08823001446565819,0.00014103318093917439,4.076318027212477e-06,437525538.903019,world_bank_wdi,0.39077940096634717,0.02742572246202015,0.018092891262639337,0.0024197718895551646,0.00036090229062846576,0.000148631199519264
Tonga,2015,china,0.1579880278847142,0.0019509221002888964,0.004709811660618522,2.2829001645440094e-06,437525538.903019,world_bank_wdi,0.39077940096634717,0.02742572246202015,0.06173846689664317,5.3505448067544714e-05,0.012052353959732176,8.323938112133339e-05
Tonga,2015,us,0.06639489825844998,0.266719969091927,0.0013889392855997603,0.0005752731353373775,437525538.903019,world_bank_wdi,0.39077940096634717,0.02742572246202015,0.02594575856865865,0.007314987847393783,0.003554279683537802,0.02097567843961196
Tonga,2016,aus,0.06811627576141205,0.10456939619978134,0.000281975436482895,1.690197285471741e-05,420828254.541601,world_bank_wdi,0.4647991000819644,0.03434132533648918,0.03166038367483925,0.0035910516551369265,0.0006066608916264476,0.0004921759043690231
Tonga,2016,china,0.15494827689531454,0.0016667819925545607,0.00596013040804899,2.6198762131716945e-07,420828254.541601,world_bank_wdi,0.4647991000819644,0.03434132533648918,0.07201981966019323,5.723950267131786e-05,0.01282302484449294,7.628931578793669e-06
Tonga,2016,us,0.06305203244934932,0.29551571430548446,0.001501992789374324,0.0009506716533175228,420828254.541601,world_bank_wdi,0.4647991000819644,0.03434132533648918,0.02930652794079638,0.010148401287009633,0.003231488161464721,0.02768302166566041
Tonga,2017,aus,0.0758341568369788,0.3102990672927542,0.00038130259799590407,0.0004069672573967179,459976847.108128,world_bank_wdi,0.47697164189750185,0.09005399132679094,0.03617074229844645,0.027943669514693004,0.0007994240422323546,0.0045191473626071885
Tonga,2017,china,0.09594048406881893,0.009818396658396735,0.0025197951424263216,4.831031303564001e-05,459976847.108128,world_bank_wdi,0.47697164189750185,0.09005399132679094,0.04576089021074568,0.0008841858075182527,0.0052829034707430455,0.0005364594319904148
Tonga,2017,us,0.08459919708987103,0.14479721542395868,0.0013936018217818927,0.0010424018823300767,459976847.108128,world_bank_wdi,0.47697164189750185,0.09005399132679094,0.04035141793916615,0.013039567181932655,0.0029217708127003677,0.011575299073056893
Tonga,2018,aus,0.08570332402836393,0.07600478143434364,0.0003077460243937423,1.0455917282581647e-05,493530766.930564,world_bank_wdi,0.4435072515566094,0.06125812416524281,0.03801004568908521,0.004655910338257164,0.0006938917533222374,0.0001706862138706203
Tonga,2018,china,0.0950314913610547,0.004344855080922293,0.002380201277113088,1.576277786427743e-05,493530766.930564,world_bank_wdi,0.4435072515566094,0.06125812416524281,0.04214715554486704,0.00026615767202712394,0.0053667696948789985,0.0002573173449085315
Tonga,2018,us,0.08237357666583514,0.1643288777154352,0.0012934612967998933,0.0007671874301621557,493530766.930564,world_bank_wdi,0.4435072515566094,0.06125812416524281,0.036533278587952196,0.010066478795027131,0.00291643776344161,0.012523847907792277
Tonga,2019,aus,0.062188121467457,0.5483795283487264,0.0002972476413312009,0.0008293430137620887,506031247.606648,world_bank_wdi,0.6235363774319116,0.09678615941533916,0.038776555979113836,0.053075548450868336,0.0004767125898178403,0.008568818297698153
Tonga,2019,china,0.08309405492760408,0.0065258420917110975,0.002581153292433965,1.8115680349464522e-05,506031247.606648,world_bank_wdi,0.6235363774319116,0.09678615941533916,0.05181216599568653,0.0006316111930076806,0.00413953922474366,0.00018717222027298932
Tonga,2019,us,0.12950261343897032,0.15853035867721998,0.0022169307231138208,0.001565264439987141,506031247.606648,world_bank_wdi,0.6235363774319116,0.09678615941533916,0.08074959045170074,0.01534354456710431,0.0035554152144970934,0.016172399539794838
Tonga,2020,aus,0.07361415223015479,0.3806181530834275,0.0003990293498005541,0.0001551324560325356,506571486.576395,world_bank_wdi,0.5254221942076489,0.041361923351839025,0.03867850938950382,0.01574309887415526,0.000759445174184736,0.003750610306801367
Tonga,2020,china,0.09293478873029146,0.01904330458248219,0.0026348041314766648,1.656418411499668e-05,506571486.576395,world_bank_wdi,0.5254221942076489,0.041361923351839025,0.04883000061289402,0.0007876677045063532,0.00501464186424409,0.0004004693876079195
Tonga,2020,us,0.06767606675679108,0.17042547737480643,0.0012152620931889277,0.00036865288944420846,506571486.576395,world_bank_wdi,0.5254221942076489,0.041361923351839025,0.03555850749069649,0.007049125532377319,0.0023129249327230577,0.008912856549448093
Tonga,2021,aus,0.09312446523254378,0.1167851899072048,0.000439758552679092,9.936231574762922e-06,519306339.3498,world_bank_wdi,0.5817708683823645,0.03641816509245601,0.054177101005980305,0.004253102326394411,0.0007558964818947656,0.00027283723794258935
Tonga,2021,china,0.13820632582112974,0.002402736775403623,0.005520731729844371,8.004524366154508e-07,519306339.3498,world_bank_wdi,0.5817708683823645,0.03641816509245601,0.08040441418889464,8.750326456036455e-05,0.009489529348891206,2.1979482892213694e-05
Tonga,2021,us,0.09894864014738647,0.14672631146143672,0.002153663628913295,0.00020891433765396773,519306339.3498,world_bank_wdi,0.5817708683823645,0.03641816509245601,0.057565436303799115,0.005343503034209723,0.003701910401429409,0.005736542110883125
Tonga,2022,aus,0.0646435415672913,0.23782205341826257,0.00024259041110686773,3.729836201609347e-05,556514556.392844,world_bank_wdi,0.5452039978372459,0.05104339082183488,0.0352439172968454,0.012139244018679668,0.0004449534707544197,0.0007307187358747787
Tonga,2022,china,0.14220882868339732,5.9458452834027836e-05,0.006097465345008628,1.2177089890313855e-08,556514556.392844,world_bank_wdi,0.5452039978372459,0.05104339082183488,0.07753282192594023,3.0349610456689186e-06,0.011183823613173213,2.385634985108562e-07
Tonga,2022,us,0.093151511245061,0.12397369042669625,0.00181457230956256,0.00042220503740021193,556514556.392844,world_bank_wdi,0.5452039978372459,0.05104339082183488,0.05078657633538843,0.006328037532075025,0.0033282446877879374,0.00827149275552448
Tonga,2023,aus,0.07656180971181795,0.09191259178012094,0.000530400556258366,7.470116764821868e-06,591139733.623755,world_bank_wdi,0.5956508790933527,0.04189185668199662,0.04560410925982235,0.0038503891221236867,0.0008904554242674752,0.0001783190661977084
Tonga,2023,china,0.14445828798400576,0.00016463453858172252,0.006903207209326317,1.1691920218252098e-07,591139733.623755,world_bank_wdi,0.5956508790933527,0.04189185668199662,0.08604670622999373,6.896846495172162e-06,0.011589351164618058,2.790976849511853e-06
Tonga,2023,us,0.05860205883623089,0.10125431973852628,0.0007611541869055366,0.0003656860152405565,591139733.623755,world_bank_wdi,0.5956508790933527,0.04189185668199662,0.0349063678624813,0.004241731450919404,0.0012778528725821718,0.008729286410399498
Tonga,2024,aus,0.08688041186082635,0.09783045507397028,0.0003754685640852709,5.236972192390591e-06,647488243.847291,world_bank_wdi,0.46480299968346545,0.03689412468411406,0.040382276046647014,0.0036093690074026786,0.0008078015080388207,0.00014194596666079835
Tonga,2024,china,0.23510963674712293,0.003018689485556907,0.017651326619614115,2.5834741224253095e-06,647488243.847291,world_bank_wdi,0.46480299968346545,0.03689412468411406,0.10927966441455265,0.00011137190626276065,0.03797593094630372,7.002399825297134e-05
Tonga,2024,us,0.054200363152596125,0.1217447951550938,0.0008797330821681174,0.00037167425488817714,647488243.847291,world_bank_wdi,0.46480299968346545,0.03689412468411406,0.02519249137725985,0.004491667652093956,0.0018927009566789,0.01007407705347224
Tuvalu,2002,aus,0.004250701549152917,2.4975467538040486e-05,0.002091701245260963,6.167673588886668e-07,16639799.8873171,world_bank_wdi,27.72721866394929,20.277353290599102,0.11786013132855092,0.0005064363788667364,7.543855265874816e-05,3.041656127649607e-08
Tuvalu,2002,china,5.62665492958586e-06,0.0,4.5991896272657057e-07,0.0,16639799.8873171,world_bank_wdi,27.72721866394929,20.277353290599102,0.00015601149157921533,0.0,1.6587273620940335e-08,0.0
Tuvalu,2002,us,0.00014538704135853633,0.0,2.956539877432753e-07,0.0,16639799.8873171,world_bank_wdi,27.72721866394929,20.277353290599102,0.004031178286652776,0.0,1.0662951496382228e-08,0.0
Tuvalu,2003,aus,0.1532530435770974,0.0013584176022694394,0.002189353151089897,5.539166493032175e-07,19584879.571753,world_bank_wdi,0.8023155793443331,0.08682759542992642,0.12295730444384122,0.00011794813399474159,0.002728793017928277,6.37950004903973e-06
Tuvalu,2003,china,0.004265825525381312,0.0,1.988848665954713e-06,0.0,19584879.571753,world_bank_wdi,0.8023155793443331,0.08682759542992642,0.0034225382777781513,0.0,2.478885761610209e-06,0.0
Tuvalu,2003,us,0.004612030073465369,0.004343407969853714,4.4637873860827944e-05,5.229948738232018e-05,19584879.571753,world_bank_wdi,0.8023155793443331,0.08682759542992642,0.0037003035803458545,0.00037712766999357635,5.563630447922603e-05,0.0006023371616288522
Tuvalu,2004,aus,0.11316622186729916,0.0011031242791371808,0.002676066858897584,3.8256732424093407e-07,22878877.9130312,world_bank_wdi,0.6804395328816828,0.08697117959909481,0.07700277114536992,9.594001980096175e-05,0.003932850355658139,4.398782746243398e-06
Tuvalu,2004,china,0.14412135439721221,0.0,0.0012327283477969462,0.0,22878877.9130312,world_bank_wdi,0.6804395328816828,0.08697117959909481,0.09806586706431454,0.0,0.001811664796394623,0.0
Tuvalu,2004,us,0.019598729240099994,0.023219384029474273,0.0004995111362028606,5.459868332524059e-05,22878877.9130312,world_bank_wdi,0.6804395328816828,0.08697117959909481,0.013335750169208217,0.0020194172186077607,0.0007341006982463457,0.0006277790364224156
Tuvalu,2005,aus,0.05598388450316456,0.07034802945903217,0.0015736025320653073,2.76062003349897e-05,22846519.1722166,world_bank_wdi,1.099583608804188,0.05024988670467196,0.061558961756866544,0.003534980510213292,0.0014310894773855545,0.0005493783597411181
Tuvalu,2005,china,0.25273180615706176,0.0,0.005422725556257503,0.0,22846519.1722166,world_bank_wdi,1.099583608804188,0.05024988670467196,0.27789975147378243,0.0,0.004931617307532249,0.0
Tuvalu,2005,us,0.0016303860199036225,0.05238951774118385,4.884940009240994e-06,0.00027153261241136164,22846519.1722166,world_bank_wdi,1.099583608804188,0.05024988670467196,0.0017927457435095218,0.00263256733100689,4.4425362201910524e-06,0.0054036462610793515
Tuvalu,2006,aus,0.04746439934972044,0.38507322611510164,0.001599833350412042,0.00041145024252739113,24274966.4338055,world_bank_wdi,1.436962975628372,0.08998282267274677,0.06820458452598764,0.03464997582153771,0.0011133434733852125,0.004572542073099555
Tuvalu,2006,china,0.31195478683299704,0.034979146923770674,0.011123753380670223,0.00011739101126143458,24274966.4338055,world_bank_wdi,1.436962975628372,0.08998282267274677,0.44826747874905787,0.003147522374885612,0.007741155178897979,0.0013045935632444766
Tuvalu,2006,us,0.0017724498561273094,0.010870610209995742,2.3523463935753863e-05,8.129933501904627e-05,24274966.4338055,world_bank_wdi,1.436962975628372,0.08998282267274677,0.0025469448194127783,0.0009781681908705973,1.6370264463819778e-05,0.0009034983856276552
Tuvalu,2007,aus,0.05162040240131005,0.3203791794372454,0.0015425862202642043,0.00014056765934359808,28547819.7129545,world_bank_wdi,1.256117852801474,0.04799003965190074,0.06484130902508163,0.01537500952483683,0.0012280585112486302,0.002929100712631535
Tuvalu,2007,china,0.18527889989092408,0.04267994928507873,0.0068697786137702785,3.5648112492997e-05,28547819.7129545,world_bank_wdi,1.256117852801474,0.04799003965190074,0.2327321339004068,0.002048212458532041,0.005469055788395062,0.0007428231514617031
Tuvalu,2007,us,0.0013595309640483369,0.023953822268580324,4.989929457078043e-06,3.458712296897682e-05,28547819.7129545,world_bank_wdi,1.256117852801474,0.04799003965190074,0.001707731115377515,0.0011495448804837527,3.972501024445425e-06,0.0007207146153630429
Tuvalu,2008,aus,0.018361806972780597,0.21348757042046762,0.0009642812532880076,0.0003266093548276906,31602915.0009478,world_bank_wdi,3.316052648841319,0.11909164075171942,0.060888718649602096,0.025424585041471732,0.0002907919009141615,0.0027425044509093734
Tuvalu,2008,china,0.4413353043834395,0.0,0.06732562573144643,0.0,31602915.0009478,world_bank_wdi,3.316052648841319,0.11909164075171942,1.4634911051278943,0.0,0.02030294234169384,0.0
Tuvalu,2008,us,0.0011894241558412064,0.025041694974789055,1.5432298758208843e-05,0.0001958796911049451,31602915.0009478,world_bank_wdi,3.316052648841319,0.11909164075171942,0.003944193122573082,0.0029822565417517155,4.653815965075564e-06,0.0016447811942847635
Tuvalu,2009,aus,0.019753169535960537,0.14133550675111808,0.0012510434199142439,0.00019860987906796288,27851666.1740196,world_bank_wdi,3.744888630659149,0.14735689327730025,0.07397342001470127,0.020826761184617657,0.0003340669224905746,0.001347815325437225
Tuvalu,2009,china,0.05808469202730073,0.002023568912815977,0.021062694133173836,6.59745066965792e-07,27851666.1740196,world_bank_wdi,3.744888630659149,0.14735689327730025,0.21752070278837662,0.00029818682832508645,0.005624384650783735,4.477191750536336e-06
Tuvalu,2009,us,0.0013749769082651135,0.022676641972059885,0.00018699716720886123,0.0003435072440502283,27851666.1740196,world_bank_wdi,3.744888630659149,0.14735689327730025,0.005149135391180891,0.003341559510964376,4.993397284980069e-05,0.002331124363512516
Tuvalu,2010,aus,0.018915186864530826,0.028718703832909264,0.0003977128033381484,0.000142491306462982,32425361.8050211,world_bank_wdi,2.1733163819034877,0.47468340037509055,0.04110868547945051,0.013632291989770515,0.00018299811598981907,0.0003001817766334079
Tuvalu,2010,china,0.11944654342940607,8.446066118014543e-07,0.014390320129075629,1.9913541081901224e-12,32425361.8050211,world_bank_wdi,2.1733163819034877,0.47468340037509055,0.25959512959687464,4.009207384691984e-07,0.006621364587732938,4.195120593255572e-12
Tuvalu,2010,us,0.008367053083294204,0.0014222525645342797,0.0006658438399398204,7.823165659293157e-05,32425361.8050211,world_bank_wdi,2.1733163819034877,0.47468340037509055,0.018184253534179382,0.0006751196835253248,0.00030637225462619693,0.00016480807319386694
Tuvalu,2011,aus,0.017972598282048374,0.015157538127012671,0.00020801167845346647,4.209675701182656e-05,39665361.1329159,world_bank_wdi,1.6647654808619088,0.33410218945423203,0.029920161221352177,0.005064166674970933,0.0001249495384453619,0.0001259996442423593
Tuvalu,2011,china,0.22623635836851597,6.791282166907983e-07,0.04345148724530359,1.2593448898596126e-12,39665361.1329159,world_bank_wdi,1.6647654808619088,0.33410218945423203,0.3766304799278096,2.2689822411654384e-07,0.02610066567622918,3.769340428198923e-12
Tuvalu,2011,us,0.010386905899494323,4.912360767396775e-05,0.0007392387864432335,7.585984543361651e-07,39665361.1329159,world_bank_wdi,1.6647654808619088,0.33410218945423203,0.017291762394439063,1.641230487776334e-05,0.00044404980457698047,2.2705581653785717e-06
Tuvalu,2012,aus,0.005664161559976544,0.010801918733684638,9.52852984164806e-05,0.00011785564855461769,38912985.1801769,world_bank_wdi,4.563602282830379,0.7951017085104378,0.02584898062542904,0.008588624040343561,2.0879404582422107e-05,0.00014822713533770568
Tuvalu,2012,china,0.8077853036568938,2.3271011517502338e-06,0.5544230622276781,1.1482885342511266e-08,38912985.1801769,world_bank_wdi,4.563602282830379,0.7951017085104378,3.686410855805432,1.8502821016332186e-06,0.12148803245050113,1.4442033289078918e-08
Tuvalu,2012,us,0.0032735381757667556,0.0012351735779900963,0.00104301334669241,5.945823802276634e-05,38912985.1801769,world_bank_wdi,4.563602282830379,0.7951017085104378,0.014939126291861561,0.000982088622166876,0.0002285504481002945,7.478066942423856e-05
Tuvalu,2013,aus,0.017635548522916007,0.015629094284488314,6.287246387481286e-05,0.0002016161513357159,38767554.542532,world_bank_wdi,1.4505831916300989,0.6509867155100597,0.025581830262518975,0.010174332754656094,4.334288735564326e-05,0.0003097085493945081
Tuvalu,2013,china,0.13397536359687554,2.813311464525549e-06,0.01523897473461521,4.673163139548316e-11,38767554.542532,world_bank_wdi,1.4505831916300989,0.6509867155100597,0.19434241052615867,1.831428389998283e-06,0.010505412459309107,7.178584490601793e-11
Tuvalu,2013,us,0.009466625238552337,0.0007845572816564207,0.0010414797943366632,0.00010784391688806267,38767554.542532,world_bank_wdi,1.4505831916300989,0.6509867155100597,0.013732127452505296,0.0005107363679150141,0.0007179731575176298,0.00016566223905746684
Tuvalu,2014,aus,0.01450422473959806,0.020079303790267292,4.8725717352501475e-05,9.079348961716849e-05,38643167.2951054,world_bank_wdi,2.0510137120680296,0.3379811468418191,0.029748363823831968,0.006786426122819825,2.3756894976275663e-05,0.0002686347758316276
Tuvalu,2014,china,0.0586005775138521,2.98606609680275e-06,0.01138008076472564,3.4509902681820545e-11,38643167.2951054,world_bank_wdi,2.0510137120680296,0.3379811468418191,0.1201905880160161,1.0092340439428679e-06,0.005548515203855534,1.0210599911944723e-10
Tuvalu,2014,us,0.007070950083238636,0.005776659712960951,0.001356009257988214,0.0001959715240210262,38643167.2951054,world_bank_wdi,2.0510137120680296,0.3379811468418191,0.014502615578071018,0.0019524020747014757,0.0006611410006717872,0.0005798297504231624
Tuvalu,2015,aus,0.07982242851002097,0.010441778851951635,0.0001029008794585773,0.00010566124410260384,36755290.7767318,world_bank_wdi,1.5057551941620393,1.0533634255591273,0.12019303633959212,0.010998987940422625,6.833838585284919e-05,0.00010030844202371908
Tuvalu,2015,china,0.21454040484984319,0.025682523028382677,0.04908864899237297,0.0002877233750374774,36755290.7767318,world_bank_wdi,1.5057551941620393,1.0533634255591273,0.32304532896027816,0.02705303043417835,0.03260068381812294,0.00027314729945626627
Tuvalu,2015,us,0.010621259901847466,0.0055242341420864115,0.0011080846737852451,0.0007993055155863859,36755290.7767318,world_bank_wdi,1.5057551941620393,1.0533634255591273,0.015993017265751815,0.0058190261994988295,0.0007358996190625131,0.0007588126720482183
Tuvalu,2016,aus,0.04441042458216425,0.002313276825860819,0.00010577276678379651,3.106249066891682e-05,41306141.62505,world_bank_wdi,0.9480619941575721,1.0460109150886518,0.0421038356907511,0.002419712809472047,0.00011156735259468339,2.9696143912880875e-05
Tuvalu,2016,china,0.14361469738743476,0.0005907652000530011,0.013770835797338489,3.767875917517321e-06,41306141.62505,world_bank_wdi,0.9480619941575721,1.0460109150886518,0.13615563639546766,0.0006179468475099702,0.014525248224484479,3.6021382407830655e-06
Tuvalu,2016,us,0.027592783321007654,0.00030300873649731204,0.0011419182383638293,1.757212147601055e-05,41306141.62505,world_bank_wdi,0.9480619941575721,1.0460109150886518,0.02615966917967231,0.00031695044574340956,0.0012044763374134766,1.679917601483276e-05
Tuvalu,2017,aus,0.029673904579848347,0.014309503868170353,0.00013510305521510234,2.9229520698801812e-05,45288858.1637361,world_bank_wdi,1.418996870436852,0.2162342438529726,0.04210717773244658,0.0030942047488450026,9.521025594193844e-05,0.000135175262613244
Tuvalu,2017,china,0.28546620925052096,0.0006699682079100974,0.027576839084026437,7.059066514345616e-06,45288858.1637361,world_bank_wdi,1.418996870436852,0.2162342438529726,0.4050756575419608,0.00014487006884297105,0.019434037987368244,3.2645460721500674e-05
Tuvalu,2017,us,0.01110888974465441,0.017067289478752277,0.0012687313599412714,0.0002839667845927012,45288858.1637361,world_bank_wdi,1.418996870436852,0.2162342438529726,0.01576347978169265,0.0036905324350577935,0.0008941044102166906,0.0013132368839127212
Tuvalu,2018,aus,0.018859553249828947,0.0028532228883336648,0.0001959417313377885,1.0178041266027782e-05,48026990.1943497,world_bank_wdi,1.3267940119115935,0.6282049713694019,0.02502274231920088,0.0017924088028761721,0.00014768059667037782,1.6201784019379898e-05
Tuvalu,2018,china,0.19498047791181694,0.00028100022823396694,0.013165843837702184,7.5823993750149726e-06,48026990.1943497,world_bank_wdi,1.3267940119115935,0.6282049713694019,0.2586989305330594,0.0001765257403325146,0.009923050390266192,1.2069944875613396e-05
Tuvalu,2018,us,0.0190359289690614,0.001708738590041747,0.0013989948089468765,3.120994800297933e-05,48026990.1943497,world_bank_wdi,1.3267940119115935,0.6282049713694019,0.025256756567325102,0.001073438077034968,0.00105441748785952,4.9681154122269784e-05
Tuvalu,2019,aus,0.03293867824209467,0.005616507678670775,7.984569071705169e-05,8.852078955530572e-06,53527720.0597564,world_bank_wdi,1.25877788041,0.4005104453555455,0.041462479581090915,0.002249469991727273,6.343111994551805e-05,2.2101992739970386e-05
Tuvalu,2019,china,0.3225382018955021,0.0012325073905897223,0.021007827746158687,6.376633794010142e-06,53527720.0597564,world_bank_wdi,1.25877788041,0.4005104453555455,0.4060039541332728,0.000493632083909091,0.016689066493062437,1.592126714285668e-05
Tuvalu,2019,us,0.011716380840406824,0.005459033321079627,0.0011017842439053163,0.0002807728661825249,53527720.0597564,world_bank_wdi,1.25877788041,0.4005104453555455,0.014748321040363638,0.0021863998666363637,0.0008752809062282308,0.0007010375620373001
Tuvalu,2020,aus,0.019478265264117178,0.0013984465058979074,9.499783572025874e-05,1.125012750747654e-06,52302514.9939611,world_bank_wdi,1.3937491152847374,0.3066079327514475,0.027147814979144747,0.0004287747922368423,6.815992539722693e-05,3.6692225822469134e-06
Tuvalu,2020,china,0.2213807714227048,0.0007576529495522863,0.02617148042244489,3.0873681918312415e-06,52302514.9939611,world_bank_wdi,1.3937491152847374,0.3066079327514475,0.3085492543114475,0.00023230240460526326,0.018777755720474958,1.0069433507886518e-05
Tuvalu,2020,us,0.02184035125706302,0.002545339760890965,0.0011775763417923538,2.273171703715823e-05,52302514.9939611,world_bank_wdi,1.3937491152847374,0.3066079327514475,0.03043997024203949,0.0007804213622368424,0.0008448983600264238,7.413936369215128e-05
Tuvalu,2021,aus,0.02050030006606796,0.0006642461615989504,0.00016575773303476656,1.6699739714581743e-05,61597447.1614093,world_bank_wdi,2.051175508441465,2.089629391015416,0.04204971341121955,0.0013880283021463424,8.081109215306176e-05,7.99172321483611e-06
Tuvalu,2021,china,0.36741268651238146,0.000295200662022659,0.03641581317973903,9.797561848352426e-06,61597447.1614093,world_bank_wdi,2.051175508441465,2.089629391015416,0.7536279040648787,0.0006168599796097566,0.01775363104223523,4.688660051623549e-06
Tuvalu,2021,us,0.0036528952863409884,0.000664059704355259,0.00037497447187952805,0.00014160050943822758,61597447.1614093,world_bank_wdi,2.051175508441465,2.089629391015416,0.007492729346243909,0.001387638675609757,0.0001828095501025376,6.776345606883883e-05
Tuvalu,2022,aus,0.046294543464518376,0.0029013840557400024,0.00030475917020824343,3.77298359903933e-05,54104146.3198082,world_bank_wdi,1.8178657587282059,1.4756055761066673,0.0841572653801026,0.004281298491076925,0.000167646686090537,2.5569052192078406e-05
Tuvalu,2022,china,0.3375405238674656,0.00014130149688650713,0.03726738115336763,7.08059841922469e-07,54104146.3198082,world_bank_wdi,1.8178657587282059,1.4756055761066673,0.6136033605218464,0.00020850527671794882,0.020500623313043864,4.798435661856603e-07
Tuvalu,2022,us,0.008777521419422632,0.0023952739340135413,0.00012821828263567358,0.0006824669724990822,54104146.3198082,world_bank_wdi,1.8178657587282059,1.4756055761066673,0.015956355634871803,0.003534479573333335,7.053231627255919e-05,0.00046249958901602075
Tuvalu,2023,aus,0.1032639550077657,0.005863748846311688,0.0018419221950108531,6.863155452228245e-05,50491930.924381,world_bank_wdi,2.0533151555496985,1.11938311657454,0.21203344383944747,0.006563781458394741,0.0008970479714390201,6.131194361078453e-05
Tuvalu,2023,china,0.40409755224859656,4.918628979942698e-06,0.061605681804442786,1.4223408575575772e-09,50491930.924381,world_bank_wdi,2.0533151555496985,1.11938311657454,0.8297396283525794,5.505830236842107e-06,0.030003032723902614,1.2706470523783918e-09
Tuvalu,2023,us,0.0029278661210262406,0.008359528423792612,0.00012256311224719303,0.0006557341098634584,50491930.924381,world_bank_wdi,2.0533151555496985,1.11938311657454,0.006011831879723688,0.009357514980118426,5.969035582089264e-05,0.0005857995356139472
Tuvalu,2024,aus,0.11345865994126555,0.00017160565944765224,0.000254966180667652,1.1917818164742847e-06,56752265.8012166,world_bank_wdi,1.3322303159635118,1.412977294701791,0.15115306638234885,0.0002424749004418605,0.0001913829595472403,8.434543293392485e-07
Tuvalu,2024,china,0.2602822997192763,2.21973747414302e-06,0.027650332557489464,1.1400327738435104e-10,56752265.8012166,world_bank_wdi,1.3322303159635118,1.412977294701791,0.34675597039472095,3.136438651162791e-06,0.020754919195403426,8.068302145535286e-11
Tuvalu,2024,us,0.007173996607646143,0.0018774614378913152,0.0004036271782460758,0.0003309929671015873,56752265.8012166,world_bank_wdi,1.3322303159635118,1.412977294701791,0.009557415767325583,0.002652810383418605,0.0003029710204081039,0.0002342521485254605
Vanuatu,2002,aus,0.26929217449384113,0.056584318850541465,0.0007830727622816961,4.339853496455082e-05,262596535.549028,world_bank_wdi,0.2556547818105763,0.19250007580759612,0.0688458321135186,0.010892485668250422,0.0030630084707819094,0.00022544684609853176
Vanuatu,2002,china,0.020949246924735373,0.0052275325113210515,9.412388781915156e-05,4.793454952503458e-06,262596535.549028,world_bank_wdi,0.2556547818105763,0.19250007580759612,0.0053557751516391085,0.0010063004047159757,0.00036816791437482783,2.490105488215245e-05
Vanuatu,2002,us,0.00772679322537621,0.05623389251003361,1.5553699633054614e-05,0.0013231680620397605,262596535.549028,world_bank_wdi,0.2556547818105763,0.19250007580759612,0.001975391636128994,0.010825028571137683,6.0838680672825825e-05,0.00687359761542259
Vanuatu,2003,aus,0.24053498922581557,0.062249383125734546,0.0005826899255049589,4.765050283196641e-05,314471413.001776,world_bank_wdi,0.258934534693429,0.20801918169786252,0.062282815512675505,0.012949065739012031,0.002250336851339073,0.00022906783135593904
Vanuatu,2003,china,0.03543287809528841,0.0030011884232878133,0.00014673399730182163,1.8356576120248012e-06,314471413.001776,world_bank_wdi,0.258934534693429,0.20801918169786252,0.009174795802452496,0.0006243047599334291,0.0005666837661324337,8.824463191529146e-06
Vanuatu,2003,us,0.00881332376261197,0.013130501265392124,7.413578076193088e-05,0.00010137466320190334,314471413.001776,world_bank_wdi,0.258934534693429,0.20801918169786252,0.002282073887574471,0.002731396128509618,0.0002863109042202714,0.0004873332467442593
Vanuatu,2004,aus,0.14318863102602852,0.01186643706857622,0.0005180476973109616,3.193573693451461e-05,364996869.129618,world_bank_wdi,0.4354533023228685,0.6207827660010294,0.06235196223537487,0.0073664796260078935,0.0011896745174453933,5.1444303359513126e-05
Vanuatu,2004,china,0.04547641432354477,0.0011670165284480265,0.0010356315038290748,2.4489510294163327e-06,364996869.129618,world_bank_wdi,0.4354533023228685,0.6207827660010294,0.019802854794990568,0.000724463748498885,0.0023782837294025203,3.944940426088233e-06
Vanuatu,2004,us,0.02894665460904986,0.004078491660342515,0.0015133563903634813,4.912746689237406e-05,364996869.129618,world_bank_wdi,0.4354533023228685,0.6207827660010294,0.012604916340710244,0.0025318573340195574,0.0034753586258059826,7.913793613963277e-05
Vanuatu,2005,aus,0.16148268534310806,0.016212081157240852,0.0004569492120441621,4.331995982406623e-05,394962433.029368,world_bank_wdi,0.44664406092232817,0.5923200751161181,0.07212528235028831,0.009602741128845503,0.001023072401546219,7.313606552263793e-05
Vanuatu,2005,china,0.0442050733351237,0.0020292447713744772,0.0003110775926821328,9.763478540913902e-06,394962433.029368,world_bank_wdi,0.44664406092232817,0.5923200751161181,0.019743933467768975,0.0012019624154095201,0.0006964776203219894,1.6483450335529953e-05
Vanuatu,2005,us,0.029768220052846354,0.004680304546839375,0.0016313504034324302,3.7880477611925815e-05,394962433.029368,world_bank_wdi,0.44664406092232817,0.5923200751161181,0.013295798690832777,0.0027722383407502073,0.003652461873250171,6.395271611298967e-05
Vanuatu,2006,aus,0.18668319986040202,0.009150515590299254,0.0004417530051497703,2.363836089932606e-05,439358586.535588,world_bank_wdi,0.36758990935737224,0.634669662880057,0.06862286051522938,0.005807554644873933,0.0012017549826709101,3.724514071155998e-05
Vanuatu,2006,china,0.11192398508708616,0.003771343659496027,0.0025913837762161665,6.416370943029531e-07,439358586.535588,world_bank_wdi,0.36758990935737224,0.634669662880057,0.04114212753307788,0.002393557408977184,0.007049659716575119,1.0109780439028372e-06
Vanuatu,2006,us,0.03200806138392436,0.005215910688637677,0.001062431818722043,0.00037641360829710586,439358586.535588,world_bank_wdi,0.36758990935737224,0.634669662880057,0.011765840382821963,0.0033103802783701606,0.0028902638284587488,0.0005930858686217721
Vanuatu,2007,aus,0.22781575411690136,0.007770875339291667,0.0008155749851182759,1.804162056432382e-05,516392922.513728,world_bank_wdi,0.5295705306509696,0.5882207632152915,0.12064450979833827,0.004570990222929032,0.0015400686743571967,3.067151262343404e-05
Vanuatu,2007,china,0.07780120059616522,0.0013663929136853838,0.0008276513087332225,5.237894852508771e-07,516392922.513728,world_bank_wdi,0.5295705306509696,0.5882207632152915,0.04120122308499374,0.0008037406825399824,0.001562872669134062,8.904641216467358e-07
Vanuatu,2007,us,0.07697573195023533,0.003837396998026413,0.0017653215210021937,3.3265695390070756e-05,516392922.513728,world_bank_wdi,0.5295705306509696,0.5882207632152915,0.04076407921613292,0.002257236590939165,0.003333496519967206,5.655307916748148e-05
Vanuatu,2008,aus,0.15311333980752298,0.003512006800672276,0.0005285643278082529,9.048605851682801e-06,590748429.401902,world_bank_wdi,0.5565454356482483,0.9287657921587587,0.08521453040673616,0.003261831778293334,0.0009497235876035821,9.742613184160078e-06
Vanuatu,2008,china,0.10536965661807492,0.0007891563605492514,0.0014654767494527564,2.9001716397655504e-06,590748429.401902,world_bank_wdi,0.5565454356482483,0.9287657921587587,0.05864300144661284,0.0007329414323426484,0.002633166414788418,3.1226081583222322e-06
Vanuatu,2008,us,0.19018296527573583,0.0026338510908584314,0.03039806641583095,0.00013328383432513992,590748429.401902,world_bank_wdi,0.5565454356482483,0.9287657921587587,0.10584546126226008,0.002446230794829342,0.0546191999228673,0.00014350639897637083
Vanuatu,2009,aus,0.18258925331481746,0.00659470918289892,0.0007682407090054203,5.620036964855098e-06,592622319.145664,world_bank_wdi,0.7488586535852665,0.3607876147969483,0.13673354239647337,0.002379289396377633,0.0010258821278586547,1.5577133843738125e-05
Vanuatu,2009,china,0.09793406684965517,0.006931376004016785,0.003350799413111236,2.4744018570885334e-06,592622319.145664,world_bank_wdi,0.7488586535852665,0.3607876147969483,0.07333877344116224,0.0025007546157500187,0.004474541887269127,6.858333699955664e-06
Vanuatu,2009,us,0.012797157428965467,0.015310952988233853,0.00012359356639114795,0.00020543014823846097,592622319.145664,world_bank_wdi,0.7488586535852665,0.3607876147969483,0.00958326208197377,0.0055240022088931,0.00016504258286851106,0.0005693935706581205
Vanuatu,2010,aus,0.08866033612884576,0.011027423738872166,0.0008129875173081995,2.115999501395819e-05,670712979.682038,world_bank_wdi,1.4322956675975105,0.7822884257417204,0.12698781532508482,0.008626625956669184,0.0005676115174403063,2.7048840705901422e-05
Vanuatu,2010,china,0.030427613777473522,0.0014958270648899503,0.0013892022171773542,1.812393243673413e-05,670712979.682038,world_bank_wdi,1.4322956675975105,0.7822884257417204,0.043581339388805644,0.0011701681997746175,0.0009699130204782091,2.316783917587694e-05
Vanuatu,2010,us,0.006215173299291296,0.0055848318237118,0.00012062281470470043,4.273774532362872e-05,670712979.682038,world_bank_wdi,1.4322956675975105,0.7822884257417204,0.008901965789942649,0.004368949295403766,8.421642083650892e-05,5.4631698382993816e-05
Vanuatu,2011,aus,0.18234614466505258,0.009036931838395339,0.0008144630956477886,1.5011863084886345e-05,770153588.218833,world_bank_wdi,0.5942647258951097,0.9903708100146827,0.1083618816774075,0.008949913504839068,0.0013705391892830348,1.5157820619393848e-05
Vanuatu,2011,china,0.19109506262838924,0.0034750992809607444,0.007671150965069234,6.43327609476603e-06,770153588.218833,world_bank_wdi,0.5942647258951097,0.9903708100146827,0.11356105501276856,0.003441636889766534,0.012908642614643806,6.495825633906409e-06
Vanuatu,2011,us,0.012829603050011604,0.004310744426058757,4.979335857050984e-05,6.460467199899964e-05,770153588.218833,world_bank_wdi,0.5942647258951097,0.9903708100146827,0.00762418053985821,0.0042692354490020895,8.37898606475569e-05,6.523281113065302e-05
Vanuatu,2012,aus,0.09009257934212946,0.0037381110207789004,0.00038405969807040857,1.0583948729853323e-05,747839697.746593,world_bank_wdi,0.6837812803209532,0.6092803569708276,0.06160361924997834,0.002277557617136753,0.0005616703895288544,1.7371229203045002e-05
Vanuatu,2012,china,0.26128873045314216,0.005305718495980848,0.011704460789459463,2.2838651833207633e-05,747839697.746593,world_bank_wdi,0.6837812803209532,0.6092803569708276,0.178664342642686,0.0032326700592179335,0.0171172582904955,3.748463506480835e-05
Vanuatu,2012,us,0.11286219495991998,0.0062240428129995634,0.004863564214783791,0.00019207644647723147,747839697.746593,world_bank_wdi,0.6837812803209532,0.6092803569708276,0.07717305616952712,0.003792187026906088,0.00711274841057499,0.0003152513359074665
Vanuatu,2013,aus,0.0481393791517788,0.00691924756239838,0.00021246140298557714,1.3497341362468025e-05,863347171.906814,world_bank_wdi,1.0183569502615994,0.3346978775198781,0.04902307134049228,0.0023158574731693285,0.00020863156374687603,4.0326940411106734e-05
Vanuatu,2013,china,0.43276239898076924,0.007766207713687727,0.02966595225001116,3.1416194655676674e-05,863347171.906814,world_bank_wdi,1.0183569502615994,0.3346978775198781,0.4407065968139497,0.0025993332381497873,0.029131192400062136,9.38643378573885e-05
Vanuatu,2013,us,0.022357742869168362,0.008649539622489396,0.0006786428422980809,2.9044645730100096e-05,863347171.906814,world_bank_wdi,1.0183569502615994,0.3346978775198781,0.022768162842979316,0.0028949825531712887,0.0006664095945176675,8.677869709040835e-05
Vanuatu,2014,aus,0.0711343706977445,0.0026477421784174386,0.0002125679438828775,8.982360242277023e-06,879185478.498067,world_bank_wdi,0.7366379561982539,0.7446262341802764,0.052400277446235474,0.001971578287395259,0.0002885650163615359,1.2062911337209703e-05
Vanuatu,2014,china,0.27829655372522405,0.010563236954878322,0.00968548044872104,0.0002504468293309499,879185478.498067,world_bank_wdi,0.7366379561982539,0.7446262341802764,0.2050038045531666,0.007865663354464975,0.013148223448472907,0.0003363389816726709
Vanuatu,2014,us,0.019070675707921165,0.011552118937635135,0.0002375792403592492,0.0001560335274923767,879185478.498067,world_bank_wdi,0.7366379561982539,0.7446262341802764,0.014048183576802736,0.008602010821333906,0.00032251832580740475,0.00020954610558966756
Vanuatu,2015,aus,0.1042154193050757,0.002058477810163125,0.00018704106794500123,1.4945826504203136e-05,855360239.609869,world_bank_wdi,0.46366867506127185,1.080075946038094,0.048321425390139346,0.0022233123682103614,0.0004033937982122354,1.3837755168075931e-05
Vanuatu,2015,china,0.17727714167422054,0.012996332472526342,0.008398922960402833,0.00018458354333128173,855360239.609869,world_bank_wdi,0.46366867506127185,1.080075946038094,0.08219785739873522,0.01403702609028949,0.01811406163958122,0.00017089867060586452
Vanuatu,2015,us,0.009147223164549561,0.004289739411427793,1.6012383130721527e-05,3.152393156449043e-05,855360239.609869,world_bank_wdi,0.46366867506127185,1.080075946038094,0.004241280845196469,0.004633244353054769,3.4534105907856634e-05,2.918677309695275e-05
Vanuatu,2016,aus,0.1478213461922837,0.001932219473986066,0.00023817912975467175,7.89277625129079e-06,908725512.790966,world_bank_wdi,0.37174663222832577,0.7199754334953941,0.054952087618438915,0.0013911505533913601,0.0006407028580917521,1.096256328215577e-05
Vanuatu,2016,china,0.18857532855146092,0.007660032181852095,0.007205881108926352,0.00023479430546410638,908725512.790966,world_bank_wdi,0.37174663222832577,0.7199754334953941,0.07010224331035564,0.0055150349907176315,0.019383850408362328,0.0003261143291017699
Vanuatu,2016,us,0.011463293697208207,0.008737542577584727,3.776297743343e-05,0.00016908363974491077,908725512.790966,world_bank_wdi,0.37174663222832577,0.7199754334953941,0.004261440826181344,0.006290816004981027,0.00010158256769421406,0.00023484640152793832
Vanuatu,2017,aus,0.14861542642890316,0.0059472739311293415,0.00022992695000152624,7.698184274312945e-06,998536154.882053,world_bank_wdi,0.3207855673867269,0.2651917075864705,0.04767368388941607,0.0015771677292806912,0.0007167621407491037,2.9028751857947195e-05
Vanuatu,2017,china,0.20455476048405913,0.05376525072318906,0.006103233131635904,0.0009774449670505937,998536154.882053,world_bank_wdi,0.3207855673867269,0.2651917075864705,0.06561821490353494,0.014258098648097224,0.01902589689852872,0.0036858051707061032
Vanuatu,2017,us,0.014616941364216079,0.021596934433361057,4.066697363114846e-05,7.590381348173024e-05,998536154.882053,world_bank_wdi,0.3207855673867269,0.2651917075864705,0.004688903828978573,0.005727327921016061,0.00012677307761206695,0.0002862224244209463
Vanuatu,2018,aus,0.18814100130526404,0.008257497437932752,0.00030535935455787,4.015648588299119e-06,1034402941.04298,world_bank_wdi,0.274778204626344,0.18362130506752683,0.051697046555263096,0.001516252456144971,0.0011112939433209838,2.1869186622011874e-05
Vanuatu,2018,china,0.2228910591481026,0.08255386227340274,0.006002985345531839,0.00034277795222764114,1034402941.04298,world_bank_wdi,0.274778204626344,0.18362130506752683,0.06124560505997988,0.015158647929007079,0.021846657574952036,0.0018667656898614482
Vanuatu,2018,us,0.021227036706217624,0.038664800293324544,5.60853583108414e-05,7.025490964688768e-05,1034402941.04298,world_bank_wdi,0.274778204626344,0.18362130506752683,0.005832727035671981,0.007099681090035547,0.00020411137916527566,0.0003826076152821776
Vanuatu,2019,aus,0.14267848542263037,0.006790755316157814,0.00033175600878428965,5.8258169269258485e-06,1061547512.69257,world_bank_wdi,0.3154085285836528,0.16780215851872796,0.045002011147696,0.0011395034000238082,0.0010518295439696746,3.471836702431718e-05
Vanuatu,2019,china,0.23037903828407919,0.0818115642801118,0.008779693644942674,0.00032670059254515,1061547512.69257,world_bank_wdi,0.3154085285836528,0.16780215851872796,0.07266351348169843,0.013728157077996421,0.027835942434302686,0.001946939153995971
Vanuatu,2019,us,0.008234100774622836,0.03620657555401516,3.5234226502522625e-05,0.00013856757575417112,1061547512.69257,world_bank_wdi,0.3154085285836528,0.16780215851872796,0.0025971056095333046,0.006075541530535152,0.00011170980905539395,0.0008257794594382763
Vanuatu,2020,aus,0.1383579317657336,0.003591879829800792,0.0002629190485090317,5.100535519727101e-06,1017403362.80118,world_bank_wdi,0.2767280267531601,0.22529775444116917,0.038287517443179826,0.0008092424598766473,0.000950099097636952,2.2639087248687944e-05
Vanuatu,2020,china,0.25699171204219307,0.034611003562436335,0.009022802269415497,0.0002323292226903692,1017403362.80118,world_bank_wdi,0.2767280267531601,0.22529775444116917,0.07111680936535242,0.007797781381572213,0.03260530700587038,0.00103120966858565
Vanuatu,2020,us,0.014414534281095114,0.02384588677503715,4.786785225015156e-05,7.742986449158378e-05,1017403362.80118,world_bank_wdi,0.2767280267531601,0.22529775444116917,0.003988905628173232,0.005372424743074243,0.00017297796978420774,0.0003436779238374639
Vanuatu,2021,aus,0.1454925976809191,0.008246536612071509,0.00040255313354535993,1.053378893840861e-05,1093826088.94269,world_bank_wdi,0.33888649187212944,0.2828336681007882,0.04930547602144979,0.0023323981991196312,0.0011878701075440138,3.72437588818276e-05
Vanuatu,2021,china,0.2285878825277086,0.03823572321431905,0.009366814807679943,0.000298495641383868,1093826088.94269,world_bank_wdi,0.33888649187212944,0.2828336681007882,0.07746534559429359,0.010814349849192316,0.027639976901806647,0.0010553752082920293
Vanuatu,2021,us,0.0073359469851543135,0.021413595065818178,1.62213871005489e-05,4.163453159827269e-05,1093826088.94269,world_bank_wdi,0.33888649187212944,0.2828336681007882,0.00248605333835887,0.006056485639690294,4.7866726734772437e-05,0.00014720500525218998
Vanuatu,2022,aus,0.14708341220452625,0.011987220506220577,0.00042511829441603354,9.937646506416026e-06,1151863789.76624,world_bank_wdi,0.3453629409435052,0.19841420837300677,0.05079715980296104,0.0023784348673344296,0.0012309319965096508,5.0085357232753455e-05
Vanuatu,2022,china,0.24097858806170064,0.0473161170228811,0.011236988095329994,0.00045276491272986004,1151863789.76624,world_bank_wdi,0.3453629409435052,0.19841420837300677,0.0832250738774024,0.009388189902379503,0.032536751235182904,0.002281917794307801
Vanuatu,2022,us,0.021790467236524787,0.030817208019201653,9.144965840512904e-05,4.832349611134746e-05,1151863789.76624,world_bank_wdi,0.3453629409435052,0.19841420837300677,0.007525619849339296,0.006114571933396172,0.00026479291077176825,0.0002435485669478982
Vanuatu,2023,aus,0.14928040528036896,0.02905646726103765,0.0005702328244897902,3.944687482545113e-05,1188137265.19047,world_bank_wdi,0.406422953094219,0.17964328554730025,0.060670983153149394,0.005219799245170367,0.0014030527069114522,0.0002195844654325515
Vanuatu,2023,china,0.25691914909253494,0.06524044442432542,0.01176546398689502,0.001373734488946584,1188137265.19047,world_bank_wdi,0.406422953094219,0.17964328554730025,0.10441783928064198,0.011720007786951862,0.028948817721344323,0.007647012716124468
Vanuatu,2023,us,0.017319616982430744,0.030405772967148813,4.593028309661961e-05,5.523975920212122e-05,1188137265.19047,world_bank_wdi,0.406422953094219,0.17964328554730025,0.007039089880460289,0.005462192955423897,0.0001130110461206452,0.00030749693223338726
Vanuatu,2024,aus,0.13639487711920226,0.009004182095743326,0.0005704912987934076,7.196822815523717e-06,1297956614.77783,world_bank_wdi,0.40720060130089003,0.24790892880119722,0.055540075977300166,0.002232217138086647,0.001401007996969676,2.9030107347585626e-05
Vanuatu,2024,china,0.34447339411724,0.05994462889249512,0.0210449952516315,0.0007709001106342798,1297956614.77783,world_bank_wdi,0.40720060130089003,0.24790892880119722,0.1402697732166986,0.014860808736123762,0.05168213206070603,0.0031096101070747593
Vanuatu,2024,us,0.008911706923836119,0.0440702462951181,2.1442993791936204e-05,0.00013376402587311065,1297956614.77783,world_bank_wdi,0.40720060130089003,0.24790892880119722,0.0036288524180033725,0.010925407551027657,5.2659533712455095e-05,0.0005395692140656157
