country,year,partner,import_index,export_index,cwi,cwe,gdp_usd,gdp_source,import_openness,export_openness,import_index_gdp,export_index_gdp,cwi_trade,cwe_trade,calendar_n_events,calendar_event_ids,calendar_titles,flag_gfc,flag_covid,flag_pacer_plus,flag_diplomatic_switch,flag_ramsi,flag_step_up,flag_compact_renewal,flag_security_pact,flag_coup,flag_unrest,flag_disaster,flag_commodity,flag_sanctions,flag_engagement,flag_processing_centre,flag_wto_accession,lowy_spent_usd,lowy_committed_usd,lowy_spent_total_usd,lowy_committed_total_usd,lowy_spent_share,emdat_n_events,emdat_affected,emdat_deaths,emdat_damage_usd,emdat_types,emdat_has_disaster,iso3
Cook Islands,2002,aus,0.1044888155805107,0.2585673885473277,,,,,,,,,0.0008099439810138,0.0019861387610223,0,,,0,0,0,0,0,0,0,0,0,0,0,0,0,0,0,0,,,,,,0.0,0.0,0.0,0.0,,0,COK
Cook Islands,2002,china,0.0019394857974422,0.015585935342698,,,,,,,,,1.780210826596549e-05,0.0001841462965049,0,,,0,0,0,0,0,0,0,0,0,0,0,0,0,0,0,0,,,,,,0.0,0.0,0.0,0.0,,0,COK
Cook Islands,2002,us,0.0205120825450554,0.1449888526182291,,,,,,,,,0.0003926979435033,0.0193705223767815,0,,,0,0,0,0,0,0,0,0,0,0,0,0,0,0,0,0,,,,,,0.0,0.0,0.0,0.0,,0,COK
Cook Islands,2003,aus,0.0838038608494764,0.0863218148570411,,,,,,,,,0.0004132218522224,0.0007373116268121,0,,,0,0,0,0,0,0,0,0,0,0,0,0,0,0,0,0,,,,,,0.0,0.0,0.0,0.0,,0,COK
Cook Islands,2003,china,0.0094642438677441,0.0084596377738305,,,,,,,,,0.0002982835523624,1.7856344553192136e-05,0,,,0,0,0,0,0,0,0,0,0,0,0,0,0,0,0,0,,,,,,0.0,0.0,0.0,0.0,,0,COK
Cook Islands,2003,us,0.0361093371875439,0.3458133552192673,,,,,,,,,0.0017310537211534,0.0373075893226659,0,,,0,0,0,0,0,0,0,0,0,0,0,0,0,0,0,0,,,,,,0.0,0.0,0.0,0.0,,0,COK
Cook Islands,2004,aus,0.055379882278681,0.0131682167231776,,,,,,,,,0.0001925748076481,1.9768238875270036e-05,0,,,0,0,0,0,0,0,0,0,0,0,0,0,0,0,0,0,,,,,,0.0,0.0,0.0,0.0,,0,COK
Cook Islands,2004,china,0.011230233458809,0.0049127493963931,,,,,,,,,0.0002396782832425,1.3293508370572128e-06,0,,,0,0,0,0,0,0,0,0,0,0,0,0,0,0,0,0,,,,,,0.0,0.0,0.0,0.0,,0,COK
Cook Islands,2004,us,0.010395458850061,0.2227033159878087,,,,,,,,,9.459544270027932e-05,0.0225100291990042,0,,,0,0,0,0,0,0,0,0,0,0,0,0,0,0,0,0,,,,,,0.0,0.0,0.0,0.0,,0,COK
Cook Islands,2005,aus,0.1078399760319097,0.0312971056600993,,,,,,,,,0.0009525870868291,6.460748574917266e-05,0,,,0,0,0,0,0,0,0,0,0,0,0,0,0,0,0,0,,,,,,1.0,608.0,0.0,0.0,Storm,1,COK
Cook Islands,2005,china,0.0171413286303967,0.1126139184367626,,,,,,,,,0.000190075824118,0.0010328990824305,0,,,0,0,0,0,0,0,0,0,0,0,0,0,0,0,0,0,,,,,,1.0,608.0,0.0,0.0,Storm,1,COK
Cook Islands,2005,us,0.0148402548861355,0.1294893630456908,,,,,,,,,0.0001011745913633,0.0054341118346583,0,,,0,0,0,0,0,0,0,0,0,0,0,0,0,0,0,0,,,,,,1.0,608.0,0.0,0.0,Storm,1,COK
Cook Islands,2006,aus,0.0550401588886812,0.0236016642010912,,,,,,,,,0.00010690981972,4.0907107172384594e-05,0,,,0,0,0,0,0,0,0,0,0,0,0,0,0,0,0,0,1670559.0,1301093.0,37532892.0,39750028.0,0.044509200090416694,0.0,0.0,0.0,0.0,,0,COK
Cook Islands,2006,china,0.0111860636211096,0.0828037954996993,,,,,,,,,7.018797510624493e-05,0.0007821144896986,0,,,0,0,0,0,0,0,0,0,0,0,0,0,0,0,0,0,2750000.0,3047879.0,37532892.0,39750028.0,0.0732690675687874,0.0,0.0,0.0,0.0,,0,COK
Cook Islands,2006,us,0.0362124907335226,0.1361414487833832,,,,,,,,,0.0022548248360706,0.0325182766762854,0,,,0,0,0,0,0,0,0,0,0,0,0,0,0,0,0,0,,,,,,0.0,0.0,0.0,0.0,,0,COK
Cook Islands,2007,aus,0.0686873635229078,0.0074108261129114,,,,,,,,,0.000209527792853,1.1537936571171632e-05,0,,,0,0,0,0,0,0,0,0,0,0,0,0,0,0,0,0,2727084.0,2683367.0,9025639.0,19569340.0,0.30214857917539134,0.0,0.0,0.0,0.0,,0,COK
Cook Islands,2007,china,0.0109352715284841,0.1179578934667436,,,,,,,,,4.971808894094424e-05,0.0014953839233248,0,,,0,0,0,0,0,0,0,0,0,0,0,0,0,0,0,0,,9600000.0,9025639.0,19569340.0,,0.0,0.0,0.0,0.0,,0,COK
Cook Islands,2007,us,0.020315359253572,0.1036512506956626,,,,,,,,,0.0002007985601949,0.0089643505522507,0,,,0,0,0,0,0,0,0,0,0,0,0,0,0,0,0,0,,,,,,0.0,0.0,0.0,0.0,,0,COK
Cook Islands,2008,aus,0.0854927562646832,0.0022814931879568,,,,,,,,,0.0001792682488574,1.5007637600604715e-06,1,gfc_2008,Global financial crisis,1,0,0,0,0,0,0,0,0,0,0,0,0,0,0,0,641674.0,8928499.0,13065583.0,32831487.0,0.04911177710171831,0.0,0.0,0.0,0.0,,0,COK
Cook Islands,2008,china,0.0089746267537026,0.0619232718418,,,,,,,,,8.531796071478406e-05,0.0004754635021173,1,gfc_2008,Global financial crisis,1,0,0,0,0,0,0,0,0,0,0,0,0,0,0,0,8317901.0,13710756.0,13065583.0,32831487.0,0.6366268539260743,0.0,0.0,0.0,0.0,,0,COK
Cook Islands,2008,us,0.0252037596219857,0.0335770623634915,,,,,,,,,0.0008435334613366,0.0032861762230401,1,gfc_2008,Global financial crisis,1,0,0,0,0,0,0,0,0,0,0,0,0,0,0,0,,,,,,0.0,0.0,0.0,0.0,,0,COK
Cook Islands,2009,aus,0.0746615612437252,0.0046425489954043,,,,,,,,,0.0001548121519316,8.85322782726761e-06,1,gfc_2008,Global financial crisis,1,0,0,0,0,0,0,0,0,0,0,0,0,0,0,0,2972499.0,4347880.0,38582536.0,35167801.0,0.07704260290199691,0.0,0.0,0.0,0.0,,0,COK
Cook Islands,2009,china,0.0700387202575548,0.014691493323003,,,,,,,,,0.0081540906533321,1.8489807514147027e-05,1,gfc_2008,Global financial crisis,1,0,0,0,0,0,0,0,0,0,0,0,0,0,0,0,6392855.0,,38582536.0,35167801.0,0.16569297051909704,0.0,0.0,0.0,0.0,,0,COK
Cook Islands,2009,us,0.0154986910467354,0.050057886030507,,,,,,,,,0.0002772192148601,0.0093073171194834,1,gfc_2008,Global financial crisis,1,0,0,0,0,0,0,0,0,0,0,0,0,0,0,0,,,,,,0.0,0.0,0.0,0.0,,0,COK
Cook Islands,2010,aus,0.0714979628971134,0.0075413375737453,,,,,,,,,0.0001922488627506,1.6413186734249466e-05,0,,,0,0,0,0,0,0,0,0,0,0,0,0,0,0,0,0,3565031.0,679088.0,24524927.0,22226520.0,0.14536357233601552,1.0,2202.0,0.0,0.0,Storm,1,COK
Cook Islands,2010,china,0.0400179273227695,0.0476829082511902,,,,,,,,,0.0045933252020405,0.0001595425080782,0,,,0,0,0,0,0,0,0,0,0,0,0,0,0,0,0,0,,,,,,1.0,2202.0,0.0,0.0,Storm,1,COK
Cook Islands,2010,us,0.0334370224741898,0.0643968383947634,,,,,,,,,0.0006341351777444,0.0079362705157406,0,,,0,0,0,0,0,0,0,0,0,0,0,0,0,0,0,0,60680.0,60680.0,24524927.0,22226520.0,0.00247421735444921,1.0,2202.0,0.0,0.0,Storm,1,COK
Cook Islands,2011,aus,0.0479335734221832,0.0038430818544472,,,,,,,,,3.965512563853853e-05,1.1891492925361156e-05,0,,,0,0,0,0,0,0,0,0,0,0,0,0,0,0,0,0,5547733.0,5547733.0,34476600.0,39930802.0,0.16091299606109652,0.0,0.0,0.0,0.0,,0,COK
Cook Islands,2011,china,0.0402233068794354,0.0213249688075799,,,,,,,,,0.0059011626140277,5.626177417411137e-05,0,,,0,0,0,0,0,0,0,0,0,0,0,0,0,0,0,0,475000.0,950000.0,34476600.0,39930802.0,0.013777460654472889,0.0,0.0,0.0,0.0,,0,COK
Cook Islands,2011,us,0.0321709788025923,0.0203817835457881,,,,,,,,,0.0005723530584484,0.0032585362022354,0,,,0,0,0,0,0,0,0,0,0,0,0,0,0,0,0,0,,,,,,0.0,0.0,0.0,0.0,,0,COK
Cook Islands,2012,aus,0.0391217306750906,0.0022947592126251,,,,,,,,,4.266629289221028e-05,8.475709872022104e-06,0,,,0,0,0,0,0,0,0,0,0,0,0,0,0,0,0,0,4409951.0,4409951.0,36009315.0,40426814.0,0.12246695056543008,0.0,0.0,0.0,0.0,,0,COK
Cook Islands,2012,china,0.0318762282513933,0.0199155048702045,,,,,,,,,0.0036504478597515,5.20746001882084e-05,0,,,0,0,0,0,0,0,0,0,0,0,0,0,0,0,0,0,1475000.0,19693564.0,36009315.0,40426814.0,0.04096162340216691,0.0,0.0,0.0,0.0,,0,COK
Cook Islands,2012,us,0.0374211929679659,0.0277852010866302,,,,,,,,,0.0008198216008238,0.0020784623327138,0,,,0,0,0,0,0,0,0,0,0,0,0,0,0,0,0,0,12000.0,30000.0,36009315.0,40426814.0,0.0003332471056447478,0.0,0.0,0.0,0.0,,0,COK
Cook Islands,2013,aus,0.0333306416729849,0.0149885980693448,,,,,,,,,3.091238455852479e-05,1.027673239888079e-05,0,,,0,0,0,0,0,0,0,0,0,0,0,0,0,0,0,0,5258002.0,5258002.0,25562943.0,40328619.0,0.2056884451841089,0.0,0.0,0.0,0.0,,0,COK
Cook Islands,2013,china,0.1277383113862465,0.0380431300843163,,,,,,,,,0.0181881874259911,0.0001524987318764,0,,,0,0,0,0,0,0,0,0,0,0,0,0,0,0,0,0,220000.0,220000.0,25562943.0,40328619.0,0.00860620782200234,0.0,0.0,0.0,0.0,,0,COK
Cook Islands,2013,us,0.0276095103892559,0.0139748540286727,,,,,,,,,0.0008655866287484,0.0005310789716419,0,,,0,0,0,0,0,0,0,0,0,0,0,0,0,0,0,0,,,,,,0.0,0.0,0.0,0.0,,0,COK
Cook Islands,2014,aus,0.0398671873510783,0.0136903947842383,,,,,,,,,0.0038618243312397,1.1765228907652495e-05,0,,,0,0,0,0,0,0,0,0,0,0,0,0,0,0,0,0,2736520.0,2736520.0,38401175.0,37647039.0,0.07126136114324627,0.0,0.0,0.0,0.0,,0,COK
Cook Islands,2014,china,0.1334974363024104,0.0503931706719092,,,,,,,,,0.0098366987802529,0.0002189594008652,0,,,0,0,0,0,0,0,0,0,0,0,0,0,0,0,0,0,7461188.0,6500000.0,38401175.0,37647039.0,0.19429582558346195,0.0,0.0,0.0,0.0,,0,COK
Cook Islands,2014,us,0.0316915953777257,0.0218173889719365,,,,,,,,,0.0008412744501331,0.0020825413134424,0,,,0,0,0,0,0,0,0,0,0,0,0,0,0,0,0,0,,,,,,0.0,0.0,0.0,0.0,,0,COK
Cook Islands,2015,aus,0.0322492886549855,0.0362941079435538,,,,,,,,,4.81286762279156e-05,1.4173091499909976e-05,0,,,0,0,0,0,0,0,0,0,0,0,0,0,0,0,0,0,3150184.0,3150184.0,38159810.0,49150504.0,0.08255240264561066,0.0,0.0,0.0,0.0,,0,COK
Cook Islands,2015,china,0.1107287054261174,0.0630227699476786,,,,,,,,,0.0066516929843464,0.0003822343963021,0,,,0,0,0,0,0,0,0,0,0,0,0,0,0,0,0,0,9593188.0,2724645.0,38159810.0,49150504.0,0.2513950672186261,0.0,0.0,0.0,0.0,,0,COK
Cook Islands,2015,us,0.027785787237379,0.0276948594962655,,,,,,,,,0.0006716472302826,0.0024385276559992,0,,,0,0,0,0,0,0,0,0,0,0,0,0,0,0,0,0,,,,,,0.0,0.0,0.0,0.0,,0,COK
Cook Islands,2016,aus,0.0381465362602811,0.012497348076464,,,,,,,,,4.124879316934118e-05,6.117040237207988e-06,0,,,0,0,0,0,0,0,0,0,0,0,0,0,0,0,0,0,3298706.0,3298706.0,33401569.0,69044777.0,0.09875901338646696,0.0,0.0,0.0,0.0,,0,COK
Cook Islands,2016,china,0.0228724345415708,0.0312836120990987,,,,,,,,,0.0003645015079462,0.0001032267042637,0,,,0,0,0,0,0,0,0,0,0,0,0,0,0,0,0,0,12756208.0,31498240.0,33401569.0,69044777.0,0.3819044548476151,0.0,0.0,0.0,0.0,,0,COK
Cook Islands,2016,us,0.0270720266780113,0.0387458084270454,,,,,,,,,0.0006464976725944,0.0054328014941239,0,,,0,0,0,0,0,0,0,0,0,0,0,0,0,0,0,0,,,,,,0.0,0.0,0.0,0.0,,0,COK
Cook Islands,2017,aus,0.0398441845240032,0.0032317103054832,,,,,,,,,3.918811006682662e-05,1.122110007042866e-06,0,,,0,0,0,0,0,0,0,0,0,0,0,0,0,0,0,0,2360656.0,2360656.0,40465919.0,16495498.0,0.05833689332497305,0.0,0.0,0.0,0.0,,0,COK
Cook Islands,2017,china,0.0505754176864684,0.1212847373625382,,,,,,,,,0.0015341513371394,0.0015706368000929,0,,,0,0,0,0,0,0,0,0,0,0,0,0,0,0,0,0,12343905.0,82000.0,40465919.0,16495498.0,0.3050444745861326,0.0,0.0,0.0,0.0,,0,COK
Cook Islands,2017,us,0.0294848009294875,0.0710795792886998,,,,,,,,,0.0008609678856206,0.0112133947487365,0,,,0,0,0,0,0,0,0,0,0,0,0,0,0,0,0,0,,,,,,0.0,0.0,0.0,0.0,,0,COK
Cook Islands,2018,aus,0.05827220495763,0.0086533527947766,,,,,,,,,5.436520239368962e-05,2.2850036280349025e-05,1,aus_step_up_2018,Australia Pacific Step-up,0,0,0,0,0,1,0,0,0,0,0,0,0,0,0,0,2105521.0,2105521.0,54496697.0,68199212.0,0.03863575438342621,0.0,0.0,0.0,0.0,,0,COK
Cook Islands,2018,china,0.0349895588348533,0.0568213573106173,,,,,,,,,0.0007770818825618,0.00054580488469,0,,,0,0,0,0,0,0,0,0,0,0,0,0,0,0,0,0,16573950.0,33321284.0,54496697.0,68199212.0,0.30412760611895434,0.0,0.0,0.0,0.0,,0,COK
Cook Islands,2018,us,0.0300598180193473,0.0207538858198628,,,,,,,,,0.0008690820481022,0.0016129299701862,0,,,0,0,0,0,0,0,0,0,0,0,0,0,0,0,0,0,,,,,,0.0,0.0,0.0,0.0,,0,COK
Cook Islands,2019,aus,0.0335523464805562,0.0046008127066929,,,,,,,,,6.253150463807333e-05,1.4021068200125872e-05,1,aus_step_up_2018,Australia Pacific Step-up,0,0,0,0,0,1,0,0,0,0,0,0,0,0,0,0,3182005.0,3182005.0,52677431.0,24816230.0,0.060405470418631466,0.0,0.0,0.0,0.0,,0,COK
Cook Islands,2019,china,0.2113782551277542,0.0544775056450045,,,,,,,,,0.0195254230675614,0.0006044023591676,0,,,0,0,0,0,0,0,0,0,0,0,0,0,0,0,0,0,16946230.0,,52677431.0,24816230.0,0.3216981101451208,0.0,0.0,0.0,0.0,,0,COK
Cook Islands,2019,us,0.0369482473246232,0.0148110443736114,,,,,,,,,0.0010625289668877,0.0017309841543646,0,,,0,0,0,0,0,0,0,0,0,0,0,0,0,0,0,0,,,,,,0.0,0.0,0.0,0.0,,0,COK
Cook Islands,2020,aus,0.0542657257830154,0.0129353140934154,,,,,,,,,6.987260251868344e-05,1.717038557699256e-05,2,aus_step_up_2018;covid_2020,Australia Pacific Step-up; COVID-19 pandemic,0,1,0,0,0,1,0,0,0,0,0,0,0,0,0,0,,,,,,0.0,0.0,0.0,0.0,,0,COK
Cook Islands,2020,china,0.0565955593256288,0.0923895845568638,,,,,,,,,0.004119126297938,0.0012714977740182,1,covid_2020,COVID-19 pandemic,0,1,0,0,0,0,0,0,0,0,0,0,0,0,0,0,59349.0,248194.0,64425663.0,51580130.0,0.0009212012300129531,0.0,0.0,0.0,0.0,,0,COK
Cook Islands,2020,us,0.0281885008847396,0.0862161209030738,,,,,,,,,0.0008834266637032,0.0164052996880357,1,covid_2020,COVID-19 pandemic,0,1,0,0,0,0,0,0,0,0,0,0,0,0,0,0,,,,,,0.0,0.0,0.0,0.0,,0,COK
Cook Islands,2021,aus,0.0324435469213532,0.0026596838747701,,,,,,,,,6.991654243093524e-05,9.935806606517492e-06,3,aus_step_up_2018;covid_2020;pacer_plus_cok,Australia Pacific Step-up; COVID-19 pandemic; PACER Plus in force,0,1,1,0,0,1,0,0,0,0,0,0,0,0,0,0,,,,,,0.0,0.0,0.0,0.0,,0,COK
Cook Islands,2021,china,0.0227125956028168,0.0636102485009243,,,,,,,,,0.0005944416665825,0.0005910054903327,1,covid_2020,COVID-19 pandemic,0,1,0,0,0,0,0,0,0,0,0,0,0,0,0,0,393638.0,62637.0,1809427.0,604587.0,0.21754842831459903,0.0,0.0,0.0,0.0,,0,COK
Cook Islands,2021,us,0.0202076230420877,0.0356277750905295,,,,,,,,,0.0008718640327373,0.0014917747872537,1,covid_2020,COVID-19 pandemic,0,1,0,0,0,0,0,0,0,0,0,0,0,0,0,0,,,,,,0.0,0.0,0.0,0.0,,0,COK
Cook Islands,2022,aus,0.0329104800376704,0.0049799190553101,,,,,,,,,2.485796237760836e-05,1.1321267597611905e-05,2,aus_step_up_2018;pacer_plus_cok,Australia Pacific Step-up; PACER Plus in force,0,0,1,0,0,1,0,0,0,0,0,0,0,0,0,0,,,,,,0.0,0.0,0.0,0.0,,0,COK
Cook Islands,2022,china,0.0668371970790553,0.0300935748848211,,,,,,,,,0.0017475819253274,0.0001889351357394,0,,,0,0,0,0,0,0,0,0,0,0,0,0,0,0,0,0,51813.0,0.0,4140257.0,3882838.0,0.012514440528691818,0.0,0.0,0.0,0.0,,0,COK
Cook Islands,2022,us,0.0215405586820964,0.0369374718764082,,,,,,,,,0.0006960510536523,0.006701699844203,0,,,0,0,0,0,0,0,0,0,0,0,0,0,0,0,0,0,,,,,,0.0,0.0,0.0,0.0,,0,COK
Cook Islands,2023,aus,0.0267955295169919,0.0116025322684751,,,,,,,,,2.394675048852186e-05,2.632395428542771e-06,2,aus_step_up_2018;pacer_plus_cok,Australia Pacific Step-up; PACER Plus in force,0,0,1,0,0,1,0,0,0,0,0,0,0,0,0,0,,,,,,0.0,0.0,0.0,0.0,,0,COK
Cook Islands,2023,china,0.0542631490289436,0.0796220815057306,,,,,,,,,0.0029984846981129,0.0014522891071818,0,,,0,0,0,0,0,0,0,0,0,0,0,0,0,0,0,0,94005.0,94005.0,179729.0,179729.0,0.5230374619566125,0.0,0.0,0.0,0.0,,0,COK
Cook Islands,2023,us,0.0159138604469013,0.0143555629127672,,,,,,,,,0.0003627157143062,0.0011285313559986,0,,,0,0,0,0,0,0,0,0,0,0,0,0,0,0,0,0,,,,,,0.0,0.0,0.0,0.0,,0,COK
Cook Islands,2024,aus,0.0254965358453474,0.0026272955018562,,,,,,,,,5.378539155835559e-05,1.1483381144735026e-05,2,aus_step_up_2018;pacer_plus_cok,Australia Pacific Step-up; PACER Plus in force,0,0,1,0,0,1,0,0,0,0,0,0,0,0,0,0,,,,,,0.0,0.0,0.0,0.0,,0,COK
Cook Islands,2024,china,0.0767741006511716,4.139676896469071e-05,,,,,,,,,0.0067008603011382,1.1483108529041503e-06,0,,,0,0,0,0,0,0,0,0,0,0,0,0,0,0,0,0,71314.0,1536216.0,71314.0,1536216.0,1.0,0.0,0.0,0.0,0.0,,0,COK
Cook Islands,2024,us,0.018041523078437,0.0072922449217096,,,,,,,,,0.000507119903295,0.0002956594998472,0,,,0,0,0,0,0,0,0,0,0,0,0,0,0,0,0,0,,,,,,0.0,0.0,0.0,0.0,,0,COK
Fiji,2002,aus,0.3702655025290405,0.2684997895801748,0.0010027790229881,0.0005722543083799,1833279985.36741,world_bank_wdi,0.360677629864313,0.2524325753260508,0.1335464838726931,0.0677780933582262,0.0027802639807892,0.0022669590390258,0,,,0,0,0,0,0,0,0,0,0,0,0,0,0,0,0,0,,17733410.0,,17733410.0,,0.0,0.0,0.0,0.0,,0,FJI
Fiji,2002,china,0.0462278479450535,0.0030279684677881,0.0004199246422497,1.1978362721756888e-05,1833279985.36741,world_bank_wdi,0.360677629864313,0.2524325753260508,0.0166733506305497,0.0007643578783298,0.0011642658359702,4.745173124461141e-05,0,,,0,0,0,0,0,0,0,0,0,0,0,0,0,0,0,0,,,,,,0.0,0.0,0.0,0.0,,0,FJI
Fiji,2002,us,0.018826567578373,0.3552085706943496,0.000192217709138,0.0163901203800739,1833279985.36741,world_bank_wdi,0.360677629864313,0.2524325753260508,0.0067903217726479,0.0896662142782602,0.0005329349347513,0.0649287056510195,0,,,0,0,0,0,0,0,0,0,0,0,0,0,0,0,0,0,,,,,,0.0,0.0,0.0,0.0,,0,FJI
Fiji,2003,aus,0.3656457401534397,0.2526041166883884,0.0017017077465569,0.0006173371388167,2300492465.32276,world_bank_wdi,0.4992465510374376,0.3312097781172687,0.1825473746731359,0.0836649534398697,0.0034085518327984,0.0018638856084684,0,,,0,0,0,0,0,0,0,0,0,0,0,0,0,0,0,0,,249379.0,,249379.0,,1.0,30000.0,17.0,30000000.0,Storm,1,FJI
Fiji,2003,china,0.034504167083695,0.0070042625182221,0.0003218295854898,2.30750057151962e-06,2300492465.32276,world_bank_wdi,0.4992465510374376,0.3312097781172687,0.0172260864129542,0.0023198802345354,0.0006446305634381,6.96688541212881e-06,0,,,0,0,0,0,0,0,0,0,0,0,0,0,0,0,0,0,,,,,,1.0,30000.0,17.0,30000000.0,Storm,1,FJI
Fiji,2003,us,0.0894450226950819,0.3367267641373961,0.009849577499603,0.0164576263804296,2300492465.32276,world_bank_wdi,0.4992465510374376,0.3312097781172687,0.0446551190879849,0.1115271968360928,0.0197288844141948,0.0496894339109839,0,,,0,0,0,0,0,0,0,0,0,0,0,0,0,0,0,0,,,,,,1.0,30000.0,17.0,30000000.0,Storm,1,FJI
Fiji,2004,aus,0.3210148548439379,0.2524177998130444,0.0013397916144265,0.0005815329729685,2708078476.63012,world_bank_wdi,0.50769177661013,0.3158903098201617,0.1629766019739618,0.0797363369870661,0.0026389862435282,0.0018409332445165,0,,,0,0,0,0,0,0,0,0,0,0,0,0,0,0,0,0,,0.0,,0.0,,2.0,5600.0,16.0,4000000.0,Flood;Storm,1,FJI
Fiji,2004,china,0.0401356835135032,0.0072819792342058,0.0005880699071409,2.0935501385224376e-06,2708078476.63012,world_bank_wdi,0.50769177661013,0.3158903098201617,0.0203765564684323,0.0023003066763972,0.0011583207257511,6.627459195295698e-06,0,,,0,0,0,0,0,0,0,0,0,0,0,0,0,0,0,0,,,,,,2.0,5600.0,16.0,4000000.0,Flood;Storm,1,FJI
Fiji,2004,us,0.0358624158343828,0.368789594749687,0.0008692077851186,0.0163844395863962,2708078476.63012,world_bank_wdi,0.50769177661013,0.3158903098201617,0.018207053608489,0.1164970593439305,0.00171207773134,0.0518674966500998,0,,,0,0,0,0,0,0,0,0,0,0,0,0,0,0,0,0,,,,,,2.0,5600.0,16.0,4000000.0,Flood;Storm,1,FJI
Fiji,2005,aus,0.23818966395288,0.2017780107349016,0.0008238161072002,0.0005027001837353,2980403844.72096,world_bank_wdi,0.5918054447970749,0.3097960236614999,0.1409619400216999,0.0625100253879999,0.0013920387425342,0.0016226812009849,0,,,0,0,0,0,0,0,0,0,0,0,0,0,0,0,0,0,,0.0,,0.0,,0.0,0.0,0.0,0.0,,0,FJI
Fiji,2005,china,0.0339693474357831,0.0035593886764339,0.0005478096378277,1.357735266118691e-06,2980403844.72096,world_bank_wdi,0.5918054447970749,0.3097960236614999,0.0201032447686999,0.0011026844586249,0.0009256583268097,4.382674929366514e-06,0,,,0,0,0,0,0,0,0,0,0,0,0,0,0,0,0,0,,,,,,0.0,0.0,0.0,0.0,,0,FJI
Fiji,2005,us,0.0360358256510508,0.2251802917666675,0.0016653531801377,0.0075913297140206,2980403844.72096,world_bank_wdi,0.5918054447970749,0.3097960236614999,0.0213261978280499,0.0697599589962499,0.0028140213895949,0.0245042838971856,0,,,0,0,0,0,0,0,0,0,0,0,0,0,0,0,0,0,,,,,,0.0,0.0,0.0,0.0,,0,FJI
Fiji,2006,aus,0.2227263678385749,0.21899602157179,0.0009473070821755,0.0006762223865198,3076305452.86506,world_bank_wdi,0.6463127954827357,0.2770616618080632,0.1439509014254654,0.0606754016660346,0.0014657099299233,0.0024406927400453,2,fji_aus_sanctions;fji_coup_2006,Australia sanctions after Fiji coup; Fiji 2006 coup,0,0,0,0,0,0,0,0,1,0,0,0,1,0,0,0,23874170.0,15602858.0,77469213.0,96702421.0,0.30817622995602134,2.0,392.0,4.0,500000.0,Flood;Storm,1,FJI
Fiji,2006,china,0.0392512058825725,0.0030001303456198,0.0005866459137724,3.87236754319746e-06,3076305452.86506,world_bank_wdi,0.6463127954827357,0.2770616618080632,0.0253685566000338,0.0008312210991982,0.0009076811071553,1.3976554958657814e-05,1,fji_coup_2006,Fiji 2006 coup,0,0,0,0,0,0,0,0,1,0,0,0,0,0,0,0,25397160.0,20693708.0,77469213.0,96702421.0,0.32783552351306317,2.0,392.0,4.0,500000.0,Flood;Storm,1,FJI
Fiji,2006,us,0.0272594170623568,0.2636221277418963,0.0007589530364678,0.0098352874755748,3076305452.86506,world_bank_wdi,0.6463127954827357,0.2770616618080632,0.0176181100448016,0.0730395848015473,0.001174281310493,0.0354985507969281,1,fji_coup_2006,Fiji 2006 coup,0,0,0,0,0,0,0,0,1,0,0,0,0,0,0,0,1338000.0,1743000.0,77469213.0,96702421.0,0.017271377211486583,2.0,392.0,4.0,500000.0,Flood;Storm,1,FJI
Fiji,2007,aus,0.2143877951873179,0.1587091723018034,0.0006957496212656,0.0003006008780406,3378314599.76402,world_bank_wdi,0.5620558201218543,0.2614965125100273,0.120497908048124,0.0415018950602746,0.0012378657000914,0.0011495406770638,1,fji_aus_sanctions,Australia sanctions after Fiji coup,0,0,0,0,0,0,0,0,0,0,0,0,1,0,0,0,20928883.0,18068985.0,50010802.0,39177900.0,0.4184872500145069,4.0,969.0,7.0,37652000.0,Flood;Storm,1,FJI
Fiji,2007,china,0.0377545264301084,0.0062509244921149,0.0006490946209209,7.35812417198387e-06,3378314599.76402,world_bank_wdi,0.5620558201218543,0.2614965125100273,0.0212201513159868,0.0016345949546515,0.001154857929912,2.8138517417901385e-05,0,,,0,0,0,0,0,0,0,0,0,0,0,0,0,0,0,0,2699516.0,,50010802.0,39177900.0,0.053978658450628325,4.0,969.0,7.0,37652000.0,Flood;Storm,1,FJI
Fiji,2007,us,0.0312156935057382,0.2724288366644352,0.0012876958759826,0.0089801686292272,3378314599.76402,world_bank_wdi,0.5620558201218543,0.2614965125100273,0.0175449622140401,0.0712391906949136,0.0022910462446656,0.0343414470159822,0,,,0,0,0,0,0,0,0,0,0,0,0,0,0,0,0,0,1208263.0,1430404.0,50010802.0,39177900.0,0.024160040464857972,4.0,969.0,7.0,37652000.0,Flood;Storm,1,FJI
Fiji,2008,aus,0.1899468916131463,0.1465983456667301,0.0008531598778097,0.0004232311671231,3523185919.55826,world_bank_wdi,0.6918017282226187,0.2981371775383625,0.131405587888489,0.0437064170088721,0.0012332433456066,0.0014195853419478,2,fji_aus_sanctions;gfc_2008,Australia sanctions after Fiji coup; Global financial crisis,1,0,0,0,0,0,0,0,0,0,0,0,1,0,0,0,20127473.0,30961359.0,59122685.0,90629339.0,0.34043570585469857,1.0,0.0,7.0,30000000.0,Storm,1,FJI
Fiji,2008,china,0.0478067631090824,0.0027305673236462,0.001144929291521,5.973197153428711e-07,3523185919.55826,world_bank_wdi,0.6918017282226187,0.2981371775383625,0.0330728013395925,0.0008140836349503,0.0016549962869601,2.003506306307644e-06,1,gfc_2008,Global financial crisis,1,0,0,0,0,0,0,0,0,0,0,0,0,0,0,0,11075551.0,,59122685.0,90629339.0,0.18733166465629902,1.0,0.0,7.0,30000000.0,Storm,1,FJI
Fiji,2008,us,0.0627601186790497,0.1995447738762192,0.0050990092239845,0.0058420338000807,3523185919.55826,world_bank_wdi,0.6918017282226187,0.2981371775383625,0.0434175585656232,0.0594917156759867,0.0073706222693097,0.0195951200998039,1,gfc_2008,Global financial crisis,1,0,0,0,0,0,0,0,0,0,0,0,0,0,0,0,1269534.0,1754083.0,59122685.0,90629339.0,0.02147287458274265,1.0,0.0,7.0,30000000.0,Storm,1,FJI
Fiji,2009,aus,0.2068217580596349,0.1705625754805019,0.0008362045795653,0.0006078988507019,2870624635.68032,world_bank_wdi,0.5587558422175484,0.304970924487493,0.1155628656135253,0.0520166263272564,0.0014965473582283,0.0019933010063944,2,fji_aus_sanctions;gfc_2008,Australia sanctions after Fiji coup; Global financial crisis,1,0,0,0,0,0,0,0,0,0,0,0,1,0,0,0,23639347.0,33918318.0,97878235.0,113866278.0,0.24151791253693938,2.0,14401.0,14.0,56547000.0,Flood;Storm,1,FJI
Fiji,2009,china,0.0662142785391796,0.008511308474255,0.0016245080589014,5.469780625223864e-06,2870624635.68032,world_bank_wdi,0.5587558422175484,0.304970924487493,0.0369976149719866,0.0025957016139917,0.0029073665743774,1.793541674313999e-05,2,fji_look_north;gfc_2008,Fiji Look North policy; Global financial crisis,1,0,0,0,0,0,0,0,0,0,0,0,0,1,0,0,6078971.0,12490000.0,97878235.0,113866278.0,0.06210748487648965,2.0,14401.0,14.0,56547000.0,Flood;Storm,1,FJI
Fiji,2009,us,0.0442058540435877,0.1776400397685301,0.0019227309025364,0.0043461614796756,2870624635.68032,world_bank_wdi,0.5587558422175484,0.304970924487493,0.0247002792070708,0.0541750471542036,0.0034410931524325,0.0142510683173467,1,gfc_2008,Global financial crisis,1,0,0,0,0,0,0,0,0,0,0,0,0,0,0,0,1937553.0,2622553.0,97878235.0,113866278.0,0.019795544944184985,2.0,14401.0,14.0,56547000.0,Flood;Storm,1,FJI
Fiji,2010,aus,0.1965660409131666,0.2178843567055945,0.0010119509496325,0.0008394687137186,3140166712.79624,world_bank_wdi,0.6220606963445482,0.3117126342404848,0.1222760082881354,0.0679173067884943,0.0016267720426305,0.0026930853019931,1,fji_aus_sanctions,Australia sanctions after Fiji coup,0,0,0,0,0,0,0,0,0,0,0,0,1,0,0,0,39217639.0,31723078.0,107188388.0,145244815.0,0.3658758166976072,1.0,39101.0,2.0,39427000.0,Storm,1,FJI
Fiji,2010,china,0.0708409891369656,0.0073338523082195,0.0018899687170728,2.9223161863387158e-06,3140166712.79624,world_bank_wdi,0.6220606963445482,0.3117126342404848,0.0440673950322774,0.0022860544221257,0.0030382384358616,9.375032851841874e-06,1,fji_look_north,Fiji Look North policy,0,0,0,0,0,0,0,0,0,0,0,0,0,1,0,0,7598140.0,30421327.0,107188388.0,145244815.0,0.07088585006054947,1.0,39101.0,2.0,39427000.0,Storm,1,FJI
Fiji,2010,us,0.0351749469015741,0.2110907863621514,0.0014943205586209,0.0060978524519185,3140166712.79624,world_bank_wdi,0.6220606963445482,0.3117126342404848,0.0218809519634757,0.0657996650808416,0.0024022102142155,0.0195624167328876,0,,,0,0,0,0,0,0,0,0,0,0,0,0,0,0,0,0,1812970.0,1729910.0,107188388.0,145244815.0,0.016913865707169698,1.0,39101.0,2.0,39427000.0,Storm,1,FJI
Fiji,2011,aus,0.1920861576987095,0.2051281284022263,0.0013725946843888,0.0007166086888226,3779411899.37483,world_bank_wdi,0.6209611790099424,0.2940088335393677,0.1192780469560804,0.0603094817576522,0.0022104355808157,0.0024373712864199,1,fji_aus_sanctions,Australia sanctions after Fiji coup,0,0,0,0,0,0,0,0,0,0,0,0,1,0,0,0,39955110.0,41153662.0,121346869.0,181929414.0,0.3292636252526631,0.0,0.0,0.0,0.0,,0,FJI
Fiji,2011,china,0.0857922810658003,0.006729488240364,0.0024603291575132,3.2573923756514013e-06,3779411899.37483,world_bank_wdi,0.6209611790099424,0.2940088335393677,0.0532736760005717,0.0019785289878663,0.0039621303886274,1.107923301636186e-05,1,fji_look_north,Fiji Look North policy,0,0,0,0,0,0,0,0,0,0,0,0,0,1,0,0,17564431.0,100393368.0,121346869.0,181929414.0,0.14474564646575266,0.0,0.0,0.0,0.0,,0,FJI
Fiji,2011,us,0.0471904072763623,0.1605923777185417,0.0020339544622174,0.0038039903470344,3779411899.37483,world_bank_wdi,0.6209611790099424,0.2940088335393677,0.0293034109402893,0.047215577648342,0.0032754937522186,0.0129383539305293,0,,,0,0,0,0,0,0,0,0,0,0,0,0,0,0,0,0,1861530.0,1941100.0,121346869.0,181929414.0,0.015340568861319364,0.0,0.0,0.0,0.0,,0,FJI
Fiji,2012,aus,0.1743947199287963,0.1876101396186332,0.0011623137095017,0.0005612970881678,3972028104.47328,world_bank_wdi,0.5973754159311644,0.2944798937053615,0.1041791183536636,0.0552474139729431,0.0019457006071968,0.001906062519601,1,fji_aus_sanctions,Australia sanctions after Fiji coup,0,0,0,0,0,0,0,0,0,0,0,0,1,0,0,0,60876156.0,60876155.0,202924562.0,259194999.0,0.2999940243803508,3.0,27945.0,17.0,97400000.0,Flood;Storm,1,FJI
Fiji,2012,china,0.0899722935294645,0.0223135337315586,0.0025371614750981,0.0014698840159358,3972028104.47328,world_bank_wdi,0.5973754159311644,0.2944798937053615,0.0537472362694447,0.0065708870414604,0.0042471809308445,0.0049914579818699,1,fji_look_north,Fiji Look North policy,0,0,0,0,0,0,0,0,0,0,0,0,0,1,0,0,54204340.0,116526633.0,202924562.0,259194999.0,0.2671157176133267,3.0,27945.0,17.0,97400000.0,Flood;Storm,1,FJI
Fiji,2012,us,0.0266689366676334,0.2177964624849014,0.0004579636862666,0.0059730111236022,3972028104.47328,world_bank_wdi,0.5973754159311644,0.2944798937053615,0.0159313671342694,0.0641366791219575,0.0007666262689314,0.0202832561790399,0,,,0,0,0,0,0,0,0,0,0,0,0,0,0,0,0,0,1713090.0,1847070.0,202924562.0,259194999.0,0.008442004176901956,3.0,27945.0,17.0,97400000.0,Flood;Storm,1,FJI
Fiji,2013,aus,0.1342760623940689,0.1594802581817102,0.0011521472588212,0.0003707322998385,4189967998.51424,world_bank_wdi,0.711039493393848,0.2674573429671485,0.0954755833795995,0.042654166108995,0.0016203702741206,0.0013861361805423,1,fji_aus_sanctions,Australia sanctions after Fiji coup,0,0,0,0,0,0,0,0,0,0,0,0,1,0,0,0,50209560.0,50209560.0,168002377.0,140867570.0,0.2988622000270865,0.0,0.0,0.0,0.0,,0,FJI
Fiji,2013,china,0.1000664324402964,0.0628160747201985,0.0037276957031155,0.0031177182266494,4189967998.51424,world_bank_wdi,0.711039493393848,0.2674573429671485,0.0711511854280781,0.0168006204402901,0.0052426000774203,0.0116568802787828,1,fji_look_north,Fiji Look North policy,0,0,0,0,0,0,0,0,0,0,0,0,0,1,0,0,55608396.0,2231431.0,168002377.0,140867570.0,0.33099767391981605,0.0,0.0,0.0,0.0,,0,FJI
Fiji,2013,us,0.0458268751366692,0.2101313513894358,0.0008884444119273,0.0053662667593517,4189967998.51424,world_bank_wdi,0.711039493393848,0.2674573429671485,0.0325847180810004,0.0562011729167147,0.0012495007945153,0.020064009833564,0,,,0,0,0,0,0,0,0,0,0,0,0,0,0,0,0,0,1922390.0,1551740.0,168002377.0,140867570.0,0.011442635719374376,0.0,0.0,0.0,0.0,,0,FJI
Fiji,2014,aus,0.1349623983798195,0.1318804685143604,0.0008441729419085,0.0003043827564494,4857104768.86844,world_bank_wdi,0.7139045297571018,0.270606699576342,0.0963502675502357,0.0356877383232527,0.0011824731553332,0.0011248160408664,2,fji_aus_sanctions;fji_elections_2014,Australia sanctions after Fiji coup; Fiji elections and Australia normalisation,0,0,0,0,0,0,0,0,0,0,0,0,1,1,0,0,49676540.0,49676540.0,178795019.0,316877201.0,0.27784073783397734,0.0,0.0,0.0,0.0,,0,FJI
Fiji,2014,china,0.1334269391055694,0.0877530450175353,0.0051498152856627,0.0023433043443042,4857104768.86844,world_bank_wdi,0.7139045297571018,0.270606699576342,0.0952540962190909,0.0237465618899694,0.0072135909929229,0.0086594468945999,1,fji_look_north,Fiji Look North policy,0,0,0,0,0,0,0,0,0,0,0,0,0,1,0,0,54026202.0,31120755.0,178795019.0,316877201.0,0.3021683842322252,0.0,0.0,0.0,0.0,,0,FJI
Fiji,2014,us,0.0393546633107375,0.187411889350004,0.0004132276439692,0.0047049490589199,4857104768.86844,world_bank_wdi,0.7139045297571018,0.270606699576342,0.0280954724046011,0.0507149128383712,0.0005788275977319,0.0173866687938103,0,,,0,0,0,0,0,0,0,0,0,0,0,0,0,0,0,0,2024400.0,2665270.0,178795019.0,316877201.0,0.011322463071524382,0.0,0.0,0.0,0.0,,0,FJI
Fiji,2015,aus,0.1362098789080651,0.148248310900991,0.0007875711633573,0.0002888575845461,4682479893.97558,world_bank_wdi,0.5951673384835112,0.2296483078087527,0.0810676711048745,0.0340449737339184,0.0013232768541434,0.0012578258786331,0,,,0,0,0,0,0,0,0,0,0,0,0,0,0,0,0,0,43540442.0,43540442.0,168035911.0,202333679.0,0.25911391047833815,1.0,67000.0,0.0,0.0,Drought,1,FJI
Fiji,2015,china,0.1334159837982709,0.0532614032205584,0.0047132183988341,0.000861805315488,4682479893.97558,world_bank_wdi,0.5951673384835112,0.2296483078087527,0.0794048359883761,0.0122313911211208,0.0079191482698689,0.0037527179003023,0,,,0,0,0,0,0,0,0,0,0,0,0,0,0,0,0,0,50420203.0,8259284.0,168035911.0,202333679.0,0.3000561171712873,1.0,67000.0,0.0,0.0,Drought,1,FJI
Fiji,2015,us,0.0243270950071743,0.2321874779973206,8.929525669726393e-05,0.0058177054330708,4682479893.97558,world_bank_wdi,0.5951673384835112,0.2296483078087527,0.0144786923884554,0.0533214614164667,0.0001500338659792,0.0253331082148263,0,,,0,0,0,0,0,0,0,0,0,0,0,0,0,0,0,0,1841642.0,1501904.0,168035911.0,202333679.0,0.01095981203684491,1.0,67000.0,0.0,0.0,Drought,1,FJI
Fiji,2016,aus,0.159340941991292,0.1660709659777913,0.0005641140906484,0.0003072661517619,4930213644.36653,world_bank_wdi,0.5311485140186996,0.2019583932509145,0.0846337045610145,0.033539425454502,0.0010620647064986,0.0015214329388141,1,fji_winston_2016,Cyclone Winston,0,0,0,0,0,0,0,0,0,0,1,0,0,0,0,0,59268694.0,59268694.0,221428829.0,259402302.0,0.267664758322865,2.0,545558.0,47.0,600000000.0,Storm,1,FJI
Fiji,2016,china,0.1497433566658996,0.0455803936684715,0.0042561358364691,0.0003831313750796,4930213644.36653,world_bank_wdi,0.5311485140186996,0.2019583932509145,0.0795359613772647,0.0092053430690286,0.0080130805681201,0.0018970807249572,1,fji_winston_2016,Cyclone Winston,0,0,0,0,0,0,0,0,0,0,1,0,0,0,0,0,42719686.0,7194990.0,221428829.0,259402302.0,0.19292738977542984,2.0,545558.0,47.0,600000000.0,Storm,1,FJI
Fiji,2016,us,0.0261955129776398,0.2717060654291183,0.0003997673003099,0.0061726873025965,4930213644.36653,world_bank_wdi,0.5311485140186996,0.2019583932509145,0.0139137077920309,0.0548733204105925,0.0007526469335013,0.0305641533547336,1,fji_winston_2016,Cyclone Winston,0,0,0,0,0,0,0,0,0,0,1,0,0,0,0,0,3522921.0,5132136.0,221428829.0,259402302.0,0.015909947299590336,2.0,545558.0,47.0,600000000.0,Storm,1,FJI
Fiji,2017,aus,0.154260509399744,0.1538341487489029,0.0005201235325092,0.0002703480220428,5353469174.47838,world_bank_wdi,0.5035459876842682,0.2072373937051947,0.0776772605663724,0.0318801880495799,0.0010329216103999,0.0013045330150574,0,,,0,0,0,0,0,0,0,0,0,0,0,0,0,0,0,0,48636141.0,48636141.0,239543513.0,185085391.0,0.2030367693572232,0.0,0.0,0.0,0.0,,0,FJI
Fiji,2017,china,0.1452052496517826,0.0447153724041748,0.0039673640443996,0.0004184988818319,5353469174.47838,world_bank_wdi,0.5035459876842682,0.2072373937051947,0.0731175208528476,0.0092666972355983,0.0078788514682539,0.0020194178007628,0,,,0,0,0,0,0,0,0,0,0,0,0,0,0,0,0,0,23069637.0,24699008.0,239543513.0,185085391.0,0.09630666558689067,0.0,0.0,0.0,0.0,,0,FJI
Fiji,2017,us,0.0263516729231614,0.2584900704396456,0.0002912066497716,0.0057468990461282,5353469174.47838,world_bank_wdi,0.5035459876842682,0.2072373937051947,0.013269279169226,0.0535688084965843,0.0005783119256115,0.0277309946017922,0,,,0,0,0,0,0,0,0,0,0,0,0,0,0,0,0,0,2492760.0,2059990.0,239543513.0,185085391.0,0.010406293072941617,0.0,0.0,0.0,0.0,,0,FJI
Fiji,2018,aus,0.1491069008785553,0.1480716135083047,0.0004064874821765,0.0002434963844681,5581425327.44397,world_bank_wdi,0.5282134046484018,0.1928440860272003,0.0787602637696334,0.0285547349735818,0.0007695516217487,0.001262659330055,1,aus_step_up_2018,Australia Pacific Step-up,0,0,0,0,0,1,0,0,0,0,0,0,0,0,0,0,50281366.0,50281366.0,200890946.0,189106384.0,0.25029184739863786,2.0,179200.0,7.0,60000000.0,Storm,1,FJI
Fiji,2018,china,0.1637523428725993,0.0521453911036725,0.0050920951001303,0.0003400646405698,5581425327.44397,world_bank_wdi,0.5282134046484018,0.1928440860272003,0.0864961825478881,0.0100559302879186,0.0096402231660891,0.0017634175233244,0,,,0,0,0,0,0,0,0,0,0,0,0,0,0,0,0,0,35827471.0,16541074.0,200890946.0,189106384.0,0.1783428855972434,2.0,179200.0,7.0,60000000.0,Storm,1,FJI
Fiji,2018,us,0.023399283967611,0.2700394141146951,0.0002133531012105,0.0058439619658615,5581425327.44397,world_bank_wdi,0.5282134046484018,0.1928440860272003,0.0123598154508665,0.052075504006269,0.000403914590832,0.0303040766572291,0,,,0,0,0,0,0,0,0,0,0,0,0,0,0,0,0,0,2295800.0,2066030.0,200890946.0,189106384.0,0.011428090940444871,2.0,179200.0,7.0,60000000.0,Storm,1,FJI
Fiji,2019,aus,0.1395345752185831,0.1363104265939275,0.0004809518826257,0.0002523691985675,5344907153.46698,world_bank_wdi,0.5526814945857131,0.1964378713892071,0.0771181775781891,0.0267765300482659,0.0008702152819251,0.0012847278214877,1,aus_step_up_2018,Australia Pacific Step-up,0,0,0,0,0,1,0,0,0,0,0,0,0,0,0,0,42748826.0,42748826.0,155493319.0,252984643.0,0.27492387631136744,1.0,7780.0,1.0,0.0,Storm,1,FJI
Fiji,2019,china,0.1247726803856444,0.0320486313558766,0.0044759786847245,0.0004368700183756,5344907153.46698,world_bank_wdi,0.5526814945857131,0.1964378713892071,0.0689595514790034,0.0062955649244858,0.008098658501457,0.0022239602541308,0,,,0,0,0,0,0,0,0,0,0,0,0,0,0,0,0,0,4986071.0,21354514.0,155493319.0,252984643.0,0.032066142983287915,1.0,7780.0,1.0,0.0,Storm,1,FJI
Fiji,2019,us,0.026986692964849,0.2950168006584256,0.0001863114656032,0.0076131448099161,5344907153.46698,world_bank_wdi,0.5526814945857131,0.1964378713892071,0.0149150458017385,0.0579524723453951,0.0003371045845182,0.0387559932108611,0,,,0,0,0,0,0,0,0,0,0,0,0,0,0,0,0,0,2828072.0,2029141.0,155493319.0,252984643.0,0.018187739628864698,1.0,7780.0,1.0,0.0,Storm,1,FJI
Fiji,2020,aus,0.1630617741317084,0.1449502556975737,0.0004133436879349,0.0003459114954062,4227719873.3865,world_bank_wdi,0.455889616086633,0.2307908064444267,0.0743381696073098,0.0334531864067689,0.0009066749347859,0.0014988096828263,2,aus_step_up_2018;covid_2020,Australia Pacific Step-up; COVID-19 pandemic,0,1,0,0,0,1,0,0,0,0,0,0,0,0,0,0,48111435.0,54899652.0,557678572.0,489110566.0,0.08627090481073746,3.0,205115.0,8.0,14120000.0,Storm,1,FJI
Fiji,2020,china,0.1541403257476408,0.0595406271727986,0.0042899882108094,0.0011266768845287,4227719873.3865,world_bank_wdi,0.455889616086633,0.2307908064444267,0.0702709739285605,0.0137414293614171,0.0094101467974525,0.0048818100767808,1,covid_2020,COVID-19 pandemic,0,1,0,0,0,0,0,0,0,0,0,0,0,0,0,0,3561857.0,1250485.0,557678572.0,489110566.0,0.006386935376100482,3.0,205115.0,8.0,14120000.0,Storm,1,FJI
Fiji,2020,us,0.0343104670226388,0.2860577580358573,0.0009850420663707,0.0072636378268918,4227719873.3865,world_bank_wdi,0.455889616086633,0.2307908064444267,0.0156417856387038,0.0660195006667802,0.0021607030114578,0.0314728213779212,1,covid_2020,COVID-19 pandemic,0,1,0,0,0,0,0,0,0,0,0,0,0,0,0,0,1933182.0,4465382.0,557678572.0,489110566.0,0.0034664806880907017,3.0,205115.0,8.0,14120000.0,Storm,1,FJI
Fiji,2021,aus,0.162154533247653,0.150225331334781,0.0007187388683486,0.0003202508416683,4158873156.17978,world_bank_wdi,0.5546072420056017,0.251539913028013,0.0899320784631864,0.0377876667785552,0.0012959420900267,0.0012731611369868,2,aus_step_up_2018;covid_2020,Australia Pacific Step-up; COVID-19 pandemic,0,1,0,0,0,1,0,0,0,0,0,0,0,0,0,0,194024884.0,199042592.0,695970066.0,645345716.0,0.2787833751459075,1.0,82751.0,6.0,10000000.0,Storm,1,FJI
Fiji,2021,china,0.1518701588353308,0.0836006034749701,0.00544704861375,0.0028265546394647,4158873156.17978,world_bank_wdi,0.5546072420056017,0.251539913028013,0.0842282899346155,0.0210288885271834,0.0098214523742101,0.0112370025314826,1,covid_2020,COVID-19 pandemic,0,1,0,0,0,0,0,0,0,0,0,0,0,0,0,0,2463645.0,1654188.0,695970066.0,645345716.0,0.0035398720726014673,1.0,82751.0,6.0,10000000.0,Storm,1,FJI
Fiji,2021,us,0.0989658237494343,0.3132025123112913,0.009460546949373,0.0100611939426827,4158873156.17978,world_bank_wdi,0.5546072420056017,0.251539913028013,0.0548871625624862,0.0787829327069374,0.0170581020816844,0.039998399544498,1,covid_2020,COVID-19 pandemic,0,1,0,0,0,0,0,0,0,0,0,0,0,0,0,0,2582410.0,4053650.0,695970066.0,645345716.0,0.003710518779697057,1.0,82751.0,6.0,10000000.0,Storm,1,FJI
Fiji,2022,aus,0.1558575427914699,0.1247772931717267,0.0011445671094451,0.0002394074619946,4977861885.60316,world_bank_wdi,0.6410239195725215,0.2334127327558857,0.09990841297513,0.029124608985095,0.0017855294857146,0.0010256829572577,1,aus_step_up_2018,Australia Pacific Step-up,0,0,0,0,0,1,0,0,0,0,0,0,0,0,0,0,57703638.0,108003638.0,588754187.0,683711277.0,0.09800972846414764,1.0,69564.0,1.0,25000000.0,Storm,1,FJI
Fiji,2022,china,0.1526134460089915,0.0520657804013784,0.0072927944200461,0.0005272994438133,4977861885.60316,world_bank_wdi,0.6410239195725215,0.2334127327558857,0.0978288693401531,0.0121528160865535,0.0113767898472641,0.0022590860300873,0,,,0,0,0,0,0,0,0,0,0,0,0,0,0,0,0,0,303665.0,10103665.0,588754187.0,683711277.0,0.0005157755251768596,1.0,69564.0,1.0,25000000.0,Storm,1,FJI
Fiji,2022,us,0.0253924066491872,0.3435900451656984,0.0009587291672404,0.0113114904601155,4977861885.60316,world_bank_wdi,0.6410239195725215,0.2334127327558857,0.0162771400376413,0.0801982913898439,0.0014956215173371,0.0484613256807446,0,,,0,0,0,0,0,0,0,0,0,0,0,0,0,0,0,0,3087482.0,7732338.0,588754187.0,683711277.0,0.005244093491262084,1.0,69564.0,1.0,25000000.0,Storm,1,FJI
Fiji,2023,aus,0.1491866411870152,0.1256939643846476,0.0009329671764143,0.0002088557385749,5476673518.13788,world_bank_wdi,0.5972423501542112,0.2045432042443318,0.089100580194146,0.0257098462294087,0.00156212495007,0.0010210837331239,1,aus_step_up_2018,Australia Pacific Step-up,0,0,0,0,0,1,0,0,0,0,0,0,0,0,0,0,105028262.0,206528262.0,243475197.0,374595146.0,0.43137150434259636,1.0,230000.0,0.0,0.0,Storm,1,FJI
Fiji,2023,china,0.1522053830884658,0.0322234521929625,0.0062991119652546,0.0006022529146842,5476673518.13788,world_bank_wdi,0.5972423501542112,0.2045432042443318,0.0909035007018773,0.0065910881633626,0.0105469948064269,0.0029443799754149,0,,,0,0,0,0,0,0,0,0,0,0,0,0,0,0,0,0,16397767.0,5752743.0,243475197.0,374595146.0,0.0673488191078453,1.0,230000.0,0.0,0.0,Storm,1,FJI
Fiji,2023,us,0.0482643288439633,0.3338996328700255,0.0022981319686919,0.0085520382131764,5476673518.13788,world_bank_wdi,0.5972423501542112,0.2045432042443318,0.0288255011873843,0.068296900803241,0.0038479052399725,0.0418104245739733,0,,,0,0,0,0,0,0,0,0,0,0,0,0,0,0,0,0,6507029.0,7857492.0,243475197.0,374595146.0,0.026725633987268117,1.0,230000.0,0.0,0.0,Storm,1,FJI
Fiji,2024,aus,0.1375288649700912,0.140719110548058,0.0005076442023663,0.0002138919380361,5968125909.27126,world_bank_wdi,0.5492806240745485,0.1989057873520886,0.075541940779036,0.027989845479047,0.0009241982697308,0.0010753429595165,1,aus_step_up_2018,Australia Pacific Step-up,0,0,0,0,0,1,0,0,0,0,0,0,0,0,0,0,,,,,,0.0,0.0,0.0,0.0,,0,FJI
Fiji,2024,china,0.1576394208183441,0.0407128012793229,0.0063442758565731,0.0010889971656109,5968125909.27126,world_bank_wdi,0.5492806240745485,0.1989057873520886,0.0865882794458504,0.0080980117937728,0.011550154107952,0.0054749395686675,0,,,0,0,0,0,0,0,0,0,0,0,0,0,0,0,0,0,64060.0,134875826.0,64060.0,134875826.0,1.0,0.0,0.0,0.0,0.0,,0,FJI
Fiji,2024,us,0.0569071991024725,0.3043331662927542,0.0010993486633663,0.0080156581697656,5968125909.27126,world_bank_wdi,0.5492806240745485,0.1989057873520886,0.0312580218373407,0.0605336280588144,0.0020014335390376,0.0402987679567961,0,,,0,0,0,0,0,0,0,0,0,0,0,0,0,0,0,0,,,,,,0.0,0.0,0.0,0.0,,0,FJI
Kiribati,2002,aus,0.4374268344881303,0.0045698744439294,0.0031396869931846,4.081846965370055e-06,74743869.1313473,world_bank_wdi,0.4607035921499839,0.3921830424444287,0.2015241139514781,0.0017922272630093,0.0068149826627845,1.040801494100409e-05,0,,,0,0,0,0,0,0,0,0,0,0,0,0,0,0,0,0,,,,,,0.0,0.0,0.0,0.0,,0,KIR
Kiribati,2002,china,0.0142352051207313,0.0,8.741337474842244e-05,0.0,74743869.1313473,world_bank_wdi,0.4607035921499839,0.3921830424444287,0.0065582101341127,0.0,0.000189738860816,0.0,0,,,0,0,0,0,0,0,0,0,0,0,0,0,0,0,0,0,,,,,,0.0,0.0,0.0,0.0,,0,KIR
Kiribati,2002,us,0.0844329752872743,0.0319891893359725,0.0057576752843709,8.941658440149987e-05,74743869.1313473,world_bank_wdi,0.4607035921499839,0.3921830424444287,0.0388985750107581,0.0125456175991126,0.0124975697660645,0.0002279970695422,0,,,0,0,0,0,0,0,0,0,0,0,0,0,0,0,0,0,,,,,,0.0,0.0,0.0,0.0,,0,KIR
Kiribati,2003,aus,0.4269326692976076,0.0046772369109934,0.0020705238717828,3.1187647641431407e-06,96105619.3795504,world_bank_wdi,0.3108109826755454,0.2568759783182149,0.132695362480683,0.0012014698073375,0.006661681816901,1.2141130457436748e-05,0,,,0,0,0,0,0,0,0,0,0,0,0,0,0,0,0,0,,,,,,0.0,0.0,0.0,0.0,,0,KIR
Kiribati,2003,china,0.0298132128352476,0.0,0.000176491745545,0.0,96105619.3795504,world_bank_wdi,0.3108109826755454,0.2568759783182149,0.0092662739780384,0.0,0.0005678426934138,0.0,1,kir_switch_twn_2003,Kiribati switches recognition to Taiwan,0,0,0,1,0,0,0,0,0,0,0,0,0,0,0,0,,,,,,0.0,0.0,0.0,0.0,,0,KIR
Kiribati,2003,us,0.0261116903859108,0.0428257529957295,0.0001255255223853,9.20891261436025e-05,96105619.3795504,world_bank_wdi,0.3108109826755454,0.2568759783182149,0.0081158001481645,0.0110009071979922,0.0004038645008769,0.0003584964493235,0,,,0,0,0,0,0,0,0,0,0,0,0,0,0,0,0,0,,,,,,0.0,0.0,0.0,0.0,,0,KIR
Kiribati,2004,aus,0.3783782991332389,0.0195543398930889,0.0024683563170106,1.0107093495918693e-05,104085892.133271,world_bank_wdi,0.3964780447590436,0.1008219345092739,0.150018688219599,0.001971506376073,0.006225707449982,0.000100246970514,0,,,0,0,0,0,0,0,0,0,0,0,0,0,0,0,0,0,,,,,,0.0,0.0,0.0,0.0,,0,KIR
Kiribati,2004,china,0.0211500155896474,0.0,7.650407639579098e-05,0.0,104085892.133271,world_bank_wdi,0.3964780447590436,0.1008219345092739,0.0083855168276067,0.0,0.000192959174933,0.0,0,,,0,0,0,0,0,0,0,0,0,0,0,0,0,0,0,0,,,,,,0.0,0.0,0.0,0.0,,0,KIR
Kiribati,2004,us,0.0145323816980568,0.0930412503510292,8.070835887177166e-05,0.0001892897452404,104085892.133271,world_bank_wdi,0.3964780447590436,0.1008219345092739,0.0057617702813376,0.0093805988495524,0.0002035632488069,0.0018774659121725,0,,,0,0,0,0,0,0,0,0,0,0,0,0,0,0,0,0,,,,,,0.0,0.0,0.0,0.0,,0,KIR
Kiribati,2005,aus,0.318200990028162,0.1349948556397233,0.0042610901736612,2.8718209479343968e-05,113895437.324786,world_bank_wdi,0.7737481331117544,0.0716054408460942,0.2462074219886023,0.0096663661500372,0.0055070765166496,0.0004010618346875,0,,,0,0,0,0,0,0,0,0,0,0,0,0,0,0,0,0,,202516.0,,202516.0,,0.0,0.0,0.0,0.0,,0,KIR
Kiribati,2005,china,0.0215763992217449,0.0047061301818041,0.0002472446267099,2.218270606079944e-06,113895437.324786,world_bank_wdi,0.7737481331117544,0.0716054408460942,0.016694698617099,0.0003369845263471,0.000319541484017,3.097907896199957e-05,0,,,0,0,0,0,0,0,0,0,0,0,0,0,0,0,0,0,,,,,,0.0,0.0,0.0,0.0,,0,KIR
Kiribati,2005,us,0.0264793010565213,0.1437306427427858,0.000154838384827,0.0005673555526315,113895437.324786,world_bank_wdi,0.7737481331117544,0.0716054408460942,0.0204883097585874,0.0102918960366896,0.0002001147120114,0.0079233581404941,0,,,0,0,0,0,0,0,0,0,0,0,0,0,0,0,0,0,,,,,,0.0,0.0,0.0,0.0,,0,KIR
Kiribati,2006,aus,0.3207359830947549,0.1830200753805284,0.0043149431209464,5.22193703580229e-05,112338353.264712,world_bank_wdi,0.6683055414128378,0.0656131124036634,0.2143496348327189,0.0120085167780695,0.0064565424847808,0.0007958679057435,0,,,0,0,0,0,0,0,0,0,0,0,0,0,0,0,0,0,7197780.0,9928581.0,25885622.0,18069194.0,0.27806092509579255,0.0,0.0,0.0,0.0,,0,KIR
Kiribati,2006,china,0.0297179628246149,2.496313528296324e-05,0.0004334585445299,1.0365732282046992e-10,112338353.264712,world_bank_wdi,0.6683055414128378,0.0656131124036634,0.0198606792351908,1.6379090012689238e-06,0.0006485933718484,1.5798263338393672e-09,0,,,0,0,0,0,0,0,0,0,0,0,0,0,0,0,0,0,,,,,,0.0,0.0,0.0,0.0,,0,KIR
Kiribati,2006,us,0.0417552698090892,0.1579481333883426,0.000292314729284,0.0005230002042435,112338353.264712,world_bank_wdi,0.6683055414128378,0.0656131124036634,0.0279052781966025,0.0103634686299581,0.0004373968359832,0.0079709708179353,0,,,0,0,0,0,0,0,0,0,0,0,0,0,0,0,0,0,772000.0,1074000.0,25885622.0,18069194.0,0.029823505882918325,0.0,0.0,0.0,0.0,,0,KIR
Kiribati,2007,aus,0.2538490237440283,0.2636588936824422,0.0025675118750517,0.0001599654117705,138054945.643442,world_bank_wdi,0.7217346074463732,0.1252139930187365,0.1832116255025413,0.0330137828728811,0.0035574182650546,0.0012775362235004,0,,,0,0,0,0,0,0,0,0,0,0,0,0,0,0,0,0,6164849.0,8024215.0,27127123.0,30806717.0,0.22725775232412224,0.0,0.0,0.0,0.0,,0,KIR
Kiribati,2007,china,0.173473865141524,3.453579809018772e-05,0.0067984666730332,3.3485081528292405e-10,138054945.643442,world_bank_wdi,0.7217346074463732,0.1252139930187365,0.1252020919601229,4.32436518096126e-06,0.0094196212886166,2.674228392611186e-09,0,,,0,0,0,0,0,0,0,0,0,0,0,0,0,0,0,0,,,,,,0.0,0.0,0.0,0.0,,0,KIR
Kiribati,2007,us,0.0342827497561397,0.079415964366461,0.0002433895152867,0.0003657269349851,138054945.643442,world_bank_wdi,0.7217346074463732,0.1252139930187365,0.0247430469374297,0.0099439900077582,0.000337228550184,0.0029208152073736,0,,,0,0,0,0,0,0,0,0,0,0,0,0,0,0,0,0,709833.0,914347.0,27127123.0,30806717.0,0.026166910512404874,0.0,0.0,0.0,0.0,,0,KIR
Kiribati,2008,aus,0.2980572750607958,0.0928783809665081,0.0018794127328606,7.882008125346748e-05,147017894.97877,world_bank_wdi,0.6326306060458202,0.2126284082935217,0.188560154558077,0.0197485823097879,0.0029707900865051,0.0003706940285451,1,gfc_2008,Global financial crisis,1,0,0,0,0,0,0,0,0,0,0,0,0,0,0,0,8591193.0,20297618.0,27478991.0,33959151.0,0.31264586825622526,1.0,85.0,0.0,0.0,Flood,1,KIR
Kiribati,2008,china,0.063989126959159,0.0013779510745635,0.000629269992712,1.4125414278398286e-06,147017894.97877,world_bank_wdi,0.6326306060458202,0.2126284082935217,0.0404814801685156,0.0002929915436907,0.0009946878742482,6.643239439058837e-06,1,gfc_2008,Global financial crisis,1,0,0,0,0,0,0,0,0,0,0,0,0,0,0,0,,,,,,1.0,85.0,0.0,0.0,Flood,1,KIR
Kiribati,2008,us,0.0672285035204491,0.0344287513882277,0.0037819029739554,4.7636747232076713e-05,147017894.97877,world_bank_wdi,0.6326306060458202,0.2126284082935217,0.0425308089256952,0.0073205306072122,0.0059780588194962,0.0002240375480134,1,gfc_2008,Global financial crisis,1,0,0,0,0,0,0,0,0,0,0,0,0,0,0,0,473226.0,633497.0,27478991.0,33959151.0,0.01722137468584636,1.0,85.0,0.0,0.0,Flood,1,KIR
Kiribati,2009,aus,0.2589365332930851,0.0302927345332561,0.0021543839633985,5.097241865417365e-05,140177384.145395,world_bank_wdi,0.6358149108243858,0.2740898129483477,0.1646357088249185,0.0083029299419141,0.0033883822582978,0.0001859697670112,1,gfc_2008,Global financial crisis,1,0,0,0,0,0,0,0,0,0,0,0,0,0,0,0,10355385.0,8812890.0,34186248.0,27167111.0,0.30291083712959666,0.0,0.0,0.0,0.0,,0,KIR
Kiribati,2009,china,0.0476924181485065,0.0008018751526013,0.0004493383494141,2.975987045163082e-06,140177384.145395,world_bank_wdi,0.6358149108243858,0.2740898129483477,0.0303235505920919,0.0002197858105844,0.0007067125066814,1.0857707600113936e-05,1,gfc_2008,Global financial crisis,1,0,0,0,0,0,0,0,0,0,0,0,0,0,0,0,,,,,,0.0,0.0,0.0,0.0,,0,KIR
Kiribati,2009,us,0.0537102216906055,0.0387345598560669,0.0015059659007125,0.0007943403636933,140177384.145395,world_bank_wdi,0.6358149108243858,0.2740898129483477,0.0341497598145703,0.0106167482655859,0.00236856021316,0.0028981024692189,1,gfc_2008,Global financial crisis,1,0,0,0,0,0,0,0,0,0,0,0,0,0,0,0,20000.0,30000.0,34186248.0,27167111.0,0.0005850305655069255,0.0,0.0,0.0,0.0,,0,KIR
Kiribati,2010,aus,0.1851718421297082,0.0353695240235511,0.0016072334723728,1.477547285956987e-05,165458433.127645,world_bank_wdi,0.7315068003008757,0.1582432608907945,0.1354544617421217,0.005596988817642,0.0021971545195639,9.337189322562428e-05,0,,,0,0,0,0,0,0,0,0,0,0,0,0,0,0,0,0,15094430.0,20526570.0,29287946.0,34172202.0,0.5153802864837295,0.0,0.0,0.0,0.0,,0,KIR
Kiribati,2010,china,0.0806319339986281,0.0002015454337336,0.0022878258542404,1.423346397381093e-07,165458433.127645,world_bank_wdi,0.7315068003008757,0.1582432608907945,0.0589828080414078,3.189320665166092e-05,0.0031275524073042,8.994673070870049e-07,0,,,0,0,0,0,0,0,0,0,0,0,0,0,0,0,0,0,,,,,,0.0,0.0,0.0,0.0,,0,KIR
Kiribati,2010,us,0.0551912248701023,0.0412055953626141,0.001834271840983,0.000339726876272,165458433.127645,world_bank_wdi,0.7315068003008757,0.1582432608907945,0.0403727563094147,0.0065205077771266,0.002507525343891,0.0021468647344578,0,,,0,0,0,0,0,0,0,0,0,0,0,0,0,0,0,0,,,,,,0.0,0.0,0.0,0.0,,0,KIR
Kiribati,2011,aus,0.2202046429396085,0.0292196396035871,0.0025622571863452,0.0001115177690624,195970140.170383,world_bank_wdi,0.8484146250823955,0.299857835223822,0.1868248395810107,0.0087617378775519,0.0030200530620231,0.0003719021348206,0,,,0,0,0,0,0,0,0,0,0,0,0,0,0,0,0,0,41800870.0,41883337.0,77022290.0,178034316.0,0.5427113371986213,0.0,0.0,0.0,0.0,,0,KIR
Kiribati,2011,china,0.0665387303210251,0.0015297333626351,0.0010557587722715,2.4312555081720148e-05,195970140.170383,world_bank_wdi,0.8484146250823955,0.299857835223822,0.0564524319387712,0.0004587025345894,0.00124439011429,8.108027280185159e-05,0,,,0,0,0,0,0,0,0,0,0,0,0,0,0,0,0,0,,,,,,0.0,0.0,0.0,0.0,,0,KIR
Kiribati,2011,us,0.1036324396343974,0.0110234159886032,0.0031813747533138,5.8651331369826886e-06,195970140.170383,world_bank_wdi,0.8484146250823955,0.299857835223822,0.0879232774187912,0.0033054576551142,0.0037497877326253,1.955971279724872e-05,0,,,0,0,0,0,0,0,0,0,0,0,0,0,0,0,0,0,,,,,,0.0,0.0,0.0,0.0,,0,KIR
Kiribati,2012,aus,0.1608310559911767,0.0045956264933487,0.0027627922206756,9.907217666787264e-06,207001545.867109,world_bank_wdi,0.8738986766607688,0.3403977622719581,0.1405500469966434,0.0015643409745736,0.0031614560068136,2.9104826073656647e-05,0,,,0,0,0,0,0,0,0,0,0,0,0,0,0,0,0,0,31186480.0,31186480.0,81646929.0,85686098.0,0.38196758141387044,0.0,0.0,0.0,0.0,,0,KIR
Kiribati,2012,china,0.142536452938989,0.0024575924483795,0.008015401986356,0.0003076037710276,207001545.867109,world_bank_wdi,0.8738986766607688,0.3403977622719581,0.1245624175993024,0.0008365589700048,0.0091720038036715,0.0009036597919285,0,,,0,0,0,0,0,0,0,0,0,0,0,0,0,0,0,0,,,,,,0.0,0.0,0.0,0.0,,0,KIR
Kiribati,2012,us,0.0355177481774753,0.0083846153114726,0.0011294289119428,3.4535863279508785e-05,207001545.867109,world_bank_wdi,0.8738986766607688,0.3403977622719581,0.0310389131302661,0.0028541042895364,0.0012924025886599,0.000101457374599,0,,,0,0,0,0,0,0,0,0,0,0,0,0,0,0,0,0,,,,,,0.0,0.0,0.0,0.0,,0,KIR
Kiribati,2013,aus,0.1708906977003173,0.0075169653450942,0.0027188415455973,8.183000925759467e-06,201730860.757856,world_bank_wdi,0.8314910439079549,0.4535902372906352,0.1420940846249956,0.0034096220945868,0.0032698386416996,1.804051377877487e-05,0,,,0,0,0,0,0,0,0,0,0,0,0,0,0,0,0,0,30151223.0,30151223.0,76555088.0,93031642.0,0.3938500207850326,0.0,0.0,0.0,0.0,,0,KIR
Kiribati,2013,china,0.068183742726816,0.0049859267684874,0.0011641961037133,0.0002675867746615,201730860.757856,world_bank_wdi,0.8314910439079549,0.4535902372906352,0.0566941714174716,0.0022615677060319,0.0014001306595458,0.0005899306304735,0,,,0,0,0,0,0,0,0,0,0,0,0,0,0,0,0,0,,,,,,0.0,0.0,0.0,0.0,,0,KIR
Kiribati,2013,us,0.0347607680872418,0.012965663072426,0.0002718054271472,3.980437372420984e-05,201730860.757856,world_bank_wdi,0.8314910439079549,0.4535902372906352,0.028903267343903,0.0058810981896521,0.0003268891819564,8.775403536453416e-05,0,,,0,0,0,0,0,0,0,0,0,0,0,0,0,0,0,0,,25000.0,76555088.0,93031642.0,,0.0,0.0,0.0,0.0,,0,KIR
Kiribati,2014,aus,0.1392256707495974,0.0062391243138803,0.0023626818956653,9.415003632666818e-06,200287281.98074,world_bank_wdi,1.0147063257842963,0.4416136218200089,0.1412731688211781,0.0027552822852379,0.0023284391115224,2.1319549867744223e-05,0,,,0,0,0,0,0,0,0,0,0,0,0,0,0,0,0,0,24529572.0,24529572.0,108496832.0,98931331.0,0.2260856058912393,1.0,220.0,0.0,0.0,Flood,1,KIR
Kiribati,2014,china,0.0649322688960813,0.0328121129151166,0.0015829687669785,0.0001180377965906,200287281.98074,world_bank_wdi,1.0147063257842963,0.4416136218200089,0.0658871839963806,0.0144902760240117,0.0015600265089064,0.0002672874901462,0,,,0,0,0,0,0,0,0,0,0,0,0,0,0,0,0,0,,,,,,1.0,220.0,0.0,0.0,Flood,1,KIR
Kiribati,2014,us,0.0286208368008679,0.0363612983087587,0.0002545528400169,9.844812780378274e-05,200287281.98074,world_bank_wdi,1.0147063257842963,0.4416136218200089,0.0290417441510806,0.0160576446402087,0.0002508635587939,0.000222928195462,0,,,0,0,0,0,0,0,0,0,0,0,0,0,0,0,0,0,,,,,,1.0,220.0,0.0,0.0,Flood,1,KIR
Kiribati,2015,aus,0.1341303263278133,0.0047088793854069,0.0025256936941887,5.34602936965708e-06,191559398.688293,world_bank_wdi,0.9769852342485849,0.7142311519918207,0.1310433482872178,0.0033632283480297,0.0025851912655888,7.485012876781244e-06,0,,,0,0,0,0,0,0,0,0,0,0,0,0,0,0,0,0,22787640.0,22787640.0,73435372.0,59855828.0,0.3103087705472507,1.0,1500.0,0.0,0.0,Storm,1,KIR
Kiribati,2015,china,0.189025396345824,0.0352287266361535,0.0103990478935992,7.196128926370154e-05,191559398.688293,world_bank_wdi,0.9769852342485849,0.7142311519918207,0.1846750211278565,0.0251614540085448,0.0106440174621445,0.0001007535012481,0,,,0,0,0,0,0,0,0,0,0,0,0,0,0,0,0,0,,,,,,1.0,1500.0,0.0,0.0,Storm,1,KIR
Kiribati,2015,us,0.0287026705493985,0.0248977745494752,0.0022705253868911,7.262606643028008e-05,191559398.688293,world_bank_wdi,0.9769852342485849,0.7142311519918207,0.028042085310264,0.0177827661985043,0.0023240119781722,0.0001016842603794,0,,,0,0,0,0,0,0,0,0,0,0,0,0,0,0,0,0,50000.0,50000.0,73435372.0,59855828.0,0.0006808707934372553,1.0,1500.0,0.0,0.0,Storm,1,KIR
Kiribati,2016,aus,0.1655479563909051,0.0039728564249262,0.0022064152078195,7.920859242537254e-06,206467818.503227,world_bank_wdi,0.8021013453843008,0.6694247122964578,0.1327862385467665,0.0026595282692514,0.0027507935506109,1.1832337672992067e-05,0,,,0,0,0,0,0,0,0,0,0,0,0,0,0,0,0,0,19180464.0,19180464.0,67405912.0,105450768.0,0.28455165772402874,0.0,0.0,0.0,0.0,,0,KIR
Kiribati,2016,china,0.0930840798471741,0.0686819039311748,0.0036539060364518,0.0002191905587065,206467818.503227,world_bank_wdi,0.8021013453843008,0.6694247122964578,0.074662865679278,0.0459773637790997,0.0045554169151794,0.0003274312326394,0,,,0,0,0,0,0,0,0,0,0,0,0,0,0,0,0,0,,,,,,0.0,0.0,0.0,0.0,,0,KIR
Kiribati,2016,us,0.0270370808821777,0.0283306488617054,0.0001462234884715,0.0002703057038253,206467818.503227,world_bank_wdi,0.8021013453843008,0.6694247122964578,0.0216864789508589,0.0189652364634191,0.0001823005151568,0.0004037880569094,0,,,0,0,0,0,0,0,0,0,0,0,0,0,0,0,0,0,,,,,,0.0,0.0,0.0,0.0,,0,KIR
Kiribati,2017,aus,0.1538823971459239,0.0080882252084066,0.0006506035512011,0.000169741444418,223029864.54193,world_bank_wdi,0.6963136139591009,0.7175068923108947,0.1071504080813678,0.0058033573335945,0.0009343542021273,0.000236571169193,0,,,0,0,0,0,0,0,0,0,0,0,0,0,0,0,0,0,20666312.0,20666312.0,86849384.0,103304955.0,0.2379557694963041,0.0,0.0,0.0,0.0,,0,KIR
Kiribati,2017,china,0.0871187543702465,0.002712062108365,0.0020969827666224,3.819185307873701e-05,223029864.54193,world_bank_wdi,0.6963136139591009,0.7175068923108947,0.0606619746991616,0.0019459232551271,0.0030115492855287,5.32285522104623e-05,0,,,0,0,0,0,0,0,0,0,0,0,0,0,0,0,0,0,,,,,,0.0,0.0,0.0,0.0,,0,KIR
Kiribati,2017,us,0.0181464006940275,0.0255345922600506,6.959021626210041e-05,0.0001784334291548,223029864.54193,world_bank_wdi,0.6963136139591009,0.7175068923108947,0.0126355858476082,0.0183212459389347,9.99409100540549e-05,0.0002486853172659,0,,,0,0,0,0,0,0,0,0,0,0,0,0,0,0,0,0,,,,,,0.0,0.0,0.0,0.0,,0,KIR
Kiribati,2018,aus,0.1343082221526281,0.002916833749348,0.0009686420282699,1.1655188619965896e-06,233859230.192198,world_bank_wdi,0.6074265312652138,0.5142828696611883,0.0815823775025686,0.0015000776309392,0.0015946653272657,2.266299211491213e-06,1,aus_step_up_2018,Australia Pacific Step-up,0,0,0,0,0,1,0,0,0,0,0,0,0,0,0,0,20786936.0,20786936.0,91517065.0,114166306.0,0.2271372666944684,0.0,0.0,0.0,0.0,,0,KIR
Kiribati,2018,china,0.0970163799036243,0.0008502467236246,0.0019200851446675,5.8681544243162753e-08,233859230.192198,world_bank_wdi,0.6074265312652138,0.5142828696611883,0.0589303231207667,0.0004372673249456,0.0031610162642519,1.141036338266962e-07,0,,,0,0,0,0,0,0,0,0,0,0,0,0,0,0,0,0,,,,,,0.0,0.0,0.0,0.0,,0,KIR
Kiribati,2018,us,0.0209079048990554,0.0256475366433647,0.0002014655507564,7.616152123468664e-05,233859230.192198,world_bank_wdi,0.6074265312652138,0.5142828696611883,0.0127000161488562,0.01319008874469,0.0003316706472087,0.0001480926659775,0,,,0,0,0,0,0,0,0,0,0,0,0,0,0,0,0,0,,,,,,0.0,0.0,0.0,0.0,,0,KIR
Kiribati,2019,aus,0.1206036528542148,0.0013378385409559,0.0012339899912368,3.269093470122313e-06,216891541.021351,world_bank_wdi,0.4583790152987715,0.5695156501647073,0.0552821836367498,0.0007619199864679,0.0026920734807909,5.740129299654666e-06,1,aus_step_up_2018,Australia Pacific Step-up,0,0,0,0,0,1,0,0,0,0,0,0,0,0,0,0,20497012.0,20497012.0,72062399.0,120644070.0,0.2844342165183815,0.0,0.0,0.0,0.0,,0,KIR
Kiribati,2019,china,0.202244307955023,0.0076157398444098,0.0059961927795822,4.381739353636875e-06,216891541.021351,world_bank_wdi,0.4583790152987715,0.5695156501647073,0.0927045467302049,0.0043372830289743,0.013081298618511,7.693799726784768e-06,1,kir_switch_chn_2019,Kiribati switches recognition to China,0,0,0,1,0,0,0,0,0,0,0,0,0,0,0,0,,,,,,0.0,0.0,0.0,0.0,,0,KIR
Kiribati,2019,us,0.0136534908165158,0.0234612179142777,3.290974580234389e-05,6.433654141229606e-05,216891541.021351,world_bank_wdi,0.4583790152987715,0.5695156501647073,0.0062584736758653,0.0133615307741057,7.179592586910488e-05,0.0001129671175738,0,,,0,0,0,0,0,0,0,0,0,0,0,0,0,0,0,0,,,,,,0.0,0.0,0.0,0.0,,0,KIR
Kiribati,2020,aus,0.1061820188214461,0.011050880632908,0.0010579377944299,4.918486134468869e-05,220909306.750809,world_bank_wdi,0.788276562727307,0.5022352594911381,0.0837007968200157,0.0055501419022741,0.0013420896224158,9.79319161990389e-05,2,aus_step_up_2018;covid_2020,Australia Pacific Step-up; COVID-19 pandemic,0,1,0,0,0,1,0,0,0,0,0,0,0,0,0,0,18860176.0,19460336.0,64361004.0,231867007.0,0.2930373180629687,0.0,0.0,0.0,0.0,,0,KIR
Kiribati,2020,china,0.1097198584230178,0.0034609859283919,0.0040123308907701,9.575521169605845e-06,220909306.750809,world_bank_wdi,0.788276562727307,0.5022352594911381,0.0864895928606232,0.0017382291658411,0.0050900040423479,1.9065808281377357e-05,2,covid_2020;kir_switch_chn_2019,COVID-19 pandemic; Kiribati switches recognition to China,0,1,0,1,0,0,0,0,0,0,0,0,0,0,0,0,4407951.0,46707828.0,64361004.0,231867007.0,0.06848791544644021,0.0,0.0,0.0,0.0,,0,KIR
Kiribati,2020,us,0.0106335604236348,0.0190711554194591,5.5045905496723845e-05,4.346550415597219e-05,220909306.750809,world_bank_wdi,0.788276562727307,0.5022352594911381,0.0083821864602959,0.0095782066908878,6.983070168453834e-05,8.654411121993145e-05,1,covid_2020,COVID-19 pandemic,0,1,0,0,0,0,0,0,0,0,0,0,0,0,0,0,217466.0,440499.0,64361004.0,231867007.0,0.0033788472286728154,0.0,0.0,0.0,0.0,,0,KIR
Kiribati,2021,aus,0.1145172107319977,0.0074631797659172,0.0009912550407139,2.924202466403164e-05,285451584.406531,world_bank_wdi,0.7862235078029057,0.3781585105734318,0.0900361231255158,0.002822264944421,0.0012607802118306,7.732742711433264e-05,3,aus_step_up_2018;covid_2020;pacer_plus_kir,Australia Pacific Step-up; COVID-19 pandemic; PACER Plus in force,0,1,1,0,0,1,0,0,0,0,0,0,0,0,0,0,30196684.0,30196684.0,109636702.0,110661841.0,0.2754249576022453,0.0,0.0,0.0,0.0,,0,KIR
Kiribati,2021,china,0.1420925463799544,5.650976461867312e-06,0.007969119639046,8.079837670758424e-08,285451584.406531,world_bank_wdi,0.7862235078029057,0.3781585105734318,0.1117165002474948,2.1369648421052644e-06,0.0101359467886119,2.1366272197619781e-07,2,covid_2020;kir_switch_chn_2019,COVID-19 pandemic; Kiribati switches recognition to China,0,1,0,1,0,0,0,0,0,0,0,0,0,0,0,0,33048487.0,19833468.0,109636702.0,110661841.0,0.3014363474742245,0.0,0.0,0.0,0.0,,0,KIR
Kiribati,2021,us,0.0142866190590397,0.0109069589329459,6.042233923126493e-05,8.505231262076536e-05,285451584.406531,world_bank_wdi,0.7862235078029057,0.3781585105734318,0.0112324757512421,0.0041245593449684,7.68513515960806e-05,0.0002249118034968,1,covid_2020,COVID-19 pandemic,0,1,0,0,0,0,0,0,0,0,0,0,0,0,0,0,221380.0,413600.0,109636702.0,110661841.0,0.0020192143320764975,0.0,0.0,0.0,0.0,,0,KIR
Kiribati,2022,aus,0.0885565706403194,0.0001312120017415,0.00087659130201,1.6107608248259386e-07,271214374.500577,world_bank_wdi,0.703482937994476,0.4663274622994989,0.0622980364927672,6.118775979539645e-05,0.0012460732942708,3.454141038323466e-07,2,aus_step_up_2018;pacer_plus_kir,Australia Pacific Step-up; PACER Plus in force,0,0,1,0,0,1,0,0,0,0,0,0,0,0,0,0,27113412.0,27113412.0,116473138.0,172710065.0,0.23278682506175802,0.0,0.0,0.0,0.0,,0,KIR
Kiribati,2022,china,0.2233210060332655,2.751538210670432e-06,0.0123207254187261,4.0281751100201694e-08,271214374.500577,world_bank_wdi,0.703482937994476,0.4663274622994989,0.1571025174401637,1.2831178312020466e-06,0.0175138937325909,8.638082540017927e-08,1,kir_switch_chn_2019,Kiribati switches recognition to China,0,0,0,1,0,0,0,0,0,0,0,0,0,0,0,0,23813355.0,33773609.0,116473138.0,172710065.0,0.20445362260266398,0.0,0.0,0.0,0.0,,0,KIR
Kiribati,2022,us,0.0350732935773341,0.0102582246659571,0.0009471701172311,4.869567183985092e-05,271214374.500577,world_bank_wdi,0.703482937994476,0.4663274622994989,0.0246734636109258,0.0047836918761739,0.0013464009801451,0.0001044237703688,0,,,0,0,0,0,0,0,0,0,0,0,0,0,0,0,0,0,421540.0,901713.0,116473138.0,172710065.0,0.0036192035969701444,0.0,0.0,0.0,0.0,,0,KIR
Kiribati,2023,aus,0.1903341660868419,0.0028635204587679,0.0010121396431763,1.1505773217491432e-05,291657337.839517,world_bank_wdi,0.5695450017835735,0.3102518135504279,0.1084038729634053,0.0008884124154715,0.0017771021429505,3.708527304263863e-05,2,aus_step_up_2018;pacer_plus_kir,Australia Pacific Step-up; PACER Plus in force,0,0,1,0,0,1,0,0,0,0,0,0,0,0,0,0,28360947.0,28360947.0,123492575.0,171550516.0,0.22965710286630592,0.0,0.0,0.0,0.0,,0,KIR
Kiribati,2023,china,0.2271934704961886,0.0002675847543461,0.0089694628445959,1.525937836558666e-06,291657337.839517,world_bank_wdi,0.5695450017835735,0.3102518135504279,0.129396905558968,8.301865531435073e-05,0.0157484708258476,4.918384905139779e-06,1,kir_switch_chn_2019,Kiribati switches recognition to China,0,0,0,1,0,0,0,0,0,0,0,0,0,0,0,0,24038357.0,26776755.0,123492575.0,171550516.0,0.19465426970002042,0.0,0.0,0.0,0.0,,0,KIR
Kiribati,2023,us,0.0066796206190524,0.0044568836230549,1.907152232644312e-05,5.744983080886588e-05,291657337.839517,world_bank_wdi,0.5695450017835735,0.3102518135504279,0.0038043445373917,0.0013827562268359,3.348554068022579e-05,0.0001851716196318,0,,,0,0,0,0,0,0,0,0,0,0,0,0,0,0,0,0,435781.0,29550913.0,123492575.0,171550516.0,0.0035288032499119887,0.0,0.0,0.0,0.0,,0,KIR
Kiribati,2024,aus,0.1135669637371902,0.0001064916024803,0.000217832722427,6.42804675958679e-08,343153235.077124,world_bank_wdi,0.5446240859655495,0.3187756833340497,0.0618513038212499,3.3946933349999966e-05,0.0003999689474637,2.016479642473465e-07,2,aus_step_up_2018;pacer_plus_kir,Australia Pacific Step-up; PACER Plus in force,0,0,1,0,0,1,0,0,0,0,0,0,0,0,0,0,,,,,,0.0,0.0,0.0,0.0,,0,KIR
Kiribati,2024,china,0.2877914869885398,1.215845405604062e-06,0.0148069685483888,6.5160725208793524e-09,343153235.077124,world_bank_wdi,0.5446240859655495,0.3187756833340497,0.1567381755497998,3.875819499999997e-07,0.0271875022239201,2.0440933426063944e-08,1,kir_switch_chn_2019,Kiribati switches recognition to China,0,0,0,1,0,0,0,0,0,0,0,0,0,0,0,0,4175268.0,0.0,4175268.0,0.0,1.0,0.0,0.0,0.0,0.0,,0,KIR
Kiribati,2024,us,0.0151690423599307,0.0081546477103021,0.0002495355908639,3.87698054577141e-05,343153235.077124,world_bank_wdi,0.5446240859655495,0.3187756833340497,0.0082614258302499,0.0025995033961999,0.0004581794990236,0.000121620962591,0,,,0,0,0,0,0,0,0,0,0,0,0,0,0,0,0,0,,,,,,0.0,0.0,0.0,0.0,,0,KIR
Marshall Islands,2002,aus,0.0017179661088738,0.0002746637518048,5.8868862137372e-05,1.0777692577276822e-06,131960000.0,world_bank_wdi,10.830752493179752,1.6291517429524098,0.0186068657168839,0.0004474689299787,5.435343682208821e-06,6.615524074967433e-07,0,,,0,0,0,0,0,0,0,0,0,0,0,0,0,0,0,0,,,,,,0.0,0.0,0.0,0.0,,0,MHL
Marshall Islands,2002,china,0.0165784504051377,4.9255088535800695e-05,0.0002435179314748,1.82715331488969e-07,131960000.0,world_bank_wdi,10.830752493179752,1.6291517429524098,0.1795570930585025,8.024401333737496e-05,2.2483934669194056e-05,1.1215366050423605e-07,0,,,0,0,0,0,0,0,0,0,0,0,0,0,0,0,0,0,,,,,,0.0,0.0,0.0,0.0,,0,MHL
Marshall Islands,2002,us,0.017811387587878,0.0242532307133093,0.0280147997808993,0.0005700158343186,131960000.0,world_bank_wdi,10.830752493179752,1.6291517429524098,0.1929107305244013,0.0395121930888148,0.0025865977270314,0.0003498850471016,0,,,0,0,0,0,0,0,0,0,0,0,0,0,0,0,0,0,,,,,,0.0,0.0,0.0,0.0,,0,MHL
Marshall Islands,2003,aus,0.0053945628113202,0.000506259985891,0.0004429996147105,2.207396473686929e-06,131128500.0,world_bank_wdi,12.148101030668393,1.2670160033859916,0.0655336940482046,0.0006414395039979,3.646657313700481e-05,1.7422009412571356e-06,0,,,0,0,0,0,0,0,0,0,0,0,0,0,0,0,0,0,,,,,,0.0,0.0,0.0,0.0,,0,MHL
Marshall Islands,2003,china,0.0629053733027973,0.0003495866918778,0.0039478651639608,1.6254381719402056e-08,131128500.0,world_bank_wdi,12.148101030668393,1.2670160033859916,0.7641808302542926,0.00044293193318,0.0003249779660207,1.2828868519390136e-08,0,,,0,0,0,0,0,0,0,0,0,0,0,0,0,0,0,0,,,,,,0.0,0.0,0.0,0.0,,0,MHL
Marshall Islands,2003,us,0.0155989401195269,0.035037643843599,0.0226946043078021,0.0014407063640012,131128500.0,world_bank_wdi,12.148101030668393,1.2670160033859916,0.1894975005433601,0.0443932554707786,0.0018681606491836,0.0011370861616199,0,,,0,0,0,0,0,0,0,0,0,0,0,0,0,0,0,0,,,,,,0.0,0.0,0.0,0.0,,0,MHL
Marshall Islands,2004,aus,0.0008228660912366,0.000595717648393,1.4060915055039078e-05,4.14581898836663e-06,132900000.0,world_bank_wdi,10.443859285176824,4.874279811888638,0.0085938976674191,0.0029036945071482,1.3463332539338224e-06,8.505500603914343e-07,0,,,0,0,0,0,0,0,0,0,0,0,0,0,0,0,0,0,,,,,,0.0,0.0,0.0,0.0,,0,MHL
Marshall Islands,2004,china,0.0753441912073966,2.8033699044103504e-06,0.0059143568461288,8.591710699914e-09,132900000.0,world_bank_wdi,10.443859285176824,4.874279811888638,0.7868841309255079,1.3664409330323553e-05,0.0005662999361283,1.762662594576196e-09,0,,,0,0,0,0,0,0,0,0,0,0,0,0,0,0,0,0,,,,,,0.0,0.0,0.0,0.0,,0,MHL
Marshall Islands,2004,us,0.0113931891035967,0.0152508417029374,0.0073022693134458,0.0024978008008938,132900000.0,world_bank_wdi,10.443859285176824,4.874279811888638,0.1189888638073739,0.0743368698269375,0.0006991926177912,0.000512445099028,0,,,0,0,0,0,0,0,0,0,0,0,0,0,0,0,0,0,,,,,,0.0,0.0,0.0,0.0,,0,MHL
Marshall Islands,2005,aus,0.0007777558689362,6.0314174884768856e-05,4.866363297321415e-05,1.0280043102533953e-07,138000000.0,world_bank_wdi,17.35176206521739,4.184129507246377,0.0134954347826086,0.0002523623188405,2.804535515776995e-06,2.4569132204751874e-08,0,,,0,0,0,0,0,0,0,0,0,0,0,0,0,0,0,0,,,,,,0.0,0.0,0.0,0.0,,0,MHL
Marshall Islands,2005,china,0.1173388006141873,1.2123104123166086e-07,0.022748529991375,8.250258585069663e-12,138000000.0,world_bank_wdi,17.35176206521739,4.184129507246377,2.036034949275362,5.072463768115942e-07,0.0013110213190956,1.9717980934340752e-12,0,,,0,0,0,0,0,0,0,0,0,0,0,0,0,0,0,0,,,,,,0.0,0.0,0.0,0.0,,0,MHL
Marshall Islands,2005,us,0.0074563663169546,0.0250756000236864,0.0083597342459362,0.0038257120503235,138000000.0,world_bank_wdi,17.35176206521739,4.184129507246377,0.1293810942028985,0.1049195579710144,0.0004817801335977,0.0009143388233318,0,,,0,0,0,0,0,0,0,0,0,0,0,0,0,0,0,0,,,,,,0.0,0.0,0.0,0.0,,0,MHL
Marshall Islands,2006,aus,0.0006686984138458,0.0003684475560611,3.814977491871962e-05,1.8377936632900783e-05,143200000.0,world_bank_wdi,18.02901041899441,7.709608994413408,0.012055970670391,0.0028405865921787,2.116021569244146e-06,2.383770259453876e-06,0,,,0,0,0,0,0,0,0,0,0,0,0,0,0,0,0,0,809725.0,639530.0,55212987.0,55628319.0,0.014665480786250525,0.0,0.0,0.0,0.0,,0,MHL
Marshall Islands,2006,china,0.1770796808265749,0.0001829321300928,0.0420410340403312,9.423832821650374e-07,143200000.0,world_bank_wdi,18.02901041899441,7.709608994413408,3.192571410614525,0.0014103351955307,0.002331854775348,1.222348997008686e-07,0,,,0,0,0,0,0,0,0,0,0,0,0,0,0,0,0,0,,,,,,0.0,0.0,0.0,0.0,,0,MHL
Marshall Islands,2006,us,0.0058835730600191,0.0092453777173854,0.0071216475097179,0.0035677234403488,143200000.0,world_bank_wdi,18.02901041899441,7.709608994413408,0.106075,0.0712782472067039,0.0003950104495039,0.0004627632144424,0,,,0,0,0,0,0,0,0,0,0,0,0,0,0,0,0,0,50979000.0,51361000.0,55212987.0,55628319.0,0.9233153786807441,0.0,0.0,0.0,0.0,,0,MHL
Marshall Islands,2007,aus,0.0005692924048638,0.0007663927589258,4.665853447147791e-05,1.815116818637323e-05,150500000.0,world_bank_wdi,32.96686766777409,3.734577069767442,0.0187677873754152,0.0028621528239202,1.4153159754721786e-06,4.860300871365746e-06,0,,,0,0,0,0,0,0,0,0,0,0,0,0,0,0,0,0,664118.0,917001.0,52700321.0,53786084.0,0.012601782824055285,0.0,0.0,0.0,0.0,,0,MHL
Marshall Islands,2007,china,0.1042576569110125,6.27235274035104e-05,0.0318279826832365,1.8273048384454847e-08,150500000.0,world_bank_wdi,32.96686766777409,3.734577069767442,3.437048378737542,0.000234245847176,0.0009654536489176,4.892936480647523e-09,0,,,0,0,0,0,0,0,0,0,0,0,0,0,0,0,0,0,,,,,,0.0,0.0,0.0,0.0,,0,MHL
Marshall Islands,2007,us,0.0041335811447009,0.0202222598781633,0.0073445541560228,0.002416790187109,150500000.0,world_bank_wdi,32.96686766777409,3.734577069767442,0.1362712225913621,0.0755215880398671,0.0002227859264652,0.0006471389241565,0,,,0,0,0,0,0,0,0,0,0,0,0,0,0,0,0,0,48123440.0,48123440.0,52700321.0,53786084.0,0.9131526921818939,0.0,0.0,0.0,0.0,,0,MHL
Marshall Islands,2008,aus,0.0007904583313864,0.0005275591024401,9.72400069335023e-05,3.8838239327728455e-05,146600000.0,world_bank_wdi,58.40004680081855,11.107191282401091,0.0461628035470668,0.0058596998635743,1.6650672775169651e-06,3.496675112570189e-06,1,gfc_2008,Global financial crisis,1,0,0,0,0,0,0,0,0,0,0,0,0,0,0,0,530199.0,786651.0,52768338.0,52638038.0,0.010047672905673094,1.0,600.0,0.0,0.0,Flood,1,MHL
Marshall Islands,2008,china,0.0533716084931266,8.597849013962011e-07,0.0357122115947263,1.4453640320270526e-09,146600000.0,world_bank_wdi,58.40004680081855,11.107191282401091,3.1169044338335605,9.549795361527968e-06,0.0006115099824581,1.3012867027123008e-10,1,gfc_2008,Global financial crisis,1,0,0,0,0,0,0,0,0,0,0,0,0,0,0,0,,,,,,1.0,600.0,0.0,0.0,Flood,1,MHL
Marshall Islands,2008,us,0.0025605890401379,0.0090773350860367,0.0098609147876381,0.0034705630554707,146600000.0,world_bank_wdi,58.40004680081855,11.107191282401091,0.1495385197817189,0.1008236971350613,0.0001688511452956,0.0003124609063832,1,gfc_2008,Global financial crisis,1,0,0,0,0,0,0,0,0,0,0,0,0,0,0,0,47255564.0,47255564.0,52768338.0,52638038.0,0.8955287543829786,1.0,600.0,0.0,0.0,Flood,1,MHL
Marshall Islands,2009,aus,0.0002558210966063,0.0011600054786395,9.69362557536076e-05,1.5460996979602567e-05,151200000.0,world_bank_wdi,83.56208587962963,4.375965694444444,0.0213769444444444,0.0050761441798941,1.160050694441057e-06,3.533162291292925e-06,1,gfc_2008,Global financial crisis,1,0,0,0,0,0,0,0,0,0,0,0,0,0,0,0,1626875.0,2493604.0,61153478.0,78389255.0,0.02660314757567836,0.0,0.0,0.0,0.0,,0,MHL
Marshall Islands,2009,china,0.1072278126477179,0.0179394703010172,0.1377337840252332,0.0006129100841284,151200000.0,world_bank_wdi,83.56208587962963,4.375965694444444,8.96017968915344,0.0785025066137566,0.0016482808270683,0.0001400628174271,1,gfc_2008,Global financial crisis,1,0,0,0,0,0,0,0,0,0,0,0,0,0,0,0,,,,,,0.0,0.0,0.0,0.0,,0,MHL
Marshall Islands,2009,us,0.0023059138468256,0.0209355436711442,0.0085100530928507,0.0032352911968578,151200000.0,world_bank_wdi,83.56208587962963,4.375965694444444,0.1926869708994709,0.0916132208994709,0.0001018410802371,0.0007393319378543,1,gfc_2008,Global financial crisis,1,0,0,0,0,0,0,0,0,0,0,0,0,0,0,0,49092539.0,49207500.0,61153478.0,78389255.0,0.8027759107993825,0.0,0.0,0.0,0.0,,0,MHL
Marshall Islands,2010,aus,0.0001776872573045,0.0006932291451845,7.027518153476091e-05,9.130930374510411e-06,161100000.0,world_bank_wdi,60.40834237740534,4.51985625698324,0.0107337926753569,0.0031332960893854,1.1633357044580334e-06,2.0201815844039287e-06,0,,,0,0,0,0,0,0,0,0,0,0,0,0,0,0,0,0,1661658.0,1260969.0,35788536.0,34916539.0,0.04642989587503663,0.0,0.0,0.0,0.0,,0,MHL
Marshall Islands,2010,china,0.1999662916479188,0.0071974995914399,0.3760631723225616,0.0001175696331177,161100000.0,world_bank_wdi,60.40834237740534,4.51985625698324,12.079632209807574,0.0325316635630043,0.0062253516240038,2.6011807994145192e-05,0,,,0,0,0,0,0,0,0,0,0,0,0,0,0,0,0,0,,,,,,0.0,0.0,0.0,0.0,,0,MHL
Marshall Islands,2010,us,0.0084152155824517,0.0199873379459589,0.0256843728452875,0.0040517524440103,161100000.0,world_bank_wdi,60.40834237740534,4.51985625698324,0.5083492240844196,0.090339894475481,0.0004251792357555,0.000896433915957,0,,,0,0,0,0,0,0,0,0,0,0,0,0,0,0,0,0,9689980.0,20415180.0,35788536.0,34916539.0,0.27075653499768754,0.0,0.0,0.0,0.0,,0,MHL
Marshall Islands,2011,aus,9.953900725666376e-05,0.0011986534380255,7.113405742355996e-06,1.094694420218171e-05,172300000.0,world_bank_wdi,70.89233376088218,2.9545874521183983,0.0070565525246662,0.0035415264074289,1.0034097292309929e-07,3.7050669102154686e-06,0,,,0,0,0,0,0,0,0,0,0,0,0,0,0,0,0,0,2588173.0,2595156.0,88300442.0,110450591.0,0.029310985781928475,0.0,0.0,0.0,0.0,,0,MHL
Marshall Islands,2011,china,0.1792928430879476,0.0324933740957022,0.3845317660075175,0.0006345273056154,172300000.0,world_bank_wdi,70.89233376088218,2.9545874521183983,12.710488073128266,0.0960045153801509,0.0054241657116908,0.0002147600353343,0,,,0,0,0,0,0,0,0,0,0,0,0,0,0,0,0,0,,,,,,0.0,0.0,0.0,0.0,,0,MHL
Marshall Islands,2011,us,0.0106535528368261,0.0304343510846952,0.0330957830894084,0.004878246691341,172300000.0,world_bank_wdi,70.89233376088218,2.9545874521183983,0.7552552234474753,0.0899209518282066,0.0004668457269447,0.0016510754108305,0,,,0,0,0,0,0,0,0,0,0,0,0,0,0,0,0,0,75183520.0,99805360.0,88300442.0,110450591.0,0.8514512305612242,0.0,0.0,0.0,0.0,,0,MHL
Marshall Islands,2012,aus,0.0002291650661061,0.0007668232324249,9.737629256869644e-06,1.0196291383240233e-05,180700000.0,world_bank_wdi,48.21272290536801,5.554759374654123,0.0110486718317653,0.0042595185390149,2.019721905353215e-07,1.8355955128794613e-06,0,,,0,0,0,0,0,0,0,0,0,0,0,0,0,0,0,0,8105650.0,8105650.0,92840282.0,134285017.0,0.08730746854043378,0.0,0.0,0.0,0.0,,0,MHL
Marshall Islands,2012,china,0.2092959785798039,0.0232937952940417,0.295045689449961,0.00117325021211,180700000.0,world_bank_wdi,48.21272290536801,5.554759374654123,10.090729020475926,0.1293914277808522,0.0061196645132256,0.0002112153079867,0,,,0,0,0,0,0,0,0,0,0,0,0,0,0,0,0,0,,,,,,0.0,0.0,0.0,0.0,,0,MHL
Marshall Islands,2012,us,0.0145297240495179,0.0202013415919127,0.0154401103191701,0.0038394753227998,180700000.0,world_bank_wdi,48.21272290536801,5.554759374654123,0.7005175594908688,0.1122135915882678,0.0003202497056529,0.0006912046164085,0,,,0,0,0,0,0,0,0,0,0,0,0,0,0,0,0,0,67625350.0,74024600.0,92840282.0,134285017.0,0.7284052627069788,0.0,0.0,0.0,0.0,,0,MHL
Marshall Islands,2013,aus,0.0002417762399423,0.0004284106986996,3.9754505230945296e-05,8.589904638139283e-06,186400000.0,world_bank_wdi,57.38786186158799,4.52482107832618,0.0138750214592274,0.0019384817596566,6.927336886470515e-07,1.898396530922468e-06,0,,,0,0,0,0,0,0,0,0,0,0,0,0,0,0,0,0,4812196.0,4812196.0,104503348.0,101776227.0,0.046048247181516136,1.0,6384.0,0.0,0.0,Drought,1,MHL
Marshall Islands,2013,china,0.1330240663430598,0.0921884470833218,0.1412415999365982,0.0117204107982198,186400000.0,world_bank_wdi,57.38786186158799,4.52482107832618,7.633966743562231,0.4171362285407725,0.0024611755056714,0.0025902484529963,0,,,0,0,0,0,0,0,0,0,0,0,0,0,0,0,0,0,,,,,,1.0,6384.0,0.0,0.0,Drought,1,MHL
Marshall Islands,2013,us,0.005399187701576,0.0219953495920425,0.0083774903554445,0.003222191239305,186400000.0,world_bank_wdi,57.38786186158799,4.52482107832618,0.3098478379828326,0.0995250214592274,0.0001459801791474,0.0007121146192363,0,,,0,0,0,0,0,0,0,0,0,0,0,0,0,0,0,0,70568090.0,79002440.0,104503348.0,101776227.0,0.6752710927500619,1.0,6384.0,0.0,0.0,Drought,1,MHL
Marshall Islands,2014,aus,0.0001395626662088,0.0005939478881696,1.186468647148891e-05,7.736441020909848e-06,186000000.0,world_bank_wdi,69.02398975806452,4.586541548387097,0.0096331720430107,0.0027241666666666,1.718922147658479e-07,1.6867700726771884e-06,0,,,0,0,0,0,0,0,0,0,0,0,0,0,0,0,0,0,2906687.0,2906687.0,65868076.0,98692120.0,0.04412891914438187,1.0,360.0,0.0,0.0,Flood,1,MHL
Marshall Islands,2014,china,0.0964270500500317,0.0507896145629103,0.1288242631260183,0.0049156537333882,186000000.0,world_bank_wdi,69.02398975806452,4.586541548387097,6.655779715053764,0.2329486774193548,0.0018663694112374,0.0010717560675138,0,,,0,0,0,0,0,0,0,0,0,0,0,0,0,0,0,0,,,,,,1.0,360.0,0.0,0.0,Flood,1,MHL
Marshall Islands,2014,us,0.002924424259088,0.0188804990938846,0.0090141363952069,0.0029511908975379,186000000.0,world_bank_wdi,69.02398975806452,4.586541548387097,0.2018554301075268,0.0865961935483871,0.000130594253198,0.0006434458003712,0,,,0,0,0,0,0,0,0,0,0,0,0,0,0,0,0,0,47411100.0,74035640.0,65868076.0,98692120.0,0.7197887486496494,1.0,360.0,0.0,0.0,Flood,1,MHL
Marshall Islands,2015,aus,0.0001505394792461,0.000602489102146,2.347656606421296e-05,4.85485315201024e-06,183700000.0,world_bank_wdi,80.21070338595536,3.270084921066957,0.0120748775176918,0.0019701905280348,2.926862011326488e-07,1.4846260171207443e-06,0,,,0,0,0,0,0,0,0,0,0,0,0,0,0,0,0,0,3581130.0,3581130.0,71125886.0,118962825.0,0.0503491794815744,1.0,21000.0,0.0,4900000.0,Drought,1,MHL
Marshall Islands,2015,china,0.2309621047773897,0.0415686267655222,0.6991066495263615,0.0027441763786118,183700000.0,world_bank_wdi,80.21070338595536,3.270084921066957,18.525632879695152,0.1359329395753946,0.008715877308324,0.0008391758761165,0,,,0,0,0,0,0,0,0,0,0,0,0,0,0,0,0,0,,,,,,1.0,21000.0,0.0,4900000.0,Drought,1,MHL
Marshall Islands,2015,us,0.0030097434154393,0.0214320660759701,0.0090778937167028,0.0021019211248249,183700000.0,world_bank_wdi,80.21070338595536,3.270084921066957,0.2414136363636363,0.0700846761023407,0.0001131755904573,0.000642772642167,0,,,0,0,0,0,0,0,0,0,0,0,0,0,0,0,0,0,45982965.0,85852131.0,71125886.0,118962825.0,0.6465011205624911,1.0,21000.0,0.0,4900000.0,Drought,1,MHL
Marshall Islands,2016,aus,0.0001910318343792,0.0007846833214458,1.030905582530307e-05,1.2412661953958072e-05,201800000.0,world_bank_wdi,76.83192674430128,2.964955386521308,0.0146773439048562,0.0023265510406342,1.3417671874365309e-07,4.1864582551177845e-06,0,,,0,0,0,0,0,0,0,0,0,0,0,0,0,0,0,0,1339589.0,1339589.0,23578738.0,49986523.0,0.05681343081211556,0.0,0.0,0.0,0.0,,0,MHL
Marshall Islands,2016,china,0.2548117323411608,0.0335676470108417,0.806854441548035,0.0016877174352072,201800000.0,world_bank_wdi,76.83192674430128,2.964955386521308,19.57767635282457,0.0995265758176412,0.0105015515780733,0.0005692218651517,0,,,0,0,0,0,0,0,0,0,0,0,0,0,0,0,0,0,,,,,,0.0,0.0,0.0,0.0,,0,MHL
Marshall Islands,2016,us,0.0157972192589097,0.0182789507675336,0.0667799721900365,0.0016507962819901,201800000.0,world_bank_wdi,76.83192674430128,2.964955386521308,1.213730792864222,0.0541962735381565,0.0008691695629641,0.0005567693495472,0,,,0,0,0,0,0,0,0,0,0,0,0,0,0,0,0,0,6904614.0,17927761.0,23578738.0,49986523.0,0.29283221180030927,0.0,0.0,0.0,0.0,,0,MHL
Marshall Islands,2017,aus,0.0001514361846109,0.0002309904610649,2.6713390545065026e-06,8.840508985009164e-07,213700000.0,world_bank_wdi,62.94303497894244,3.007333790360318,0.0095318530650444,0.0006946654188114,4.24405822725294e-08,2.93965006922293e-07,0,,,0,0,0,0,0,0,0,0,0,0,0,0,0,0,0,0,9580091.0,9580091.0,82788898.0,204995336.0,0.11571709772003488,0.0,0.0,0.0,0.0,,0,MHL
Marshall Islands,2017,china,0.2301996030336668,0.0284266104116953,0.3980442796430532,0.001519494426332,213700000.0,world_bank_wdi,62.94303497894244,3.007333790360318,14.489461665886758,0.0854883060364997,0.0063238812646422,0.0005052629778585,0,,,0,0,0,0,0,0,0,0,0,0,0,0,0,0,0,0,,,,,,0.0,0.0,0.0,0.0,,0,MHL
Marshall Islands,2017,us,0.0365689640975532,0.0152161126758927,0.1265134486798881,0.0012282662168865,213700000.0,world_bank_wdi,62.94303497894244,3.007333790360318,2.301761586335985,0.0457599298081422,0.0020099674050069,0.0004084236411746,0,,,0,0,0,0,0,0,0,0,0,0,0,0,0,0,0,0,56534370.0,96233060.0,82788898.0,204995336.0,0.6828738075484468,0.0,0.0,0.0,0.0,,0,MHL
Marshall Islands,2018,aus,0.0002572531303988,0.0018332945074577,3.4653610682787748e-06,7.349766048790194e-05,220000000.0,world_bank_wdi,43.87194603636364,3.5568282181818183,0.0112861954545454,0.0065207136363636,7.898808649624251e-08,2.0663820679389604e-05,1,aus_step_up_2018,Australia Pacific Step-up,0,0,0,0,0,1,0,0,0,0,0,0,0,0,0,0,814006.0,814006.0,65218689.0,142130289.0,0.012481176982873729,0.0,0.0,0.0,0.0,,0,MHL
Marshall Islands,2018,china,0.2243553475344272,0.0423771532667675,0.2536363111465076,0.0056068215609038,220000000.0,world_bank_wdi,43.87194603636364,3.5568282181818183,9.8429057,0.1507282545454545,0.0057812869968493,0.0015763543294677,0,,,0,0,0,0,0,0,0,0,0,0,0,0,0,0,0,0,,,,,,0.0,0.0,0.0,0.0,,0,MHL
Marshall Islands,2018,us,0.0267310477951353,0.0153157944827166,0.050184316372118,0.0029517516166063,220000000.0,world_bank_wdi,43.87194603636364,3.5568282181818183,1.1727430863636363,0.05447565,0.0011438817035953,0.0008298830968326,0,,,0,0,0,0,0,0,0,0,0,0,0,0,0,0,0,0,42129410.0,86535420.0,65218689.0,142130289.0,0.6459714331270903,0.0,0.0,0.0,0.0,,0,MHL
Marshall Islands,2019,aus,0.0003997772792808,4.624175881451924e-05,7.633085768411695e-06,2.9874944461124856e-07,232900000.0,world_bank_wdi,39.03630182052383,5.363192086732504,0.0156058265349935,0.0002480034349506,1.955381378980553e-07,5.570366300142349e-08,1,aus_step_up_2018,Australia Pacific Step-up,0,0,0,0,0,1,0,0,0,0,0,0,0,0,0,0,2054915.0,2054915.0,77975226.0,177455442.0,0.026353434358753893,1.0,0.0,0.0,0.0,Storm,1,MHL
Marshall Islands,2019,china,0.2621463063487786,0.0357751072313442,0.6459640278656213,0.0101193156947993,232900000.0,world_bank_wdi,39.03630182052383,5.363192086732504,10.233222335766424,0.1918687720051524,0.0165477772673126,0.0018868083654569,0,,,0,0,0,0,0,0,0,0,0,0,0,0,0,0,0,0,,,,,,1.0,0.0,0.0,0.0,Storm,1,MHL
Marshall Islands,2019,us,0.0097127071190889,0.0077588099222872,0.0085527288040028,0.0010197607156233,232900000.0,world_bank_wdi,39.03630182052383,5.363192086732504,0.3791481665951052,0.0416119879776728,0.0002190967997769,0.000190140628777,0,,,0,0,0,0,0,0,0,0,0,0,0,0,0,0,0,0,42084932.0,88979078.0,77975226.0,177455442.0,0.5397218342143696,1.0,0.0,0.0,0.0,Storm,1,MHL
Marshall Islands,2020,aus,0.0003232902506553,0.0003450812480937,8.568384016100818e-06,1.831225523100586e-06,241800000.0,world_bank_wdi,49.74824444168735,3.430833945409429,0.0160831224152191,0.0011839164598842,1.7223490220130865e-07,5.337552187714673e-07,2,aus_step_up_2018;covid_2020,Australia Pacific Step-up; COVID-19 pandemic,0,1,0,0,0,1,0,0,0,0,0,0,0,0,0,0,2075767.0,2075767.0,190931431.0,178199028.0,0.010871793026052373,0.0,0.0,0.0,0.0,,0,MHL
Marshall Islands,2020,china,0.2730532051030377,0.0092565132770146,1.0555648808170832,0.0003234531921158,241800000.0,world_bank_wdi,49.74824444168735,3.430833945409429,13.583917593052112,0.0317575599669148,0.0212181332761273,9.427830004673012e-05,1,covid_2020,COVID-19 pandemic,0,1,0,0,0,0,0,0,0,0,0,0,0,0,0,0,,,,,,0.0,0.0,0.0,0.0,,0,MHL
Marshall Islands,2020,us,0.0107206932819576,0.0379445564438747,0.0073686728543633,0.010821896257711,241800000.0,world_bank_wdi,49.74824444168735,3.430833945409429,0.5333356699751861,0.1301814722911497,0.000148119253997,0.0031543048803603,1,covid_2020,COVID-19 pandemic,0,1,0,0,0,0,0,0,0,0,0,0,0,0,0,0,104496599.0,87432335.0,190931431.0,178199028.0,0.5472990929398104,0.0,0.0,0.0,0.0,,0,MHL
Marshall Islands,2021,aus,0.0001847903445915,6.2201025915971e-05,6.814923860794874e-06,1.818975173071977e-07,261245500.0,world_bank_wdi,40.91334171497691,6.422072728525468,0.0075603905139035,0.0003994595122212,1.665697196838892e-07,2.832380214245285e-08,2,aus_step_up_2018;covid_2020,Australia Pacific Step-up; COVID-19 pandemic,0,1,0,0,0,1,0,0,0,0,0,0,0,0,0,0,3238563.0,3238563.0,115257835.0,187459491.0,0.028098419513085598,0.0,0.0,0.0,0.0,,0,MHL
Marshall Islands,2021,china,0.2981434924905442,0.0016385506281563,0.682389624381879,3.414429375527137e-05,261245500.0,world_bank_wdi,40.91334171497691,6.422072728525468,12.198046588362288,0.0105228913033908,0.0166789021814876,5.316709292875142e-06,1,covid_2020,COVID-19 pandemic,0,1,0,0,0,0,0,0,0,0,0,0,0,0,0,0,,,,,,0.0,0.0,0.0,0.0,,0,MHL
Marshall Islands,2021,us,0.0187957025887043,0.009617805543836,0.0105722347725475,0.0016367589290415,261245500.0,world_bank_wdi,40.91334171497691,6.422072728525468,0.768995002784737,0.0617662466913305,0.0002584055549947,0.0002548645893982,1,covid_2020,COVID-19 pandemic,0,1,0,0,0,0,0,0,0,0,0,0,0,0,0,0,88239020.0,107050460.0,115257835.0,187459491.0,0.7655793638671071,0.0,0.0,0.0,0.0,,0,MHL
Marshall Islands,2022,aus,0.0002888826206542,3.4755828200860155e-05,1.1954335865609592e-05,1.606825700374299e-08,258723500.0,world_bank_wdi,41.04763626806224,4.594340865827805,0.0118579487367788,0.0001596801218289,2.912307979816819e-07,3.497402015435314e-09,1,aus_step_up_2018,Australia Pacific Step-up,0,0,0,0,0,1,0,0,0,0,0,0,0,0,0,0,3921120.0,3921120.0,143642573.0,184780354.0,0.027297756633752307,1.0,4480.0,0.0,0.0,Drought,1,MHL
Marshall Islands,2022,china,0.3265381735989102,0.0001471955132038,0.6593147941066524,9.114167540459216e-07,258723500.0,world_bank_wdi,41.04763626806224,4.594340865827805,13.403620177525427,0.000676266361579,0.0160621866214411,1.9837813097955745e-07,0,,,0,0,0,0,0,0,0,0,0,0,0,0,0,0,0,0,,,,,,1.0,4480.0,0.0,0.0,Drought,1,MHL
Marshall Islands,2022,us,0.0199612842843818,0.0148113013899439,0.0089062309903651,0.0026665391097826,258723500.0,world_bank_wdi,41.04763626806224,4.594340865827805,0.8193635367486911,0.0680481672519118,0.0002169730537515,0.0005803964459006,0,,,0,0,0,0,0,0,0,0,0,0,0,0,0,0,0,0,87781073.0,105339829.0,143642573.0,184780354.0,0.6111076345033167,1.0,4480.0,0.0,0.0,Drought,1,MHL
Marshall Islands,2023,aus,0.0003634050206243,0.0001028357902398,9.149628271824156e-06,5.41262231061942e-07,264000000.0,world_bank_wdi,52.31217648863636,4.265847689393939,0.0190105075757575,0.0004386818181818,1.7490436999522864e-07,1.2688269025817953e-07,1,aus_step_up_2018,Australia Pacific Step-up,0,0,0,0,0,1,0,0,0,0,0,0,0,0,0,0,2154691.0,2154691.0,136210129.0,89457376.0,0.01581887496780801,0.0,0.0,0.0,0.0,,0,MHL
Marshall Islands,2023,china,0.2539448641735646,0.0009204749786,0.5583543901596674,5.743587522678416e-06,264000000.0,world_bank_wdi,52.31217648863636,4.265847689393939,13.284408553030303,0.003926606060606,0.0106735071571903,1.3464117664019138e-06,0,,,0,0,0,0,0,0,0,0,0,0,0,0,0,0,0,0,,,,,,0.0,0.0,0.0,0.0,,0,MHL
Marshall Islands,2023,us,0.0032821252899224,0.0152725275862832,0.0041291531391556,0.0021766120881677,264000000.0,world_bank_wdi,52.31217648863636,4.265847689393939,0.1716951174242424,0.0651502765151515,7.893292568418712e-05,0.0005102413978772,1,mhl_cofa_2023,Compact of Free Association renewal,0,0,0,0,0,0,1,0,0,0,0,0,0,0,0,0,83003764.0,50184244.0,136210129.0,89457376.0,0.6093802612873233,0.0,0.0,0.0,0.0,,0,MHL
Marshall Islands,2024,aus,0.0002818222069743,0.0001833354759725,4.367998243002587e-06,1.7316123070186698e-06,285000000.0,world_bank_wdi,44.82007065263158,3.750252821052632,0.0126312912280701,0.0006875543859649,9.745629980942753e-08,4.61732152375966e-07,1,aus_step_up_2018,Australia Pacific Step-up,0,0,0,0,0,1,0,0,0,0,0,0,0,0,0,0,,,,,,2.0,33456.0,0.0,0.0,Drought;Storm,1,MHL
Marshall Islands,2024,china,0.4156712623627814,0.0072498354342527,1.3453708487058478,0.0002537650594905,285000000.0,world_bank_wdi,44.82007065263158,3.750252821052632,18.63041534736842,0.0271887157894736,0.0300171514483513,6.766612055218355e-05,0,,,0,0,0,0,0,0,0,0,0,0,0,0,0,0,0,0,,,,,,2.0,33456.0,0.0,0.0,Drought;Storm,1,MHL
Marshall Islands,2024,us,0.0046572773919116,0.0196984464543992,0.0055481810647424,0.0025079098169658,285000000.0,world_bank_wdi,44.82007065263158,3.750252821052632,0.2087395017543859,0.0738741543859649,0.0001237878696743,0.0006687308660598,1,mhl_cofa_2023,Compact of Free Association renewal,0,0,0,0,0,0,1,0,0,0,0,0,0,0,0,0,,,,,,2.0,33456.0,0.0,0.0,Drought;Storm,1,MHL
Micronesia,2002,aus,0.0727326495794624,0.005843258471455,0.0001794058882376,4.274099057190771e-07,237654300.0,world_bank_wdi,0.3775428595232655,0.3385254506230268,0.0274596925029338,0.0019780917071561,0.0004751934348967,1.2625635825385243e-06,0,,,0,0,0,0,0,0,0,0,0,0,0,0,0,0,0,0,,,,,,2.0,1623.0,47.0,500000.0,Storm,1,FSM
Micronesia,2002,china,0.0145100093080294,0.0,0.0003799671629462,0.0,237654300.0,world_bank_wdi,0.3775428595232655,0.3385254506230268,0.0054781504058626,0.0,0.0010064212667829,0.0,0,,,0,0,0,0,0,0,0,0,0,0,0,0,0,0,0,0,,,,,,2.0,1623.0,47.0,500000.0,Storm,1,FSM
Micronesia,2002,us,0.2577236716709974,0.2463985961124734,0.0104660299741662,0.0230794639062512,237654300.0,world_bank_wdi,0.3775428595232655,0.3385254506230268,0.0973017319695035,0.0834121957818562,0.0277214353553977,0.0681764513237496,0,,,0,0,0,0,0,0,0,0,0,0,0,0,0,0,0,0,,,,,,2.0,1623.0,47.0,500000.0,Storm,1,FSM
Micronesia,2003,aus,0.0803488064581024,0.0023167391715836,0.0001779379032749,8.520788206758022e-07,240949900.0,world_bank_wdi,0.5225379508354226,0.3820585731722652,0.0419853006786888,0.0008851300623075,0.0003405262775467,2.2302308612025598e-06,0,,,0,0,0,0,0,0,0,0,0,0,0,0,0,0,0,0,,,,,,1.0,1000.0,0.0,0.0,Storm,1,FSM
Micronesia,2003,china,0.0349186743415994,0.0,0.00086166168328,0.0,240949900.0,world_bank_wdi,0.5225379508354226,0.3820585731722652,0.0182463325363488,0.0,0.0016489934977974,0.0,0,,,0,0,0,0,0,0,0,0,0,0,0,0,0,0,0,0,,,,,,1.0,1000.0,0.0,0.0,Storm,1,FSM
Micronesia,2003,us,0.3568563150637454,0.2012790883037379,0.0130429308724292,0.0200530738700412,240949900.0,world_bank_wdi,0.5225379508354226,0.3820585731722652,0.1864709676160895,0.0769004012867405,0.0249607341468241,0.0524869098042711,0,,,0,0,0,0,0,0,0,0,0,0,0,0,0,0,0,0,,,,,,1.0,1000.0,0.0,0.0,Storm,1,FSM
Micronesia,2004,aus,0.0618689620082144,0.0003704630697659,0.0003359461594026,1.5803936956175758e-06,235538100.0,world_bank_wdi,0.6772560999685401,0.3229382507543366,0.0419011319187851,0.0001196366957192,0.0004960400643394,4.893795305839451e-06,0,,,0,0,0,0,0,0,0,0,0,0,0,0,0,0,0,0,,,,,,1.0,6008.0,1.0,0.0,Storm,1,FSM
Micronesia,2004,china,0.0567026569115027,0.0,0.0012957915190743,0.0,235538100.0,world_bank_wdi,0.6772560999685401,0.3229382507543366,0.0384022202777385,0.0,0.0019132961949469,0.0,0,,,0,0,0,0,0,0,0,0,0,0,0,0,0,0,0,0,,,,,,1.0,6008.0,1.0,0.0,Storm,1,FSM
Micronesia,2004,us,0.3394840565531706,0.1983385969090188,0.0140219057927883,0.0155987139663946,235538100.0,world_bank_wdi,0.6772560999685401,0.3229382507543366,0.2299176481426996,0.064051119542868,0.0207039933541237,0.0483024662763185,0,,,0,0,0,0,0,0,0,0,0,0,0,0,0,0,0,0,,,,,,1.0,6008.0,1.0,0.0,Storm,1,FSM
Micronesia,2005,aus,0.0437116265484125,0.0003625777552928,9.851987134331022e-05,1.9462715874534866e-07,247000000.0,world_bank_wdi,0.5647948421052632,0.2125803967611336,0.0246881012145749,7.707692307692308e-05,0.0001744347929525,9.155461261277156e-07,0,,,0,0,0,0,0,0,0,0,0,0,0,0,0,0,0,0,,,,,,0.0,0.0,0.0,0.0,,0,FSM
Micronesia,2005,china,0.0346540292951202,0.0003705766342309,0.0001159917731316,2.343144229775813e-07,247000000.0,world_bank_wdi,0.5647948421052632,0.2125803967611336,0.0195724170040485,7.877732793522267e-05,0.0002053697457634,1.1022390895284158e-06,0,,,0,0,0,0,0,0,0,0,0,0,0,0,0,0,0,0,,,,,,0.0,0.0,0.0,0.0,,0,FSM
Micronesia,2005,us,0.3703449095908323,0.0311263994657663,0.0133418266215639,0.0013719752569751,247000000.0,world_bank_wdi,0.5647948421052632,0.2125803967611336,0.2091688947368421,0.0066168623481781,0.023622429999241,0.0064539123921044,0,,,0,0,0,0,0,0,0,0,0,0,0,0,0,0,0,0,,,,,,0.0,0.0,0.0,0.0,,0,FSM
Micronesia,2006,aus,0.0586771389657439,6.587069156783438e-05,0.000768506971571,1.4081878554075109e-08,250000000.0,world_bank_wdi,0.632595124,0.147258208,0.037118872,9.7e-06,0.0012148480796241,9.562712153929721e-08,0,,,0,0,0,0,0,0,0,0,0,0,0,0,0,0,0,0,2286029.0,1274698.0,106654072.0,111665094.0,0.021434052700772643,0.0,0.0,0.0,0.0,,0,FSM
Micronesia,2006,china,0.0391277312469452,0.0019711498865991,0.0002611802043423,6.498026816365524e-06,250000000.0,world_bank_wdi,0.632595124,0.147258208,0.0247520119999999,0.000290268,0.0004128710362021,4.4126754661889705e-05,0,,,0,0,0,0,0,0,0,0,0,0,0,0,0,0,0,0,,,,,,0.0,0.0,0.0,0.0,,0,FSM
Micronesia,2006,us,0.3869279460332989,0.0453514957889478,0.0154602707132966,0.0002103835370233,250000000.0,world_bank_wdi,0.632595124,0.147258208,0.244768732,0.00667838,0.024439440214997,0.0014286710389912,0,,,0,0,0,0,0,0,0,0,0,0,0,0,0,0,0,0,98561000.0,99514000.0,106654072.0,111665094.0,0.9241184902907411,0.0,0.0,0.0,0.0,,0,FSM
Micronesia,2007,aus,0.0458397860574422,7.032642628705202e-05,0.0004516391057661,1.1125367614112487e-07,253000000.0,world_bank_wdi,0.7019356719367589,0.1260075415019763,0.0321765810276679,8.861660079051383e-06,0.0006434195095399,8.829128385095901e-07,0,,,0,0,0,0,0,0,0,0,0,0,0,0,0,0,0,0,1527901.0,2064599.0,116031340.0,109111759.0,0.013168002713749578,0.0,0.0,0.0,0.0,,0,FSM
Micronesia,2007,china,0.0761913393356513,0.0100580591386901,0.0018152425818657,5.339013497038632e-05,253000000.0,world_bank_wdi,0.7019356719367589,0.1260075415019763,0.053481418972332,0.0012673913043478,0.0025860526176953,0.0004237058697756,0,,,0,0,0,0,0,0,0,0,0,0,0,0,0,0,0,0,4400000.0,,116031340.0,109111759.0,0.03792078933157197,0.0,0.0,0.0,0.0,,0,FSM
Micronesia,2007,us,0.4017919786744419,0.2617834405293767,0.0175982602013212,0.001560514389646,253000000.0,world_bank_wdi,0.7019356719367589,0.1260075415019763,0.2820321225296442,0.0329866877470355,0.0250710441211295,0.012384293598979,0,,,0,0,0,0,0,0,0,0,0,0,0,0,0,0,0,0,99576089.0,99851046.0,116031340.0,109111759.0,0.8581827030524685,0.0,0.0,0.0,0.0,,0,FSM
Micronesia,2008,aus,0.0353883976146284,0.0003432441701314,0.0003050121382425,1.8319140803195134e-07,261000000.0,world_bank_wdi,0.7091782528735632,0.1296509003831417,0.0250966819923371,4.450191570881226e-05,0.000430092345622,1.4129590113958928e-06,1,gfc_2008,Global financial crisis,1,0,0,0,0,0,0,0,0,0,0,0,0,0,0,0,1935315.0,3193800.0,96621652.0,121114438.0,0.02002982726894382,1.0,0.0,0.0,0.0,Flood,1,FSM
Micronesia,2008,china,0.0443888313582342,0.0003018125449464,0.0004278424844626,1.09028062442042e-07,261000000.0,world_bank_wdi,0.7091782528735632,0.1296509003831417,0.0314795938697318,3.913026819923371e-05,0.0006032932943573,8.40935636542781e-07,1,gfc_2008,Global financial crisis,1,0,0,0,0,0,0,0,0,0,0,0,0,0,0,0,5063245.0,3903245.0,96621652.0,121114438.0,0.05240279890888225,1.0,0.0,0.0,0.0,Flood,1,FSM
Micronesia,2008,us,0.4055224479658406,0.1641990272433622,0.0177116516769197,0.0007557836601275,261000000.0,world_bank_wdi,0.7091782528735632,0.1296509003831417,0.2875877011494253,0.0212885517241379,0.0249748939778578,0.0058293745580948,1,gfc_2008,Global financial crisis,1,0,0,0,0,0,0,0,0,0,0,0,0,0,0,0,79839071.0,80115495.0,96621652.0,121114438.0,0.8263062092956142,1.0,0.0,0.0,0.0,Flood,1,FSM
Micronesia,2009,aus,0.0237764865416816,0.0011689655544723,4.7266407800128455e-05,7.989013514835204e-07,277000000.0,world_bank_wdi,0.7670917761732852,0.2073047653429603,0.0182387472924187,0.0002423321299638,6.161766983857095e-05,3.853752952383107e-06,1,gfc_2008,Global financial crisis,1,0,0,0,0,0,0,0,0,0,0,0,0,0,0,0,2522310.0,4080172.0,134790384.0,148708080.0,0.018712833402121622,0.0,0.0,0.0,0.0,,0,FSM
Micronesia,2009,china,0.04356276998038,0.0690285252950799,0.0011604536073907,5.077215533257835e-05,277000000.0,world_bank_wdi,0.7670917761732852,0.2073047653429603,0.0334166425992779,0.0143099422382671,0.00151279630865,0.0002449155244867,1,gfc_2008,Global financial crisis,1,0,0,0,0,0,0,0,0,0,0,0,0,0,0,0,13153152.0,13683152.0,134790384.0,148708080.0,0.09758227263452265,0.0,0.0,0.0,0.0,,0,FSM
Micronesia,2009,us,0.3896870990382532,0.1018515790247254,0.0152160772370579,0.0004832828539954,277000000.0,world_bank_wdi,0.7670917761732852,0.2073047653429603,0.2989257689530686,0.0211143176895306,0.0198360583566218,0.0023312674611984,1,gfc_2008,Global financial crisis,1,0,0,0,0,0,0,0,0,0,0,0,0,0,0,0,107556333.0,107955421.0,134790384.0,148708080.0,0.7979525675956232,0.0,0.0,0.0,0.0,,0,FSM
Micronesia,2010,aus,0.0329264382577932,6.493207006451029e-05,0.0001109742333965,2.796213778140183e-08,292000000.0,world_bank_wdi,0.6129013219178082,0.2171922089041096,0.0201806575342465,1.41027397260274e-05,0.0001810637853566,1.2874374233998017e-07,0,,,0,0,0,0,0,0,0,0,0,0,0,0,0,0,0,0,2106575.0,1730082.0,67684158.0,99277739.0,0.031123605024383993,0.0,0.0,0.0,0.0,,0,FSM
Micronesia,2010,china,0.0389602482770221,0.0451182018326201,0.0003948399837356,4.35131320948142e-05,292000000.0,world_bank_wdi,0.6129013219178082,0.2171922089041096,0.0238787876712328,0.0097993219178082,0.0006442146061949,0.0002003438903926,0,,,0,0,0,0,0,0,0,0,0,0,0,0,0,0,0,0,1476667.0,4430000.0,67684158.0,99277739.0,0.02181702548475228,0.0,0.0,0.0,0.0,,0,FSM
Micronesia,2010,us,0.3846880511380449,0.0992281235648778,0.0137921176797184,0.0011001305831165,292000000.0,world_bank_wdi,0.6129013219178082,0.2171922089041096,0.2357758150684931,0.0215515753424657,0.0225029987479257,0.0050652396265383,0,,,0,0,0,0,0,0,0,0,0,0,0,0,0,0,0,0,45306380.0,89572080.0,67684158.0,99277739.0,0.669379384168449,0.0,0.0,0.0,0.0,,0,FSM
Micronesia,2011,aus,0.0415919785053823,0.0013870906958983,0.0002304330558476,6.057353929172657e-07,308000000.0,world_bank_wdi,0.6946867435064935,0.1897974188311688,0.0288933961038961,0.0002632662337662,0.0003317078640143,3.191483828639881e-06,0,,,0,0,0,0,0,0,0,0,0,0,0,0,0,0,0,0,2493533.0,2567840.0,147805709.0,149911579.0,0.016870342944601685,0.0,0.0,0.0,0.0,,0,FSM
Micronesia,2011,china,0.0281533370009056,0.0276330684433616,0.0003451843275498,1.6312008462513556e-05,308000000.0,world_bank_wdi,0.6946867435064935,0.1897974188311688,0.01955775,0.005244685064935,0.0004968920607402,8.594431137666649e-05,0,,,0,0,0,0,0,0,0,0,0,0,0,0,0,0,0,0,9376740.0,7900074.0,147805709.0,149911579.0,0.06343963344474063,0.0,0.0,0.0,0.0,,0,FSM
Micronesia,2011,us,0.3372195597252218,0.0430432105454884,0.0135848380289936,0.0002534120280024,308000000.0,world_bank_wdi,0.6946867435064935,0.1897974188311688,0.2342619577922078,0.0081694902597402,0.0195553436940842,0.0013351710974945,0,,,0,0,0,0,0,0,0,0,0,0,0,0,0,0,0,0,97991870.0,134537200.0,147805709.0,149911579.0,0.6629775714549699,0.0,0.0,0.0,0.0,,0,FSM
Micronesia,2012,aus,0.0512570726202496,4.9829814436583184e-05,0.0005016392866029,5.1730561119213095e-08,324000000.0,world_bank_wdi,0.7377426944444444,0.2699930524691358,0.0378145308641975,1.3453703703703705e-05,0.0006799651021698,1.9159960097538681e-07,0,,,0,0,0,0,0,0,0,0,0,0,0,0,0,0,0,0,8294789.0,8294787.0,148280596.0,129517753.0,0.0559398142694274,0.0,0.0,0.0,0.0,,0,FSM
Micronesia,2012,china,0.0275258989578876,0.124891919658335,0.0003037258788799,0.0002736483340833,324000000.0,world_bank_wdi,0.7377426944444444,0.2699930524691358,0.0203070308641975,0.0337199506172839,0.0004116962203314,0.0010135384284181,0,,,0,0,0,0,0,0,0,0,0,0,0,0,0,0,0,0,1526667.0,50000.0,148280596.0,129517753.0,0.010295797570168925,0.0,0.0,0.0,0.0,,0,FSM
Micronesia,2012,us,0.3157049264470336,0.0170960503338969,0.0121327597789168,0.0002667599479902,324000000.0,world_bank_wdi,0.7377426944444444,0.2699930524691358,0.2329090030864197,0.0046158148148148,0.0164457877662257,0.0009880252308369,0,,,0,0,0,0,0,0,0,0,0,0,0,0,0,0,0,0,126526930.0,112545240.0,148280596.0,129517753.0,0.8532939131159144,0.0,0.0,0.0,0.0,,0,FSM
Micronesia,2013,aus,0.0645331152662498,0.0007977568991243,0.0004184757034015,1.0725539615228155e-06,314000000.0,world_bank_wdi,0.6981626114649682,0.137415550955414,0.0450546082802547,0.0001096242038216,0.0005993957518341,7.805186196654099e-06,0,,,0,0,0,0,0,0,0,0,0,0,0,0,0,0,0,0,3855186.0,3855186.0,229028157.0,209159207.0,0.016832803662651837,0.0,0.0,0.0,0.0,,0,FSM
Micronesia,2013,china,0.0407148955953812,0.2313564766575918,0.000736248490503,0.0005950198262125,314000000.0,world_bank_wdi,0.6981626114649682,0.137415550955414,0.0284256178343949,0.0317919777070063,0.0010545515878574,0.0043300763419826,0,,,0,0,0,0,0,0,0,0,0,0,0,0,0,0,0,0,82608522.0,49204204.0,229028157.0,209159207.0,0.3606915546196357,0.0,0.0,0.0,0.0,,0,FSM
Micronesia,2013,us,0.3072120104518201,0.0387957555773165,0.0102525372889614,0.0002154412944033,314000000.0,world_bank_wdi,0.6981626114649682,0.137415550955414,0.2144839394904458,0.0053311401273885,0.0146850277007076,0.0015678086861741,0,,,0,0,0,0,0,0,0,0,0,0,0,0,0,0,0,0,114078170.0,103449980.0,229028157.0,209159207.0,0.4980967034546761,0.0,0.0,0.0,0.0,,0,FSM
Micronesia,2014,aus,0.0156460428056661,0.0022598641345504,1.7164416341943326e-05,3.1564992796526853e-06,316000000.0,world_bank_wdi,0.435486829113924,0.1133497626582278,0.0068136455696202,0.0002561550632911,3.9414317941296655e-05,2.7847427340189148e-05,0,,,0,0,0,0,0,0,0,0,0,0,0,0,0,0,0,0,3656473.0,3656473.0,125690264.0,304863847.0,0.029091139469641022,0.0,0.0,0.0,0.0,,0,FSM
Micronesia,2014,china,0.0678789803101051,0.1519453411328356,0.0013216763978761,0.0002330829597367,316000000.0,world_bank_wdi,0.435486829113924,0.1133497626582278,0.0295604018987341,0.0172229683544303,0.0030349400016652,0.0020563162574903,0,,,0,0,0,0,0,0,0,0,0,0,0,0,0,0,0,0,4233333.0,62723519.0,125690264.0,304863847.0,0.03368067553744656,0.0,0.0,0.0,0.0,,0,FSM
Micronesia,2014,us,0.2562468100046741,0.0106773520126805,0.0083489386539813,0.0001887568082163,316000000.0,world_bank_wdi,0.435486829113924,0.1133497626582278,0.1115921107594936,0.0012102753164556,0.0191715066813127,0.0016652598451878,0,,,0,0,0,0,0,0,0,0,0,0,0,0,0,0,0,0,104334450.0,166116670.0,125690264.0,304863847.0,0.8300917404390208,0.0,0.0,0.0,0.0,,0,FSM
Micronesia,2015,aus,0.0120327206871234,0.0009488602038497,1.8976515635859632e-05,1.064663484458433e-06,312000000.0,world_bank_wdi,0.5186101987179487,0.0751779166666666,0.0062402916666666,7.133333333333334e-05,3.659109613110443e-05,1.4161917909737672e-05,0,,,0,0,0,0,0,0,0,0,0,0,0,0,0,0,0,0,2829654.0,2829654.0,92054924.0,150468509.0,0.030738757657330747,1.0,35000.0,5.0,11000000.0,Storm,1,FSM
Micronesia,2015,china,0.0748489636212247,0.0573068332344937,0.0028792415425076,1.906499787900923e-05,312000000.0,world_bank_wdi,0.5186101987179487,0.0751779166666666,0.0388174358974358,0.0043082083333333,0.0055518413437016,0.0002535983800075,0,,,0,0,0,0,0,0,0,0,0,0,0,0,0,0,0,0,6513546.0,12530213.0,92054924.0,150468509.0,0.07075717101238387,1.0,35000.0,5.0,11000000.0,Storm,1,FSM
Micronesia,2015,us,0.2092182556804218,0.0264542958136489,0.008206493776145,0.0001902564865881,312000000.0,world_bank_wdi,0.5186101987179487,0.0751779166666666,0.1085027211538461,0.0019887788461538,0.0158240115532479,0.0025307496539407,0,,,0,0,0,0,0,0,0,0,0,0,0,0,0,0,0,0,60376196.0,123065625.0,92054924.0,150468509.0,0.6558714447474857,1.0,35000.0,5.0,11000000.0,Storm,1,FSM
Micronesia,2016,aus,0.0403901749681986,0.0001616108073025,4.1590579134299625e-05,9.567313830000529e-09,327000000.0,world_bank_wdi,0.522405636085627,0.1912133302752293,0.0211000550458715,3.0902140672782874e-05,7.961357278979003e-05,5.0034763874618426e-08,0,,,0,0,0,0,0,0,0,0,0,0,0,0,0,0,0,0,1240548.0,1240548.0,75248092.0,134465559.0,0.016486105720793558,1.0,100000.0,0.0,0.0,Drought,1,FSM
Micronesia,2016,china,0.0829628432140998,0.1102245840057054,0.0017507851547501,0.0001582799648028,327000000.0,world_bank_wdi,0.522405636085627,0.1912133302752293,0.0433402568807339,0.0210764097859327,0.0033513902489045,0.0008277663726424,0,,,0,0,0,0,0,0,0,0,0,0,0,0,0,0,0,0,19411178.0,66782845.0,75248092.0,134465559.0,0.2579623945813802,1.0,100000.0,0.0,0.0,Drought,1,FSM
Micronesia,2016,us,0.2118952955131244,0.0087467511309837,0.007356096184034,0.000247477087778,327000000.0,world_bank_wdi,0.522405636085627,0.1912133302752293,0.1106952966360856,0.001672495412844,0.0140811960589726,0.0012942459995957,0,,,0,0,0,0,0,0,0,0,0,0,0,0,0,0,0,0,29556872.0,45289814.0,75248092.0,134465559.0,0.3927923115977479,1.0,100000.0,0.0,0.0,Drought,1,FSM
Micronesia,2017,aus,0.0149062125061044,5.310757858753119e-05,1.6901088506018476e-05,2.998915240231738e-09,361000000.0,world_bank_wdi,0.5532087063711911,0.2666932908587258,0.0082462465373961,1.4163434903047092e-05,3.0551016842960186e-05,1.1244809460993676e-08,0,,,0,0,0,0,0,0,0,0,0,0,0,0,0,0,0,0,13628504.0,13628504.0,113251639.0,193304850.0,0.12033824958595081,0.0,0.0,0.0,0.0,,0,FSM
Micronesia,2017,china,0.1315537779010063,0.1210672373520713,0.0029846460613173,0.0002759208084238,361000000.0,world_bank_wdi,0.5532087063711911,0.2666932908587258,0.0727766952908587,0.0322878199445983,0.0053951538125552,0.0010345997364065,0,,,0,0,0,0,0,0,0,0,0,0,0,0,0,0,0,0,10800000.0,15850091.0,113251639.0,193304850.0,0.0953628582805764,0.0,0.0,0.0,0.0,,0,FSM
Micronesia,2017,us,0.1809848074299029,0.0073109702059732,0.0063702377688562,0.000260242891094,361000000.0,world_bank_wdi,0.5532087063711911,0.2666932908587258,0.1001223711911357,0.0019497867036011,0.011515071428724,0.0009758134156884,0,,,0,0,0,0,0,0,0,0,0,0,0,0,0,0,0,0,69732910.0,114143040.0,113251639.0,193304850.0,0.6157342235020545,0.0,0.0,0.0,0.0,,0,FSM
Micronesia,2018,aus,0.0378669633281548,6.289309181448288e-05,1.194515687598245e-05,8.851993329403978e-09,394000000.0,world_bank_wdi,0.3092827614213198,0.317556040609137,0.0117115989847715,1.9972081218274112e-05,3.8622123073035376e-05,2.7875373784180124e-08,1,aus_step_up_2018,Australia Pacific Step-up,0,0,0,0,0,1,0,0,0,0,0,0,0,0,0,0,2802839.0,2802839.0,108503834.0,175424250.0,0.025831704711927507,0.0,0.0,0.0,0.0,,0,FSM
Micronesia,2018,china,0.1519931065659955,0.1740337210555105,0.0026912726332365,0.0008868708084883,394000000.0,world_bank_wdi,0.3092827614213198,0.317556040609137,0.047008847715736,0.0552654593908629,0.0087016574117119,0.0027928009392833,0,,,0,0,0,0,0,0,0,0,0,0,0,0,0,0,0,0,5200000.0,45000.0,108503834.0,175424250.0,0.047924573798931384,0.0,0.0,0.0,0.0,,0,FSM
Micronesia,2018,us,0.3095020616227123,0.0062641087851474,0.0057373612490967,0.0002674306702465,394000000.0,world_bank_wdi,0.3092827614213198,0.317556040609137,0.0957236522842639,0.0019892055837563,0.0185505368056417,0.0008421526787321,0,,,0,0,0,0,0,0,0,0,0,0,0,0,0,0,0,0,55430140.0,121477400.0,108503834.0,175424250.0,0.5108588144452112,0.0,0.0,0.0,0.0,,0,FSM
Micronesia,2019,aus,0.0264961240403785,0.0002929289677001,1.3273711119277236e-05,6.970176683899074e-07,395000000.0,world_bank_wdi,0.3057663367088608,0.4267937518987342,0.0081016227848101,0.0001250202531645,4.341129001364191e-05,1.6331487171238848e-06,1,aus_step_up_2018,Australia Pacific Step-up,0,0,0,0,0,1,0,0,0,0,0,0,0,0,0,0,4417895.0,4417895.0,105067872.0,264526153.0,0.042048010642111416,1.0,10000.0,0.0,0.0,Storm,1,FSM
Micronesia,2019,china,0.1540853033113239,0.0745887267328104,0.0030177086545141,0.0002926988597662,395000000.0,world_bank_wdi,0.3057663367088608,0.4267937518987342,0.0471140987341772,0.0318340025316455,0.0098693292629774,0.0006858086803382,0,,,0,0,0,0,0,0,0,0,0,0,0,0,0,0,0,0,8557085.0,40661051.0,105067872.0,264526153.0,0.08144340260360465,1.0,10000.0,0.0,0.0,Storm,1,FSM
Micronesia,2019,us,0.3163222354046591,0.0094659483110129,0.0059009476644502,0.0001557352863577,395000000.0,world_bank_wdi,0.3057663367088608,0.4267937518987342,0.0967206911392405,0.0040400075949367,0.0192988794252681,0.0003648958909658,0,,,0,0,0,0,0,0,0,0,0,0,0,0,0,0,0,0,57779726.0,125397837.0,105067872.0,264526153.0,0.5499276315408768,1.0,10000.0,0.0,0.0,Storm,1,FSM
Micronesia,2020,aus,0.0319546413175922,3.43361307629968e-05,4.457339929261463e-05,9.695945930089493e-09,372902700.0,world_bank_wdi,0.3566012903634111,0.4052628447045301,0.0113950663269533,1.3915158029158811e-05,0.0001249950588995,2.3925079875404395e-08,2,aus_step_up_2018;covid_2020,Australia Pacific Step-up; COVID-19 pandemic,0,1,0,0,0,1,0,0,0,0,0,0,0,0,0,0,3576846.0,3576846.0,191643303.0,286459069.0,0.01866408032009342,0.0,0.0,0.0,0.0,,0,FSM
Micronesia,2020,china,0.1567152701465835,0.0480373255246968,0.0053032066964416,0.0001025851847609,372902700.0,world_bank_wdi,0.3566012903634111,0.4052628447045301,0.0558848675539222,0.0194677431941361,0.0148715297441498,0.000253132469708,1,covid_2020,COVID-19 pandemic,0,1,0,0,0,0,0,0,0,0,0,0,0,0,0,0,14777085.0,53188232.0,191643303.0,286459069.0,0.0771072339532783,0.0,0.0,0.0,0.0,,0,FSM
Micronesia,2020,us,0.376974024434073,0.0169690164029896,0.0083330211847943,0.000449933251775,372902700.0,world_bank_wdi,0.3566012903634111,0.4052628447045301,0.1344294235466785,0.0068769118593134,0.0233678940878263,0.0011102257649677,1,covid_2020,COVID-19 pandemic,0,1,0,0,0,0,0,0,0,0,0,0,0,0,0,0,122468684.0,146599563.0,191643303.0,286459069.0,0.6390449448682274,0.0,0.0,0.0,0.0,,0,FSM
Micronesia,2021,aus,0.0344883358845119,0.0002170858130009,1.4192573394447592e-05,1.2054144750152262e-07,391601900.0,world_bank_wdi,0.3158612049635101,0.5087328662092804,0.0108935273296682,0.0001104386878613,4.493294260714034e-05,2.3694448601230098e-07,2,aus_step_up_2018;covid_2020,Australia Pacific Step-up; COVID-19 pandemic,0,1,0,0,0,1,0,0,0,0,0,0,0,0,0,0,3938356.0,3938356.0,166887943.0,221833473.0,0.023598804857939918,0.0,0.0,0.0,0.0,,0,FSM
Micronesia,2021,china,0.1574294289790221,0.0875059520027825,0.0040730833736157,0.0003835979630165,391601900.0,world_bank_wdi,0.3158612049635101,0.5087328662092804,0.0497258491340312,0.0445171537727472,0.0128951682245571,0.0007540263043645,1,covid_2020,COVID-19 pandemic,0,1,0,0,0,0,0,0,0,0,0,0,0,0,0,0,31196882.0,16000000.0,166887943.0,221833473.0,0.18693310876268635,0.0,0.0,0.0,0.0,,0,FSM
Micronesia,2021,us,0.3414254753474133,0.0099856863810631,0.0065289888639795,0.0003946149424057,391601900.0,world_bank_wdi,0.3158612049635101,0.5087328662092804,0.1078430620484732,0.0050800468537052,0.0206704361326482,0.0007756820300331,1,covid_2020,COVID-19 pandemic,0,1,0,0,0,0,0,0,0,0,0,0,0,0,0,0,110489260.0,114396080.0,166887943.0,221833473.0,0.6620565752913619,0.0,0.0,0.0,0.0,,0,FSM
Micronesia,2022,aus,0.020827940531481,0.0004218717559233,2.236761973934176e-05,1.6905891291955612e-07,415232900.0,world_bank_wdi,0.3583387058202758,0.5121734453122573,0.0074634572549525,0.0002160715107112,6.242032852169814e-05,3.300813708068872e-07,1,aus_step_up_2018,Australia Pacific Step-up,0,0,0,0,0,1,0,0,0,0,0,0,0,0,0,0,5240528.0,100240528.0,181436146.0,308317417.0,0.028883594121316927,0.0,0.0,0.0,0.0,,0,FSM
Micronesia,2022,china,0.2042495256193763,0.0003864979126352,0.0079314853048331,2.1148535892538465e-07,415232900.0,world_bank_wdi,0.3583387058202758,0.5121734453122573,0.0731905106748526,0.0001979539675203,0.0221340457394273,4.129174615768066e-07,0,,,0,0,0,0,0,0,0,0,0,0,0,0,0,0,0,0,25788232.0,190000.0,181436146.0,308317417.0,0.14213392738181288,0.0,0.0,0.0,0.0,,0,FSM
Micronesia,2022,us,0.3620638047147325,0.0083168076326625,0.0074268630525673,0.0003757009118031,415232900.0,world_bank_wdi,0.3583387058202758,0.5121734453122573,0.1297414752058423,0.00425964801922,0.0207258187070984,0.000733542348284,0,,,0,0,0,0,0,0,0,0,0,0,0,0,0,0,0,0,113157746.0,136617059.0,181436146.0,308317417.0,0.6236780734969977,0.0,0.0,0.0,0.0,,0,FSM
Micronesia,2023,aus,0.0298660065736654,0.0007726618760857,2.604795778545804e-05,9.387139952457964e-07,442975600.0,world_bank_wdi,0.3847356603840031,0.4323365914510867,0.0114905177621521,0.0003340500018511,6.770351820119736e-05,2.1712573346963618e-06,1,aus_step_up_2018,Australia Pacific Step-up,0,0,0,0,0,1,0,0,0,0,0,0,0,0,0,0,5404803.0,47404803.0,145443550.0,240335517.0,0.03716082975147403,1.0,113401.0,0.0,0.0,Drought,1,FSM
Micronesia,2023,china,0.1516216154210349,0.1624509271647496,0.0045519741732375,0.0015412053562255,442975600.0,world_bank_wdi,0.3847356603840031,0.4323365914510867,0.0583342423375012,0.0702334801284766,0.0118314329602154,0.0035648274670729,0,,,0,0,0,0,0,0,0,0,0,0,0,0,0,0,0,0,10000000.0,140000.0,145443550.0,240335517.0,0.06875519746320824,1.0,113401.0,0.0,0.0,Drought,1,FSM
Micronesia,2023,us,0.2583633512960948,0.0072781202260646,0.0052551060484715,0.0003538456022389,442975600.0,world_bank_wdi,0.3847356603840031,0.4323365914510867,0.0994015945799272,0.003146597690708,0.0136590043231927,0.0008184493499643,1,fsm_cofa_2023,Compact of Free Association renewal,0,0,0,0,0,0,1,0,0,0,0,0,0,0,0,0,100110786.0,153679042.0,145443550.0,240335517.0,0.6883136859626983,1.0,113401.0,0.0,0.0,Drought,1,FSM
Micronesia,2024,aus,0.0412248468708035,0.0005757867460897,1.7988904611421518e-05,6.674775050619508e-07,481121300.0,world_bank_wdi,0.3304173542098427,0.6855200341369214,0.0136214048307568,0.000394713349835,5.4442977592505805e-05,9.73680522557322e-07,1,aus_step_up_2018,Australia Pacific Step-up,0,0,0,0,0,1,0,0,0,0,0,0,0,0,0,0,,,,,,0.0,0.0,0.0,0.0,,0,FSM
Micronesia,2024,china,0.1856738280665797,0.281994433965442,0.0055049259101328,0.0067110737322216,481121300.0,world_bank_wdi,0.3304173542098427,0.6855200341369214,0.0613498550157725,0.1933128339984116,0.0166605229416513,0.0097897558029372,0,,,0,0,0,0,0,0,0,0,0,0,0,0,0,0,0,0,10000000.0,,10000000.0,,1.0,0.0,0.0,0.0,0.0,,0,FSM
Micronesia,2024,us,0.260524907503941,0.0059419476100006,0.0047935322669399,0.0005416005082791,481121300.0,world_bank_wdi,0.3304173542098427,0.6855200341369214,0.0860819506432161,0.0040733241284474,0.0145075075684301,0.0007900578849764,1,fsm_cofa_2023,Compact of Free Association renewal,0,0,0,0,0,0,1,0,0,0,0,0,0,0,0,0,,,,,,0.0,0.0,0.0,0.0,,0,FSM
Nauru,2002,aus,0.504898700496263,0.1863460899921542,0.0107441199069012,0.0003028204356646,21017423.6082043,world_bank_wdi,0.9511639662720774,0.6014063966939259,0.4802414505296432,0.1120697305201835,0.0112957600244372,0.0005035204768843,0,,,0,0,0,0,0,0,0,0,0,0,0,0,0,0,0,0,,,,,,0.0,0.0,0.0,0.0,,0,NRU
Nauru,2002,china,0.02112293842394,0.0,0.0002764780194932,0.0,21017423.6082043,world_bank_wdi,0.9511639662720774,0.6014063966939259,0.0200913778906356,0.0,0.0002906733531726,0.0,0,,,0,0,0,0,0,0,0,0,0,0,0,0,0,0,0,0,,,,,,0.0,0.0,0.0,0.0,,0,NRU
Nauru,2002,us,0.1364623989095902,0.0516621304107835,0.0158522692612832,0.003020229524569,21017423.6082043,world_bank_wdi,0.9511639662720774,0.6014063966939259,0.1297981165938482,0.031069935695881,0.0166661793585531,0.0050219444641293,0,,,0,0,0,0,0,0,0,0,0,0,0,0,0,0,0,0,,,,,,0.0,0.0,0.0,0.0,,0,NRU
Nauru,2003,aus,0.6781331955080122,0.0027972808463523,0.0083856073761308,6.582379215258816e-06,24778159.5806639,world_bank_wdi,0.5642461844062995,0.8389087547979642,0.382634068084647,0.0023466633916336,0.014861611133364,7.846358948589184e-06,0,,,0,0,0,0,0,0,0,0,0,0,0,0,0,0,0,0,,,,,,0.0,0.0,0.0,0.0,,0,NRU
Nauru,2003,china,0.0035857996240893,0.0,0.0001165783333169,0.0,24778159.5806639,world_bank_wdi,0.5642461844062995,0.8389087547979642,0.0020232737559379,0.0,0.0002066089883081,0.0,0,,,0,0,0,0,0,0,0,0,0,0,0,0,0,0,0,0,,,,,,0.0,0.0,0.0,0.0,,0,NRU
Nauru,2003,us,0.1220521562791512,0.0147773940105207,0.005157311633427,0.000827728368632,24778159.5806639,world_bank_wdi,0.5642461844062995,0.8389087547979642,0.0688674634790724,0.0123968852085248,0.009140179900115,0.0009866727029584,0,,,0,0,0,0,0,0,0,0,0,0,0,0,0,0,0,0,,,,,,0.0,0.0,0.0,0.0,,0,NRU
Nauru,2004,aus,0.5141290424557932,0.003099993330539,0.0037538774936971,1.9979716662154383e-06,30587565.7988334,world_bank_wdi,0.3185228946976745,0.5632281794930233,0.1637618708511628,0.0017460036,0.0117852674209185,3.5473574280567176e-06,0,,,0,0,0,0,0,0,0,0,0,0,0,0,0,0,0,0,,,,,,0.0,0.0,0.0,0.0,,0,NRU
Nauru,2004,china,0.010164284746542,1.9039018320353425e-05,4.336107628467562e-06,1.679903561571308e-09,30587565.7988334,world_bank_wdi,0.3185228946976745,0.5632281794930233,0.0032375574,1.0723311627906975e-05,1.3613174125468035e-05,2.9826340775126593e-09,0,,,0,0,0,0,0,0,0,0,0,0,0,0,0,0,0,0,,,,,,0.0,0.0,0.0,0.0,,0,NRU
Nauru,2004,us,0.0709313711402424,0.005592421402666,0.0019883908285393,0.0001034916454504,30587565.7988334,world_bank_wdi,0.3185228946976745,0.5632281794930233,0.0225932656604651,0.0031498093255813,0.0062425366014165,0.0001837472790222,0,,,0,0,0,0,0,0,0,0,0,0,0,0,0,0,0,0,,,,,,0.0,0.0,0.0,0.0,,0,NRU
Nauru,2005,aus,0.1998584577124443,0.0364697579834326,0.0022172129349968,2.3014467894923307e-05,30070666.0652533,world_bank_wdi,0.6938468191800011,0.1480117198050002,0.1386711551700002,0.0053979516,0.0031955366425362,0.0001554908484628,0,,,0,0,0,0,0,0,0,0,0,0,0,0,0,0,0,0,,0.0,,0.0,,0.0,0.0,0.0,0.0,,0,NRU
Nauru,2005,china,0.001416764872053,8.110881365216361e-05,2.481282386317761e-05,3.506960434953333e-09,30070666.0652533,world_bank_wdi,0.6938468191800011,0.1480117198050002,0.0009830178,1.2005055000000017e-05,3.576124178604982e-05,2.369380235277057e-08,0,,,0,0,0,0,0,0,0,0,0,0,0,0,0,0,0,0,,,,,,0.0,0.0,0.0,0.0,,0,NRU
Nauru,2005,us,0.074832456530337,0.0298107468504054,0.003939011051504,0.000161485893353,30070666.0652533,world_bank_wdi,0.6938468191800011,0.1480117198050002,0.051922261935,0.00441233991,0.0056770614818976,0.0010910345043335,0,,,0,0,0,0,0,0,0,0,0,0,0,0,0,0,0,0,,,,,,0.0,0.0,0.0,0.0,,0,NRU
Nauru,2006,aus,0.2934688508553231,0.024631518583948,0.0030653859014886,2.7313990297127983e-05,29200359.3890386,world_bank_wdi,0.927277731046155,0.3318001628307696,0.2721271301538465,0.008172741876923,0.0033057904863414,8.232060546353357e-05,0,,,0,0,0,0,0,0,0,0,0,0,0,0,0,0,0,0,17262785.0,23275867.0,18191913.0,25912732.0,0.9489263168749763,0.0,0.0,0.0,0.0,,0,NRU
Nauru,2006,china,0.0,4.613629673544932e-05,0.0,4.1406507487082566e-09,29200359.3890386,world_bank_wdi,0.927277731046155,0.3318001628307696,0.0,1.5308030769230788e-05,0.0,1.247935116541863e-08,0,,,0,0,0,0,0,0,0,0,0,0,0,0,0,0,0,0,,,,,,0.0,0.0,0.0,0.0,,0,NRU
Nauru,2006,us,0.1330311661518294,0.0273194997380449,0.0076222962456301,0.0004093427359969,29200359.3890386,world_bank_wdi,0.927277731046155,0.3318001628307696,0.1233568379076924,0.0090646144615384,0.0082200790447438,0.0012337026374689,0,,,0,0,0,0,0,0,0,0,0,0,0,0,0,0,0,0,,,,,,0.0,0.0,0.0,0.0,,0,NRU
Nauru,2007,aus,0.2844804717611909,0.2188882527864642,0.0046129305868651,0.0005961568146249,22766972.1889659,world_bank_wdi,1.6892058232775835,1.1450896844612053,0.4805460695077579,0.2506466803155169,0.002730828015922,0.0005206201948325,0,,,0,0,0,0,0,0,0,0,0,0,0,0,0,0,0,0,22098768.0,20860471.0,25626242.0,24267406.0,0.8623491497504784,0.0,0.0,0.0,0.0,,0,NRU
Nauru,2007,china,0.0013186558192601,0.0,0.0001825794012594,0.0,22766972.1889659,world_bank_wdi,1.6892058232775835,1.1450896844612053,0.0022274810887931,0.0,0.0001080859411822,0.0,0,,,0,0,0,0,0,0,0,0,0,0,0,0,0,0,0,0,,,,,,0.0,0.0,0.0,0.0,,0,NRU
Nauru,2007,us,0.2015195653701267,0.0113192732322026,0.0189517356161444,0.0005976496821186,22766972.1889659,world_bank_wdi,1.6892058232775835,1.1450896844612053,0.3404080233275857,0.012961583013793,0.0112193170038759,0.0005219239071216,0,,,0,0,0,0,0,0,0,0,0,0,0,0,0,0,0,0,,,,,,0.0,0.0,0.0,0.0,,0,NRU
Nauru,2008,aus,0.1347897401263947,0.131542576258317,0.0023647132373544,0.0007651508035865,37602264.7306872,world_bank_wdi,2.208010836438857,3.559079990487429,0.2976172068398571,0.4681705510581428,0.0010709699419629,0.0002149855596478,1,gfc_2008,Global financial crisis,1,0,0,0,0,0,0,0,0,0,0,0,0,0,0,0,26965341.0,24430576.0,30951264.0,30995106.0,0.8712193789565428,0.0,0.0,0.0,0.0,,0,NRU
Nauru,2008,china,1.625992602239524e-05,0.0,4.783472396451051e-08,0.0,37602264.7306872,world_bank_wdi,2.208010836438857,3.559079990487429,3.590209285714286e-05,0.0,2.166417083426081e-08,0.0,1,gfc_2008,Global financial crisis,1,0,0,0,0,0,0,0,0,0,0,0,0,0,0,0,,,,,,0.0,0.0,0.0,0.0,,0,NRU
Nauru,2008,us,0.1278202420132207,0.0013235799457859,0.0159549853829932,0.0002440254429827,37602264.7306872,world_bank_wdi,2.208010836438857,3.559079990487429,0.2822284794814286,0.0047107269008571,0.007225954293198,6.856419176724278e-05,1,gfc_2008,Global financial crisis,1,0,0,0,0,0,0,0,0,0,0,0,0,0,0,0,,,,,,0.0,0.0,0.0,0.0,,0,NRU
Nauru,2009,aus,0.1305595209145951,0.0199249600326201,0.0020319969321567,7.437759306262441e-05,44176245.5492433,world_bank_wdi,2.2144721848521978,0.5359482840977995,0.2891204275329997,0.0106787481401999,0.0009175987605788,0.0001387775560991,1,gfc_2008,Global financial crisis,1,0,0,0,0,0,0,0,0,0,0,0,0,0,0,0,18679003.0,17717819.0,27991634.0,28762916.0,0.6673066316885967,0.0,0.0,0.0,0.0,,0,NRU
Nauru,2009,china,0.0002044015078158,0.0,1.8412202690961543e-06,0.0,44176245.5492433,world_bank_wdi,2.2144721848521978,0.5359482840977995,0.0004526414535999,0.0,8.314488128100126e-07,0.0,1,gfc_2008,Global financial crisis,1,0,0,0,0,0,0,0,0,0,0,0,0,0,0,0,,,,,,0.0,0.0,0.0,0.0,,0,NRU
Nauru,2009,us,0.0355268751949805,0.0051919264182068,0.0045272038561023,0.0002349012934204,44176245.5492433,world_bank_wdi,2.2144721848521978,0.5359482840977995,0.0786732769339999,0.0027826040549999,0.0020443715152848,0.0004382909702116,1,gfc_2008,Global financial crisis,1,0,0,0,0,0,0,0,0,0,0,0,0,0,0,0,,,,,,0.0,0.0,0.0,0.0,,0,NRU
Nauru,2010,aus,0.3733568897424767,0.0965560452524329,0.0017661607475555,0.0002568044710842,47562844.6104251,world_bank_wdi,0.4373280692181479,1.2452916028285177,0.1632794477203702,0.1202404323551851,0.0040385259302315,0.0002062203507202,0,,,0,0,0,0,0,0,0,0,0,0,0,0,0,0,0,0,23856628.0,17745653.0,28428780.0,19650920.0,0.8391717126095457,0.0,0.0,0.0,0.0,,0,NRU
Nauru,2010,china,0.0010467022365303,0.0,1.0812928579819735e-05,0.0,47562844.6104251,world_bank_wdi,0.4373280692181479,1.2452916028285177,0.0004577522681481,0.0,2.472498186350356e-05,0.0,0,,,0,0,0,0,0,0,0,0,0,0,0,0,0,0,0,0,,,,,,0.0,0.0,0.0,0.0,,0,NRU
Nauru,2010,us,0.1107359236890032,0.0036846434800998,0.0031438888721096,9.305305189034246e-05,47562844.6104251,world_bank_wdi,0.4373280692181479,1.2452916028285177,0.0484279276999999,0.0045884555851851,0.0071888568180183,7.47239053720306e-05,0,,,0,0,0,0,0,0,0,0,0,0,0,0,0,0,0,0,,,,,,0.0,0.0,0.0,0.0,,0,NRU
Nauru,2011,aus,0.3386210721581878,0.1197318520906996,0.0013203749934007,0.000122558343927,65071879.7787162,world_bank_wdi,0.5119867769809998,1.1667104171290903,0.1733695113521211,0.1396923990963787,0.0025789240128162,0.0001050460698111,0,,,0,0,0,0,0,0,0,0,0,0,0,0,0,0,0,0,33831419.0,33831419.0,38046794.0,37807205.0,0.8892055136104241,0.0,0.0,0.0,0.0,,0,NRU
Nauru,2011,china,0.0055420615151749,0.0001173208022545,2.119857889277187e-05,6.165671943703845e-08,65071879.7787162,world_bank_wdi,0.5119867769809998,1.1667104171290903,0.0028374622129848,0.0001368794021363,4.140454372234415e-05,5.2846634890563816e-08,0,,,0,0,0,0,0,0,0,0,0,0,0,0,0,0,0,0,,,,,,0.0,0.0,0.0,0.0,,0,NRU
Nauru,2011,us,0.0140397350913865,0.0040923977384627,0.0001204922312766,0.000125861729502,65071879.7787162,world_bank_wdi,0.5119867769809998,1.1667104171290903,0.007188158719106,0.0047746430724999,0.000235342467216,0.0001078774369837,0,,,0,0,0,0,0,0,0,0,0,0,0,0,0,0,0,0,,,,,,0.0,0.0,0.0,0.0,,0,NRU
Nauru,2012,aus,0.4213254972113195,0.0891626276118946,0.0008272530220183,8.34125291215634e-05,101055722.95058,world_bank_wdi,0.3834664665053251,0.9966976145354656,0.1615641996642239,0.0888681782464894,0.0021573021222882,8.368890213551857e-05,1,nru_rpc_2012,Nauru Regional Processing Centre reopened,0,0,0,0,0,0,0,0,0,0,0,0,0,0,1,0,23853747.0,23853746.0,32753778.0,33147624.0,0.7282746741459871,0.0,0.0,0.0,0.0,,0,NRU
Nauru,2012,china,0.0250947054126782,0.0006162705390335,0.000451340106939,2.540324239649295e-06,101055722.95058,world_bank_wdi,0.3834664665053251,0.9966976145354656,0.0096229780125918,0.0006142353761632,0.0011770001978328,2.5487411654268605e-06,0,,,0,0,0,0,0,0,0,0,0,0,0,0,0,0,0,0,,,,,,0.0,0.0,0.0,0.0,,0,NRU
Nauru,2012,us,0.0544139461405358,0.0047571832322071,0.0019277356917238,0.0002653765567368,101055722.95058,world_bank_wdi,0.3834664665053251,0.9966976145354656,0.0208659236551223,0.0047414731794489,0.0050271297756281,0.0002662558361399,0,,,0,0,0,0,0,0,0,0,0,0,0,0,0,0,0,0,,,,,,0.0,0.0,0.0,0.0,,0,NRU
Nauru,2013,aus,0.8140902703225131,0.2200418586962715,0.0050406599888827,0.0002599944901567,94385014.9425842,world_bank_wdi,1.3672062676315646,0.7182939690293149,1.1130293200028147,0.1580547400355325,0.0036868321249102,0.0003619611208877,1,nru_rpc_2012,Nauru Regional Processing Centre reopened,0,0,0,0,0,0,0,0,0,0,0,0,0,0,1,0,24778346.0,24778346.0,28798561.0,37970081.0,0.8604022263473512,0.0,0.0,0.0,0.0,,0,NRU
Nauru,2013,china,0.0083303663816925,0.0005415938804936,4.073561042151778e-05,2.6807772858405784e-06,94385014.9425842,world_bank_wdi,1.3672062676315646,0.7182939690293149,0.0113893291287173,0.0003890236180217,2.9794780338510876e-05,3.7321450567980073e-06,0,,,0,0,0,0,0,0,0,0,0,0,0,0,0,0,0,0,,,,,,0.0,0.0,0.0,0.0,,0,NRU
Nauru,2013,us,0.0055466755376609,0.006461764582719,0.000120333017372,0.0001646369210044,94385014.9425842,world_bank_wdi,1.3672062676315646,0.7182939690293149,0.0075834495596086,0.0046414465290543,8.801379881068025e-05,0.0002292054898177,0,,,0,0,0,0,0,0,0,0,0,0,0,0,0,0,0,0,,,,,,0.0,0.0,0.0,0.0,,0,NRU
Nauru,2014,aus,0.5449184697491601,0.1395868682435567,0.0074141592212577,7.614560993705118e-05,99149244.4001333,world_bank_wdi,1.1856092067186943,0.3650966501964722,0.6460603546456667,0.0509626980071388,0.0062534595541622,0.0002085628829957,1,nru_rpc_2012,Nauru Regional Processing Centre reopened,0,0,0,0,0,0,0,0,0,0,0,0,0,0,1,0,15396062.0,15396062.0,22618160.0,17366354.0,0.6806947161042277,0.0,0.0,0.0,0.0,,0,NRU
Nauru,2014,china,0.023407147342139,0.0003612248794215,0.0006760081451184,1.1957554218588992e-07,99149244.4001333,world_bank_wdi,1.1856092067186943,0.3650966501964722,0.0277517293918611,0.0001318819934444,0.0005701778809472,3.27517500151102e-07,0,,,0,0,0,0,0,0,0,0,0,0,0,0,0,0,0,0,,,,,,0.0,0.0,0.0,0.0,,0,NRU
Nauru,2014,us,0.0065426646806109,0.0114465136481317,5.463231158349224e-05,5.014190465500617e-05,99149244.4001333,world_bank_wdi,1.1856092067186943,0.3650966501964722,0.0077570434818055,0.0041790837893611,4.607952711053353e-05,0.0001373387146335,0,,,0,0,0,0,0,0,0,0,0,0,0,0,0,0,0,0,,,,,,0.0,0.0,0.0,0.0,,0,NRU
Nauru,2015,aus,0.4820447136921544,0.3425232532210346,0.0049763510827647,0.0005488346667668,84863440.5801997,world_bank_wdi,0.8369976696015882,0.3866562653559902,0.403470302004098,0.1324387618880294,0.0059454778232936,0.001419438183063,1,nru_rpc_2012,Nauru Regional Processing Centre reopened,0,0,0,0,0,0,0,0,0,0,0,0,0,0,1,0,23431670.0,23431670.0,35215051.0,39935750.0,0.6653879331312057,0.0,0.0,0.0,0.0,,0,NRU
Nauru,2015,china,0.0254543041241634,0.002780180197587,0.0013006699134086,6.344739997923328e-06,84863440.5801997,world_bank_wdi,0.8369976696015882,0.3866562653559902,0.0213051932332549,0.0010749740922156,0.001553970770346,1.6409251747367383e-05,0,,,0,0,0,0,0,0,0,0,0,0,0,0,0,0,0,0,,,,,,0.0,0.0,0.0,0.0,,0,NRU
Nauru,2015,us,0.0183000396083361,0.0153688566119609,0.0002705920484772,0.0002431019315979,84863440.5801997,world_bank_wdi,0.8369976696015882,0.3866562653559902,0.0153170905057941,0.0059424647003725,0.000323288891122,0.0006287288048317,0,,,0,0,0,0,0,0,0,0,0,0,0,0,0,0,0,0,,,,,,0.0,0.0,0.0,0.0,,0,NRU
Nauru,2016,aus,0.6858815492394528,0.2153250227142065,0.0042105367836141,0.0001030043107473,97541943.0355053,world_bank_wdi,0.4267849471159999,0.2247936151119999,0.2927239207199999,0.0484036902799999,0.009865710616241,0.0004582172438305,1,nru_rpc_2012,Nauru Regional Processing Centre reopened,0,0,0,0,0,0,0,0,0,0,0,0,0,0,1,0,14249097.0,14249097.0,22886901.0,23149510.0,0.6225874354942157,0.0,0.0,0.0,0.0,,0,NRU
Nauru,2016,china,0.0337065124091409,0.0007488094709279,0.000927209451581,2.778585011599887e-07,97541943.0355053,world_bank_wdi,0.4267849471159999,0.2247936151119999,0.0143854321159999,0.0001683275879999,0.0021725448796791,1.2360604682724192e-06,0,,,0,0,0,0,0,0,0,0,0,0,0,0,0,0,0,0,,,,,,0.0,0.0,0.0,0.0,,0,NRU
Nauru,2016,us,0.0108260182164863,0.0443945643519626,5.285203875124177e-05,0.0011153899186845,97541943.0355053,world_bank_wdi,0.4267849471159999,0.2247936151119999,0.0046203816119999,0.0099796146119999,0.0001238376355782,0.0049618398553217,0,,,0,0,0,0,0,0,0,0,0,0,0,0,0,0,0,0,,,,,,0.0,0.0,0.0,0.0,,0,NRU
Nauru,2017,aus,0.5978492630460148,0.2429283330336783,0.0034427575620424,0.0001973101667998,109355638.866955,world_bank_wdi,0.3639691415311859,0.2596460986757584,0.2175986830359101,0.0630753939299999,0.0094589270605717,0.0007599196283179,1,nru_rpc_2012,Nauru Regional Processing Centre reopened,0,0,0,0,0,0,0,0,0,0,0,0,0,0,1,0,21352022.0,21352022.0,26101123.0,65541837.0,0.8180499360123318,0.0,0.0,0.0,0.0,,0,NRU
Nauru,2017,china,0.0105207321085095,0.003004814613349,5.951084448934294e-05,7.090723803323795e-06,109355638.866955,world_bank_wdi,0.3639691415311859,0.2596460986757584,0.0038292218338137,0.0007801883915999,0.000163505192333,2.7309186771870463e-05,0,,,0,0,0,0,0,0,0,0,0,0,0,0,0,0,0,0,,,,,,0.0,0.0,0.0,0.0,,0,NRU
Nauru,2017,us,0.0048316070331805,0.0510986478897743,4.9264465781633e-06,0.0008185199967583,109355638.866955,world_bank_wdi,0.3639691415311859,0.2596460986757584,0.0017585558640827,0.0132675645721861,1.3535341368331877e-05,0.003152444812123,0,,,0,0,0,0,0,0,0,0,0,0,0,0,0,0,0,0,,,,,,0.0,0.0,0.0,0.0,,0,NRU
Nauru,2018,aus,0.223032283716341,0.1873006433053893,0.0022589227027954,0.0001036222088099,130995566.30391,world_bank_wdi,0.8929183811353827,0.1565489014523073,0.1991496257169226,0.0293217099507691,0.0025298199146971,0.0006619159115689,2,aus_step_up_2018;nru_rpc_2012,Australia Pacific Step-up; Nauru Regional Processing Centre reopened,0,0,0,0,0,1,0,0,0,0,0,0,0,0,1,0,23666265.0,23666265.0,38385134.0,84249869.0,0.6165476718148228,0.0,0.0,0.0,0.0,,0,NRU
Nauru,2018,china,0.0163088306905999,0.0043687557333488,0.0005235149444357,3.988391491789992e-06,130995566.30391,world_bank_wdi,0.8929183811353827,0.1565489014523073,0.0145624546984615,0.0006839239107692,0.0005862965255235,2.547696888824899e-05,0,,,0,0,0,0,0,0,0,0,0,0,0,0,0,0,0,0,,,,,,0.0,0.0,0.0,0.0,,0,NRU
Nauru,2018,us,0.0065027676846152,0.1305181318650238,6.0047692161937225e-05,0.0017404992879256,130995566.30391,world_bank_wdi,0.8929183811353827,0.1565489014523073,0.0058064407938461,0.0204324701630768,6.724880283636238e-05,0.0111179271893895,0,,,0,0,0,0,0,0,0,0,0,0,0,0,0,0,0,0,,,,,,0.0,0.0,0.0,0.0,,0,NRU
Nauru,2019,aus,0.2765213755025135,0.1396158670710621,0.0023220440138015,0.0002356670355081,125160115.547819,world_bank_wdi,0.7023132378494495,0.3436902148237876,0.1942046225637537,0.0479846073464627,0.0033062797177393,0.0006856960871841,2,aus_step_up_2018;nru_rpc_2012,Australia Pacific Step-up; Nauru Regional Processing Centre reopened,0,0,0,0,0,1,0,0,0,0,0,0,0,0,1,0,17838770.0,17838770.0,54608304.0,52769413.0,0.32666771705636566,0.0,0.0,0.0,0.0,,0,NRU
Nauru,2019,china,0.0136750174962673,0.0005415853108915,0.0003589961964918,1.947274260253265e-07,125160115.547819,world_bank_wdi,0.7023132378494495,0.3436902148237876,0.0096041458154514,0.0001861375718457,0.0005111625086138,5.665783243935664e-07,0,,,0,0,0,0,0,0,0,0,0,0,0,0,0,0,0,0,,,,,,0.0,0.0,0.0,0.0,,0,NRU
Nauru,2019,us,0.0132704742618695,0.0948410099453679,0.0001166968357154,0.0034267541959577,125160115.547819,world_bank_wdi,0.7023132378494495,0.3436902148237876,0.0093200297466514,0.0325959270822284,0.0001661606665321,0.0099704735490206,0,,,0,0,0,0,0,0,0,0,0,0,0,0,0,0,0,0,,,,,,0.0,0.0,0.0,0.0,,0,NRU
Nauru,2020,aus,0.2579467634445455,0.0024126463294233,0.001935309230731,7.71279536615876e-06,124685688.161094,world_bank_wdi,0.8238925374279994,1.0576537126668326,0.2125204134556665,0.0025517443476666,0.0023489825951969,7.292363534290678e-06,3,aus_step_up_2018;covid_2020;nru_rpc_2012,Australia Pacific Step-up; COVID-19 pandemic; Nauru Regional Processing Centre reopened,0,1,0,0,0,1,0,0,0,0,0,0,0,0,1,0,13448697.0,14024002.0,35946031.0,52229134.0,0.374135798191461,0.0,0.0,0.0,0.0,,0,NRU
Nauru,2020,china,0.0186157649071318,0.0006156772904035,0.0015609873834404,6.147324569052034e-06,124685688.161094,world_bank_wdi,0.8238925374279994,1.0576537126668326,0.0153373897854999,0.0006511733719999,0.0018946492564594,5.812228043479179e-06,1,covid_2020,COVID-19 pandemic,0,1,0,0,0,0,0,0,0,0,0,0,0,0,0,0,,,,,,0.0,0.0,0.0,0.0,,0,NRU
Nauru,2020,us,0.0056035666672974,0.0282661332576289,4.29257845750666e-05,0.0031333810765653,124685688.161094,world_bank_wdi,0.8238925374279994,1.0576537126668326,0.0046167367601666,0.0298957807826666,5.210119357200503e-05,0.0029625774854651,1,covid_2020,COVID-19 pandemic,0,1,0,0,0,0,0,0,0,0,0,0,0,0,0,0,,,,,,0.0,0.0,0.0,0.0,,0,NRU
Nauru,2021,aus,0.3634344391587306,0.0199028743534835,0.0017046243109953,3.238251136000784e-05,149268323.992868,world_bank_wdi,0.6248103382232398,1.4119883533365745,0.2270775948527399,0.0281026267850399,0.0027282268021409,2.293397908239605e-05,3,aus_step_up_2018;covid_2020;nru_rpc_2012,Australia Pacific Step-up; COVID-19 pandemic; Nauru Regional Processing Centre reopened,0,1,0,0,0,1,0,0,0,0,0,0,0,0,1,0,20470460.0,20470460.0,38195998.0,36298293.0,0.5359320628302473,0.0,0.0,0.0,0.0,,0,NRU
Nauru,2021,china,0.1190082277060252,0.0004852984816487,0.0090174609168636,1.2091637894124956e-05,149268323.992868,world_bank_wdi,0.6248103382232398,1.4119883533365745,0.0743575710043499,0.0006852358039799,0.0144323170812224,8.563553562996481e-06,1,covid_2020,COVID-19 pandemic,0,1,0,0,0,0,0,0,0,0,0,0,0,0,0,0,,,,,,0.0,0.0,0.0,0.0,,0,NRU
Nauru,2021,us,0.0133854086562854,0.0106244991611159,6.491844843287858e-05,0.0015606842662984,149268323.992868,world_bank_wdi,0.6248103382232398,1.4119883533365745,0.0083633417097899,0.0150016690755299,0.0001039010471841,0.0011053095888577,1,covid_2020,COVID-19 pandemic,0,1,0,0,0,0,0,0,0,0,0,0,0,0,0,0,,,,,,0.0,0.0,0.0,0.0,,0,NRU
Nauru,2022,aus,0.4659352715817388,0.0173827017703039,0.0013762091945328,1.788425371753098e-05,180671357.349805,world_bank_wdi,0.4143341318627714,1.2368359615926756,0.1930528862550644,0.0214995506591526,0.0033214960793736,1.445968121310234e-05,2,aus_step_up_2018;nru_rpc_2012,Australia Pacific Step-up; Nauru Regional Processing Centre reopened,0,0,0,0,0,1,0,0,0,0,0,0,0,0,1,0,20368198.0,43526854.0,37075806.0,78399980.0,0.5493662902432923,0.0,0.0,0.0,0.0,,0,NRU
Nauru,2022,china,0.1685042716032462,0.0004735505504606,0.0081036881023494,9.278137154207798e-07,180671357.349805,world_bank_wdi,0.4143341318627714,1.2368359615926756,0.0698170710898996,0.0005857043504417,0.0195583406704071,7.501509854435609e-07,0,,,0,0,0,0,0,0,0,0,0,0,0,0,0,0,0,0,,,,,,0.0,0.0,0.0,0.0,,0,NRU
Nauru,2022,us,0.0131264919018342,0.0113024997597789,5.388777947255894e-05,0.0012152387677608,180671357.349805,world_bank_wdi,0.4143341318627714,1.2368359615926756,0.0054387536265502,0.0139793381587871,0.000130058750483,0.0009825383522937,0,,,0,0,0,0,0,0,0,0,0,0,0,0,0,0,0,0,,,,,,0.0,0.0,0.0,0.0,,0,NRU
Nauru,2023,aus,0.492700411369809,0.0020029968979223,0.0010756212568417,6.055192943660684e-06,161531316.884061,world_bank_wdi,0.4211584063839997,1.395835478527249,0.2075049200772498,0.0027958541334999,0.0025539588918024,4.338042009112377e-06,2,aus_step_up_2018;nru_rpc_2012,Australia Pacific Step-up; Nauru Regional Processing Centre reopened,0,0,0,0,0,1,0,0,0,0,0,0,0,0,1,0,22021532.0,22021532.0,37069673.0,42795100.0,0.5940578974084827,0.0,0.0,0.0,0.0,,0,NRU
Nauru,2023,china,0.0881107457574181,1.182412952951589e-05,0.0021554951154449,4.951490595709916e-10,161531316.884061,world_bank_wdi,0.4211584063839997,1.395835478527249,0.0371085812684999,1.650453949999999e-05,0.0051180151761701,3.5473310944454943e-10,0,,,0,0,0,0,0,0,0,0,0,0,0,0,0,0,0,0,,,,,,0.0,0.0,0.0,0.0,,0,NRU
Nauru,2023,us,0.0179706616489788,0.0051300312075856,7.332581762569193e-05,0.000326534811591,161531316.884061,world_bank_wdi,0.4211584063839997,1.395835478527249,0.0075684952217499,0.0071606795654999,0.0001741050790253,0.0002339350278842,0,,,0,0,0,0,0,0,0,0,0,0,0,0,0,0,0,0,,,,,,0.0,0.0,0.0,0.0,,0,NRU
Nauru,2024,aus,0.5071384409693668,0.0006042702253546,0.0015174664188037,1.1737269369790229e-06,167833414.846177,world_bank_wdi,0.3608331633811087,1.2055209577034278,0.1829923679271403,0.0007284604207812,0.0042054516402667,9.73626322693739e-07,2,aus_step_up_2018;nru_rpc_2012,Australia Pacific Step-up; Nauru Regional Processing Centre reopened,0,0,0,0,0,1,0,0,0,0,0,0,0,0,1,0,,,,,,0.0,0.0,0.0,0.0,,0,NRU
Nauru,2024,china,0.1886176193730428,0.0411414313639348,0.0077072904680511,0.0027852548078993,167833414.846177,world_bank_wdi,0.3608331633811087,1.2055209577034278,0.0680594922677889,0.0495968577391405,0.0213597065076602,0.0023104159161242,1,nru_switch_chn_2024,Nauru resumes diplomatic relations with China,0,0,0,1,0,0,0,0,0,0,0,0,0,0,0,0,,,,,,0.0,0.0,0.0,0.0,,0,NRU
Nauru,2024,us,0.014334824607097,0.0112915250992158,3.229052207963268e-05,0.0016629796179646,167833414.846177,world_bank_wdi,0.3608331633811087,1.2055209577034278,0.0051724801094921,0.013612170151539,8.948878694258963e-05,0.0013794696868088,0,,,0,0,0,0,0,0,0,0,0,0,0,0,0,0,0,0,,,,,,0.0,0.0,0.0,0.0,,0,NRU
Niue,2002,aus,0.0058358160277074,0.0010841654778887,,,,,,,,,2.530148242664974e-05,6.856105526756749e-08,0,,,0,0,0,0,0,0,0,0,0,0,0,0,0,0,0,0,,,,,,0.0,0.0,0.0,0.0,,0,NIU
Niue,2002,china,0.0,0.0,,,,,,,,,0.0,0.0,0,,,0,0,0,0,0,0,0,0,0,0,0,0,0,0,0,0,,,,,,0.0,0.0,0.0,0.0,,0,NIU
Niue,2002,us,0.0688941556304351,0.0261548437297367,,,,,,,,,0.0060085595929713,0.0082529247450585,0,,,0,0,0,0,0,0,0,0,0,0,0,0,0,0,0,0,,,,,,0.0,0.0,0.0,0.0,,0,NIU
Niue,2003,aus,0.0103962860512028,0.0014499670873305,,,,,,,,,4.536420504853489e-06,3.000034970782743e-07,0,,,0,0,0,0,0,0,0,0,0,0,0,0,0,0,0,0,,,,,,0.0,0.0,0.0,0.0,,0,NIU
Niue,2003,china,0.0,0.0,,,,,,,,,0.0,0.0,0,,,0,0,0,0,0,0,0,0,0,0,0,0,0,0,0,0,,,,,,0.0,0.0,0.0,0.0,,0,NIU
Niue,2003,us,0.0138648964972712,0.2758850793636431,,,,,,,,,0.0002133163857761,0.0628711715087137,0,,,0,0,0,0,0,0,0,0,0,0,0,0,0,0,0,0,,,,,,0.0,0.0,0.0,0.0,,0,NIU
Niue,2004,aus,0.01289009156484,0.0,,,,,,,,,6.925200348871725e-06,0.0,0,,,0,0,0,0,0,0,0,0,0,0,0,0,0,0,0,0,,,,,,1.0,702.0,1.0,40000000.0,Storm,1,NIU
Niue,2004,china,0.0,0.0,,,,,,,,,0.0,0.0,0,,,0,0,0,0,0,0,0,0,0,0,0,0,0,0,0,0,,,,,,1.0,702.0,1.0,40000000.0,Storm,1,NIU
Niue,2004,us,0.0292241554274107,0.1740761657820471,,,,,,,,,0.0023257247175483,0.0201020357761411,0,,,0,0,0,0,0,0,0,0,0,0,0,0,0,0,0,0,,,,,,1.0,702.0,1.0,40000000.0,Storm,1,NIU
Niue,2005,aus,0.0061879343578399,0.0008016384907741,,,,,,,,,2.2322064897485744e-06,5.688845209095381e-06,0,,,0,0,0,0,0,0,0,0,0,0,0,0,0,0,0,0,,,,,,0.0,0.0,0.0,0.0,,0,NIU
Niue,2005,china,0.0,0.0,,,,,,,,,0.0,0.0,0,,,0,0,0,0,0,0,0,0,0,0,0,0,0,0,0,0,,,,,,0.0,0.0,0.0,0.0,,0,NIU
Niue,2005,us,0.0384715450284916,0.0839306754693374,,,,,,,,,0.0014015532716034,0.0083617688513095,0,,,0,0,0,0,0,0,0,0,0,0,0,0,0,0,0,0,,,,,,0.0,0.0,0.0,0.0,,0,NIU
Niue,2006,aus,0.006889108056055,0.0014981729896956,,,,,,,,,7.693067282350853e-06,1.1134360768362987e-07,0,,,0,0,0,0,0,0,0,0,0,0,0,0,0,0,0,0,780873.0,399683.0,8870933.0,7266458.0,0.08802602837830023,0.0,0.0,0.0,0.0,,0,NIU
Niue,2006,china,0.0,0.0,,,,,,,,,0.0,0.0,0,,,0,0,0,0,0,0,0,0,0,0,0,0,0,0,0,0,,,,,,0.0,0.0,0.0,0.0,,0,NIU
Niue,2006,us,0.16491865428478,0.0308019131460487,,,,,,,,,0.0077246873828489,0.0013774272070891,0,,,0,0,0,0,0,0,0,0,0,0,0,0,0,0,0,0,,,,,,0.0,0.0,0.0,0.0,,0,NIU
Niue,2007,aus,0.1881849678010585,0.0103531924914331,,,,,,,,,0.0009395621705327,1.0913831827783133e-05,0,,,0,0,0,0,0,0,0,0,0,0,0,0,0,0,0,0,743967.0,1126500.0,14307472.0,22915919.0,0.05199849421337326,0.0,0.0,0.0,0.0,,0,NIU
Niue,2007,china,0.0,0.0,,,,,,,,,0.0,0.0,0,,,0,0,0,0,0,0,0,0,0,0,0,0,0,0,0,0,,,,,,0.0,0.0,0.0,0.0,,0,NIU
Niue,2007,us,0.1037670371778807,0.178431123196615,,,,,,,,,0.0040900891044205,0.0150096524001448,0,,,0,0,0,0,0,0,0,0,0,0,0,0,0,0,0,0,,,,,,0.0,0.0,0.0,0.0,,0,NIU
Niue,2008,aus,0.0024726650167707,0.0017638127594425,,,,,,,,,1.0049488289459444e-06,1.2076324517741072e-06,1,gfc_2008,Global financial crisis,1,0,0,0,0,0,0,0,0,0,0,0,0,0,0,0,917858.0,876507.0,18291098.0,6732018.0,0.05018058511304242,0.0,0.0,0.0,0.0,,0,NIU
Niue,2008,china,0.0,0.0,,,,,,,,,0.0,0.0,1,gfc_2008,Global financial crisis,1,0,0,0,0,0,0,0,0,0,0,0,0,0,0,0,200000.0,0.0,18291098.0,6732018.0,0.010934280708572006,0.0,0.0,0.0,0.0,,0,NIU
Niue,2008,us,0.0165091839265811,0.0083142039618816,,,,,,,,,0.0007589577478838,0.0010246199980511,1,gfc_2008,Global financial crisis,1,0,0,0,0,0,0,0,0,0,0,0,0,0,0,0,,,,,,0.0,0.0,0.0,0.0,,0,NIU
Niue,2009,aus,0.0002049812819122,0.0004530468789298,,,,,,,,,2.016698652807203e-08,1.9321147680647462e-06,1,gfc_2008,Global financial crisis,1,0,0,0,0,0,0,0,0,0,0,0,0,0,0,0,1267671.0,899393.0,7533198.0,14598194.0,0.16827793455050563,0.0,0.0,0.0,0.0,,0,NIU
Niue,2009,china,0.0,0.0,,,,,,,,,0.0,0.0,1,gfc_2008,Global financial crisis,1,0,0,0,0,0,0,0,0,0,0,0,0,0,0,0,,,,,,0.0,0.0,0.0,0.0,,0,NIU
Niue,2009,us,0.0033837107106172,0.0002953453455249,,,,,,,,,7.940501398904842e-05,3.609139264403162e-07,1,gfc_2008,Global financial crisis,1,0,0,0,0,0,0,0,0,0,0,0,0,0,0,0,,,,,,0.0,0.0,0.0,0.0,,0,NIU
Niue,2010,aus,0.0016742154782019,3.329686877384462e-05,,,,,,,,,6.982794899872151e-07,4.233240393248773e-09,0,,,0,0,0,0,0,0,0,0,0,0,0,0,0,0,0,0,1453572.0,847880.0,15333891.0,12261297.0,0.09479472627006413,0.0,0.0,0.0,0.0,,0,NIU
Niue,2010,china,0.0,0.0,,,,,,,,,0.0,0.0,0,,,0,0,0,0,0,0,0,0,0,0,0,0,0,0,0,0,,,,,,0.0,0.0,0.0,0.0,,0,NIU
Niue,2010,us,0.0137077457576292,6.556850156025106e-05,,,,,,,,,0.0007212581405223,6.97957966572873e-08,0,,,0,0,0,0,0,0,0,0,0,0,0,0,0,0,0,0,,,,,,0.0,0.0,0.0,0.0,,0,NIU
Niue,2011,aus,0.0002654910997229,0.0054604632882163,,,,,,,,,9.599660282794593e-08,1.2701996621578346e-05,0,,,0,0,0,0,0,0,0,0,0,0,0,0,0,0,0,0,3234992.0,3234992.0,21086093.0,25402161.0,0.1534182743099919,0.0,0.0,0.0,0.0,,0,NIU
Niue,2011,china,0.0,0.0,,,,,,,,,0.0,0.0,0,,,0,0,0,0,0,0,0,0,0,0,0,0,0,0,0,0,,,,,,0.0,0.0,0.0,0.0,,0,NIU
Niue,2011,us,0.0004424340057843,0.0073708516544253,,,,,,,,,3.119474485653825e-05,8.008025320763226e-05,0,,,0,0,0,0,0,0,0,0,0,0,0,0,0,0,0,0,,,,,,0.0,0.0,0.0,0.0,,0,NIU
Niue,2012,aus,0.0146233207567096,0.00185716516007,,,,,,,,,1.1645385632837008e-05,1.076696739878096e-05,0,,,0,0,0,0,0,0,0,0,0,0,0,0,0,0,0,0,6442357.0,6442357.0,20255360.0,17914515.0,0.3180568995070934,0.0,0.0,0.0,0.0,,0,NIU
Niue,2012,china,0.0,0.0,,,,,,,,,0.0,0.0,0,,,0,0,0,0,0,0,0,0,0,0,0,0,0,0,0,0,,,,,,0.0,0.0,0.0,0.0,,0,NIU
Niue,2012,us,0.0487939372233983,0.0345369341250028,,,,,,,,,0.0023675274074936,0.0008235259928748,0,,,0,0,0,0,0,0,0,0,0,0,0,0,0,0,0,0,,,,,,0.0,0.0,0.0,0.0,,0,NIU
Niue,2013,aus,0.0243654200248524,0.0009897451239426,,,,,,,,,1.043996315925774e-05,6.065151122032397e-08,0,,,0,0,0,0,0,0,0,0,0,0,0,0,0,0,0,0,4870540.0,4870540.0,18411222.0,22336097.0,0.264541919053499,0.0,0.0,0.0,0.0,,0,NIU
Niue,2013,china,0.0,0.0,,,,,,,,,0.0,0.0,0,,,0,0,0,0,0,0,0,0,0,0,0,0,0,0,0,0,,,,,,0.0,0.0,0.0,0.0,,0,NIU
Niue,2013,us,0.0146720897972984,0.0892852049791886,,,,,,,,,0.000119667173285,0.0106800849896254,0,,,0,0,0,0,0,0,0,0,0,0,0,0,0,0,0,0,,,,,,0.0,0.0,0.0,0.0,,0,NIU
Niue,2014,aus,0.0076952563398347,0.011367675953842,,,,,,,,,1.5869762488272316e-05,1.566415935890003e-05,0,,,0,0,0,0,0,0,0,0,0,0,0,0,0,0,0,0,2059474.0,2059474.0,13751154.0,17304627.0,0.14976735770685137,0.0,0.0,0.0,0.0,,0,NIU
Niue,2014,china,0.0,0.0,,,,,,,,,0.0,0.0,0,,,0,0,0,0,0,0,0,0,0,0,0,0,0,0,0,0,,,,,,0.0,0.0,0.0,0.0,,0,NIU
Niue,2014,us,0.0055037303999842,0.0484425596153618,,,,,,,,,2.7981282472535985e-05,0.0016416321833368,0,,,0,0,0,0,0,0,0,0,0,0,0,0,0,0,0,0,,,,,,0.0,0.0,0.0,0.0,,0,NIU
Niue,2015,aus,0.0048871302692355,0.004646654780943,,,,,,,,,5.659724179855684e-06,1.7939203962941864e-06,0,,,0,0,0,0,0,0,0,0,0,0,0,0,0,0,0,0,2392642.0,2392642.0,19779130.0,19923499.0,0.12096801022087422,0.0,0.0,0.0,0.0,,0,NIU
Niue,2015,china,0.0,0.0,,,,,,,,,0.0,0.0,0,,,0,0,0,0,0,0,0,0,0,0,0,0,0,0,0,0,,,,,,0.0,0.0,0.0,0.0,,0,NIU
Niue,2015,us,0.0036042290865099,0.0738343191342296,,,,,,,,,2.469732460703261e-05,0.0126155341223536,0,,,0,0,0,0,0,0,0,0,0,0,0,0,0,0,0,0,,,,,,0.0,0.0,0.0,0.0,,0,NIU
Niue,2016,aus,0.0078673859445804,0.0149282674135067,,,,,,,,,4.345653050534192e-06,0.0001013823383398,0,,,0,0,0,0,0,0,0,0,0,0,0,0,0,0,0,0,2583268.0,2583268.0,13882583.0,14011606.0,0.18607978068634634,0.0,0.0,0.0,0.0,,0,NIU
Niue,2016,china,0.0,0.0,,,,,,,,,0.0,0.0,0,,,0,0,0,0,0,0,0,0,0,0,0,0,0,0,0,0,0.0,,13882583.0,14011606.0,0.0,0.0,0.0,0.0,0.0,,0,NIU
Niue,2016,us,0.0040106548453229,0.4094548854445363,,,,,,,,,2.5460341590088003e-05,0.049876959321113,0,,,0,0,0,0,0,0,0,0,0,0,0,0,0,0,0,0,63382.0,,13882583.0,14011606.0,0.004565576881478036,0.0,0.0,0.0,0.0,,0,NIU
Niue,2017,aus,0.004609537730204,0.0001014785320736,,,,,,,,,4.7946857503532655e-06,1.322312324062581e-07,0,,,0,0,0,0,0,0,0,0,0,0,0,0,0,0,0,0,1754886.0,1754886.0,15883022.0,44455540.0,0.11048816780584954,0.0,0.0,0.0,0.0,,0,NIU
Niue,2017,china,0.0,0.0,,,,,,,,,0.0,0.0,0,,,0,0,0,0,0,0,0,0,0,0,0,0,0,0,0,0,0.0,13860000.0,15883022.0,44455540.0,0.0,0.0,0.0,0.0,0.0,,0,NIU
Niue,2017,us,0.0034531231125389,0.0035877315643784,,,,,,,,,1.332633750602506e-05,0.0001866453087923,0,,,0,0,0,0,0,0,0,0,0,0,0,0,0,0,0,0,,,,,,0.0,0.0,0.0,0.0,,0,NIU
Niue,2018,aus,0.0080306656184433,9.480563598563124e-06,,,,,,,,,2.934285907368833e-06,2.4093805888317382e-09,1,aus_step_up_2018,Australia Pacific Step-up,0,0,0,0,0,1,0,0,0,0,0,0,0,0,0,0,445911.0,445911.0,19135389.0,9466305.0,0.023302949315532596,0.0,0.0,0.0,0.0,,0,NIU
Niue,2018,china,0.0,0.0,,,,,,,,,0.0,0.0,0,,,0,0,0,0,0,0,0,0,0,0,0,0,0,0,0,0,20000.0,0.0,19135389.0,9466305.0,0.0010451838737116869,0.0,0.0,0.0,0.0,,0,NIU
Niue,2018,us,0.0485419491055691,0.0025126195834605,,,,,,,,,0.0013036062626938,0.0005342413860463,0,,,0,0,0,0,0,0,0,0,0,0,0,0,0,0,0,0,,,,,,0.0,0.0,0.0,0.0,,0,NIU
Niue,2019,aus,0.0217028209744597,0.0002182789310119,,,,,,,,,6.980749252851324e-06,2.560050870944772e-07,1,aus_step_up_2018,Australia Pacific Step-up,0,0,0,0,0,1,0,0,0,0,0,0,0,0,0,0,2435234.0,2435234.0,19042144.0,19026911.0,0.127886544708411,0.0,0.0,0.0,0.0,,0,NIU
Niue,2019,china,0.0,0.0,,,,,,,,,0.0,0.0,0,,,0,0,0,0,0,0,0,0,0,0,0,0,0,0,0,0,0.0,,19042144.0,19026911.0,0.0,0.0,0.0,0.0,0.0,,0,NIU
Niue,2019,us,0.0089615058387249,0.0052642756042994,,,,,,,,,0.0001819882658506,0.0006857294627126,0,,,0,0,0,0,0,0,0,0,0,0,0,0,0,0,0,0,,,,,,0.0,0.0,0.0,0.0,,0,NIU
Niue,2020,aus,0.0116468264619995,0.0030585170855505,,,,,,,,,1.357399471596553e-05,3.313599519145738e-05,2,aus_step_up_2018;covid_2020,Australia Pacific Step-up; COVID-19 pandemic,0,1,0,0,0,1,0,0,0,0,0,0,0,0,0,0,2027404.0,2027404.0,22693999.0,39829309.0,0.08933656866733801,0.0,0.0,0.0,0.0,,0,NIU
Niue,2020,china,0.0,0.0,,,,,,,,,0.0,0.0,1,covid_2020,COVID-19 pandemic,0,1,0,0,0,0,0,0,0,0,0,0,0,0,0,0,0.0,0.0,22693999.0,39829309.0,0.0,0.0,0.0,0.0,0.0,,0,NIU
Niue,2020,us,0.0075199567033621,0.0061427770889703,,,,,,,,,0.0001517542122861,0.0010582737473058,1,covid_2020,COVID-19 pandemic,0,1,0,0,0,0,0,0,0,0,0,0,0,0,0,0,,,,,,0.0,0.0,0.0,0.0,,0,NIU
Niue,2021,aus,0.0034744438096869,0.0320661170306799,,,,,,,,,4.854830711047932e-07,0.0001638487280301,3,aus_step_up_2018;covid_2020;pacer_plus_niu,Australia Pacific Step-up; COVID-19 pandemic; PACER Plus in force,0,1,1,0,0,1,0,0,0,0,0,0,0,0,0,0,2395372.0,2395372.0,32249814.0,36672683.0,0.07427552915498986,0.0,0.0,0.0,0.0,,0,NIU
Niue,2021,china,0.0,0.0,,,,,,,,,0.0,0.0,1,covid_2020,COVID-19 pandemic,0,1,0,0,0,0,0,0,0,0,0,0,0,0,0,0,3465000.0,,32249814.0,36672683.0,0.10744248013337379,0.0,0.0,0.0,0.0,,0,NIU
Niue,2021,us,0.0023740933682319,0.0264588656927502,,,,,,,,,7.932614282312157e-05,0.0016141056608081,1,covid_2020,COVID-19 pandemic,0,1,0,0,0,0,0,0,0,0,0,0,0,0,0,0,,,,,,0.0,0.0,0.0,0.0,,0,NIU
Niue,2022,aus,0.002636082042858,0.0364611893496862,,,,,,,,,7.806134631667801e-07,0.0001121515069293,2,aus_step_up_2018;pacer_plus_niu,Australia Pacific Step-up; PACER Plus in force,0,0,1,0,0,1,0,0,0,0,0,0,0,0,0,0,2379982.0,2379982.0,27869899.0,11305690.0,0.08539614729138416,0.0,0.0,0.0,0.0,,0,NIU
Niue,2022,china,0.0,0.0,,,,,,,,,0.0,0.0,0,,,0,0,0,0,0,0,0,0,0,0,0,0,0,0,0,0,3465000.0,4620000.0,27869899.0,11305690.0,0.12432768414410113,0.0,0.0,0.0,0.0,,0,NIU
Niue,2022,us,0.011094334397529,0.5365269530913386,,,,,,,,,0.0006940972899521,0.0659737812487063,0,,,0,0,0,0,0,0,0,0,0,0,0,0,0,0,0,0,,,,,,0.0,0.0,0.0,0.0,,0,NIU
Niue,2023,aus,0.0108193996484256,0.0081839413224155,,,,,,,,,4.138242836498144e-06,6.116601860280059e-05,2,aus_step_up_2018;pacer_plus_niu,Australia Pacific Step-up; PACER Plus in force,0,0,1,0,0,1,0,0,0,0,0,0,0,0,0,0,1834162.0,1834162.0,28071048.0,22136550.0,0.06533999015640599,0.0,0.0,0.0,0.0,,0,NIU
Niue,2023,china,0.0,0.0,,,,,,,,,0.0,0.0,0,,,0,0,0,0,0,0,0,0,0,0,0,0,0,0,0,0,,4620000.0,28071048.0,22136550.0,,0.0,0.0,0.0,0.0,,0,NIU
Niue,2023,us,0.0005511728414735,0.4416426126257305,,,,,,,,,1.9194889007552675e-06,0.0529724333960374,0,,,0,0,0,0,0,0,0,0,0,0,0,0,0,0,0,0,,,,,,0.0,0.0,0.0,0.0,,0,NIU
Niue,2024,aus,0.0091301606350883,0.0037909048719542,,,,,,,,,8.702252827479333e-07,9.008889102619306e-07,2,aus_step_up_2018;pacer_plus_niu,Australia Pacific Step-up; PACER Plus in force,0,0,1,0,0,1,0,0,0,0,0,0,0,0,0,0,,,,,,0.0,0.0,0.0,0.0,,0,NIU
Niue,2024,china,0.0,0.0,,,,,,,,,0.0,0.0,0,,,0,0,0,0,0,0,0,0,0,0,0,0,0,0,0,0,,4620000.0,,4620000.0,,0.0,0.0,0.0,0.0,,0,NIU
Niue,2024,us,0.016875894818337,0.5040686020942282,,,,,,,,,0.0002930811089312,0.088953226402123,0,,,0,0,0,0,0,0,0,0,0,0,0,0,0,0,0,0,,,,,,0.0,0.0,0.0,0.0,,0,NIU
Palau,2002,aus,0.0148764968423775,9.181965519433668e-06,1.4844507996137023e-05,9.183192640377292e-09,162658718.75,world_bank_wdi,0.2144593494162144,0.1586848045918227,0.0031904038344086,1.4570384042201855e-06,6.921828326228564e-05,5.7870649076947073e-08,0,,,0,0,0,0,0,0,0,0,0,0,0,0,0,0,0,0,,,,,,0.0,0.0,0.0,0.0,,0,PLW
Palau,2002,china,0.0083624484261022,0.0,4.6661971282969566e-05,0.0,162658718.75,world_bank_wdi,0.2144593494162144,0.1586848045918227,0.0017934052489885,0.0,0.0002175795618609,0.0,0,,,0,0,0,0,0,0,0,0,0,0,0,0,0,0,0,0,,,,,,0.0,0.0,0.0,0.0,,0,PLW
Palau,2002,us,0.4421651807809399,0.6363420955500128,0.0118538719887967,0.0299689733604099,162658718.75,world_bank_wdi,0.2144593494162144,0.1586848045918227,0.0948264570047832,0.1009778210859047,0.0552732814916415,0.1888584949106987,0,,,0,0,0,0,0,0,0,0,0,0,0,0,0,0,0,0,,,,,,0.0,0.0,0.0,0.0,,0,PLW
Palau,2003,aus,0.0311953435700491,4.0447268988047616e-05,1.5425501695609012e-05,1.5817425900475442e-11,154566781.25,world_bank_wdi,0.1710376174376083,0.1047697562764638,0.0053355772393688,4.2376505139263225e-06,9.018777229655912e-05,1.5097320507968738e-10,0,,,0,0,0,0,0,0,0,0,0,0,0,0,0,0,0,0,,,,,,0.0,0.0,0.0,0.0,,0,PLW
Palau,2003,china,0.0071467224355323,0.0,2.1140166262341023e-05,0.0,154566781.25,world_bank_wdi,0.1710376174376083,0.1047697562764638,0.0012223583778613,0.0,0.0001235995132477,0.0,0,,,0,0,0,0,0,0,0,0,0,0,0,0,0,0,0,0,,,,,,0.0,0.0,0.0,0.0,,0,PLW
Palau,2003,us,0.4927066255612361,0.1114185789682599,0.0079105796701847,0.0029297053439168,154566781.25,world_bank_wdi,0.1710376174376083,0.1047697562764638,0.0842713673317176,0.0116732973631745,0.0462505254031055,0.0279632734487428,0,,,0,0,0,0,0,0,0,0,0,0,0,0,0,0,0,0,,,,,,0.0,0.0,0.0,0.0,,0,PLW
Palau,2004,aus,0.0154388422771882,0.0220424757357164,8.434886697326114e-06,3.5137948250911514e-05,166363734.375,world_bank_wdi,0.2294052495477952,0.1148085973890606,0.0035417514653274,0.0025306657222,3.676849903806911e-05,0.0003060567679599,0,,,0,0,0,0,0,0,0,0,0,0,0,0,0,0,0,0,,,,,,0.0,0.0,0.0,0.0,,0,PLW
Palau,2004,china,0.0113332959864444,0.0,3.161827327211239e-05,0.0,166363734.375,world_bank_wdi,0.2294052495477952,0.1148085973890606,0.0025999175939693,0.0,0.0001378271566777,0.0,0,,,0,0,0,0,0,0,0,0,0,0,0,0,0,0,0,0,,,,,,0.0,0.0,0.0,0.0,,0,PLW
Palau,2004,us,0.3738965789184219,0.0094238807597094,0.0069254110857152,8.539005480805674e-05,166363734.375,world_bank_wdi,0.2294052495477952,0.1148085973890606,0.0857738379918475,0.0010819425319839,0.0301885466848148,0.0007437601081275,0,,,0,0,0,0,0,0,0,0,0,0,0,0,0,0,0,0,,,,,,0.0,0.0,0.0,0.0,,0,PLW
Palau,2005,aus,0.0462981077392337,7.285638911755686e-05,1.5037273655976328e-05,6.673122508094749e-09,185658171.875,world_bank_wdi,0.1633747962380123,0.1708512783447874,0.0075639439181028,1.2447607216319845e-05,9.204157558102962e-05,3.905807771966456e-08,0,,,0,0,0,0,0,0,0,0,0,0,0,0,0,0,0,0,,,,,,0.0,0.0,0.0,0.0,,0,PLW
Palau,2005,china,0.0225039567298629,0.0,0.0001127306136841,0.0,185658171.875,world_bank_wdi,0.1633747962380123,0.1708512783447874,0.0036765793452903,0.0,0.000690012267987,0.0,0,,,0,0,0,0,0,0,0,0,0,0,0,0,0,0,0,0,,,,,,0.0,0.0,0.0,0.0,,0,PLW
Palau,2005,us,0.340572947275977,0.0194642889569512,0.0044827471423228,1.4921264378354958e-05,185658171.875,world_bank_wdi,0.1633747962380123,0.1708512783447874,0.055641035865392,0.0033254986503674,0.0274384252990415,8.73348126096137e-05,0,,,0,0,0,0,0,0,0,0,0,0,0,0,0,0,0,0,,,,,,0.0,0.0,0.0,0.0,,0,PLW
Palau,2006,aus,0.0160474510362863,0.000163847467946,1.0174373806349248e-05,1.826111696014912e-08,190777421.875,world_bank_wdi,0.1685449812875033,0.2215084761324039,0.002704717334623,3.629360294289279e-05,6.0365925633785815e-05,8.243981123879773e-08,0,,,0,0,0,0,0,0,0,0,0,0,0,0,0,0,0,0,516753.0,355007.0,37127595.0,32661681.0,0.01391829985217195,0.0,0.0,0.0,0.0,,0,PLW
Palau,2006,china,0.0213261085661304,0.000118200188098,0.0001233563698301,2.0506971362032001e-07,190777421.875,world_bank_wdi,0.1685449812875033,0.2215084761324039,0.0035944085692137,2.618234354415793e-05,0.000731889901959,9.257872077894756e-07,0,,,0,0,0,0,0,0,0,0,0,0,0,0,0,0,0,0,,,,,,0.0,0.0,0.0,0.0,,0,PLW
Palau,2006,us,0.2864583166496017,0.0233986678661323,0.0040268458533481,2.337510268277688e-05,190777421.875,world_bank_wdi,0.1685449812875033,0.2215084761324039,0.0482811116193568,0.0051830032625552,0.0238918170246738,0.0001055268994257,0,,,0,0,0,0,0,0,0,0,0,0,0,0,0,0,0,0,26987000.0,27291000.0,37127595.0,32661681.0,0.7268717513213554,0.0,0.0,0.0,0.0,,0,PLW
Palau,2007,aus,0.0083423225121437,0.0009026642323705,6.959498469386491e-06,1.094014370892858e-07,196012718.75,world_bank_wdi,0.632508052490854,0.1661074455149355,0.0052765861654066,0.0001499392497967,1.100301955363189e-05,6.586185029222485e-07,0,,,0,0,0,0,0,0,0,0,0,0,0,0,0,0,0,0,580446.0,461651.0,21940982.0,30718796.0,0.026454877908381677,0.0,0.0,0.0,0.0,,0,PLW
Palau,2007,china,0.0399985649254635,2.9024079604972755e-05,0.0007067933775584,5.830816966929777e-12,196012718.75,world_bank_wdi,0.632508052490854,0.1661074455149355,0.0252994144034339,4.821115721604162e-06,0.0011174456590316,3.510268277772956e-11,0,,,0,0,0,0,0,0,0,0,0,0,0,0,0,0,0,0,,,,,,0.0,0.0,0.0,0.0,,0,PLW
Palau,2007,us,0.3016267762001502,0.018575595227053,0.0090473460430565,5.8182809553513045e-05,196012718.75,world_bank_wdi,0.632508052490854,0.1661074455149355,0.1907813647934517,0.0030855446720852,0.0143039223096489,0.000350272134841,0,,,0,0,0,0,0,0,0,0,0,0,0,0,0,0,0,0,14101206.0,14101206.0,21940982.0,30718796.0,0.6426880073097914,0.0,0.0,0.0,0.0,,0,PLW
Palau,2008,aus,0.0111889710626297,9.047368242396104e-05,5.1890087419098185e-06,7.302268892080582e-08,199046109.375,world_bank_wdi,0.7922061149304994,0.1468200915444293,0.0088639712955956,1.3283354335847593e-05,6.55007408313814e-06,4.973616904380443e-07,1,gfc_2008,Global financial crisis,1,0,0,0,0,0,0,0,0,0,0,0,0,0,0,0,292711.0,248294.0,42000039.0,31947075.0,0.0069693030523138326,0.0,0.0,0.0,0.0,,0,PLW
Palau,2008,china,0.0288914307268938,0.0020469841740861,0.0006208434511418,1.5598433830066006e-05,199046109.375,world_bank_wdi,0.7922061149304994,0.1468200915444293,0.0228879680909362,0.0003005384038293,0.0007836892942896,0.0001062418206253,1,gfc_2008,Global financial crisis,1,0,0,0,0,0,0,0,0,0,0,0,0,0,0,0,,,,,,0.0,0.0,0.0,0.0,,0,PLW
Palau,2008,us,0.2493095800252331,0.0003862240747047,0.0094373786610463,6.02867626577382e-06,199046109.375,world_bank_wdi,0.7922061149304994,0.1468200915444293,0.1975045738067443,5.670545400480778e-05,0.0119127818924678,4.106165717754968e-05,1,gfc_2008,Global financial crisis,1,0,0,0,0,0,0,0,0,0,0,0,0,0,0,0,27293706.0,27293706.0,42000039.0,31947075.0,0.6498495394254277,0.0,0.0,0.0,0.0,,0,PLW
Palau,2009,aus,0.009427888468856,0.0,3.0207066451156594e-06,0.0,184049765.625,world_bank_wdi,0.6424893810564992,0.0997281302568895,0.006057318227025,0.0,4.701566647138133e-06,0.0,1,gfc_2008,Global financial crisis,1,0,0,0,0,0,0,0,0,0,0,0,0,0,0,0,1006124.0,595578.0,35032135.0,39047955.0,0.028720030908764196,0.0,0.0,0.0,0.0,,0,PLW
Palau,2009,china,0.0214810534492932,0.0,0.0003006651387463,0.0,184049765.625,world_bank_wdi,0.6424893810564992,0.0997281302568895,0.013801348735078,0.0,0.0004679690398181,0.0,1,gfc_2008,Global financial crisis,1,0,0,0,0,0,0,0,0,0,0,0,0,0,0,0,,,,,,0.0,0.0,0.0,0.0,,0,PLW
Palau,2009,us,0.3066509333359943,0.000330537737009,0.0104544086171711,2.4939455575029024e-07,184049765.625,world_bank_wdi,0.6424893810564992,0.0997281302568895,0.1970199683594408,3.296391049126064e-05,0.0162717220321682,2.5007443246742424e-06,1,gfc_2008,Global financial crisis,1,0,0,0,0,0,0,0,0,0,0,0,0,0,0,0,26760000.0,26799900.0,35032135.0,39047955.0,0.763870086707533,0.0,0.0,0.0,0.0,,0,PLW
Palau,2010,aus,0.0112040448866386,0.0130446073554748,2.233015466455357e-06,8.790231492052328e-06,184292328.125,world_bank_wdi,0.6980324374259679,0.096825690909373,0.0078207867612503,0.0012630531198353,3.199013894955543e-06,9.078408229774282e-05,0,,,0,0,0,0,0,0,0,0,0,0,0,0,0,0,0,0,742351.0,393931.0,28980467.0,73870849.0,0.025615563751957483,0.0,0.0,0.0,0.0,,0,PLW
Palau,2010,china,0.0206920175687846,0.0017884210427212,0.0006060975654366,4.127968031326716e-06,184292328.125,world_bank_wdi,0.6980324374259679,0.096825690909373,0.0144436994587997,0.0001731651030983,0.0008682942696354,4.2632982967200455e-05,0,,,0,0,0,0,0,0,0,0,0,0,0,0,0,0,0,0,,,,,,0.0,0.0,0.0,0.0,,0,PLW
Palau,2010,us,0.295997335178723,0.000710986048601,0.0108434063268486,7.358129772393759e-06,184292328.125,world_bank_wdi,0.6980324374259679,0.096825690909373,0.2066157413463952,6.88417153827195e-05,0.0155342441775832,7.599356847637501e-05,0,,,0,0,0,0,0,0,0,0,0,0,0,0,0,0,0,0,17172520.0,69070550.0,28980467.0,73870849.0,0.5925549784963783,0.0,0.0,0.0,0.0,,0,PLW
Palau,2011,aus,0.0106489236540952,0.0,1.7224819804111247e-05,0.0,195163578.125,world_bank_wdi,0.7557328442991212,0.0998035606189007,0.0080477413618335,0.0,2.2792207503017577e-05,0.0,0,,,0,0,0,0,0,0,0,0,0,0,0,0,0,0,0,0,1565302.0,1565302.0,38109511.0,76670143.0,0.04107378864032131,0.0,0.0,0.0,0.0,,0,PLW
Palau,2011,china,0.0135393405584535,0.0002696886028456,0.0001952241778661,6.979401818026732e-08,195163578.125,world_bank_wdi,0.7557328442991212,0.0998035606189007,0.0102321243501745,2.6915882822334373e-05,0.0002583243262997,6.993139097188664e-07,0,,,0,0,0,0,0,0,0,0,0,0,0,0,0,0,0,0,,,,,,0.0,0.0,0.0,0.0,,0,PLW
Palau,2011,us,0.2632838445240576,0.0013175363820347,0.0098777339941634,8.580380736417333e-07,195163578.125,world_bank_wdi,0.7557328442991212,0.0998035606189007,0.1989722486801736,0.000131494822172,0.0130704045333959,8.597269158744212e-06,0,,,0,0,0,0,0,0,0,0,0,0,0,0,0,0,0,0,18344240.0,48434850.0,38109511.0,76670143.0,0.4813559533734243,0.0,0.0,0.0,0.0,,0,PLW
Palau,2012,aus,0.0175924426911391,8.109658806379868e-06,4.485856354073447e-05,7.828464979881725e-11,214928296.875,world_bank_wdi,0.7649550356583311,0.1262195131792136,0.0134574276261174,1.0235971865907896e-06,5.864209195267087e-05,6.202262061307769e-10,0,,,0,0,0,0,0,0,0,0,0,0,0,0,0,0,0,0,6563342.0,6563342.0,15588582.0,37197984.0,0.4210352166733318,1.0,1250.0,0.0,0.0,Storm,1,PLW
Palau,2012,china,0.0121312276663039,0.0012835746786225,0.0001847184420258,6.196529329941406e-06,214928296.875,world_bank_wdi,0.7649550356583311,0.1262195131792136,0.0092798436920568,0.0001620121710648,0.0002414762089472,4.909327546797952e-05,0,,,0,0,0,0,0,0,0,0,0,0,0,0,0,0,0,0,,,,,,1.0,1250.0,0.0,0.0,Storm,1,PLW
Palau,2012,us,0.3269287518606706,0.0255519498292271,0.0115991228984284,0.0002551763951035,214928296.875,world_bank_wdi,0.7649550356583311,0.1262195131792136,0.250085795037313,0.0032251546682247,0.0151631433976326,0.0020216873657345,0,,,0,0,0,0,0,0,0,0,0,0,0,0,0,0,0,0,611360.0,632170.0,15588582.0,37197984.0,0.03921844847722519,1.0,1250.0,0.0,0.0,Storm,1,PLW
Palau,2013,aus,0.0066375479878432,0.0003460295528596,1.5163229087891234e-05,3.616225240677595e-07,226257828.125,world_bank_wdi,0.8405429220991733,0.0730599252056265,0.0055791439812752,2.5280893250861968e-05,1.803980342850614e-05,4.949670055779226e-06,0,,,0,0,0,0,0,0,0,0,0,0,0,0,0,0,0,0,4422868.0,4422868.0,41668057.0,26414492.0,0.10614529014395847,1.0,0.0,0.0,0.0,Storm,1,PLW
Palau,2013,china,0.0299290381667803,0.0008220621667499,0.0014663585225175,1.5986958562277649e-06,226257828.125,world_bank_wdi,0.8405429220991733,0.0730599252056265,0.0251566411963232,6.005980041712645e-05,0.0017445373507582,2.1881980466421908e-05,0,,,0,0,0,0,0,0,0,0,0,0,0,0,0,0,0,0,,,,,,1.0,0.0,0.0,0.0,Storm,1,PLW
Palau,2013,us,0.2544349331685822,0.0101200335382489,0.0107218878390015,3.534445513599378e-05,226257828.125,world_bank_wdi,0.8405429220991733,0.0730599252056265,0.2138634822096279,0.0007393688933829,0.0127559075891385,0.0004837734919179,0,,,0,0,0,0,0,0,0,0,0,0,0,0,0,0,0,0,13749420.0,13680070.0,41668057.0,26414492.0,0.32997506939188453,1.0,0.0,0.0,0.0,Storm,1,PLW
Palau,2014,aus,0.0082775696975941,0.0076606138853061,2.714030919240227e-05,1.2479157799983386e-06,245436546.875,world_bank_wdi,0.7596147043861069,0.095784765143282,0.0062877636588733,0.0007337701018574,3.5729046628100865e-05,1.3028332617735324e-05,0,,,0,0,0,0,0,0,0,0,0,0,0,0,0,0,0,0,3256608.0,3256608.0,24366134.0,54047072.0,0.1336530448367394,0.0,0.0,0.0,0.0,,0,PLW
Palau,2014,china,0.0633359295604134,0.0036545025450164,0.0029628115477481,1.56171201367171e-05,245436546.875,world_bank_wdi,0.7596147043861069,0.095784765143282,0.0481109034100527,0.0003500456679899,0.0039004136315957,0.0001630438839971,0,,,0,0,0,0,0,0,0,0,0,0,0,0,0,0,0,0,,,,,,0.0,0.0,0.0,0.0,,0,PLW
Palau,2014,us,0.2970128173447779,0.2041788360770531,0.0130251097893627,0.0026738930065387,245436546.875,world_bank_wdi,0.7596147043861069,0.095784765143282,0.2256153034462382,0.0195572218608692,0.017146995330862,0.0279156398466805,0,,,0,0,0,0,0,0,0,0,0,0,0,0,0,0,0,0,12531670.0,14131180.0,24366134.0,54047072.0,0.5143068654223112,0.0,0.0,0.0,0.0,,0,PLW
Palau,2015,aus,0.0215132435030696,0.0017404558688429,3.1053707795697604e-05,5.353892033464808e-07,283224750.0,world_bank_wdi,0.5931130418510387,0.0656976270611943,0.0127597852941877,0.0001143438205877,5.235714881396385e-05,8.149292863314382e-06,0,,,0,0,0,0,0,0,0,0,0,0,0,0,0,0,0,0,2017641.0,2017641.0,21090451.0,30107147.0,0.09566609078203211,1.0,14200.0,0.0,0.0,Drought,1,PLW
Palau,2015,china,0.0743727272168237,0.0004196226470256,0.0015291393829105,2.460891036990912e-07,283224750.0,world_bank_wdi,0.5931130418510387,0.0656976270611943,0.0441114344703278,2.756821217072308e-05,0.0025781584200851,3.7457837475601728e-06,0,,,0,0,0,0,0,0,0,0,0,0,0,0,0,0,0,0,,,,,,1.0,14200.0,0.0,0.0,Drought,1,PLW
Palau,2015,us,0.3471929664281172,0.1394523000082656,0.010409170773895,0.0011880278728763,283224750.0,world_bank_wdi,0.5931130418510387,0.0656976270611943,0.2059246764274661,0.0091616851987688,0.0175500621962539,0.0180832691532332,0,,,0,0,0,0,0,0,0,0,0,0,0,0,0,0,0,0,2660435.0,3719174.0,21090451.0,30107147.0,0.1261440544822868,1.0,14200.0,0.0,0.0,Drought,1,PLW
Palau,2016,aus,0.0113884560007583,6.392481711885045e-05,1.037590015002148e-05,6.478469462718546e-10,303326125.0,world_bank_wdi,0.6360362662464369,0.0795252535534154,0.0072434710330341,5.083637289732297e-06,1.6313378184006353e-05,8.146430439693088e-09,0,,,0,0,0,0,0,0,0,0,0,0,0,0,0,0,0,0,1216049.0,1216049.0,27812894.0,46560054.0,0.04372249072678305,0.0,0.0,0.0,0.0,,0,PLW
Palau,2016,china,0.0766255824707799,0.0018876061594504,0.0014870740241716,1.2390738942386836e-05,303326125.0,world_bank_wdi,0.6360362662464369,0.0795252535534154,0.0487366493736733,0.0001501123584392,0.0023380333843973,0.0001558088580511,0,,,0,0,0,0,0,0,0,0,0,0,0,0,0,0,0,0,,,,,,0.0,0.0,0.0,0.0,,0,PLW
Palau,2016,us,0.3342342657731225,0.0497188738271278,0.0127140243071515,0.0002318447801605,303326125.0,world_bank_wdi,0.6360362662464369,0.0795252535534154,0.2125851144539561,0.0039539060474926,0.019989464409291,0.0029153604647713,0,,,0,0,0,0,0,0,0,0,0,0,0,0,0,0,0,0,887612.0,1898053.0,27812894.0,46560054.0,0.03191368722722634,0.0,0.0,0.0,0.0,,0,PLW
Palau,2017,aus,0.0104987451455134,0.0322327938470195,6.405271696409328e-06,1.553000467270187e-05,289983656.25,world_bank_wdi,0.6852712513862581,0.0963857493261743,0.0071944882238514,0.003106781987821,9.34706028226325e-06,0.0001611234521832,0,,,0,0,0,0,0,0,0,0,0,0,0,0,0,0,0,0,1486168.0,1486168.0,36462940.0,16476870.0,0.04075831515505881,0.0,0.0,0.0,0.0,,0,PLW
Palau,2017,china,0.0845436165819005,8.694005772819832e-06,0.0021262805510731,2.773305086057389e-11,289983656.25,world_bank_wdi,0.6852712513862581,0.0963857493261743,0.0579353099317989,8.379782610593247e-07,0.0031028305167797,2.8772978427260893e-10,0,,,0,0,0,0,0,0,0,0,0,0,0,0,0,0,0,0,,,,,,0.0,0.0,0.0,0.0,,0,PLW
Palau,2017,us,0.2878186201481447,0.0381956295841202,0.0094569279492232,0.0001353882964144,289983656.25,world_bank_wdi,0.6852712513862581,0.0963857493261743,0.1972338260011852,0.0036815143784504,0.0138002694992566,0.0014046505563421,0,,,0,0,0,0,0,0,0,0,0,0,0,0,0,0,0,0,2915240.0,4358640.0,36462940.0,16476870.0,0.07995076644944155,0.0,0.0,0.0,0.0,,0,PLW
Palau,2018,aus,0.0107916914476077,0.0041777937687554,1.6621674488043315e-06,1.8773770366643757e-07,288228343.75,world_bank_wdi,0.6293486672405028,0.1098900114676872,0.0067917366298226,0.0004590978051581,2.6410915527833186e-06,1.7084146334959764e-06,1,aus_step_up_2018,Australia Pacific Step-up,0,0,0,0,0,1,0,0,0,0,0,0,0,0,0,0,1200664.0,1200664.0,94806281.0,103105796.0,0.012664392984679992,0.0,0.0,0.0,0.0,,0,PLW
Palau,2018,china,0.0627802499241935,0.0014458813031092,0.0011735818894059,1.3970926701400472e-05,288228343.75,world_bank_wdi,0.6293486672405028,0.1098900114676872,0.0395106666188168,0.0001588879129795,0.0018647562956663,0.0001271355468509,1,plw_china_tourism_2018,Reported China tourism restrictions,0,0,0,0,0,0,0,0,0,0,0,0,0,1,0,0,,,,,,0.0,0.0,0.0,0.0,,0,PLW
Palau,2018,us,0.2946596146674005,0.0377101730991062,0.0083612569634621,0.0001000989115114,288228343.75,world_bank_wdi,0.6293486672405028,0.1098900114676872,0.1854436357805285,0.0041439713543092,0.0132855718915297,0.0009109009105971,0,,,0,0,0,0,0,0,0,0,0,0,0,0,0,0,0,0,66399000.0,67204300.0,94806281.0,103105796.0,0.7003649895305987,0.0,0.0,0.0,0.0,,0,PLW
Palau,2019,aus,0.0087228308649931,0.0040707001690414,1.737132796361756e-06,1.8449630411853586e-07,281954000.0,world_bank_wdi,0.363196528511743,0.0848329195542535,0.0031681018889606,0.0003453293799697,4.782900330793195e-06,2.1748196936749795e-06,1,aus_step_up_2018,Australia Pacific Step-up,0,0,0,0,0,1,0,0,0,0,0,0,0,0,0,0,2605454.0,2605454.0,34589792.0,69071217.0,0.07532436159199801,0.0,0.0,0.0,0.0,,0,PLW
Palau,2019,china,0.1817498655384165,0.0024310818257684,0.0044600759001694,1.1342405659818346e-05,281954000.0,world_bank_wdi,0.363196528511743,0.0848329195542535,0.0660109202210289,0.0002062357689552,0.0122800620326556,0.0001337028799599,1,plw_china_tourism_2018,Reported China tourism restrictions,0,0,0,0,0,0,0,0,0,0,0,0,0,1,0,0,,,,,,0.0,0.0,0.0,0.0,,0,PLW
Palau,2019,us,0.1648973210354359,0.0667912232548702,0.0032138941972233,0.0001710092055718,281954000.0,world_bank_wdi,0.363196528511743,0.0848329195542535,0.0598901345609567,0.0056660944693105,0.0088489122139818,0.0020158354382992,0,,,0,0,0,0,0,0,0,0,0,0,0,0,0,0,0,0,1359341.0,15361781.0,34589792.0,69071217.0,0.03929890645193819,0.0,0.0,0.0,0.0,,0,PLW
Palau,2020,aus,0.0110671591769809,0.0090880216708539,2.4571865002530817e-06,3.640487133638577e-07,258985859.375,world_bank_wdi,0.3445275978207063,0.0561038932205215,0.0038129417659446,0.0005098733974073,7.132045490102689e-06,6.48883156705241e-06,2,aus_step_up_2018;covid_2020,Australia Pacific Step-up; COVID-19 pandemic,0,1,0,0,0,1,0,0,0,0,0,0,0,0,0,0,3990815.0,3990815.0,88646530.0,78364750.0,0.04501941587561296,0.0,0.0,0.0,0.0,,0,PLW
Palau,2020,china,0.2697177165998175,0.0004721228978573,0.017055396500903,6.407128357845951e-08,258985859.375,world_bank_wdi,0.3445275978207063,0.0561038932205215,0.0929251969898211,2.6487932648349828e-05,0.0495037164186155,1.142011363215409e-06,1,covid_2020,COVID-19 pandemic,0,1,0,0,0,0,0,0,0,0,0,0,0,0,0,0,,,,,,0.0,0.0,0.0,0.0,,0,PLW
Palau,2020,us,0.2023861605605859,0.0330652579143386,0.0053980214353242,0.0002358735871106,258985859.375,world_bank_wdi,0.3445275978207063,0.0561038932205215,0.0697276177300944,0.001855089699335,0.015667892701395,0.0042042285048478,1,covid_2020,COVID-19 pandemic,0,1,0,0,0,0,0,0,0,0,0,0,0,0,0,0,2522102.0,5435512.0,88646530.0,78364750.0,0.02845122082048784,0.0,0.0,0.0,0.0,,0,PLW
Palau,2021,aus,0.0116820640904997,0.0236092788236079,2.658090937223282e-06,5.536297851490449e-07,235935734.375,world_bank_wdi,0.4439419245985085,0.0236074624929312,0.0051861580156195,0.0005573551643134,5.987474464429558e-06,2.3451473673412284e-05,2,aus_step_up_2018;covid_2020,Australia Pacific Step-up; COVID-19 pandemic,0,1,0,0,0,1,0,0,0,0,0,0,0,0,0,0,11729023.0,14979023.0,67899129.0,79544975.0,0.17274187714543437,1.0,7288.0,0.0,0.0,Storm,1,PLW
Palau,2021,china,0.3216895125042958,0.0152108389391157,0.0241873800030101,9.547214977994332e-07,235935734.375,world_bank_wdi,0.4439419245985085,0.0236074624929312,0.142811461304313,0.0003590893097411,0.0544832075161288,4.04415128515106e-05,1,covid_2020,COVID-19 pandemic,0,1,0,0,0,0,0,0,0,0,0,0,0,0,0,0,,,,,,1.0,7288.0,0.0,0.0,Storm,1,PLW
Palau,2021,us,0.2175255230568773,0.0873144741576245,0.0051246282928159,0.0003152050406275,235935734.375,world_bank_wdi,0.4439419245985085,0.0236074624929312,0.0965686993551673,0.0020612731737661,0.0115434655049769,0.0133519238131549,1,covid_2020,COVID-19 pandemic,0,1,0,0,0,0,0,0,0,0,0,0,0,0,0,0,4412330.0,15704680.0,67899129.0,79544975.0,0.06498360236697587,1.0,7288.0,0.0,0.0,Storm,1,PLW
Palau,2022,aus,0.0130426099110587,0.0234002823689384,1.7214312554604127e-06,8.874038564253677e-07,247470812.5,world_bank_wdi,0.6205566040237573,0.0320472500166054,0.0080936777140132,0.0007499146995365,2.774011660336e-06,2.769048376898341e-05,1,aus_step_up_2018,Australia Pacific Step-up,0,0,0,0,0,1,0,0,0,0,0,0,0,0,0,0,25364788.0,27364788.0,93253079.0,97749113.0,0.2719994693151097,0.0,0.0,0.0,0.0,,0,PLW
Palau,2022,china,0.3526617405065729,0.0158891475582601,0.0236131371952177,1.7022232426749758e-06,247470812.5,world_bank_wdi,0.6205566040237573,0.0320472500166054,0.2188465720578664,0.0005092034843503,0.0380515444394717,5.311604714267083e-05,0,,,0,0,0,0,0,0,0,0,0,0,0,0,0,0,0,0,,,,,,0.0,0.0,0.0,0.0,,0,PLW
Palau,2022,us,0.136655116489263,0.0680683904277005,0.0048554544130421,0.0003146302094227,247470812.5,world_bank_wdi,0.6205566040237573,0.0320472500166054,0.084802235011048,0.0021814047262644,0.007824353784262,0.0098176975952609,0,,,0,0,0,0,0,0,0,0,0,0,0,0,0,0,0,0,6486714.0,4473398.0,93253079.0,97749113.0,0.0695603198260081,0.0,0.0,0.0,0.0,,0,PLW
Palau,2023,aus,0.0068168740597984,0.0007672030820241,2.151764597013987e-06,2.829465166813323e-09,276157406.25,world_bank_wdi,0.6512580576498661,0.0221457794054726,0.004439544159428,1.6990310213706246e-05,3.3040122448217507e-06,1.2776543624895429e-07,1,aus_step_up_2018,Australia Pacific Step-up,0,0,0,0,0,1,0,0,0,0,0,0,0,0,0,0,2000000.0,7187733.0,24715591.0,33485597.0,0.08092058166846991,0.0,0.0,0.0,0.0,,0,PLW
Palau,2023,china,0.2336371625254985,0.0003979906866255,0.0166116876891598,4.410341355189371e-09,276157406.25,world_bank_wdi,0.6512580576498661,0.0221457794054726,0.1521580846611822,8.813813951440963e-06,0.0255070743371757,1.9915042385455566e-07,0,,,0,0,0,0,0,0,0,0,0,0,0,0,0,0,0,0,,,,,,0.0,0.0,0.0,0.0,,0,PLW
Palau,2023,us,0.0974182636553884,0.0828074073359461,0.0037162471333369,0.0002029903824506,276157406.25,world_bank_wdi,0.6512580576498661,0.0221457794054726,0.0634444291678308,0.0018338345760009,0.0057062589701344,0.0091660979157254,1,plw_cofa_2023,Compact of Free Association renewal,0,0,0,0,0,0,1,0,0,0,0,0,0,0,0,0,8051447.0,8893451.0,24715591.0,33485597.0,0.3257638872564285,0.0,0.0,0.0,0.0,,0,PLW
Palau,2024,aus,0.0157404094923076,0.0,1.9680719711843837e-06,0.0,321501812.5,world_bank_wdi,0.5364350068788493,0.0611891760330278,0.0084437066742819,0.0,3.668798542129561e-06,0.0,1,aus_step_up_2018,Australia Pacific Step-up,0,0,0,0,0,1,0,0,0,0,0,0,0,0,0,0,,,,,,0.0,0.0,0.0,0.0,,0,PLW
Palau,2024,china,0.2441881207464986,0.0001638333361037,0.0099148818076049,3.9373715633598736e-09,321501812.5,world_bank_wdi,0.5364350068788493,0.0611891760330278,0.1309910562323812,1.0024826842927984e-05,0.0184829134572945,6.434751730003058e-08,0,,,0,0,0,0,0,0,0,0,0,0,0,0,0,0,0,0,,,,,,0.0,0.0,0.0,0.0,,0,PLW
Palau,2024,us,0.1044291193357356,0.0764752459927296,0.0031183654289373,0.0005734100115052,321501812.5,world_bank_wdi,0.5364350068788493,0.0611891760330278,0.0560194353492175,0.0046794572892182,0.0058131281309939,0.0093711020262097,1,plw_cofa_2023,Compact of Free Association renewal,0,0,0,0,0,0,1,0,0,0,0,0,0,0,0,0,,,,,,0.0,0.0,0.0,0.0,,0,PLW
Papua New Guinea,2002,aus,0.5563650177499067,0.4310350052051591,0.0028557922676873,0.0027482489243857,2999511040.19764,world_bank_wdi,0.4330111613506245,0.7098291829790063,0.2409122624707479,0.3059612255801298,0.006595193201902,0.0038717046161048,0,,,0,0,0,0,0,0,0,0,0,0,0,0,0,0,0,0,,,,,,4.0,18644.0,41.0,0.0,Earthquake;Mass movement (wet);Volcanic activity,1,PNG
Papua New Guinea,2002,china,0.0224918152145001,0.0862337415030987,0.0004970191701942,0.0015164807637544,2999511040.19764,world_bank_wdi,0.4330111613506245,0.7098291829790063,0.0097392070269143,0.0612112262763674,0.0011478206904504,0.0021364023910514,0,,,0,0,0,0,0,0,0,0,0,0,0,0,0,0,0,0,,0.0,473597.0,120903.0,,4.0,18644.0,41.0,0.0,Earthquake;Mass movement (wet);Volcanic activity,1,PNG
Papua New Guinea,2002,us,0.0865663785049046,0.0583782228993194,0.001158757596779,0.001805718832328,2999511040.19764,world_bank_wdi,0.4330111613506245,0.7098291829790063,0.0374842080903264,0.0414385662643902,0.002676045562347,0.0025438779858977,0,,,0,0,0,0,0,0,0,0,0,0,0,0,0,0,0,0,,,,,,4.0,18644.0,41.0,0.0,Earthquake;Mass movement (wet);Volcanic activity,1,PNG
Papua New Guinea,2003,aus,0.5082210205644964,0.4290123006525262,0.0017124699477598,0.0036608621419378,3536411824.2958,world_bank_wdi,0.4153783436386143,0.744603267896931,0.2111040057244066,0.3194439610338517,0.0041226750840185,0.0049165270953989,0,,,0,0,0,0,0,0,0,0,0,0,0,0,0,0,0,0,,63414045.0,209682.0,63486577.0,,2.0,621.0,13.0,0.0,Mass movement (wet),1,PNG
Papua New Guinea,2003,china,0.0471993271248513,0.0928459342905658,0.0006490950346292,0.001775113920418,3536411824.2958,world_bank_wdi,0.4153783436386143,0.744603267896931,0.0196055783219778,0.069133386083699,0.0015626597885276,0.0023839727771162,0,,,0,0,0,0,0,0,0,0,0,0,0,0,0,0,0,0,,,,,,2.0,621.0,13.0,0.0,Mass movement (wet),1,PNG
Papua New Guinea,2003,us,0.0894274057130126,0.0301902834729846,0.0007401391119041,0.0007080708396899,3536411824.2958,world_bank_wdi,0.4153783436386143,0.744603267896931,0.0371462076609695,0.022479783732719,0.001781843283934,0.0009509370563063,0,,,0,0,0,0,0,0,0,0,0,0,0,0,0,0,0,0,,,,,,2.0,621.0,13.0,0.0,Mass movement (wet),1,PNG
Papua New Guinea,2004,aus,0.5457803916600291,0.4337587607930293,0.0025997529739085,0.0035249892745047,3927157866.96465,world_bank_wdi,0.454558849802426,0.7651161325282794,0.2480893070777004,0.3318758255082216,0.0057192879976674,0.0046071297214144,0,,,0,0,0,0,0,0,0,0,0,0,0,0,0,0,0,0,,69237440.0,2397405.0,85753720.0,,2.0,19600.0,0.0,0.0,Flood;Volcanic activity,1,PNG
Papua New Guinea,2004,china,0.0374213995308068,0.1033076752377702,0.0005192319866379,0.0017607163561979,3927157866.96465,world_bank_wdi,0.454558849802426,0.7651161325282794,0.0170102283287205,0.0790423689384102,0.0011422767082054,0.0023012406631392,0,,,0,0,0,0,0,0,0,0,0,0,0,0,0,0,0,0,,,,,,2.0,19600.0,0.0,0.0,Flood;Volcanic activity,1,PNG
Papua New Guinea,2004,us,0.0735754016483612,0.0285880539770857,0.0005599366903863,0.0007164374475205,3927157866.96465,world_bank_wdi,0.454558849802426,0.7651161325282794,0.0334443499470306,0.0218731812954575,0.0012318244175199,0.0009363773903879,0,,,0,0,0,0,0,0,0,0,0,0,0,0,0,0,0,0,,,,,,2.0,19600.0,0.0,0.0,Flood;Volcanic activity,1,PNG
Papua New Guinea,2005,aus,0.550746259569258,0.4659298481381676,0.0019795945981367,0.0031399725333201,4865892972.27595,world_bank_wdi,0.3354771180337883,0.687644851020008,0.1847627679281834,0.3203942610087452,0.0059008334450321,0.0045662706972393,0,,,0,0,0,0,0,0,0,0,0,0,0,0,0,0,0,0,,0.0,9224329.0,17357579.0,,3.0,17693.0,2.0,0.0,Earthquake;Flood;Volcanic activity,1,PNG
Papua New Guinea,2005,china,0.0407899021785679,0.0924876297481438,0.0007147027705089,0.0019203558550475,4865892972.27595,world_bank_wdi,0.3354771180337883,0.687644851020008,0.0136840788277461,0.063598642379356,0.0021304069103065,0.0027926564885914,0,,,0,0,0,0,0,0,0,0,0,0,0,0,0,0,0,0,,,,,,3.0,17693.0,2.0,0.0,Earthquake;Flood;Volcanic activity,1,PNG
Papua New Guinea,2005,us,0.0288619300626934,0.0179481927255504,0.0002782185610185,0.0004724626711755,4865892972.27595,world_bank_wdi,0.3354771180337883,0.687644851020008,0.0096825171183251,0.0123419823128395,0.0008293220194841,0.0006870736696053,0,,,0,0,0,0,0,0,0,0,0,0,0,0,0,0,0,0,,,,,,3.0,17693.0,2.0,0.0,Earthquake;Flood;Volcanic activity,1,PNG
Papua New Guinea,2006,aus,0.5283752708885943,0.4495316836838549,0.0010678887926024,0.0029099166183813,8354911040.70193,world_bank_wdi,0.2252927099798133,0.4669933111187505,0.1190390966648093,0.2099282894163102,0.0047400059802118,0.0062311740855777,0,,,0,0,0,0,0,0,0,0,0,0,0,0,0,0,0,0,245273585.0,322953330.0,315905893.0,417335236.0,0.7764134523441765,6.0,25999.0,16.0,0.0,Flood;Mass movement (wet);Volcanic activity,1,PNG
Papua New Guinea,2006,china,0.0671500813193727,0.1004306374791483,0.0007711546526595,0.0017028212296066,8354911040.70193,world_bank_wdi,0.2252927099798133,0.4669933111187505,0.0151284237958063,0.0469004359341543,0.0034229010460599,0.0036463503631932,0,,,0,0,0,0,0,0,0,0,0,0,0,0,0,0,0,0,,,,,,6.0,25999.0,16.0,0.0,Flood;Mass movement (wet);Volcanic activity,1,PNG
Papua New Guinea,2006,us,0.0217463040108021,0.0221143073169966,7.048382232465148e-05,0.0003899603729902,8354911040.70193,world_bank_wdi,0.2252927099798133,0.4669933111187505,0.0048992837626384,0.0103272335970618,0.0003128544298258,0.0008350448790284,0,,,0,0,0,0,0,0,0,0,0,0,0,0,0,0,0,0,178000.0,153000.0,315905893.0,417335236.0,0.0005634589412360218,6.0,25999.0,16.0,0.0,Flood;Mass movement (wet);Volcanic activity,1,PNG
Papua New Guinea,2007,aus,0.5180690499813789,0.4366752893971364,0.0011307521092325,0.0031028627177349,9545028944.34579,world_bank_wdi,0.2535157309746484,0.5197774492804372,0.1313386539013709,0.2269739680866403,0.0044602838052115,0.0059695985696002,0,,,0,0,0,0,0,0,0,0,0,0,0,0,0,0,0,0,285994402.0,178267235.0,364080456.0,365635915.0,0.7855252796101749,1.0,162140.0,172.0,0.0,Storm,1,PNG
Papua New Guinea,2007,china,0.0883440336899475,0.0944093009401542,0.000955949873819,0.0019734791649066,9545028944.34579,world_bank_wdi,0.2535157309746484,0.5197774492804372,0.022396602278156,0.0490718256310225,0.0037707714237056,0.0037967771930826,0,,,0,0,0,0,0,0,0,0,0,0,0,0,0,0,0,0,0.0,,364080456.0,365635915.0,0.0,1.0,162140.0,172.0,0.0,Storm,1,PNG
Papua New Guinea,2007,us,0.0252857409565844,0.0208968817231583,0.0002465188886528,0.0005676015306463,9545028944.34579,world_bank_wdi,0.2535157309746484,0.5197774492804372,0.0064103331018441,0.0108617278799782,0.0009724007567699,0.0010920087653516,0,,,0,0,0,0,0,0,0,0,0,0,0,0,0,0,0,0,775743.0,2252651.0,364080456.0,365635915.0,0.0021306911349287037,1.0,162140.0,172.0,0.0,Storm,1,PNG
Papua New Guinea,2008,aus,0.4053714577373576,0.4121155160278301,0.0006666766495161,0.003569582093076,11670892800.5309,world_bank_wdi,0.2448881040934579,0.52077009256083,0.0992706477389028,0.2146174354275672,0.002722372538201,0.0068544298992344,1,gfc_2008,Global financial crisis,1,0,0,0,0,0,0,0,0,0,0,0,0,0,0,0,325361024.0,260505687.0,580915809.0,1076876756.0,0.5600829224463403,3.0,75300.0,10.0,0.0,Flood;Mass movement (dry),1,PNG
Papua New Guinea,2008,china,0.1203826923172543,0.0847680791573032,0.0013055519882843,0.0018031735999011,11670892800.5309,world_bank_wdi,0.2448881040934579,0.52077009256083,0.0294802892872384,0.0441446804289525,0.005331218489021,0.0034625137381339,1,gfc_2008,Global financial crisis,1,0,0,0,0,0,0,0,0,0,0,0,0,0,0,0,127210334.0,595801128.0,580915809.0,1076876756.0,0.21898239302349576,3.0,75300.0,10.0,0.0,Flood;Mass movement (dry),1,PNG
Papua New Guinea,2008,us,0.0234051273269935,0.0180212572418044,0.0001556555852987,0.000287369132579,11670892800.5309,world_bank_wdi,0.2448881040934579,0.52077009256083,0.0057316372571734,0.009384931801877,0.0006356192183159,0.0005518157372784,1,gfc_2008,Global financial crisis,1,0,0,0,0,0,0,0,0,0,0,0,0,0,0,0,1958492.0,2912112.0,580915809.0,1076876756.0,0.0033713869887125074,3.0,75300.0,10.0,0.0,Flood;Mass movement (dry),1,PNG
Papua New Guinea,2009,aus,0.412320708354087,0.4585274033230783,0.0009011151175245,0.0041478734029028,11619456449.266,world_bank_wdi,0.2732361133984503,0.438381400992451,0.1126609078243666,0.2010098854622017,0.0032979356437064,0.0094617914754423,1,gfc_2008,Global financial crisis,1,0,0,0,0,0,0,0,0,0,0,0,0,0,0,0,308416171.0,498590439.0,745302906.0,841136681.0,0.4138131872519493,1.0,0.0,19.0,0.0,Mass movement (wet),1,PNG
Papua New Guinea,2009,china,0.1663606271898164,0.0702281518310356,0.002851212903961,0.001338562192577,11619456449.266,world_bank_wdi,0.2732361133984503,0.438381400992451,0.045455731195874,0.0307867155887999,0.0104349782629327,0.0030534192133759,1,gfc_2008,Global financial crisis,1,0,0,0,0,0,0,0,0,0,0,0,0,0,0,0,119667840.0,11095673.0,745302906.0,841136681.0,0.16056269073503385,1.0,0.0,19.0,0.0,Mass movement (wet),1,PNG
Papua New Guinea,2009,us,0.0536282068203477,0.0208484470200021,0.0009782618708519,0.0002941725118688,11619456449.266,world_bank_wdi,0.2732361133984503,0.438381400992451,0.01465316280012,0.0091395714131454,0.003580280288299,0.0006710424101088,1,gfc_2008,Global financial crisis,1,0,0,0,0,0,0,0,0,0,0,0,0,0,0,0,2759390.0,2685645.0,745302906.0,841136681.0,0.003702373864083659,1.0,0.0,19.0,0.0,Mass movement (wet),1,PNG
Papua New Guinea,2010,aus,0.3984640307619865,0.4322481131298684,0.0007927511672533,0.0032046508928331,14250786674.7766,world_bank_wdi,0.3011721634003957,0.453576442024828,0.1200062741818293,0.196057561225391,0.0026322192539401,0.0070652939524971,0,,,0,0,0,0,0,0,0,0,0,0,0,0,0,0,0,0,396409143.0,603582945.0,859223126.0,1148174491.0,0.4613576276111544,0.0,0.0,0.0,0.0,,0,PNG
Papua New Guinea,2010,china,0.0821137232172928,0.1202827929559305,0.0014710111412097,0.0030031581180354,14250786674.7766,world_bank_wdi,0.3011721634003957,0.453576442024828,0.0247303676662134,0.05455744126576,0.0048842865310035,0.0066210628237854,0,,,0,0,0,0,0,0,0,0,0,0,0,0,0,0,0,0,133962338.0,,859223126.0,1148174491.0,0.1559110013991872,0.0,0.0,0.0,0.0,,0,PNG
Papua New Guinea,2010,us,0.0366004803748604,0.015558397454884,0.0005859480555863,0.0002647814309273,14250786674.7766,world_bank_wdi,0.3011721634003957,0.453576442024828,0.0110230458559904,0.0070569225611944,0.0019455584771538,0.0005837636314297,0,,,0,0,0,0,0,0,0,0,0,0,0,0,0,0,0,0,2282550.0,3176160.0,859223126.0,1148174491.0,0.002656527659615158,0.0,0.0,0.0,0.0,,0,PNG
Papua New Guinea,2011,aus,0.3256568451659723,0.5120547638514605,0.0008842548019763,0.0053309781466065,17985138065.8549,world_bank_wdi,0.3902333662550279,0.6547613545629039,0.1270821669331097,0.3352736707897701,0.0022659641087648,0.0081418643746396,0,,,0,0,0,0,0,0,0,0,0,0,0,0,0,0,0,0,525377274.0,525950986.0,879055764.0,1132539998.0,0.5976609169927473,1.0,0.0,0.0,0.0,Storm,1,PNG
Papua New Guinea,2011,china,0.0712485446667205,0.0920263611921033,0.0013602068004355,0.0036357907224547,17985138065.8549,world_bank_wdi,0.3902333662550279,0.6547613545629039,0.027803559426066,0.0602553049096366,0.00348562403438,0.0055528486785569,0,,,0,0,0,0,0,0,0,0,0,0,0,0,0,0,0,0,156840038.0,271012000.0,879055764.0,1132539998.0,0.17841875842588753,1.0,0.0,0.0,0.0,Storm,1,PNG
Papua New Guinea,2011,us,0.0520927679342891,0.0129512398942873,0.0002479663708767,0.0002273722627173,17985138065.8549,world_bank_wdi,0.3902333662550279,0.6547613545629039,0.0203283361885396,0.0084799713764527,0.0006354309813546,0.0003472597475902,0,,,0,0,0,0,0,0,0,0,0,0,0,0,0,0,0,0,3536520.0,2201560.0,879055764.0,1132539998.0,0.004023089484002291,1.0,0.0,0.0,0.0,Storm,1,PNG
Papua New Guinea,2012,aus,0.2988066952071871,0.4830811180577383,0.0012231972826106,0.0026587527033019,21295168665.7247,world_bank_wdi,0.4296760404967947,0.4910277823171283,0.1283900776705567,0.23720625007917,0.0028467895980338,0.0054146685769092,0,,,0,0,0,0,0,0,0,0,0,0,0,0,0,0,0,0,507779536.0,507779538.0,908191470.0,740256661.0,0.5591106641862646,2.0,200000.0,65.0,27000000.0,Flood;Mass movement (wet),1,PNG
Papua New Guinea,2012,china,0.0753722339462245,0.0815723365282349,0.0014279274062234,0.0027052081995869,21295168665.7247,world_bank_wdi,0.4296760404967947,0.4910277823171283,0.0323856430454118,0.0400542835038856,0.0033232651384807,0.0055092772690401,0,,,0,0,0,0,0,0,0,0,0,0,0,0,0,0,0,0,147340504.0,19262000.0,908191470.0,740256661.0,0.16223506701731077,2.0,200000.0,65.0,27000000.0,Flood;Mass movement (wet),1,PNG
Papua New Guinea,2012,us,0.0489491763127066,0.0119761233812706,0.0003351427603576,0.0002113459026353,21295168665.7247,world_bank_wdi,0.4296760404967947,0.4910277823171283,0.0210322882636232,0.0058806093046616,0.0007799894077644,0.0004304153659859,0,,,0,0,0,0,0,0,0,0,0,0,0,0,0,0,0,0,3661600.0,6442550.0,908191470.0,740256661.0,0.004031748943865329,2.0,200000.0,65.0,27000000.0,Flood;Mass movement (wet),1,PNG
Papua New Guinea,2013,aus,0.3598135282025617,0.4263857934333013,0.0006860311764301,0.001081585127211,21261338064.8783,world_bank_wdi,0.2767840764321944,0.319221521396699,0.0995906550913553,0.1361115216817171,0.0024785789170867,0.0033881961419104,0,,,0,0,0,0,0,0,0,0,0,0,0,0,0,0,0,0,481491944.0,481491944.0,849781050.0,1003425392.0,0.5666070619014156,1.0,35000.0,0.0,0.0,Flood,1,PNG
Papua New Guinea,2013,china,0.0939828264200837,0.1175307320278982,0.0015816275703264,0.0042547219156087,21261338064.8783,world_bank_wdi,0.2767840764321944,0.319221521396699,0.0260129498111701,0.0375183390888134,0.0057143011646983,0.0133284306678099,0,,,0,0,0,0,0,0,0,0,0,0,0,0,0,0,0,0,55064984.0,123000000.0,849781050.0,1003425392.0,0.0647990255842961,1.0,35000.0,0.0,0.0,Flood,1,PNG
Papua New Guinea,2013,us,0.0238964565153211,0.0123039969766164,8.743640965002463e-05,0.0001904141747602,21261338064.8783,world_bank_wdi,0.2767840764321944,0.319221521396699,0.0066141586465952,0.0039277006341358,0.0003159011557929,0.0005964954177498,0,,,0,0,0,0,0,0,0,0,0,0,0,0,0,0,0,0,7253420.0,7814330.0,849781050.0,1003425392.0,0.008535633973009871,1.0,35000.0,0.0,0.0,Flood,1,PNG
Papua New Guinea,2014,aus,0.3235221952824925,0.3366845224649418,0.0005888184395496,0.0008879129265421,23210823987.308,world_bank_wdi,0.2284102070180267,0.4274816849856601,0.0738957715994005,0.1439264669719056,0.0025778989793707,0.0020770782883292,1,png_lng_2014,PNG LNG exports begin,0,0,0,0,0,0,0,0,0,0,0,1,0,0,0,0,430317268.0,430317268.0,835707692.0,1216896812.0,0.5149136140773968,3.0,40726.0,0.0,0.0,Flood;Storm;Volcanic activity,1,PNG
Papua New Guinea,2014,china,0.1200502801243869,0.1414234946103015,0.0019505311875859,0.0055535179153011,23210823987.308,world_bank_wdi,0.2284102070180267,0.4274816849856601,0.0274207093357833,0.0604559537725721,0.0085395973019367,0.0129912417545734,1,png_lng_2014,PNG LNG exports begin,0,0,0,0,0,0,0,0,0,0,0,1,0,0,0,0,90159735.0,105112114.0,835707692.0,1216896812.0,0.10788429478760858,3.0,40726.0,0.0,0.0,Flood;Storm;Volcanic activity,1,PNG
Papua New Guinea,2014,us,0.0223644981712419,0.0100120615885682,9.431075986064368e-05,0.0002412884485185,23210823987.308,world_bank_wdi,0.2284102070180267,0.4274816849856601,0.0051082796571476,0.0042799729580613,0.0004129008116226,0.0005644416053209,1,png_lng_2014,PNG LNG exports begin,0,0,0,0,0,0,0,0,0,0,0,1,0,0,0,0,7021730.0,8384100.0,835707692.0,1216896812.0,0.008402136377607974,3.0,40726.0,0.0,0.0,Flood;Storm;Volcanic activity,1,PNG
Papua New Guinea,2015,aus,0.2406398663998766,0.2328992918626734,0.0004239110065514,0.0007264925421169,21723437010.0982,world_bank_wdi,0.218126197654511,0.4431644694403024,0.0524898590618946,0.1032126911113438,0.0019434208779582,0.0016393293962272,1,png_lng_2014,PNG LNG exports begin,0,0,0,0,0,0,0,0,0,0,0,1,0,0,0,0,430772197.0,430772197.0,839661746.0,1074040402.0,0.5130306329329906,3.0,2549199.0,24.0,60000000.0,Drought;Flood;Storm,1,PNG
Papua New Guinea,2015,china,0.208295262811444,0.1843393365306119,0.0042837573663744,0.0056176615213881,21723437010.0982,world_bank_wdi,0.218126197654511,0.4431644694403024,0.0454346536665073,0.081692644270566,0.0196388944218404,0.012676245296657,1,png_lng_2014,PNG LNG exports begin,0,0,0,0,0,0,0,0,0,0,0,1,0,0,0,0,127915721.0,229572215.0,839661746.0,1074040402.0,0.15234196580869364,3.0,2549199.0,24.0,60000000.0,Drought;Flood;Storm,1,PNG
Papua New Guinea,2015,us,0.0375397472082813,0.0094299439318789,0.0001865401906209,0.0002360276099559,21723437010.0982,world_bank_wdi,0.218126197654511,0.4431644694403024,0.0081884023194539,0.0041790160994229,0.0008551938860473,0.0005325959688375,1,png_lng_2014,PNG LNG exports begin,0,0,0,0,0,0,0,0,0,0,0,1,0,0,0,0,8038814.0,9187225.0,839661746.0,1074040402.0,0.009573871905318406,3.0,2549199.0,24.0,60000000.0,Drought;Flood;Storm,1,PNG
Papua New Guinea,2016,aus,0.3020210789804241,0.3033658400695979,0.000437586722716,0.0011800598308469,20758876952.6232,world_bank_wdi,0.189280471047037,0.4212340898284971,0.057166692095549,0.1277880335267745,0.0023118429508098,0.0028014347825634,1,png_lng_2014,PNG LNG exports begin,0,0,0,0,0,0,0,0,0,0,0,1,0,0,0,0,398809539.0,398809539.0,920206298.0,1001538446.0,0.43339144696877524,1.0,6600.0,0.0,0.0,Flood,1,PNG
Papua New Guinea,2016,china,0.1648558825936636,0.1864838544628514,0.0030972887801618,0.0061459604383166,20758876952.6232,world_bank_wdi,0.189280471047037,0.4212340898284971,0.0312039991122036,0.0785533567023691,0.0163634883357413,0.014590368127183,1,png_lng_2014,PNG LNG exports begin,0,0,0,0,0,0,0,0,0,0,0,1,0,0,0,0,176848570.0,172644529.0,920206298.0,1001538446.0,0.19218361185352373,1.0,6600.0,0.0,0.0,Flood,1,PNG
Papua New Guinea,2016,us,0.0224138491622292,0.0099313407376461,7.218984473977338e-05,0.0001661806723089,20758876952.6232,world_bank_wdi,0.189280471047037,0.4212340898284971,0.0042425039274039,0.004183419276399,0.0003813908764091,0.0003945090777829,1,png_lng_2014,PNG LNG exports begin,0,0,0,0,0,0,0,0,0,0,0,1,0,0,0,0,11880422.0,15984054.0,920206298.0,1001538446.0,0.012910607138661422,1.0,6600.0,0.0,0.0,Flood,1,PNG
Papua New Guinea,2017,aus,0.2795961361259004,0.2430402036623861,0.0003853906545484,0.0009638953065683,22742699138.356,world_bank_wdi,0.1877590471132036,0.4668188970628686,0.0524967040955326,0.11345575981561,0.0020525810099372,0.0020648163830405,1,png_lng_2014,PNG LNG exports begin,0,0,0,0,0,0,0,0,0,0,0,1,0,0,0,0,400795687.0,400795687.0,787187804.0,6227530346.0,0.5091487507344562,0.0,0.0,0.0,0.0,,0,PNG
Papua New Guinea,2017,china,0.1813900219028943,0.1950053474171646,0.0035824567105707,0.00827282265649,22742699138.356,world_bank_wdi,0.1877590471132036,0.4668188970628686,0.0340576176683305,0.0910321812026423,0.0190800750517805,0.0177216961621327,1,png_lng_2014,PNG LNG exports begin,0,0,0,0,0,0,0,0,0,0,0,1,0,0,0,0,125816746.0,4940773704.0,787187804.0,6227530346.0,0.15983065967317756,0.0,0.0,0.0,0.0,,0,PNG
Papua New Guinea,2017,us,0.0197129245829223,0.0114742859538947,3.235811349288759e-05,0.0001959099964684,22742699138.356,world_bank_wdi,0.1877590471132036,0.4668188970628686,0.0037012799355039,0.0053564135135811,0.0001723385050701,0.0004196702355047,1,png_lng_2014,PNG LNG exports begin,0,0,0,0,0,0,0,0,0,0,0,1,0,0,0,0,10983310.0,10920180.0,787187804.0,6227530346.0,0.013952591674044787,0.0,0.0,0.0,0.0,,0,PNG
Papua New Guinea,2018,aus,0.3171257261809117,0.2416139038798596,0.0004758803755118,0.0009180162515573,24109780708.0268,world_bank_wdi,0.180574277913302,0.4640380962185715,0.0572647490128496,0.112118055976347,0.0026353718869105,0.0019783208728728,3,aus_step_up_2018;png_apec_2018;png_lng_2014,Australia Pacific Step-up; APEC Papua New Guinea; PNG LNG exports begin,0,0,0,0,0,1,0,0,0,0,0,1,0,1,0,0,491488064.0,491488064.0,1259687287.0,1328163122.0,0.3901667255613099,4.0,545036.0,181.0,61000000.0,Earthquake;Volcanic activity,1,PNG
Papua New Guinea,2018,china,0.1803430524849932,0.2525801435137075,0.0028058450052184,0.0098821101697639,24109780708.0268,world_bank_wdi,0.180574277913302,0.4640380962185715,0.0325653164791583,0.1172068089387144,0.0155384534145312,0.0212959027508579,2,png_apec_2018;png_lng_2014,APEC Papua New Guinea; PNG LNG exports begin,0,0,0,0,0,0,0,0,0,0,0,1,0,1,0,0,134629990.0,176426025.0,1259687287.0,1328163122.0,0.10687572335561722,4.0,545036.0,181.0,61000000.0,Earthquake;Volcanic activity,1,PNG
Papua New Guinea,2018,us,0.016895893636492,0.0074712056958283,2.6013689435701688e-05,0.0001487496517056,24109780708.0268,world_bank_wdi,0.180574277913302,0.4640380962185715,0.0030509637931095,0.0034669240675495,0.0001440608802998,0.0003205548271097,2,png_apec_2018;png_lng_2014,APEC Papua New Guinea; PNG LNG exports begin,0,0,0,0,0,0,0,0,0,0,0,1,0,1,0,0,8747670.0,6645580.0,1259687287.0,1328163122.0,0.0069443187132839585,4.0,545036.0,181.0,61000000.0,Earthquake;Volcanic activity,1,PNG
Papua New Guinea,2019,aus,0.3219639947607172,0.3578176696625444,0.000494761098662,0.002845987620585,24750626029.8777,world_bank_wdi,0.210986362756894,0.6116975694159769,0.0679300121932434,0.2188761988266673,0.0023449908903927,0.0046526057366915,2,aus_step_up_2018;png_lng_2014,Australia Pacific Step-up; PNG LNG exports begin,0,0,0,0,0,1,0,0,0,0,0,1,0,0,0,0,725986346.0,725986346.0,1361613946.0,977405250.0,0.5331807507794136,4.0,16801.0,12.0,0.0,Earthquake;Flood;Mass movement (wet);Volcanic activity,1,PNG
Papua New Guinea,2019,china,0.1624506629401681,0.1777767689319823,0.0021236738384635,0.0085291657459675,24750626029.8777,world_bank_wdi,0.210986362756894,0.6116975694159769,0.0342748745011922,0.1087456174543193,0.0100654554669514,0.0139434357310114,1,png_lng_2014,PNG LNG exports begin,0,0,0,0,0,0,0,0,0,0,0,1,0,0,0,0,93535206.0,9661339.0,1361613946.0,977405250.0,0.0686943654438745,4.0,16801.0,12.0,0.0,Earthquake;Flood;Mass movement (wet);Volcanic activity,1,PNG
Papua New Guinea,2019,us,0.0257911979495666,0.0051462381128054,9.388724309527292e-05,0.0001160983998077,24750626029.8777,world_bank_wdi,0.210986362756894,0.6116975694159769,0.0054415910465221,0.0031479413452389,0.0004449919979115,0.0001897970592208,1,png_lng_2014,PNG LNG exports begin,0,0,0,0,0,0,0,0,0,0,0,1,0,0,0,0,6955170.0,5633992.0,1361613946.0,977405250.0,0.005108033756875166,4.0,16801.0,12.0,0.0,Earthquake;Flood;Mass movement (wet);Volcanic activity,1,PNG
Papua New Guinea,2020,aus,0.3101436452588011,0.3395150253882705,0.0003793773298872,0.0027372034628006,23848447849.6081,world_bank_wdi,0.1851166483806428,0.5561828907543753,0.0574127521268643,0.1888324482749934,0.0020493960603003,0.0049214089615162,3,aus_step_up_2018;covid_2020;png_lng_2014,Australia Pacific Step-up; COVID-19 pandemic; PNG LNG exports begin,0,1,0,0,0,1,0,0,0,0,0,1,0,0,0,0,468702020.0,504363300.0,1944883406.0,1811716769.0,0.24099234872077469,5.0,61000.0,42.0,0.0,Flood;Mass movement (wet),1,PNG
Papua New Guinea,2020,china,0.2007061629124973,0.1617394037229894,0.002992417040126,0.0070418757890552,23848447849.6081,world_bank_wdi,0.1851166483806428,0.5561828907543753,0.0371540521877007,0.0899566891115412,0.0161650346757193,0.0126610794868285,2,covid_2020;png_lng_2014,COVID-19 pandemic; PNG LNG exports begin,0,1,0,0,0,0,0,0,0,0,0,1,0,0,0,0,142261505.0,872848.0,1944883406.0,1811716769.0,0.07314654676014033,5.0,61000.0,42.0,0.0,Flood;Mass movement (wet),1,PNG
Papua New Guinea,2020,us,0.0181704643903947,0.0066322880447301,4.430836953858962e-05,0.0001431953493175,23848447849.6081,world_bank_wdi,0.1851166483806428,0.5561828907543753,0.0033636554674696,0.0036887651370336,0.0002393537800418,0.0002574609030553,2,covid_2020;png_lng_2014,COVID-19 pandemic; PNG LNG exports begin,0,1,0,0,0,0,0,0,0,0,0,1,0,0,0,0,10956933.0,43624422.0,1944883406.0,1811716769.0,0.0056337222921423805,5.0,61000.0,42.0,0.0,Flood;Mass movement (wet),1,PNG
Papua New Guinea,2021,aus,0.318530652672264,0.2206384477152221,0.0004370777551449,0.0011350664091219,26113409477.7318,world_bank_wdi,0.1874936139294696,0.5471017619580841,0.0597224632168354,0.1207116835006946,0.0023311607578772,0.0020746897342452,3,aus_step_up_2018;covid_2020;png_lng_2014,Australia Pacific Step-up; COVID-19 pandemic; PNG LNG exports begin,0,1,0,0,0,1,0,0,0,0,0,1,0,0,0,0,1052922363.0,1052922363.0,2068044017.0,2162526273.0,0.5091392418849081,0.0,0.0,0.0,0.0,,0,PNG
Papua New Guinea,2021,china,0.1848566302503474,0.1965790690349755,0.0027688439752774,0.0099740012089539,26113409477.7318,world_bank_wdi,0.1874936139294696,0.5471017619580841,0.0346594376644613,0.1075487550331149,0.0147676708408799,0.0182306143070292,2,covid_2020;png_lng_2014,COVID-19 pandemic; PNG LNG exports begin,0,1,0,0,0,0,0,0,0,0,0,1,0,0,0,0,83709288.0,29107610.0,2068044017.0,2162526273.0,0.04047751755372816,0.0,0.0,0.0,0.0,,0,PNG
Papua New Guinea,2021,us,0.0126210492766298,0.0068890693300641,4.218811832149034e-05,0.0001852427825462,26113409477.7318,world_bank_wdi,0.1874936139294696,0.5471017619580841,0.0023663661404572,0.0037690219687294,0.0002250109613725,0.0003385892633269,2,covid_2020;png_lng_2014,COVID-19 pandemic; PNG LNG exports begin,0,1,0,0,0,0,0,0,0,0,0,1,0,0,0,0,14054970.0,13643710.0,2068044017.0,2162526273.0,0.006796262499474642,0.0,0.0,0.0,0.0,,0,PNG
Papua New Guinea,2022,aus,0.2673063755527819,0.1890422118179524,0.0004511174739776,0.0009758727998373,31653230962.4549,world_bank_wdi,0.2016405427480883,0.5400243100072554,0.0538998026464872,0.1020873899992351,0.0022372359637081,0.0018070904989893,2,aus_step_up_2018;png_lng_2014,Australia Pacific Step-up; PNG LNG exports begin,0,0,0,0,0,1,0,0,0,0,0,1,0,0,0,0,992514835.0,1503345671.0,1653606578.0,2615836807.0,0.6002121956967686,1.0,1969.0,7.0,0.0,Earthquake,1,PNG
Papua New Guinea,2022,china,0.1992991840392681,0.1917371444944088,0.0036669441455893,0.0087525946542193,31653230962.4549,world_bank_wdi,0.2016405427480883,0.5400243100072554,0.0401867956389291,0.1035427191583545,0.0181855498681658,0.0162077789685092,1,png_lng_2014,PNG LNG exports begin,0,0,0,0,0,0,0,0,0,0,0,1,0,0,0,0,79193937.0,84522377.0,1653606578.0,2615836807.0,0.04789164366761487,1.0,1969.0,7.0,0.0,Earthquake,1,PNG
Papua New Guinea,2022,us,0.0214623889356765,0.0045100502478828,6.67055654339558e-05,7.687158922268139e-05,31653230962.4549,world_bank_wdi,0.2016405427480883,0.5400243100072554,0.0043276877536603,0.002435536773211,0.0003308142525548,0.0001423483865414,1,png_lng_2014,PNG LNG exports begin,0,0,0,0,0,0,0,0,0,0,0,1,0,0,0,0,18020883.0,16585138.0,1653606578.0,2615836807.0,0.010897926532075032,1.0,1969.0,7.0,0.0,Earthquake,1,PNG
Papua New Guinea,2023,aus,0.2569003075667799,0.2299215088216317,0.0004428165234668,0.0011624525031435,30816328065.6492,world_bank_wdi,0.215174609216061,0.5116305785495229,0.0552784232881677,0.1176348745793906,0.0020579404097914,0.002272054392134,2,aus_step_up_2018;png_lng_2014,Australia Pacific Step-up; PNG LNG exports begin,0,0,0,0,0,1,0,0,0,0,0,1,0,0,0,0,394070755.0,394070755.0,774352383.0,555549167.0,0.5089036511688504,1.0,16274.0,8.0,0.0,Earthquake,1,PNG
Papua New Guinea,2023,china,0.2040206581282651,0.211547839328344,0.0040924528790954,0.0089133898758,30816328065.6492,world_bank_wdi,0.215174609216061,0.5116305785495229,0.043900065384753,0.1082343434264621,0.0190192183641247,0.0174215346961269,1,png_lng_2014,PNG LNG exports begin,0,0,0,0,0,0,0,0,0,0,0,1,0,0,0,0,36872796.0,6319988.0,774352383.0,555549167.0,0.04761759220930815,1.0,16274.0,8.0,0.0,Earthquake,1,PNG
Papua New Guinea,2023,us,0.0243581071531745,0.0051130450417687,7.138370766060189e-05,7.171520822336008e-05,30816328065.6492,world_bank_wdi,0.215174609216061,0.5116305785495229,0.0052412461879272,0.0026159901928699,0.0003317478206219,0.0001401699023281,1,png_lng_2014,PNG LNG exports begin,0,0,0,0,0,0,0,0,0,0,0,1,0,0,0,0,36715470.0,39201794.0,774352383.0,555549167.0,0.04741442114216365,1.0,16274.0,8.0,0.0,Earthquake,1,PNG
Papua New Guinea,2024,aus,0.2911840826156366,0.1937126828853676,0.0004860425267239,0.0008236576802145,30803971189.4102,world_bank_wdi,0.1777551119409692,0.450612995696214,0.0517594592007709,0.0872894523393262,0.0027343378281317,0.0018278604658126,2,aus_step_up_2018;png_lng_2014,Australia Pacific Step-up; PNG LNG exports begin,0,0,0,0,0,1,0,0,0,0,0,1,0,0,0,0,372000000.0,372000000.0,429467557.0,398914749.0,0.86618882832167,3.0,12851.0,698.0,60000000.0,Earthquake;Mass movement (wet),1,PNG
Papua New Guinea,2024,china,0.2428972769950131,0.2351681749403472,0.0052834280361751,0.0094693981935254,30803971189.4102,world_bank_wdi,0.1777551119409692,0.450612995696214,0.0431762326624051,0.1059698358022812,0.0297230722564522,0.0210144809048281,1,png_lng_2014,PNG LNG exports begin,0,0,0,0,0,0,0,0,0,0,0,1,0,0,0,0,57467557.0,26914749.0,429467557.0,398914749.0,0.13381117167833007,3.0,12851.0,698.0,60000000.0,Earthquake;Mass movement (wet),1,PNG
Papua New Guinea,2024,us,0.00890361409602,0.0056935983996029,4.429181474455792e-06,0.0001029578699894,30803971189.4102,world_bank_wdi,0.1777551119409692,0.450612995696214,0.0015826629203172,0.0025656094311362,2.4917322636137078e-05,0.0002284840228151,1,png_lng_2014,PNG LNG exports begin,0,0,0,0,0,0,0,0,0,0,0,1,0,0,0,0,,,,,,3.0,12851.0,698.0,60000000.0,Earthquake;Mass movement (wet),1,PNG
Samoa,2002,aus,0.2124551687761891,0.6540365221341952,0.0011001209561111,0.0006296706255285,281790134.211972,world_bank_wdi,0.4110584507293897,0.1186026192629567,0.0873314925265913,0.0775704446187503,0.0026763127096866,0.0053090785805704,0,,,0,0,0,0,0,0,0,0,0,0,0,0,0,0,0,0,,,,,,0.0,0.0,0.0,0.0,,0,WSM
Samoa,2002,china,0.0240711271551603,0.0,0.000374143807533,0.0,281790134.211972,world_bank_wdi,0.4110584507293897,0.1186026192629567,0.0098946402357103,0.0,0.0009101961214254,0.0,0,,,0,0,0,0,0,0,0,0,0,0,0,0,0,0,0,0,,,,,,0.0,0.0,0.0,0.0,,0,WSM
Samoa,2002,us,0.0595396275592275,0.1738070870787774,0.0009495375407081,0.0029921065736637,281790134.211972,world_bank_wdi,0.4110584507293897,0.1186026192629567,0.0244742670615009,0.0206139757740078,0.0023099818019147,0.0252279974275265,0,,,0,0,0,0,0,0,0,0,0,0,0,0,0,0,0,0,,,,,,0.0,0.0,0.0,0.0,,0,WSM
Samoa,2003,aus,0.1223484399069839,0.3979912795834637,0.000120299466578,0.0001745505244224,333426188.41876,world_bank_wdi,0.4430284336708351,0.0543785840158074,0.0542038376940613,0.0216422022343881,0.000271538929412,0.003209913012293,0,,,0,0,0,0,0,0,0,0,0,0,0,0,0,0,0,0,,4862442.0,,17662442.0,,0.0,0.0,0.0,0.0,,0,WSM
Samoa,2003,china,0.0191699032209379,0.0196961664627093,0.0001925875414246,8.441567685648843e-06,333426188.41876,world_bank_wdi,0.4430284336708351,0.0543785840158074,0.0084928121975936,0.0010710496427817,0.0004347069551019,0.0001552369896795,0,,,0,0,0,0,0,0,0,0,0,0,0,0,0,0,0,0,,,,,,0.0,0.0,0.0,0.0,,0,WSM
Samoa,2003,us,0.0646106323564767,0.2210305591828117,0.0012155170724852,0.0014500655143466,333426188.41876,world_bank_wdi,0.4430284336708351,0.0543785840158074,0.028624347251372,0.0120193288325834,0.0027436547636767,0.0266661138863991,0,,,0,0,0,0,0,0,0,0,0,0,0,0,0,0,0,0,,,,,,0.0,0.0,0.0,0.0,,0,WSM
Samoa,2004,aus,0.0930009853587959,0.0518628447594463,0.0001696492863283,7.824470930204314e-06,407747565.096959,world_bank_wdi,0.4519514713869088,0.0387628973240872,0.0420319321733402,0.0020103541263454,0.0003753705808452,0.0002018546463332,0,,,0,0,0,0,0,0,0,0,0,0,0,0,0,0,0,0,,,,,,1.0,0.0,1.0,0.0,Storm,1,WSM
Samoa,2004,china,0.0319326381499252,0.0617066476386634,0.0006371168543213,9.76641483903365e-05,407747565.096959,world_bank_wdi,0.4519514713869088,0.0387628973240872,0.0144320027971244,0.0023919284466311,0.0014097019141595,0.0025195265352274,0,,,0,0,0,0,0,0,0,0,0,0,0,0,0,0,0,0,,,,,,1.0,0.0,1.0,0.0,Storm,1,WSM
Samoa,2004,us,0.0581118909685602,0.2735742806117145,0.0014494022428384,0.0010071761378477,407747565.096959,world_bank_wdi,0.4519514713869088,0.0387628973240872,0.0262637546283164,0.0106045317498629,0.0032069864456699,0.0259829942387179,0,,,0,0,0,0,0,0,0,0,0,0,0,0,0,0,0,0,,,,,,1.0,0.0,1.0,0.0,Storm,1,WSM
Samoa,2005,aus,0.0961392911657403,0.4228181215745325,0.0001104113655554,0.0001715481358929,476801793.159429,world_bank_wdi,0.4512459833137798,0.0594429014458909,0.0433824689771742,0.0251335359302916,0.0002446811044048,0.0028859314017351,0,,,0,0,0,0,0,0,0,0,0,0,0,0,0,0,0,0,,0.0,6378532.0,0.0,,1.0,0.0,9.0,0.0,Storm,1,WSM
Samoa,2005,china,0.0276142080226164,0.0014368536954526,0.0001364847536706,2.432352563400712e-06,476801793.159429,world_bank_wdi,0.4512459833137798,0.0594429014458909,0.0124608004525968,8.541075261095557e-05,0.0003024619802006,4.09191426433787e-05,0,,,0,0,0,0,0,0,0,0,0,0,0,0,0,0,0,0,,0.0,6378532.0,0.0,,1.0,0.0,9.0,0.0,Storm,1,WSM
Samoa,2005,us,0.0612514024431161,0.2162557958050392,0.0015742289845529,0.0014941308002887,476801793.159429,world_bank_wdi,0.4512459833137798,0.0594429014458909,0.027639449324792,0.0128548719571416,0.0034886271407723,0.0251355631024984,0,,,0,0,0,0,0,0,0,0,0,0,0,0,0,0,0,0,,,,,,1.0,0.0,9.0,0.0,Storm,1,WSM
Samoa,2006,aus,0.0868316107988119,0.6919627484288856,8.637161168169438e-05,0.0010212024592489,499923757.780736,world_bank_wdi,0.4618206244586212,0.1723383669191164,0.0401006287218552,0.1192517300330975,0.0001870241542004,0.0059255665323105,0,,,0,0,0,0,0,0,0,0,0,0,0,0,0,0,0,0,13790394.0,43667524.0,47537377.0,72738940.0,0.2900958123962119,0.0,0.0,0.0,0.0,,0,WSM
Samoa,2006,china,0.0560958019630891,0.0001343840717663,0.0005767567188995,7.783712453069292e-09,499923757.780736,world_bank_wdi,0.4618206244586212,0.1723383669191164,0.0259061982921009,2.315953146815249e-05,0.0012488760535017,4.5165290771975466e-08,0,,,0,0,0,0,0,0,0,0,0,0,0,0,0,0,0,0,,,,,,0.0,0.0,0.0,0.0,,0,WSM
Samoa,2006,us,0.0747764520749405,0.0396984569068654,0.0011318526490582,0.0006876869118474,499923757.780736,world_bank_wdi,0.4618206244586212,0.1723383669191164,0.0345333077920491,0.0068415672325381,0.0024508490723753,0.0039903297457276,0,,,0,0,0,0,0,0,0,0,0,0,0,0,0,0,0,0,753000.0,1025000.0,47537377.0,72738940.0,0.015840167201484425,0.0,0.0,0.0,0.0,,0,WSM
Samoa,2007,aus,0.0794458449924467,0.7586917147104623,6.206770316538708e-05,0.0012212536837249,573548459.833372,world_bank_wdi,0.4247110158237871,0.1858927823308512,0.0337415255297212,0.1410353137788922,0.0001461410249625,0.0065696670328561,0,,,0,0,0,0,0,0,0,0,0,0,0,0,0,0,0,0,13330244.0,17526714.0,47372022.0,85563364.0,0.2813948705841604,0.0,0.0,0.0,0.0,,0,WSM
Samoa,2007,china,0.047778836436279,0.0027901719400172,0.0005364469603331,9.312361140728882e-06,573548459.833372,world_bank_wdi,0.4247110158237871,0.1858927823308512,0.0202921981577306,0.0005186728251112,0.0012630869940885,5.009533465454715e-05,0,,,0,0,0,0,0,0,0,0,0,0,0,0,0,0,0,0,,0.0,47372022.0,85563364.0,,0.0,0.0,0.0,0.0,,0,WSM
Samoa,2007,us,0.0647613156355744,0.0397698639952033,0.0009650440992355,0.0007784718947418,573548459.833372,world_bank_wdi,0.4247110158237871,0.1858927823308512,0.0275048441496697,0.0073929306709878,0.0022722370347839,0.004187746748318,0,,,0,0,0,0,0,0,0,0,0,0,0,0,0,0,0,0,1020083.0,1291184.0,47372022.0,85563364.0,0.021533448582794292,0.0,0.0,0.0,0.0,,0,WSM
Samoa,2008,aus,0.0659499999552234,0.6969963137600359,5.308018845660039e-05,0.00081928408391,641346191.664776,world_bank_wdi,0.4074200321073661,0.1314329532092388,0.0268693510992379,0.0916082838934347,0.0001302836980843,0.0062334754253429,1,gfc_2008,Global financial crisis,1,0,0,0,0,0,0,0,0,0,0,0,0,0,0,0,13148175.0,31744378.0,43422797.0,105850962.0,0.30279429028949933,0.0,0.0,0.0,0.0,,0,WSM
Samoa,2008,china,0.0966432846914452,0.0309753986830667,0.0020778479682133,8.569808940162172e-05,641346191.664776,world_bank_wdi,0.4074200321073661,0.1314329532092388,0.0393744101519499,0.004071188125749,0.0051000142468835,0.0006520289418224,1,gfc_2008,Global financial crisis,1,0,0,0,0,0,0,0,0,0,0,0,0,0,0,0,1830000.0,31275772.0,43422797.0,105850962.0,0.04214376149007629,0.0,0.0,0.0,0.0,,0,WSM
Samoa,2008,us,0.0478961538085014,0.0368884394461937,0.0007929051465945,0.0005919263579089,641346191.664776,world_bank_wdi,0.4074200321073661,0.1314329532092388,0.019513852522479,0.0048483565356934,0.0019461614160042,0.0045036373562008,1,gfc_2008,Global financial crisis,1,0,0,0,0,0,0,0,0,0,0,0,0,0,0,0,827839.0,1093664.0,43422797.0,105850962.0,0.019064617141083748,0.0,0.0,0.0,0.0,,0,WSM
Samoa,2009,aus,0.2141393913364467,0.3521778423997634,0.0011356555646474,0.0003387078713727,628006115.424052,world_bank_wdi,0.4177331725867978,0.1354918653022103,0.0894531273187797,0.0477172327848518,0.0027186147502122,0.002499839164641,2,gfc_2008;wsm_tsunami_2009,Global financial crisis; Samoa earthquake and tsunami,1,0,0,0,0,0,0,0,0,0,1,0,0,0,0,0,18163327.0,19213374.0,97915371.0,77053217.0,0.18550026226219374,1.0,5584.0,148.0,124040000.0,Earthquake,1,WSM
Samoa,2009,china,0.0993582970570821,0.0896493606983311,0.0015750577769,0.0003642771782547,628006115.424052,world_bank_wdi,0.4177331725867978,0.1354918653022103,0.0415052566524764,0.0121467591041675,0.0037704876707458,0.0026885538658886,2,gfc_2008;wsm_tsunami_2009,Global financial crisis; Samoa earthquake and tsunami,1,0,0,0,0,0,0,0,0,0,1,0,0,0,0,0,27973636.0,,97915371.0,77053217.0,0.28569197782031586,1.0,5584.0,148.0,124040000.0,Earthquake,1,WSM
Samoa,2009,us,0.1302435958556171,0.0423633548212404,0.0026639247557536,0.0004167030450713,628006115.424052,world_bank_wdi,0.4177331725867978,0.1354918653022103,0.0544070705058796,0.0057398899651892,0.0063770965069816,0.0030754838612778,2,gfc_2008;wsm_tsunami_2009,Global financial crisis; Samoa earthquake and tsunami,1,0,0,0,0,0,0,0,0,0,1,0,0,0,0,0,1481799.0,2631010.0,97915371.0,77053217.0,0.015133466634161045,1.0,5584.0,148.0,124040000.0,Earthquake,1,WSM
Samoa,2010,aus,0.1679063657228638,0.4279020908542473,0.0010768308302387,0.0005355851712083,680260907.153983,world_bank_wdi,0.6786840242393852,0.1504384640125072,0.1139553679842031,0.0643729332958533,0.0015866453191462,0.0035601611245104,0,,,0,0,0,0,0,0,0,0,0,0,0,0,0,0,0,0,43301046.0,28586818.0,197834649.0,150747498.0,0.2188749353001354,0.0,0.0,0.0,0.0,,0,WSM
Samoa,2010,china,0.1609277472484807,0.0004388229265846,0.0075917003690276,7.504713578046051e-07,680260907.153983,world_bank_wdi,0.6786840242393852,0.1504384640125072,0.1092190911143775,6.601584704886574e-05,0.0111859128812348,4.988560357424362e-06,0,,,0,0,0,0,0,0,0,0,0,0,0,0,0,0,0,0,42113178.0,33270474.0,197834649.0,150747498.0,0.212870587699731,0.0,0.0,0.0,0.0,,0,WSM
Samoa,2010,us,0.080823742374652,0.0457835622685218,0.0021412043118449,0.0003956075587902,680260907.153983,world_bank_wdi,0.6786840242393852,0.1504384640125072,0.0548537827289161,0.0068876087846974,0.0031549354859865,0.0026296968756433,0,,,0,0,0,0,0,0,0,0,0,0,0,0,0,0,0,0,1475880.0,891500.0,197834649.0,150747498.0,0.00746016942664073,0.0,0.0,0.0,0.0,,0,WSM
Samoa,2011,aus,0.0842658225757872,0.4026498374132392,0.0002415310016888,0.0003845221011883,744097050.169115,world_bank_wdi,0.6296832394289309,0.1117363467320609,0.0530607761326652,0.0449906218448136,0.0003835754019875,0.0034413341086803,0,,,0,0,0,0,0,0,0,0,0,0,0,0,0,0,0,0,30161341.0,30269491.0,136677985.0,108220988.0,0.220674463411207,0.0,0.0,0.0,0.0,,0,WSM
Samoa,2011,china,0.0867204084053824,0.0011534628554097,0.0029195858130344,6.22600227948202e-08,744097050.169115,world_bank_wdi,0.6296832394289309,0.1117363467320609,0.054606387689301,0.0001288837255546,0.0046365944497462,5.572047468503429e-07,0,,,0,0,0,0,0,0,0,0,0,0,0,0,0,0,0,0,29318895.0,18952032.0,136677985.0,108220988.0,0.2145107348487761,0.0,0.0,0.0,0.0,,0,WSM
Samoa,2011,us,0.0891915027725133,0.050520270658564,0.0026361355821003,0.0002491415366261,744097050.169115,world_bank_wdi,0.6296832394289309,0.1117363467320609,0.0561623943953306,0.0056449504793028,0.0041864471166345,0.0022297268875599,0,,,0,0,0,0,0,0,0,0,0,0,0,0,0,0,0,0,1099920.0,799420.0,136677985.0,108220988.0,0.008047528649182237,0.0,0.0,0.0,0.0,,0,WSM
Samoa,2012,aus,0.0716531044016686,0.3017389969534016,0.0002263455654424,0.0001811502567999,773141661.165548,world_bank_wdi,0.5341324219644858,0.1005055449771727,0.0382722461953374,0.030326442329667,0.0004237630148156,0.0018023906724854,1,wsm_wto_2012,Samoa WTO accession,0,0,0,0,0,0,0,0,0,0,0,0,0,0,0,1,52489262.0,52489263.0,156657799.0,159925730.0,0.3350568074813818,1.0,12703.0,12.0,133000000.0,Storm,1,WSM
Samoa,2012,china,0.1412168613084266,0.0003034424131958,0.0056479890122999,4.452744863569412e-09,773141661.165548,world_bank_wdi,0.5341324219644858,0.1005055449771727,0.0754285041528928,3.0497645107435464e-05,0.0105741362629273,4.430347464491378e-08,1,wsm_wto_2012,Samoa WTO accession,0,0,0,0,0,0,0,0,0,0,0,0,0,0,0,1,29555809.0,30190000.0,156657799.0,159925730.0,0.1886647788278961,1.0,12703.0,12.0,133000000.0,Storm,1,WSM
Samoa,2012,us,0.1132620419136546,0.0481773997006937,0.0033452846873379,0.0003394793069336,773141661.165548,world_bank_wdi,0.5341324219644858,0.1005055449771727,0.0604969287639834,0.0048420958125013,0.006263024953689,0.0033777171897404,1,wsm_wto_2012,Samoa WTO accession,0,0,0,0,0,0,0,0,0,0,0,0,0,0,0,1,727110.0,919210.0,156657799.0,159925730.0,0.00464139037214483,1.0,12703.0,12.0,133000000.0,Storm,1,WSM
Samoa,2013,aus,0.0643911124965497,0.2883593263091682,0.0002113258372689,0.0002115864955185,797736334.281305,world_bank_wdi,0.5391169406712064,0.1280855561030129,0.0347143395755554,0.0369346646677999,0.0003919851544746,0.0016519153443688,0,,,0,0,0,0,0,0,0,0,0,0,0,0,0,0,0,0,36603583.0,36603583.0,173942498.0,172457373.0,0.21043496224827127,0.0,0.0,0.0,0.0,,0,WSM
Samoa,2013,china,0.1050834158983532,0.0003185308001481,0.002832315250485,5.0298851382584144e-08,797736334.281305,world_bank_wdi,0.5391169406712064,0.1280855561030129,0.0566522496944002,4.0799194672914304e-05,0.0052536194595531,3.926972947842083e-07,0,,,0,0,0,0,0,0,0,0,0,0,0,0,0,0,0,0,51105135.0,1300000.0,173942498.0,172457373.0,0.29380476644643794,0.0,0.0,0.0,0.0,,0,WSM
Samoa,2013,us,0.11868892859004,0.0473958210896456,0.002849959596718,0.0007842256185232,797736334.281305,world_bank_wdi,0.5391169406712064,0.1280855561030129,0.0639872120730056,0.0060707201012261,0.0052863476951212,0.0061226702087514,0,,,0,0,0,0,0,0,0,0,0,0,0,0,0,0,0,0,1296590.0,1185440.0,173942498.0,172457373.0,0.0074541300424465565,0.0,0.0,0.0,0.0,,0,WSM
Samoa,2014,aus,0.0704422888793942,0.4291832345717205,0.000265741539573,0.0002249335082907,796683519.593842,world_bank_wdi,0.6159696767044723,0.0712325291088381,0.0433903139073635,0.0305718072496554,0.0004314198403318,0.0031577358140279,0,,,0,0,0,0,0,0,0,0,0,0,0,0,0,0,0,0,27122819.0,27122819.0,135283009.0,161696080.0,0.2004894716675026,0.0,0.0,0.0,0.0,,0,WSM
Samoa,2014,china,0.1357953284932664,0.0035570533116761,0.0059408981461001,1.5204552133789996e-07,796683519.593842,world_bank_wdi,0.6159696767044723,0.0712325291088381,0.0836458045899749,0.0002533779035656,0.0096447899479155,2.134495619348084e-06,0,,,0,0,0,0,0,0,0,0,0,0,0,0,0,0,0,0,32783099.0,25920000.0,135283009.0,161696080.0,0.2423297592382795,0.0,0.0,0.0,0.0,,0,WSM
Samoa,2014,us,0.084667610112703,0.1047434508206568,0.0024989641220116,0.0010035735239199,796683519.593842,world_bank_wdi,0.6159696767044723,0.0712325291088381,0.052152680428462,0.0074611409095426,0.0040569596467499,0.014088697066849,0,,,0,0,0,0,0,0,0,0,0,0,0,0,0,0,0,0,837990.0,846610.0,135283009.0,161696080.0,0.006194347732167903,0.0,0.0,0.0,0.0,,0,WSM
Samoa,2015,aus,0.0870993995554342,0.3779535674414737,0.0004198267125925,0.0002550091984029,824150498.653536,world_bank_wdi,0.5610761793573733,0.1032126646030939,0.0488693983268843,0.0390095947918796,0.0007482526046166,0.0024707161604978,0,,,0,0,0,0,0,0,0,0,0,0,0,0,0,0,0,0,28722821.0,28722821.0,133796748.0,237211567.0,0.21467503081614508,1.0,0.0,0.0,0.0,Drought,1,WSM
Samoa,2015,china,0.1487557763872823,0.0115217739972701,0.0055965860942578,2.6253449668313437e-06,824150498.653536,world_bank_wdi,0.5610761793573733,0.1032126646030939,0.0834633226727161,0.0011891929952128,0.009974734804582,2.5436267699580797e-05,0,,,0,0,0,0,0,0,0,0,0,0,0,0,0,0,0,0,31328254.0,73833760.0,133796748.0,237211567.0,0.23414809753074117,1.0,0.0,0.0,0.0,Drought,1,WSM
Samoa,2015,us,0.0856472699765608,0.0590156899312788,0.0021957422862997,0.0003465455911353,824150498.653536,world_bank_wdi,0.5610761793573733,0.1032126646030939,0.0480546430108382,0.0060911666111972,0.0039134477047565,0.0033575878742008,0,,,0,0,0,0,0,0,0,0,0,0,0,0,0,0,0,0,857876.0,867453.0,133796748.0,237211567.0,0.006411785135465325,1.0,0.0,0.0,0.0,Drought,1,WSM
Samoa,2016,aus,0.0923954303827044,0.325915622927496,0.0001628657986998,0.000197713945099,843924796.697421,world_bank_wdi,0.5312536327342283,0.1083310081156185,0.0490854080388542,0.0353067679923654,0.000306568818855,0.0018250909738427,0,,,0,0,0,0,0,0,0,0,0,0,0,0,0,0,0,0,25899550.0,25899550.0,128681064.0,177480706.0,0.20126931807153847,0.0,0.0,0.0,0.0,,0,WSM
Samoa,2016,china,0.1349416190834937,0.0096621073000007,0.0044308036437163,1.7770076217587265e-06,843924796.697421,world_bank_wdi,0.5312536327342283,0.1083310081156185,0.0716882253451445,0.0010467058243303,0.0083402792389617,1.6403499355070882e-05,0,,,0,0,0,0,0,0,0,0,0,0,0,0,0,0,0,0,29753380.0,26644540.0,128681064.0,177480706.0,0.23121801355326063,0.0,0.0,0.0,0.0,,0,WSM
Samoa,2016,us,0.0872031905812942,0.0746410233793549,0.0022802643775909,0.0005075097207573,843924796.697421,world_bank_wdi,0.5312536327342283,0.1083310081156185,0.0463270117823277,0.0080859373094669,0.0042922330071514,0.0046848056672352,0,,,0,0,0,0,0,0,0,0,0,0,0,0,0,0,0,0,1410116.0,1459696.0,128681064.0,177480706.0,0.010958224591615127,0.0,0.0,0.0,0.0,,0,WSM
Samoa,2017,aus,0.087301176598386,0.2844608768228298,0.000235324531492,0.0001225249479533,884844384.463214,world_bank_wdi,0.5171714066735139,0.0794758527429221,0.0451496723056401,0.0226077707574937,0.0004550223164998,0.0015416625770559,1,wsm_yazaki_2017,Yazaki Samoa plant closure,0,0,0,0,0,0,0,0,0,0,0,1,0,0,0,0,32397891.0,32397891.0,173563434.0,112227106.0,0.1866631136141268,0.0,0.0,0.0,0.0,,0,WSM
Samoa,2017,china,0.1001687167051106,0.0111515649575174,0.0029214102830502,1.5278484560043949e-06,884844384.463214,world_bank_wdi,0.5171714066735139,0.0794758527429221,0.0518043961230627,0.0008862801344167,0.0056488240559178,1.92240586703294e-05,0,,,0,0,0,0,0,0,0,0,0,0,0,0,0,0,0,0,22588409.0,15747758.0,173563434.0,112227106.0,0.13014497627420762,0.0,0.0,0.0,0.0,,0,WSM
Samoa,2017,us,0.1077854900749091,0.0830473773573148,0.0025797378421122,0.0004367538188659,884844384.463214,world_bank_wdi,0.5171714066735139,0.0794758527429221,0.0557435735210348,0.0066002611335358,0.0049881679629299,0.0054954279041043,0,,,0,0,0,0,0,0,0,0,0,0,0,0,0,0,0,0,1240390.0,1688120.0,173563434.0,112227106.0,0.007146609002907836,0.0,0.0,0.0,0.0,,0,WSM
Samoa,2018,aus,0.0990384514573491,0.1149646532106819,0.0003027477151654,4.495062463937464e-05,878448433.404342,world_bank_wdi,0.5306207983018255,0.0824685231883776,0.0525518621748751,0.0094809651691489,0.0005705538044011,0.0005450640183854,1,aus_step_up_2018,Australia Pacific Step-up,0,0,0,0,0,1,0,0,0,0,0,0,0,0,0,0,26665544.0,26665544.0,181559497.0,125662117.0,0.14686945293751283,1.0,0.0,0.0,0.0,Storm,1,WSM
Samoa,2018,china,0.126859560369825,0.0087868694236934,0.0047677632963908,1.5538259368513752e-06,878448433.404342,world_bank_wdi,0.5306207983018255,0.0824685231883776,0.0673143211956552,0.0007246401448211,0.0089852552173781,1.8841442489543173e-05,0,,,0,0,0,0,0,0,0,0,0,0,0,0,0,0,0,0,36797469.0,3049073.0,181559497.0,125662117.0,0.20267443790065137,1.0,0.0,0.0,0.0,Storm,1,WSM
Samoa,2018,us,0.0890508625374466,0.123138376087188,0.0023803688691703,0.0006208656002169,878448433.404342,world_bank_wdi,0.5306207983018255,0.0824685231883776,0.047252239769086,0.0101550400237254,0.0044860074780113,0.007528516047253,0,,,0,0,0,0,0,0,0,0,0,0,0,0,0,0,0,0,1831320.0,1337260.0,181559497.0,125662117.0,0.01008661089207578,1.0,0.0,0.0,0.0,Storm,1,WSM
Samoa,2019,aus,0.1044632705636843,0.0993745052852431,0.0002392420086673,3.0161462475405704e-05,912950466.064906,world_bank_wdi,0.562035841015191,0.0803096857116752,0.0587121021264577,0.007980735287211,0.0004256703775959,0.0003755644441654,1,aus_step_up_2018,Australia Pacific Step-up,0,0,0,0,0,1,0,0,0,0,0,0,0,0,0,0,24491647.0,24491647.0,150632464.0,190903084.0,0.16259208904662145,0.0,0.0,0.0,0.0,,0,WSM
Samoa,2019,china,0.1321891627077416,0.0099728084617901,0.0055297997515361,1.6809363206455982e-06,912950466.064906,world_bank_wdi,0.562035841015191,0.0803096857116752,0.0742950472355395,0.000800913113229,0.0098388738724345,2.093067985199733e-05,0,,,0,0,0,0,0,0,0,0,0,0,0,0,0,0,0,0,14428301.0,,150632464.0,190903084.0,0.09578480373261371,0.0,0.0,0.0,0.0,,0,WSM
Samoa,2019,us,0.0733105635570781,0.136825204297972,0.0019954449722737,0.0005270415591362,912950466.064906,world_bank_wdi,0.562035841015191,0.0803096857116752,0.0412031642441,0.0109883891546058,0.0035503874070903,0.0065626151374616,0,,,0,0,0,0,0,0,0,0,0,0,0,0,0,0,0,0,1233734.0,1499114.0,150632464.0,190903084.0,0.008190359284038532,0.0,0.0,0.0,0.0,,0,WSM
Samoa,2020,aus,0.0530910947389644,0.0460642828284682,7.145049735834387e-05,4.263746051646432e-06,868884902.953089,world_bank_wdi,0.4154973538762146,0.0556685446318676,0.0220592093784311,0.0025643315845715,0.000171963784346,7.659165656013284e-05,2,aus_step_up_2018;covid_2020,Australia Pacific Step-up; COVID-19 pandemic,0,1,0,0,0,1,0,0,0,0,0,0,0,0,0,0,24947125.0,26165349.0,187417075.0,181684905.0,0.13311020353935202,0.0,0.0,0.0,0.0,,0,WSM
Samoa,2020,china,0.2417271213624438,0.0118767676148704,0.0096045060461086,3.4781242047042773e-06,868884902.953089,world_bank_wdi,0.4154973538762146,0.0556685446318676,0.10043697928621,0.0006611623680507,0.0231156852300196,6.247916534741264e-05,1,covid_2020,COVID-19 pandemic,0,1,0,0,0,0,0,0,0,0,0,0,0,0,0,0,2358284.0,107840.0,187417075.0,181684905.0,0.012583079743401181,0.0,0.0,0.0,0.0,,0,WSM
Samoa,2020,us,0.0686222499668702,0.1040017359678994,0.0017380118720672,0.0003275528458642,868884902.953089,world_bank_wdi,0.4154973538762146,0.0556685446318676,0.0285123632782667,0.0057896252805207,0.0041829673663457,0.0058839843583178,1,covid_2020,COVID-19 pandemic,0,1,0,0,0,0,0,0,0,0,0,0,0,0,0,0,918035.0,1353234.0,187417075.0,181684905.0,0.004898353044940009,0.0,0.0,0.0,0.0,,0,WSM
Samoa,2021,aus,0.0890385798673723,0.0635669938777375,0.0001523004435417,6.524871606672404e-06,859724936.05765,world_bank_wdi,0.5539835684934267,0.0730171551006292,0.0493259102085139,0.0046414810512515,0.0002749187019318,8.936080291926046e-05,3,aus_step_up_2018;covid_2020;pacer_plus_wsm,Australia Pacific Step-up; COVID-19 pandemic; PACER Plus in force,0,1,1,0,0,1,0,0,0,0,0,0,0,0,0,0,35211494.0,35211494.0,100579945.0,117529744.0,0.35008464162512715,0.0,0.0,0.0,0.0,,0,WSM
Samoa,2021,china,0.1525782535264696,0.0110473063585568,0.0054642023208984,1.4198319577848732e-05,859724936.05765,world_bank_wdi,0.5539835684934267,0.0730171551006292,0.0845258453630884,0.0008066428818269,0.0098634736329067,0.0001944518320151,1,covid_2020,COVID-19 pandemic,0,1,0,0,0,0,0,0,0,0,0,0,0,0,0,0,2885217.0,491612.0,100579945.0,117529744.0,0.028685808090270878,0.0,0.0,0.0,0.0,,0,WSM
Samoa,2021,us,0.0877551492011665,0.2176003508676405,0.0031747346327763,0.0010476891004284,859724936.05765,world_bank_wdi,0.5539835684934267,0.0730171551006292,0.0486149107081353,0.0158885585692538,0.0057307379015051,0.0143485335601557,1,covid_2020,COVID-19 pandemic,0,1,0,0,0,0,0,0,0,0,0,0,0,0,0,0,783970.0,710090.0,100579945.0,117529744.0,0.007794496208960941,0.0,0.0,0.0,0.0,,0,WSM
Samoa,2022,aus,0.073482019848016,0.0483144034475822,0.0001495316116058,7.728569408709914e-06,889554711.842341,world_bank_wdi,0.6532010535884645,0.1034181077063473,0.0479985327845325,0.0049965841795099,0.0002289212651822,7.473129783668985e-05,2,aus_step_up_2018;pacer_plus_wsm,Australia Pacific Step-up; PACER Plus in force,0,0,1,0,0,1,0,0,0,0,0,0,0,0,0,0,37609407.0,37609407.0,141092403.0,159018487.0,0.266558696289268,0.0,0.0,0.0,0.0,,0,WSM
Samoa,2022,china,0.1444300520219084,0.0189061021251289,0.0058349742450784,4.409250472949845e-05,889554711.842341,world_bank_wdi,0.6532010535884645,0.1034181077063473,0.0943418621505473,0.0019552333058837,0.0089328916617986,0.0004263518808011,0,,,0,0,0,0,0,0,0,0,0,0,0,0,0,0,0,0,3686027.0,110712.0,141092403.0,159018487.0,0.02612491474824481,0.0,0.0,0.0,0.0,,0,WSM
Samoa,2022,us,0.0950831790780981,0.1744789084185285,0.0031531889938398,0.0012751799557609,889554711.842341,world_bank_wdi,0.6532010535884645,0.1034181077063473,0.0621084327523543,0.0180442785433133,0.0048272870604192,0.0123303354126514,0,,,0,0,0,0,0,0,0,0,0,0,0,0,0,0,0,0,964339.0,904169.0,141092403.0,159018487.0,0.006834804564211724,0.0,0.0,0.0,0.0,,0,WSM
Samoa,2023,aus,0.0907472258795894,0.0893359967008031,0.000186001757798,2.2102148035858484e-05,1044909500.02527,world_bank_wdi,0.5713861468247357,0.0829178919302625,0.0518517077303725,0.0074075525199194,0.0003255272442842,0.000266554630386,2,aus_step_up_2018;pacer_plus_wsm,Australia Pacific Step-up; PACER Plus in force,0,0,1,0,0,1,0,0,0,0,0,0,0,0,0,0,43808145.0,43808145.0,129237452.0,104393541.0,0.33897406921950146,0.0,0.0,0.0,0.0,,0,WSM
Samoa,2023,china,0.1500202045295902,0.0295560937388423,0.0076101170171077,8.353857674990556e-05,1044909500.02527,world_bank_wdi,0.5713861468247357,0.0829178919302625,0.0857194666120213,0.002450728986518,0.0133186936004628,0.0010074855354519,0,,,0,0,0,0,0,0,0,0,0,0,0,0,0,0,0,0,129364.0,18652.0,129237452.0,104393541.0,0.0010009791898404187,0.0,0.0,0.0,0.0,,0,WSM
Samoa,2023,us,0.0667407381337114,0.1234546167051467,0.0018654850183139,0.0007463942544862,1044909500.02527,world_bank_wdi,0.5713861468247357,0.0829178919302625,0.03813473319846,0.0102365965662493,0.0032648411738377,0.0090016067354198,0,,,0,0,0,0,0,0,0,0,0,0,0,0,0,0,0,0,1167110.0,1228859.0,129237452.0,104393541.0,0.009030741336497412,0.0,0.0,0.0,0.0,,0,WSM
Samoa,2024,aus,0.0887274326056393,0.1056166292144381,0.0001484542879269,1.6284024941677784e-05,1175749785.65113,world_bank_wdi,0.5140746197672242,0.0632391235851453,0.045612521179666,0.0066791030675383,0.0002887796483594,0.0002574992191305,2,aus_step_up_2018;pacer_plus_wsm,Australia Pacific Step-up; PACER Plus in force,0,0,1,0,0,1,0,0,0,0,0,0,0,0,0,0,,,,,,0.0,0.0,0.0,0.0,,0,WSM
Samoa,2024,china,0.1436722612882693,0.0212549701502497,0.0067063331322954,3.2026904190752254e-05,1175749785.65113,world_bank_wdi,0.5140746197672242,0.0632391235851453,0.0738582630928643,0.0013441456841302,0.0130454468562017,0.0005064413036596,0,,,0,0,0,0,0,0,0,0,0,0,0,0,0,0,0,0,13891.0,11253902.0,13891.0,11253902.0,1.0,0.0,0.0,0.0,0.0,,0,WSM
Samoa,2024,us,0.0779388099651859,0.0835479772232565,0.0024402685943606,0.0003796938491259,1175749785.65113,world_bank_wdi,0.5140746197672242,0.0632391235851453,0.0400663640979628,0.0052835008569104,0.004746915137467,0.0060040972676461,0,,,0,0,0,0,0,0,0,0,0,0,0,0,0,0,0,0,,,,,,0.0,0.0,0.0,0.0,,0,WSM
Solomon Islands,2002,aus,0.2991211610200738,0.0112226446001794,0.0003085714720592,4.695182898481592e-06,346406738.885237,world_bank_wdi,0.1550451967904511,0.2250782136944242,0.0463772992745455,0.0025259727995357,0.0019902033629346,2.086022819096997e-05,0,,,0,0,0,0,0,0,0,0,0,0,0,0,0,0,0,0,,,,,,1.0,1110.0,0.0,0.0,Storm,1,SLB
Solomon Islands,2002,china,0.0198893099276409,0.2336482976931357,7.762401589377237e-05,0.0011450399887415,346406738.885237,world_bank_wdi,0.1550451967904511,0.2250782136944242,0.0030837419717573,0.052589141477514,0.0005006541157072,0.0050872981882471,0,,,0,0,0,0,0,0,0,0,0,0,0,0,0,0,0,0,,,,,,1.0,1110.0,0.0,0.0,Storm,1,SLB
Solomon Islands,2002,us,0.0164594932206608,0.0107710269555914,2.9419758820239416e-05,0.0001932817258466,346406738.885237,world_bank_wdi,0.1550451967904511,0.2250782136944242,0.0025519653654684,0.002424323506819,0.0001897495661216,0.0008587313835225,0,,,0,0,0,0,0,0,0,0,0,0,0,0,0,0,0,0,,,,,,1.0,1110.0,0.0,0.0,Storm,1,SLB
Solomon Islands,2003,aus,0.2690016429876746,0.0304749423748678,0.0002302706098355,1.0077255534409778e-05,417666638.600021,world_bank_wdi,0.2052924224146919,0.2679834002906507,0.0552239989224718,0.0081667786812787,0.0011216712586222,3.760402891925447e-05,1,slb_ramsi,Regional Assistance Mission to Solomon Islands,0,0,0,0,1,0,0,0,0,0,0,0,0,0,0,0,,10420082.0,,10420082.0,,2.0,425.0,0.0,0.0,Storm,1,SLB
Solomon Islands,2003,china,0.0246731903495385,0.2916024488874186,0.0001021226840702,0.0019881495294755,417666638.600021,world_bank_wdi,0.2052924224146919,0.2679834002906507,0.0050652190155555,0.0781446157859311,0.0004974498467553,0.0074189279161292,0,,,0,0,0,0,0,0,0,0,0,0,0,0,0,0,0,0,,,,,,2.0,425.0,0.0,0.0,Storm,1,SLB
Solomon Islands,2003,us,0.014557869586273,0.0111896314234062,2.2118143494194297e-05,0.0001847168303321,417666638.600021,world_bank_wdi,0.2052924224146919,0.2679834002906507,0.0029886203125631,0.0029986354768435,0.0001077396975204,0.0006892845979707,0,,,0,0,0,0,0,0,0,0,0,0,0,0,0,0,0,0,,,,,,2.0,425.0,0.0,0.0,Storm,1,SLB
Solomon Islands,2004,aus,0.2547202578894539,0.02210644139209,0.0003266411977678,1.527642358328036e-05,468000121.313434,world_bank_wdi,0.2147663182605992,0.3938068786878957,0.0547053319733083,0.0087056686835158,0.0015209144544328,3.879166263976664e-05,1,slb_ramsi,Regional Assistance Mission to Solomon Islands,0,0,0,0,1,0,0,0,0,0,0,0,0,0,0,0,,,,,,0.0,0.0,0.0,0.0,,0,SLB
Solomon Islands,2004,china,0.0330349328210082,0.3144424786998807,0.0001667496797063,0.003124664373374,468000121.313434,world_bank_wdi,0.2147663182605992,0.3938068786878957,0.0070947908959541,0.1238296110636851,0.000776423794275,0.0079345093813112,0,,,0,0,0,0,0,0,0,0,0,0,0,0,0,0,0,0,,,,,,0.0,0.0,0.0,0.0,,0,SLB
Solomon Islands,2004,us,0.0189463082140847,0.0186003852043291,6.381322777185865e-05,0.0007056975660728,468000121.313434,world_bank_wdi,0.2147663182605992,0.3938068786878957,0.0040690288597695,0.0073249596397093,0.0002971286572712,0.0017919889272226,0,,,0,0,0,0,0,0,0,0,0,0,0,0,0,0,0,0,,,,,,0.0,0.0,0.0,0.0,,0,SLB
Solomon Islands,2005,aus,0.2273326296751791,0.0147286817650877,0.0003515339335729,1.9438478531322036e-05,552881356.697517,world_bank_wdi,0.2218575206309735,0.3665571311909461,0.0504354535782545,0.0053989033340349,0.0015845031197194,5.302987413767211e-05,1,slb_ramsi,Regional Assistance Mission to Solomon Islands,0,0,0,0,1,0,0,0,0,0,0,0,0,0,0,0,,23595297.0,,23595297.0,,0.0,0.0,0.0,0.0,,0,SLB
Solomon Islands,2005,china,0.0414012088466309,0.4766666375213456,0.0003871390486952,0.0057947690704385,552881356.697517,world_bank_wdi,0.2218575206309735,0.3665571311909461,0.0091851695458386,0.174725555184259,0.0017449895211764,0.0158086382103964,0,,,0,0,0,0,0,0,0,0,0,0,0,0,0,0,0,0,,,,,,0.0,0.0,0.0,0.0,,0,SLB
Solomon Islands,2005,us,0.0132192505668086,0.010856788359435,2.7272083607558447e-05,0.0002260484254999,552881356.697517,world_bank_wdi,0.2218575206309735,0.3665571311909461,0.0029327901553517,0.0039796331949817,0.0001229261173116,0.0006166799286253,0,,,0,0,0,0,0,0,0,0,0,0,0,0,0,0,0,0,,,,,,0.0,0.0,0.0,0.0,,0,SLB
Solomon Islands,2006,aus,0.2208510144595477,0.0134910563982293,0.0004233181393807,1.8832085227349997e-05,617257457.758489,world_bank_wdi,0.246403477330701,0.3771587999040232,0.0544184579348454,0.0050882706405936,0.0017179876841293,4.993144858914138e-05,1,slb_ramsi,Regional Assistance Mission to Solomon Islands,0,0,0,0,1,0,0,0,0,0,0,0,0,0,0,0,145612962.0,177507544.0,198512463.0,233788079.0,0.7335205044531637,0.0,0.0,0.0,0.0,,0,SLB
Solomon Islands,2006,china,0.0329530839218889,0.5363410466316479,0.0003397952412952,0.0073124828993214,617257457.758489,world_bank_wdi,0.246403477330701,0.3771587999040232,0.0081197544671238,0.20228574548686,0.0013790196671584,0.0193883396096878,1,slb_riots_2006,Honiara riots,0,0,0,0,0,0,0,0,0,1,0,0,0,0,0,0,,,,,,0.0,0.0,0.0,0.0,,0,SLB
Solomon Islands,2006,us,0.0201940329368111,0.0117981823016316,0.0001774455182851,0.0006940072825275,617257457.758489,world_bank_wdi,0.246403477330701,0.3771587999040232,0.0049758799369609,0.0044497882779322,0.0007201421027311,0.0018400930396007,0,,,0,0,0,0,0,0,0,0,0,0,0,0,0,0,0,0,13000.0,27000.0,198512463.0,233788079.0,6.548707221470524e-05,0.0,0.0,0.0,0.0,,0,SLB
Solomon Islands,2007,aus,0.2325948649737323,0.0179697701657038,0.0003958410675079,2.9531704261579225e-05,695291217.982227,world_bank_wdi,0.3086084829644503,0.4760255853087165,0.0717807484248647,0.0085540703609922,0.0012826642472867,6.203806092150919e-05,1,slb_ramsi,Regional Assistance Mission to Solomon Islands,0,0,0,0,1,0,0,0,0,0,0,0,0,0,0,0,203996111.0,194539198.0,244128300.0,268544424.0,0.835610254935622,1.0,2384.0,52.0,0.0,Earthquake,1,SLB
Solomon Islands,2007,china,0.0478001709890791,0.5509086238227934,0.0005176339105951,0.0112968575463079,695291217.982227,world_bank_wdi,0.3086084829644503,0.4760255853087165,0.014751538254381,0.2622466001068647,0.0016773158845887,0.0237316184149672,0,,,0,0,0,0,0,0,0,0,0,0,0,0,0,0,0,0,,,,,,1.0,2384.0,52.0,0.0,Earthquake,1,SLB
Solomon Islands,2007,us,0.0099645915925361,0.0047239258070504,2.7255010366381164e-05,9.110153278603614e-05,695291217.982227,world_bank_wdi,0.3086084829644503,0.4760255853087165,0.0030751574947328,0.0022487095472561,8.831581719521548e-05,0.0001913794879889,0,,,0,0,0,0,0,0,0,0,0,0,0,0,0,0,0,0,308275.0,298515.0,244128300.0,268544424.0,0.0012627581480721408,1.0,2384.0,52.0,0.0,Earthquake,1,SLB
Solomon Islands,2008,aus,0.1884523934378055,0.0147613722527591,0.0004597495367963,4.1649030960080935e-05,776335523.470373,world_bank_wdi,0.3041874857720744,0.4934861015858441,0.0573248597475758,0.0072845320470715,0.0015114018764757,8.439757639828058e-05,2,gfc_2008;slb_ramsi,Global financial crisis; Regional Assistance Mission to Solomon Islands,1,0,0,0,1,0,0,0,0,0,0,0,0,0,0,0,186889751.0,251687856.0,227741856.0,288520786.0,0.8206210060920905,0.0,0.0,0.0,0.0,,0,SLB
Solomon Islands,2008,china,0.0504004904884152,0.5611588372095737,0.0006102062994652,0.0132600240588784,776335523.470373,world_bank_wdi,0.3041874857720744,0.4934861015858441,0.0153311984833503,0.2769240869449978,0.0020060203920503,0.0268701064047532,1,gfc_2008,Global financial crisis,1,0,0,0,0,0,0,0,0,0,0,0,0,0,0,0,,,,,,0.0,0.0,0.0,0.0,,0,SLB
Solomon Islands,2008,us,0.008404255621425,0.0039918322217136,3.3919674435273666e-05,0.000134818370331,776335523.470373,world_bank_wdi,0.3041874857720744,0.4934861015858441,0.0025564693872671,0.0019699137212782,0.0001115091054754,0.0002731958810954,1,gfc_2008,Global financial crisis,1,0,0,0,0,0,0,0,0,0,0,0,0,0,0,0,19417.0,27772.0,227741856.0,288520786.0,8.525881162573822e-05,0.0,0.0,0.0,0.0,,0,SLB
Solomon Islands,2009,aus,0.186010861902218,0.0148314923399395,0.0001953801585744,2.558998204218379e-05,805557289.459198,world_bank_wdi,0.308995392701499,0.3703002938503097,0.0574764993202201,0.0054921059717182,0.0006323076757433,6.91060268305601e-05,2,gfc_2008;slb_ramsi,Global financial crisis; Regional Assistance Mission to Solomon Islands,1,0,0,0,1,0,0,0,0,0,0,0,0,0,0,0,177378091.0,174016139.0,221287743.0,276722355.0,0.8015721458192105,1.0,7000.0,21.0,0.0,Flood,1,SLB
Solomon Islands,2009,china,0.1038056028871492,0.5970694396073276,0.0009998899402841,0.0133010329037629,805557289.459198,world_bank_wdi,0.308995392701499,0.3703002938503097,0.0320754530287305,0.2210949889356331,0.0032359380233544,0.0359195850628727,1,gfc_2008,Global financial crisis,1,0,0,0,0,0,0,0,0,0,0,0,0,0,0,0,,,,,,1.0,7000.0,21.0,0.0,Flood,1,SLB
Solomon Islands,2009,us,0.1306545694624483,0.0032542178335892,0.0053969098772484,7.547736660264014e-05,805557289.459198,world_bank_wdi,0.308995392701499,0.3703002938503097,0.0403716599992944,0.001205037820031,0.0174659881821022,0.0002038274553277,1,gfc_2008,Global financial crisis,1,0,0,0,0,0,0,0,0,0,0,0,0,0,0,0,62750.0,62750.0,221287743.0,276722355.0,0.00028356744548657626,1.0,7000.0,21.0,0.0,Flood,1,SLB
Solomon Islands,2010,aus,0.2928103069177273,0.0131884103007224,0.0003903413043026,1.946567968015392e-05,898128551.289162,world_bank_wdi,0.3011166192320819,0.4593445775750369,0.0881700496953743,0.0060580247584716,0.0012963127219551,4.237707514240564e-05,1,slb_ramsi,Regional Assistance Mission to Solomon Islands,0,0,0,0,1,0,0,0,0,0,0,0,0,0,0,0,274451612.0,316839409.0,411265743.0,438581712.0,0.6673339967438037,3.0,17938.0,2.0,0.0,Earthquake;Flood;Storm,1,SLB
Solomon Islands,2010,china,0.1049225064563239,0.6958026978904497,0.0017353255710786,0.0263951567307203,898128551.289162,world_bank_wdi,0.3011166192320819,0.4593445775750369,0.0315939104254845,0.3196131963380596,0.0057629684323108,0.0574626500873595,0,,,0,0,0,0,0,0,0,0,0,0,0,0,0,0,0,0,,,,,,3.0,17938.0,2.0,0.0,Earthquake;Flood;Storm,1,SLB
Solomon Islands,2010,us,0.0071753835145519,0.0029566757503227,1.7643663123403292e-05,7.552900678071305e-05,898128551.289162,world_bank_wdi,0.3011166192320819,0.4593445775750369,0.0021606272255954,0.0013581329735583,5.85941193428605e-05,0.0001644277748513,0,,,0,0,0,0,0,0,0,0,0,0,0,0,0,0,0,0,225000.0,225000.0,411265743.0,438581712.0,0.0005470915188771266,3.0,17938.0,2.0,0.0,Earthquake;Flood;Storm,1,SLB
Solomon Islands,2011,aus,0.2864038961740836,0.104164826696738,0.00119857014822,0.0012511335178404,1063898226.71892,world_bank_wdi,0.4087465765791623,0.6699200704545409,0.1170666120800905,0.0697821080395637,0.0029323062672499,0.0018675862584495,1,slb_ramsi,Regional Assistance Mission to Solomon Islands,0,0,0,0,1,0,0,0,0,0,0,0,0,0,0,0,265236286.0,265684880.0,373895303.0,368695235.0,0.709386515080132,1.0,0.0,0.0,0.0,Storm,1,SLB
Solomon Islands,2011,china,0.1058055962309091,0.6025733185062396,0.0016217561402257,0.0391706423980181,1063898226.71892,world_bank_wdi,0.4087465765791623,0.6699200704545409,0.0432476752423012,0.4036759599877266,0.0039676323500942,0.0584706207882992,0,,,0,0,0,0,0,0,0,0,0,0,0,0,0,0,0,0,,,,,,1.0,0.0,0.0,0.0,Storm,1,SLB
Solomon Islands,2011,us,0.0116402166578879,0.0019642926982783,2.6358996629049627e-05,0.0001072548132456,1063898226.71892,world_bank_wdi,0.4087465765791623,0.6699200704545409,0.0047578987095514,0.0013159191028239,6.448738200977851e-05,0.0001601009105054,0,,,0,0,0,0,0,0,0,0,0,0,0,0,0,0,0,0,250000.0,425050.0,373895303.0,368695235.0,0.0006686363749265927,1.0,0.0,0.0,0.0,Storm,1,SLB
Solomon Islands,2012,aus,0.3085620527459821,0.1646891891296256,0.0029571806400883,0.0012551086458631,1185217634.37393,world_bank_wdi,0.4130898602927244,0.6158014105025823,0.127463855260474,0.10141583496055,0.0071586860979661,0.0020381711124026,1,slb_ramsi,Regional Assistance Mission to Solomon Islands,0,0,0,0,1,0,0,0,0,0,0,0,0,0,0,0,227765999.0,227765999.0,334512695.0,306264693.0,0.6808889540051686,1.0,4836.0,0.0,0.0,Flood,1,SLB
Solomon Islands,2012,china,0.0914777290040642,0.5687207402179171,0.0018646377077795,0.0340109493169948,1185217634.37393,world_bank_wdi,0.4130898602927244,0.6158014105025823,0.0377885222941846,0.350219034008266,0.0045138791507934,0.055230385538151,0,,,0,0,0,0,0,0,0,0,0,0,0,0,0,0,0,0,,,,,,1.0,4836.0,0.0,0.0,Flood,1,SLB
Solomon Islands,2012,us,0.0127882051935445,0.0022145862204989,2.9083446379551065e-05,2.1540209672268897e-05,1185217634.37393,world_bank_wdi,0.4130898602927244,0.6158014105025823,0.0052826778967959,0.0013637453182628,7.040464841945505e-05,3.497914961690165e-05,0,,,0,0,0,0,0,0,0,0,0,0,0,0,0,0,0,0,504910.0,1243110.0,334512695.0,306264693.0,0.0015093896511162305,1.0,4836.0,0.0,0.0,Flood,1,SLB
Solomon Islands,2013,aus,0.2606914377471885,0.1038968247488348,0.0025272025525683,0.0006368690381761,1285905957.64116,world_bank_wdi,0.4229863714122276,0.7066473995243542,0.1102689253109199,0.0734184210276016,0.0059746666166352,0.000901254343545,1,slb_ramsi,Regional Assistance Mission to Solomon Islands,0,0,0,0,1,0,0,0,0,0,0,0,0,0,0,0,233869976.0,233869976.0,355003920.0,353983301.0,0.6587813903576051,2.0,13556.0,10.0,4000000.0,Earthquake;Flood,1,SLB
Solomon Islands,2013,china,0.0833664345130313,0.6758225305903764,0.0017442532795161,0.0556215188591962,1285905957.64116,world_bank_wdi,0.4229863714122276,0.7066473995243542,0.0352628656322422,0.4775682337816578,0.0041236630714426,0.0787118425633989,0,,,0,0,0,0,0,0,0,0,0,0,0,0,0,0,0,0,,,,,,2.0,13556.0,10.0,4000000.0,Earthquake;Flood,1,SLB
Solomon Islands,2013,us,0.0161533236017063,0.0108635010958579,4.260513118485126e-05,0.0001255400879575,1285905957.64116,world_bank_wdi,0.4229863714122276,0.7066473995243542,0.0068326357365332,0.0076766647991179,0.0001007245955528,0.0001776559116215,0,,,0,0,0,0,0,0,0,0,0,0,0,0,0,0,0,0,1060810.0,1575000.0,355003920.0,353983301.0,0.0029881641870320758,2.0,13556.0,10.0,4000000.0,Earthquake;Flood,1,SLB
Solomon Islands,2014,aus,0.2759338258064485,0.0557551497518615,0.0025056736544869,0.0002118204858939,1335576762.84974,world_bank_wdi,0.3566995348013536,0.5312662856502753,0.0984254673011179,0.0296208313145463,0.0070246058938158,0.0003987086920726,1,slb_ramsi,Regional Assistance Mission to Solomon Islands,0,0,0,0,1,0,0,0,0,0,0,0,0,0,0,0,138941306.0,138941306.0,218344379.0,317332003.0,0.6363402009080343,1.0,52000.0,47.0,24000000.0,Flood,1,SLB
Solomon Islands,2014,china,0.117200601822491,0.6758742895568345,0.002108313413045,0.0477934140602679,1335576762.84974,world_bank_wdi,0.3566995348013536,0.5312662856502753,0.0418054001485212,0.3590692233793781,0.005910614417311,0.0899613157303371,0,,,0,0,0,0,0,0,0,0,0,0,0,0,0,0,0,0,,,,,,1.0,52000.0,47.0,24000000.0,Flood,1,SLB
Solomon Islands,2014,us,0.0102229659675833,0.0134197907417836,3.10164201292747e-05,0.0002224194888608,1335576762.84974,world_bank_wdi,0.3566995348013536,0.5312662856502753,0.003646527204927,0.0071294823815913,8.695391247579783e-05,0.0004186591448931,0,,,0,0,0,0,0,0,0,0,0,0,0,0,0,0,0,0,1503610.0,1265000.0,218344379.0,317332003.0,0.006886414969262845,1.0,52000.0,47.0,24000000.0,Flood,1,SLB
Solomon Islands,2015,aus,0.2824928567626429,0.01403447099592,0.0027205555460636,1.4386116703056624e-05,1307908813.59962,world_bank_wdi,0.3500001515703013,0.5289793201223834,0.0988725426844524,0.007423944925699,0.0077730124797309,2.719599076146925e-05,1,slb_ramsi,Regional Assistance Mission to Solomon Islands,0,0,0,0,1,0,0,0,0,0,0,0,0,0,0,0,122171519.0,122171519.0,213396233.0,213993095.0,0.5725101951541947,3.0,44496.0,9.0,2000000.0,Drought;Storm,1,SLB
Solomon Islands,2015,china,0.1156011566664176,0.6012099311632756,0.0022430847796503,0.0350279169299953,1307908813.59962,world_bank_wdi,0.3500001515703013,0.5289793201223834,0.0404604223549483,0.3180276206375744,0.0064088108807569,0.066217932530692,0,,,0,0,0,0,0,0,0,0,0,0,0,0,0,0,0,0,38688.0,,213396233.0,213993095.0,0.00018129654612975292,3.0,44496.0,9.0,2000000.0,Drought;Storm,1,SLB
Solomon Islands,2015,us,0.0110011924963355,0.0057504638081022,9.127308914394486e-05,4.332829187628095e-05,1307908813.59962,world_bank_wdi,0.3500001515703013,0.5289793201223834,0.0038504190411714,0.0030418764355982,0.000260780141764,8.190923582089488e-05,0,,,0,0,0,0,0,0,0,0,0,0,0,0,0,0,0,0,897205.0,575000.0,213396233.0,213993095.0,0.004204408800412143,3.0,44496.0,9.0,2000000.0,Drought;Storm,1,SLB
Solomon Islands,2016,aus,0.1837205510892778,0.0122918630266252,0.000706464311856,1.2997397070852538e-05,1379486290.71433,world_bank_wdi,0.4004270848635711,0.4877310883978405,0.0735666847022083,0.0059951237324131,0.0017642770395932,2.6648695110963706e-05,1,slb_ramsi,Regional Assistance Mission to Solomon Islands,0,0,0,0,1,0,0,0,0,0,0,0,0,0,0,0,109309526.0,109309526.0,198063630.0,206048431.0,0.5518909554469945,1.0,9770.0,0.0,0.0,Earthquake,1,SLB
Solomon Islands,2016,china,0.1439273022395661,0.5201968584834228,0.0032033176366856,0.027125172380024,1379486290.71433,world_bank_wdi,0.4004270848635711,0.4877310883978405,0.0576323900680676,0.2537161799692572,0.007999752658532,0.055615016194945,0,,,0,0,0,0,0,0,0,0,0,0,0,0,0,0,0,0,,,,,,1.0,9770.0,0.0,0.0,Earthquake,1,SLB
Solomon Islands,2016,us,0.0157194779800823,0.0053438435500458,5.243193475171522e-05,5.810360340760951e-05,1379486290.71433,world_bank_wdi,0.4004270848635711,0.4877310883978405,0.0062945047431414,0.0026063586308916,0.0001309400306165,0.0001191304076975,0,,,0,0,0,0,0,0,0,0,0,0,0,0,0,0,0,0,884219.0,1471000.0,198063630.0,206048431.0,0.0044643178558324914,1.0,9770.0,0.0,0.0,Earthquake,1,SLB
Solomon Islands,2017,aus,0.1826022782563885,0.0148658607657861,0.0008996202605457,4.191068887125193e-05,1469790526.3972,world_bank_wdi,0.4529825822404813,0.6205624873877521,0.0827156515275737,0.0092251955339762,0.0019859930509826,6.753661351280562e-05,1,slb_ramsi,Regional Assistance Mission to Solomon Islands,0,0,0,0,1,0,0,0,0,0,0,0,0,0,0,0,119748894.0,119748894.0,223161272.0,363580569.0,0.5366024889838412,0.0,0.0,0.0,0.0,,0,SLB
Solomon Islands,2017,china,0.1262804294596964,0.6204511732424385,0.0027852588931951,0.0650414171220597,1469790526.3972,world_bank_wdi,0.4529825822404813,0.6205624873877521,0.0572028350230902,0.3850287233699767,0.006148710794616,0.1048104235173005,0,,,0,0,0,0,0,0,0,0,0,0,0,0,0,0,0,0,,,,,,0.0,0.0,0.0,0.0,,0,SLB
Solomon Islands,2017,us,0.0140633652040067,0.0058564547308251,7.063985521933175e-05,6.93950565033127e-05,1469790526.3972,world_bank_wdi,0.4529825822404813,0.6205624873877521,0.0063704594851019,0.0036342961150345,0.0001559438662518,0.0001118260576713,0,,,0,0,0,0,0,0,0,0,0,0,0,0,0,0,0,0,666190.0,1073140.0,223161272.0,363580569.0,0.002985240198845972,0.0,0.0,0.0,0.0,,0,SLB
Solomon Islands,2018,aus,0.1750056074686116,0.0109134941317432,0.0008776139080508,2.7381943946234543e-05,1615473250.25259,world_bank_wdi,0.4164442499402638,0.6203273392755414,0.0728800789376062,0.0067699387769435,0.0021073983088414,4.414112068349746e-05,1,aus_step_up_2018,Australia Pacific Step-up,0,0,0,0,0,1,0,0,0,0,0,0,0,0,0,0,120541015.0,120541015.0,220548129.0,247599643.0,0.5465519727895765,1.0,1000.0,0.0,0.0,Storm,1,SLB
Solomon Islands,2018,china,0.1533689301892878,0.632420028669497,0.003777689505034,0.0619136493447916,1615473250.25259,world_bank_wdi,0.4164442499402638,0.6203273392755414,0.0638696090968186,0.3923074336891107,0.0090712970717591,0.099808029446354,0,,,0,0,0,0,0,0,0,0,0,0,0,0,0,0,0,0,,,,,,1.0,1000.0,0.0,0.0,Storm,1,SLB
Solomon Islands,2018,us,0.0175340204984657,0.0049240919787485,6.363308674894161e-05,6.011165186701013e-05,1615473250.25259,world_bank_wdi,0.4164442499402638,0.6203273392755414,0.0073019420149207,0.0030545488755251,0.0001528009733789,9.690311559895528e-05,0,,,0,0,0,0,0,0,0,0,0,0,0,0,0,0,0,0,1602210.0,1092770.0,220548129.0,247599643.0,0.007264672827943147,1.0,1000.0,0.0,0.0,Storm,1,SLB
Solomon Islands,2019,aus,0.1256293502370629,0.0084231601733284,0.0004558433650355,1.9105794368940487e-05,1619150563.92084,world_bank_wdi,0.2597908998539341,0.4408764687524759,0.0326373619461516,0.0037135731129535,0.0017546548600886,4.333593585296831e-05,1,aus_step_up_2018,Australia Pacific Step-up,0,0,0,0,0,1,0,0,0,0,0,0,0,0,0,0,127238157.0,127238157.0,324193150.0,447339011.0,0.3924763894610358,0.0,0.0,0.0,0.0,,0,SLB
Solomon Islands,2019,china,0.2334380447391069,0.6459620192010124,0.0054449376164693,0.0478588591219084,1619150563.92084,world_bank_wdi,0.2597908998539341,0.4408764687524759,0.0606450797029155,0.2847894539735613,0.0209589235786578,0.1085538977785139,1,slb_switch_chn_2019,Solomon Islands switches recognition to China,0,0,0,1,0,0,0,0,0,0,0,0,0,0,0,0,10209122.0,53000000.0,324193150.0,447339011.0,0.03149086277732888,0.0,0.0,0.0,0.0,,0,SLB
Solomon Islands,2019,us,0.0261753845709542,0.0073705961056835,4.680301173891735e-05,9.275526382542444e-05,1619150563.92084,world_bank_wdi,0.2597908998539341,0.4408764687524759,0.0068001267117109,0.0032495223836745,0.0001801564710897,0.0002103883296105,0,,,0,0,0,0,0,0,0,0,0,0,0,0,0,0,0,0,21396021.0,21762295.0,324193150.0,447339011.0,0.0659977578181402,0.0,0.0,0.0,0.0,,0,SLB
Solomon Islands,2020,aus,0.1272745377763794,0.0097840048003239,0.0003988104149882,1.1498600006266254e-05,1536143427.82958,world_bank_wdi,0.2350397264076668,0.3607687823675552,0.0299145725376224,0.0035297634984911,0.0016967787577173,3.187249165741661e-05,2,aus_step_up_2018;covid_2020,Australia Pacific Step-up; COVID-19 pandemic,0,1,0,0,0,1,0,0,0,0,0,0,0,0,0,0,87105705.0,98072355.0,235264950.0,205369303.0,0.37024514276350984,1.0,150000.0,48.0,0.0,Storm,1,SLB
Solomon Islands,2020,china,0.3227859158006712,0.6410037283897735,0.0084253478414017,0.0384120522541576,1536143427.82958,world_bank_wdi,0.2350397264076668,0.3607687823675552,0.0758675133380379,0.2312541345842416,0.0358464842100279,0.1064727718459383,2,covid_2020;slb_switch_chn_2019,COVID-19 pandemic; Solomon Islands switches recognition to China,0,1,0,1,0,0,0,0,0,0,0,0,0,0,0,0,12643923.0,704648.0,235264950.0,205369303.0,0.05374333490815355,1.0,150000.0,48.0,0.0,Storm,1,SLB
Solomon Islands,2020,us,0.0079575830291502,0.0061520526201762,8.797865028173587e-06,3.555491925703956e-05,1536143427.82958,world_bank_wdi,0.2350397264076668,0.3607687823675552,0.0018703481380377,0.0022194685328421,3.7431395801210425e-05,9.855320358848514e-05,1,covid_2020,COVID-19 pandemic,0,1,0,0,0,0,0,0,0,0,0,0,0,0,0,0,895368.0,2877880.0,235264950.0,205369303.0,0.0038057857747190987,1.0,150000.0,48.0,0.0,Storm,1,SLB
Solomon Islands,2021,aus,0.1171802150124889,0.0258216887728218,0.000517086714304,2.458072764325508e-05,1558312103.84225,world_bank_wdi,0.2974979472064283,0.3428608586705082,0.0348608734194233,0.0088532463849723,0.0017381185959754,7.16930119657588e-05,4,aus_step_up_2018;covid_2020;pacer_plus_slb;slb_unrest_2021,Australia Pacific Step-up; COVID-19 pandemic; PACER Plus in force; Honiara unrest 2021,0,1,1,0,0,1,0,0,0,1,0,0,0,0,0,0,137829756.0,160529756.0,307786639.0,430668972.0,0.4478094190436902,0.0,0.0,0.0,0.0,,0,SLB
Solomon Islands,2021,china,0.3482013830478786,0.600136697653507,0.0125787488674738,0.0196812510520993,1558312103.84225,world_bank_wdi,0.2974979472064283,0.3428608586705082,0.1035891966711831,0.2057633834771645,0.0422818005488477,0.0574030267800652,3,covid_2020;slb_switch_chn_2019;slb_unrest_2021,COVID-19 pandemic; Solomon Islands switches recognition to China; Honiara unrest 2021,0,1,0,1,0,0,0,0,0,1,0,0,0,0,0,0,41120648.0,22851263.0,307786639.0,430668972.0,0.13360114699455813,0.0,0.0,0.0,0.0,,0,SLB
Solomon Islands,2021,us,0.0118950854506406,0.0035657238362863,1.9113154136083334e-05,6.413034325579156e-05,1558312103.84225,world_bank_wdi,0.2974979472064283,0.3428608586705082,0.0035387635034106,0.001222547136291,6.424633956489477e-05,0.0001870448073439,2,covid_2020;slb_unrest_2021,COVID-19 pandemic; Honiara unrest 2021,0,1,0,0,0,0,0,0,0,1,0,0,0,0,0,0,1963080.0,1921140.0,307786639.0,430668972.0,0.006378054636738147,0.0,0.0,0.0,0.0,,0,SLB
Solomon Islands,2022,aus,0.0989739195965943,0.0421867125352694,0.0004983234060951,9.568103334027913e-05,1466670929.62333,world_bank_wdi,0.3687339873429488,0.3854152213579185,0.0364950480158126,0.0162594011501437,0.0013514441933763,0.0002482544228615,2,aus_step_up_2018;pacer_plus_slb,Australia Pacific Step-up; PACER Plus in force,0,0,1,0,0,1,0,0,0,0,0,0,0,0,0,0,115545410.0,115545410.0,293588051.0,445638791.0,0.3935630541039969,0.0,0.0,0.0,0.0,,0,SLB
Solomon Islands,2022,china,0.3631233230984656,0.5334146505911087,0.0190743325706726,0.0172018456405653,1466670929.62333,world_bank_wdi,0.3687339873429488,0.3854152213579185,0.1338959108233191,0.2055861256331289,0.0517292498804351,0.0446319830855634,2,slb_security_chn_2022;slb_switch_chn_2019,Solomon Islands-China security agreement; Solomon Islands switches recognition to China,0,0,0,1,0,0,0,1,0,0,0,0,0,0,0,0,40373114.0,87043756.0,293588051.0,445638791.0,0.13751620293293204,0.0,0.0,0.0,0.0,,0,SLB
Solomon Islands,2022,us,0.0120414875854507,0.0025804096457076,2.9632876579416516e-05,4.9530380982369264e-05,1466670929.62333,world_bank_wdi,0.3687339873429488,0.3854152213579185,0.0044401057309238,0.0009945291547945,8.036383299773186e-05,0.0001285117406828,0,,,0,0,0,0,0,0,0,0,0,0,0,0,0,0,0,0,3211199.0,24557293.0,293588051.0,445638791.0,0.010937771442203552,0.0,0.0,0.0,0.0,,0,SLB
Solomon Islands,2023,aus,0.1212951034962143,0.1061127887824232,0.0005723747212178,0.0003536666210885,1506124566.40404,world_bank_wdi,0.3902349627051561,0.3726685684040738,0.0473335901891632,0.0395449010849095,0.0014667438233879,0.0009490111350229,2,aus_step_up_2018;pacer_plus_slb,Australia Pacific Step-up; PACER Plus in force,0,0,1,0,0,1,0,0,0,0,0,0,0,0,0,0,107574991.0,112474991.0,289506852.0,258420386.0,0.37158012066671225,1.0,22319.0,0.0,0.0,Storm,1,SLB
Solomon Islands,2023,china,0.3921931630245454,0.5434484095847116,0.0221054762012656,0.0327634319369161,1506124566.40404,world_bank_wdi,0.3902349627051561,0.3726685684040738,0.1530474843461007,0.2025261408014052,0.0566465804294617,0.0879157372386493,2,slb_security_chn_2022;slb_switch_chn_2019,Solomon Islands-China security agreement; Solomon Islands switches recognition to China,0,0,0,1,0,0,0,1,0,0,0,0,0,0,0,0,40501094.0,12355281.0,289506852.0,258420386.0,0.13989684085266485,1.0,22319.0,0.0,0.0,Storm,1,SLB
Solomon Islands,2023,us,0.0097090024109607,0.0019771389481961,3.096358485473361e-05,3.29740480092091e-05,1506124566.40404,world_bank_wdi,0.3902349627051561,0.3726685684040738,0.0037887921937455,0.0007368175413601,7.934600385390965e-05,8.848089376149451e-05,0,,,0,0,0,0,0,0,0,0,0,0,0,0,0,0,0,0,5565744.0,1734342.0,289506852.0,258420386.0,0.019224912852839834,1.0,22319.0,0.0,0.0,Storm,1,SLB
Solomon Islands,2024,aus,0.124729341003573,0.1363805035813456,0.0005484426995064,0.0005464660374637,1583964703.75061,world_bank_wdi,0.3512560719835331,0.4284015107112128,0.0438119383820097,0.0584256137658044,0.0015613757120536,0.0012755931615565,2,aus_step_up_2018;pacer_plus_slb,Australia Pacific Step-up; PACER Plus in force,0,0,1,0,0,1,0,0,0,0,0,0,0,0,0,0,,,,,,0.0,0.0,0.0,0.0,,0,SLB
Solomon Islands,2024,china,0.3739271712094899,0.5846650394830403,0.0196896448855847,0.0641930665603753,1583964703.75061,world_bank_wdi,0.3512560719835331,0.4284015107112128,0.1313441893669595,0.2504713861745653,0.0560549594898044,0.149843231070322,2,slb_security_chn_2022;slb_switch_chn_2019,Solomon Islands-China security agreement; Solomon Islands switches recognition to China,0,0,0,1,0,0,0,1,0,0,0,0,0,0,0,0,28995606.0,20542821.0,28995606.0,20542821.0,1.0,0.0,0.0,0.0,0.0,,0,SLB
Solomon Islands,2024,us,0.0123828649922079,0.0017488659640964,6.07515851163568e-05,2.4929245245783484e-05,1583964703.75061,world_bank_wdi,0.3512560719835331,0.4284015107112128,0.0043495565170653,0.0007492168210503,0.000172955259601,5.819131030699933e-05,0,,,0,0,0,0,0,0,0,0,0,0,0,0,0,0,0,0,,,,,,0.0,0.0,0.0,0.0,,0,SLB
Tonga,2002,aus,0.1402694661219689,0.0183830205688204,0.000308605100405,3.180933315178743e-06,182764280.828501,world_bank_wdi,0.3215226724479102,0.1330258893575261,0.045099813610377,0.002445417660245,0.0009598237600338,2.391213718278199e-05,0,,,0,0,0,0,0,0,0,0,0,0,0,0,0,0,0,0,,,,,,0.0,0.0,0.0,0.0,,0,TON
Tonga,2002,china,0.0736155456014223,0.0004060071286312,0.0004700218541183,8.51763656015638e-08,182764280.828501,world_bank_wdi,0.3215226724479102,0.1330258893575261,0.0236690669554803,5.400945937167323e-05,0.0014618622398845,6.402991629143717e-07,0,,,0,0,0,0,0,0,0,0,0,0,0,0,0,0,0,0,,,,,,0.0,0.0,0.0,0.0,,0,TON
Tonga,2002,us,0.1527665263399364,0.3110893170027238,0.0076036934360771,0.0053329088299003,182764280.828501,world_bank_wdi,0.3215226724479102,0.1330258893575261,0.0491179018094004,0.0413829330639127,0.023649011679912,0.0400892552243522,0,,,0,0,0,0,0,0,0,0,0,0,0,0,0,0,0,0,,,,,,0.0,0.0,0.0,0.0,,0,TON
Tonga,2003,aus,0.1097900986634347,0.0177641352839691,0.0001252774239822,3.5359263340088493e-06,202246591.215502,world_bank_wdi,0.3578799799047102,0.1271100978538002,0.0392916783034061,0.0022580009742334,0.0003500542947823,2.781782402587565e-05,0,,,0,0,0,0,0,0,0,0,0,0,0,0,0,0,0,0,,,,,,0.0,0.0,0.0,0.0,,0,TON
Tonga,2003,china,0.0282312770186838,0.0020455442253927,0.0001406409724711,5.417061480652736e-06,202246591.215502,world_bank_wdi,0.3578799799047102,0.1271100978538002,0.0101034088521308,0.0002600093266539,0.0003929836268254,4.261708213680507e-05,0,,,0,0,0,0,0,0,0,0,0,0,0,0,0,0,0,0,,0.0,,0.0,,0.0,0.0,0.0,0.0,,0,TON
Tonga,2003,us,0.0574492077273384,0.3717378109121417,0.0006472868746528,0.0070022194776514,202246591.215502,world_bank_wdi,0.3578799799047102,0.1271100978538002,0.0205599213070013,0.0472516295209998,0.0018086702553888,0.0550878301242851,0,,,0,0,0,0,0,0,0,0,0,0,0,0,0,0,0,0,,,,,,0.0,0.0,0.0,0.0,,0,TON
Tonga,2004,aus,0.1102304852138097,0.0174229693827879,0.0002732145882471,2.305380877214282e-06,230678011.42199,world_bank_wdi,0.346760735914575,0.1132690057406538,0.0382236041729613,0.0019734824190382,0.0007879052036458,2.0353148349273874e-05,0,,,0,0,0,0,0,0,0,0,0,0,0,0,0,0,0,0,,0.0,,0.0,,1.0,0.0,0.0,0.0,Storm,1,TON
Tonga,2004,china,0.0784909108163503,0.0,0.0014483320992944,0.0,230678011.42199,world_bank_wdi,0.346760735914575,0.1132690057406538,0.0272175659972829,0.0,0.0041767476801389,0.0,0,,,0,0,0,0,0,0,0,0,0,0,0,0,0,0,0,0,,,,,,1.0,0.0,0.0,0.0,Storm,1,TON
Tonga,2004,us,0.0739179185938275,0.1693731510013005,0.0004407213317143,0.0020141117516425,230678011.42199,world_bank_wdi,0.346760735914575,0.1132690057406538,0.0256318318488693,0.0191847284130789,0.0012709666524152,0.0177816670895314,0,,,0,0,0,0,0,0,0,0,0,0,0,0,0,0,0,0,,,,,,1.0,0.0,0.0,0.0,Storm,1,TON
Tonga,2005,aus,0.1094028750608607,0.0335252263534064,0.0001458841755677,5.353282397956212e-06,261823805.433238,world_bank_wdi,0.327522456783885,0.0656069182539631,0.0358318984191535,0.0021994867848135,0.0004454173219151,8.159630935923183e-05,0,,,0,0,0,0,0,0,0,0,0,0,0,0,0,0,0,0,,,,,,0.0,0.0,0.0,0.0,,0,TON
Tonga,2005,china,0.0342950679750916,7.876604290519671e-05,0.0002003225524551,1.1098897162326034e-09,261823805.433238,world_bank_wdi,0.327522456783885,0.0656069182539631,0.0112324049187723,5.167597338069396e-06,0.0006116299762226,1.6917266437302253e-08,0,,,0,0,0,0,0,0,0,0,0,0,0,0,0,0,0,0,,,,,,0.0,0.0,0.0,0.0,,0,TON
Tonga,2005,us,0.0875812459704116,0.2742596937974448,0.0008161280433501,0.0016613468317439,261823805.433238,world_bank_wdi,0.327522456783885,0.0656069182539631,0.0286848248484229,0.0179933333113259,0.0024918231603539,0.0253227384543939,0,,,0,0,0,0,0,0,0,0,0,0,0,0,0,0,0,0,,,,,,0.0,0.0,0.0,0.0,,0,TON
Tonga,2006,aus,0.0711517525405303,0.0288109320127497,2.982330319255381e-05,3.964587193243495e-06,292232703.306768,world_bank_wdi,0.3060843601275628,0.0673387056866891,0.0217784386483229,0.0019400908713657,9.743491363010098e-05,5.887531031097877e-05,1,ton_riots_2006,Nuku'alofa riots,0,0,0,0,0,0,0,0,0,1,0,0,0,0,0,0,7973885.0,5699297.0,23472744.0,24445853.0,0.33970825907699587,0.0,0.0,0.0,0.0,,0,TON
Tonga,2006,china,0.0418172888652674,0.0006855680381686,0.000350186903544,3.722094722336078e-08,292232703.306768,world_bank_wdi,0.3060843601275628,0.0673387056866891,0.0127996181045948,4.616526435043779e-05,0.0011440862362196,5.527422430205434e-07,1,ton_riots_2006,Nuku'alofa riots,0,0,0,0,0,0,0,0,0,1,0,0,0,0,0,0,,,,,,0.0,0.0,0.0,0.0,,0,TON
Tonga,2006,us,0.0955042300620719,0.3202716640211495,0.0012903316145353,0.0025451746907217,292232703.306768,world_bank_wdi,0.3060843601275628,0.0673387056866891,0.0292323511480248,0.0215666793233063,0.0042156077951764,0.0377966084255298,1,ton_riots_2006,Nuku'alofa riots,0,0,0,0,0,0,0,0,0,1,0,0,0,0,0,0,896000.0,1079000.0,23472744.0,24445853.0,0.03817193251883972,0.0,0.0,0.0,0.0,,0,TON
Tonga,2007,aus,0.0788509357365164,0.0257298757236633,4.6023570248792905e-05,1.9373624126394505e-06,298519623.342085,world_bank_wdi,0.3594452679482285,0.0679426691382289,0.0283425957237806,0.0017481564332606,0.0001280405512402,2.851466445479054e-05,1,ton_wto_2007,Tonga WTO accession,0,0,0,0,0,0,0,0,0,0,0,0,0,0,0,1,10854086.0,17531225.0,33398313.0,40611088.0,0.32498904959660685,0.0,0.0,0.0,0.0,,0,TON
Tonga,2007,china,0.0715627780891642,0.0019346008474417,0.0009012583357604,1.3797865616820197e-06,298519623.342085,world_bank_wdi,0.3594452679482285,0.0679426691382289,0.0257229019453792,0.0001314419452922,0.0025073590227101,2.030810062635091e-05,1,ton_wto_2007,Tonga WTO accession,0,0,0,0,0,0,0,0,0,0,0,0,0,0,0,1,,0.0,33398313.0,40611088.0,,0.0,0.0,0.0,0.0,,0,TON
Tonga,2007,us,0.1011338372581042,0.2534371483989425,0.0012465554925694,0.0014751722326604,298519623.342085,world_bank_wdi,0.3594452679482285,0.0679426691382289,0.0363520792318717,0.0172191963210055,0.003467998061805,0.0217120147231666,1,ton_wto_2007,Tonga WTO accession,0,0,0,0,0,0,0,0,0,0,0,0,0,0,0,1,768353.0,901916.0,33398313.0,40611088.0,0.02300574283497493,0.0,0.0,0.0,0.0,,0,TON
Tonga,2008,aus,0.0831700175068848,0.0549233416209253,0.0001176190131491,3.982883167634313e-06,344438844.333518,world_bank_wdi,0.6445749591036911,0.0523978764210588,0.0536093106331535,0.0028778664668848,0.0001824753063828,7.601230125489556e-05,1,gfc_2008,Global financial crisis,1,0,0,0,0,0,0,0,0,0,0,0,0,0,0,0,11860543.0,8823794.0,74032252.0,111784811.0,0.16020778349414522,0.0,0.0,0.0,0.0,,0,TON
Tonga,2008,china,0.0405108393355031,0.0038595703070457,0.0005254194756637,7.588276602848467e-07,344438844.333518,world_bank_wdi,0.6445749591036911,0.0523978764210588,0.0261122726079381,0.0002022332879869,0.0008151409983322,1.4482030801917613e-05,1,gfc_2008,Global financial crisis,1,0,0,0,0,0,0,0,0,0,0,0,0,0,0,0,48994581.0,69483470.0,74032252.0,111784811.0,0.6618004947357268,0.0,0.0,0.0,0.0,,0,TON
Tonga,2008,us,0.0840572617583904,0.2153640452964406,0.0015834222042003,0.0008024501581804,344438844.333518,world_bank_wdi,0.6445749591036911,0.0523978764210588,0.0541812060602827,0.0112846186309822,0.0024565369501821,0.01531455495891,1,gfc_2008,Global financial crisis,1,0,0,0,0,0,0,0,0,0,0,0,0,0,0,0,828630.0,1013751.0,74032252.0,111784811.0,0.011192824446296731,0.0,0.0,0.0,0.0,,0,TON
Tonga,2009,aus,0.1029956933500482,0.0680622105516187,0.0001022748375515,2.01478525916636e-05,312415028.446113,world_bank_wdi,0.5396450511313347,0.0499216093334963,0.055581116204194,0.003397775085532,0.0001895224228168,0.0004035898053099,1,gfc_2008,Global financial crisis,1,0,0,0,0,0,0,0,0,0,0,0,0,0,0,0,14725278.0,13023188.0,56422237.0,73892457.0,0.26098359056554243,1.0,507.0,9.0,9500000.0,Earthquake,1,TON
Tonga,2009,china,0.0598001910207257,0.0074803185199324,0.0010965085179594,8.769266805199899e-06,312415028.446113,world_bank_wdi,0.5396450511313347,0.0499216093334963,0.0322708771410431,0.0003734295388421,0.0020319069278234,0.0001756607393527,1,gfc_2008,Global financial crisis,1,0,0,0,0,0,0,0,0,0,0,0,0,0,0,0,18772000.0,42980000.0,56422237.0,73892457.0,0.332705702540649,1.0,507.0,9.0,9500000.0,Earthquake,1,TON
Tonga,2009,us,0.1164028336037989,0.1569474888885227,0.0024704672513609,0.0003637828657785,312415028.446113,world_bank_wdi,0.5396450511313347,0.0499216093334963,0.0628162130919543,0.007835071226166,0.0045779484981503,0.0072870821000251,1,gfc_2008,Global financial crisis,1,0,0,0,0,0,0,0,0,0,0,0,0,0,0,0,1210000.0,1540000.0,56422237.0,73892457.0,0.021445445348081467,1.0,507.0,9.0,9500000.0,Earthquake,1,TON
Tonga,2010,aus,0.0784511434226632,0.0375510166119363,5.936946681941775e-05,2.901930038732193e-06,366887374.989696,world_bank_wdi,0.5610833897072129,0.0416137949702651,0.0440176334779945,0.0015626403062141,0.0001058121981661,6.973480887301306e-05,0,,,0,0,0,0,0,0,0,0,0,0,0,0,0,0,0,0,21277530.0,26921743.0,91529833.0,95371302.0,0.23246551755426015,0.0,0.0,0.0,0.0,,0,TON
Tonga,2010,china,0.0639315857850061,0.0031881943800378,0.001034589045638,1.9969099100822467e-07,366887374.989696,world_bank_wdi,0.5610833897072129,0.0416137949702651,0.0358709508616087,0.0001326728672562,0.0018439131591079,4.798672919663117e-06,0,,,0,0,0,0,0,0,0,0,0,0,0,0,0,0,0,0,18772000.0,0.0,91529833.0,95371302.0,0.2050916011176378,0.0,0.0,0.0,0.0,,0,TON
Tonga,2010,us,0.115931855762217,0.1493885473371804,0.0029028812042658,0.0002361496207534,366887374.989696,world_bank_wdi,0.5610833897072129,0.0416137949702651,0.0650474386061124,0.0062166243797951,0.0051737072554947,0.0056747917588921,0,,,0,0,0,0,0,0,0,0,0,0,0,0,0,0,0,0,1173360.0,1054470.0,91529833.0,95371302.0,0.012819426863807345,0.0,0.0,0.0,0.0,,0,TON
Tonga,2011,aus,0.0621954215972247,0.0566039675798622,3.716680712040349e-05,3.6637204820653976e-05,414143828.494419,world_bank_wdi,0.5213191315318839,0.0565977986083061,0.0324236631723245,0.0032036599575161,7.12937716503703e-05,0.0006473256155103,0,,,0,0,0,0,0,0,0,0,0,0,0,0,0,0,0,0,32045913.0,32145029.0,144277533.0,137707854.0,0.2221129813745845,1.0,7600.0,3.0,3000000.0,Storm,1,TON
Tonga,2011,china,0.0761797412047472,0.0021101869829083,0.0014168144600104,4.304241990125603e-07,414143828.494419,world_bank_wdi,0.5213191315318839,0.0565977986083061,0.0397139565251825,0.0001194319378845,0.0027177488304469,7.604963613362029e-06,0,,,0,0,0,0,0,0,0,0,0,0,0,0,0,0,0,0,47436059.0,5459059.0,144277533.0,137707854.0,0.3287834080168255,1.0,7600.0,3.0,3000000.0,Storm,1,TON
Tonga,2011,us,0.1090738300588842,0.1036385857472402,0.0025958123592401,0.0001842493670916,414143828.494419,world_bank_wdi,0.5213191315318839,0.0565977986083061,0.0568622743591538,0.0058657158041719,0.0049793153602716,0.0032554157868711,0,,,0,0,0,0,0,0,0,0,0,0,0,0,0,0,0,0,1207810.0,1187360.0,144277533.0,137707854.0,0.008371435072985342,1.0,7600.0,3.0,3000000.0,Storm,1,TON
Tonga,2012,aus,0.0552788405727972,0.0961620527528395,4.155542611215238e-05,5.534391747484917e-05,471122971.305043,world_bank_wdi,0.4813103962472245,0.0441386034359505,0.0266062806601802,0.0042444587120445,8.633810205671829e-05,0.0012538665287667,0,,,0,0,0,0,0,0,0,0,0,0,0,0,0,0,0,0,30647109.0,30647109.0,102293450.0,85331397.0,0.29959991573263,0.0,0.0,0.0,0.0,,0,TON
Tonga,2012,china,0.0869092973364754,8.704136773246657e-05,0.0018912941045401,5.581517495777493e-08,471122971.305043,world_bank_wdi,0.4813103962472245,0.0441386034359505,0.0418303483385868,3.841884412866084e-06,0.0039294686324803,1.2645432934634697e-06,0,,,0,0,0,0,0,0,0,0,0,0,0,0,0,0,0,0,20389500.0,110000.0,102293450.0,85331397.0,0.19932361260667228,0.0,0.0,0.0,0.0,,0,TON
Tonga,2012,us,0.1195569691215397,0.1479936964737666,0.0027021445286531,0.0002450282616656,471122971.305043,world_bank_wdi,0.4813103962472245,0.0441386034359505,0.0575440121820054,0.006532235079676,0.0056141412064267,0.0055513369837643,0,,,0,0,0,0,0,0,0,0,0,0,0,0,0,0,0,0,997550.0,1031780.0,102293450.0,85331397.0,0.009751846281457904,0.0,0.0,0.0,0.0,,0,TON
Tonga,2013,aus,0.0494142624288086,0.1187159989834887,2.806227745119531e-05,4.681032364265023e-05,451788498.263614,world_bank_wdi,0.5227402886697623,0.0402135580472417,0.0258308258064388,0.0047739927162588,5.368302015252447e-05,0.0011640433206049,0,,,0,0,0,0,0,0,0,0,0,0,0,0,0,0,0,0,31933931.0,31933931.0,107426546.0,137595583.0,0.2972629409494372,0.0,0.0,0.0,0.0,,0,TON
Tonga,2013,china,0.1410687813190649,0.0018240289546088,0.0017633178400365,2.955444964312893e-07,451788498.263614,world_bank_wdi,0.5227402886697623,0.0402135580472417,0.0737423354690196,7.33506942460136e-05,0.0033732197005969,7.349374459332652e-06,0,,,0,0,0,0,0,0,0,0,0,0,0,0,0,0,0,0,23352500.0,17980000.0,107426546.0,137595583.0,0.21738109312385415,0.0,0.0,0.0,0.0,,0,TON
Tonga,2013,us,0.0989946311535366,0.1293299771802358,0.0023035246946507,0.0002304092301377,451788498.263614,world_bank_wdi,0.5227402886697623,0.0402135580472417,0.0517484820659563,0.0052008185445858,0.004406633168667,0.0057296404826225,0,,,0,0,0,0,0,0,0,0,0,0,0,0,0,0,0,0,1265340.0,1568960.0,107426546.0,137595583.0,0.011778652922528107,0.0,0.0,0.0,0.0,,0,TON
Tonga,2014,aus,0.0541541514280723,0.0876026983418347,5.248487510730033e-05,7.980183229715902e-06,440997734.928723,world_bank_wdi,0.5778548273976686,0.0424574675038325,0.0312932378263359,0.0037193887180964,9.082709465915951e-05,0.0001879571180027,0,,,0,0,0,0,0,0,0,0,0,0,0,0,0,0,0,0,22924690.0,22924690.0,98589771.0,102982985.0,0.2325260497866457,1.0,4014.0,1.0,31000000.0,Storm,1,TON
Tonga,2014,china,0.1055939962485971,0.0017863507040054,0.0017047012684404,1.8951774048435384e-06,440997734.928723,world_bank_wdi,0.5778548273976686,0.0424574675038325,0.0610180004764631,7.584392696576078e-05,0.0029500510986773,4.4637080736679976e-05,0,,,0,0,0,0,0,0,0,0,0,0,0,0,0,0,0,0,14681500.0,11485000.0,98589771.0,102982985.0,0.14891504312348997,1.0,4014.0,1.0,31000000.0,Storm,1,TON
Tonga,2014,us,0.0957257364214721,0.2547844445048552,0.0025537960241705,0.0012656482616001,440997734.928723,world_bank_wdi,0.5778548273976686,0.0424574675038325,0.0553155788973445,0.0108175022730469,0.004419442225085,0.0298097916811909,0,,,0,0,0,0,0,0,0,0,0,0,0,0,0,0,0,0,1126890.0,1307070.0,98589771.0,102982985.0,0.011430090450255738,1.0,4014.0,1.0,31000000.0,Storm,1,TON
Tonga,2015,aus,0.0462995009918586,0.0882300144656581,0.0001410331809391,4.076318027212477e-06,437525538.903019,world_bank_wdi,0.3907794009663471,0.0274257224620201,0.0180928912626393,0.0024197718895551,0.0003609022906284,0.0001486311995192,0,,,0,0,0,0,0,0,0,0,0,0,0,0,0,0,0,0,19766467.0,19766467.0,84785954.0,106080871.0,0.23313374524275565,1.0,0.0,0.0,0.0,Drought,1,TON
Tonga,2015,china,0.1579880278847142,0.0019509221002888,0.0047098116606185,2.2829001645440094e-06,437525538.903019,world_bank_wdi,0.3907794009663471,0.0274257224620201,0.0617384668966431,5.350544806754472e-05,0.0120523539597321,8.323938112133339e-05,0,,,0,0,0,0,0,0,0,0,0,0,0,0,0,0,0,0,13418200.0,16325700.0,84785954.0,106080871.0,0.15825970419581525,1.0,0.0,0.0,0.0,Drought,1,TON
Tonga,2015,us,0.0663948982584499,0.266719969091927,0.0013889392855997,0.0005752731353373,437525538.903019,world_bank_wdi,0.3907794009663471,0.0274257224620201,0.0259457585686586,0.0073149878473937,0.0035542796835378,0.0209756784396119,0,,,0,0,0,0,0,0,0,0,0,0,0,0,0,0,0,0,1609775.0,1328601.0,84785954.0,106080871.0,0.018986340591272938,1.0,0.0,0.0,0.0,Drought,1,TON
Tonga,2016,aus,0.068116275761412,0.1045693961997813,0.0002819754364828,1.690197285471741e-05,420828254.541601,world_bank_wdi,0.4647991000819644,0.0343413253364891,0.0316603836748392,0.0035910516551369,0.0006066608916264,0.000492175904369,0,,,0,0,0,0,0,0,0,0,0,0,0,0,0,0,0,0,19675581.0,19675581.0,113733657.0,76634974.0,0.17299699595520787,3.0,392.0,0.0,0.0,Storm,1,TON
Tonga,2016,china,0.1549482768953145,0.0016667819925545,0.0059601304080489,2.6198762131716945e-07,420828254.541601,world_bank_wdi,0.4647991000819644,0.0343413253364891,0.0720198196601932,5.723950267131786e-05,0.0128230248444929,7.628931578793669e-06,0,,,0,0,0,0,0,0,0,0,0,0,0,0,0,0,0,0,27908500.0,19833821.0,113733657.0,76634974.0,0.24538470612969035,3.0,392.0,0.0,0.0,Storm,1,TON
Tonga,2016,us,0.0630520324493493,0.2955157143054844,0.0015019927893743,0.0009506716533175,420828254.541601,world_bank_wdi,0.4647991000819644,0.0343413253364891,0.0293065279407963,0.0101484012870096,0.0032314881614647,0.0276830216656604,0,,,0,0,0,0,0,0,0,0,0,0,0,0,0,0,0,0,1354314.0,1710419.0,113733657.0,76634974.0,0.011907767988151475,3.0,392.0,0.0,0.0,Storm,1,TON
Tonga,2017,aus,0.0758341568369788,0.3102990672927542,0.0003813025979959,0.0004069672573967,459976847.108128,world_bank_wdi,0.4769716418975018,0.0900539913267909,0.0361707422984464,0.027943669514693,0.0007994240422323,0.0045191473626071,0,,,0,0,0,0,0,0,0,0,0,0,0,0,0,0,0,0,23976704.0,23976704.0,96157566.0,112319550.0,0.24934807522062277,0.0,0.0,0.0,0.0,,0,TON
Tonga,2017,china,0.0959404840688189,0.0098183966583967,0.0025197951424263,4.831031303564001e-05,459976847.108128,world_bank_wdi,0.4769716418975018,0.0900539913267909,0.0457608902107456,0.0008841858075182,0.005282903470743,0.0005364594319904,0,,,0,0,0,0,0,0,0,0,0,0,0,0,0,0,0,0,2720000.0,24510000.0,96157566.0,112319550.0,0.028286905681452045,0.0,0.0,0.0,0.0,,0,TON
Tonga,2017,us,0.084599197089871,0.1447972154239586,0.0013936018217818,0.00104240188233,459976847.108128,world_bank_wdi,0.4769716418975018,0.0900539913267909,0.0403514179391661,0.0130395671819326,0.0029217708127003,0.0115752990730568,0,,,0,0,0,0,0,0,0,0,0,0,0,0,0,0,0,0,1547320.0,1483230.0,96157566.0,112319550.0,0.016091505477582493,0.0,0.0,0.0,0.0,,0,TON
Tonga,2018,aus,0.0857033240283639,0.0760047814343436,0.0003077460243937,1.0455917282581647e-05,493530766.930564,world_bank_wdi,0.4435072515566094,0.0612581241652428,0.0380100456890852,0.0046559103382571,0.0006938917533222,0.0001706862138706,2,aus_step_up_2018;ton_gita_2018,Australia Pacific Step-up; Cyclone Gita,0,0,0,0,0,1,0,0,0,0,1,0,0,0,0,0,28088938.0,28088938.0,115955420.0,214735603.0,0.24223911223813427,1.0,87000.0,0.0,0.0,Storm,1,TON
Tonga,2018,china,0.0950314913610547,0.0043448550809222,0.002380201277113,1.576277786427743e-05,493530766.930564,world_bank_wdi,0.4435072515566094,0.0612581241652428,0.042147155544867,0.0002661576720271,0.0053667696948789,0.0002573173449085,1,ton_gita_2018,Cyclone Gita,0,0,0,0,0,0,0,0,0,0,1,0,0,0,0,0,12976229.0,10571794.0,115955420.0,214735603.0,0.1119070501404764,1.0,87000.0,0.0,0.0,Storm,1,TON
Tonga,2018,us,0.0823735766658351,0.1643288777154352,0.0012934612967998,0.0007671874301621,493530766.930564,world_bank_wdi,0.4435072515566094,0.0612581241652428,0.0365332785879521,0.0100664787950271,0.0029164377634416,0.0125238479077922,1,ton_gita_2018,Cyclone Gita,0,0,0,0,0,0,0,0,0,0,1,0,0,0,0,0,1603190.0,1230060.0,115955420.0,214735603.0,0.013825916891163862,1.0,87000.0,0.0,0.0,Storm,1,TON
Tonga,2019,aus,0.062188121467457,0.5483795283487264,0.0002972476413312,0.000829343013762,506031247.606648,world_bank_wdi,0.6235363774319116,0.0967861594153391,0.0387765559791138,0.0530755484508683,0.0004767125898178,0.0085688182976981,1,aus_step_up_2018,Australia Pacific Step-up,0,0,0,0,0,1,0,0,0,0,0,0,0,0,0,0,19103841.0,19103841.0,121841315.0,131959480.0,0.15679280053732184,0.0,0.0,0.0,0.0,,0,TON
Tonga,2019,china,0.083094054927604,0.006525842091711,0.0025811532924339,1.811568034946452e-05,506031247.606648,world_bank_wdi,0.6235363774319116,0.0967861594153391,0.0518121659956865,0.0006316111930076,0.0041395392247436,0.0001871722202729,0,,,0,0,0,0,0,0,0,0,0,0,0,0,0,0,0,0,10614986.0,17337918.0,121841315.0,131959480.0,0.08712140048718285,0.0,0.0,0.0,0.0,,0,TON
Tonga,2019,us,0.1295026134389703,0.1585303586772199,0.0022169307231138,0.0015652644399871,506031247.606648,world_bank_wdi,0.6235363774319116,0.0967861594153391,0.0807495904517007,0.0153435445671043,0.003555415214497,0.0161723995397948,0,,,0,0,0,0,0,0,0,0,0,0,0,0,0,0,0,0,1278737.0,1239872.0,121841315.0,131959480.0,0.01049510176412656,0.0,0.0,0.0,0.0,,0,TON
Tonga,2020,aus,0.0736141522301547,0.3806181530834275,0.0003990293498005,0.0001551324560325,506571486.576395,world_bank_wdi,0.5254221942076489,0.041361923351839,0.0386785093895038,0.0157430988741552,0.0007594451741847,0.0037506103068013,2,aus_step_up_2018;covid_2020,Australia Pacific Step-up; COVID-19 pandemic,0,1,0,0,0,1,0,0,0,0,0,0,0,0,0,0,22156757.0,23866700.0,169812510.0,113748384.0,0.1304777663318209,1.0,25000.0,0.0,111000000.0,Storm,1,TON
Tonga,2020,china,0.0929347887302914,0.0190433045824821,0.0026348041314766,1.656418411499668e-05,506571486.576395,world_bank_wdi,0.5254221942076489,0.041361923351839,0.048830000612894,0.0007876677045063,0.005014641864244,0.0004004693876079,1,covid_2020,COVID-19 pandemic,0,1,0,0,0,0,0,0,0,0,0,0,0,0,0,0,3760664.0,2548269.0,169812510.0,113748384.0,0.02214597734878308,1.0,25000.0,0.0,111000000.0,Storm,1,TON
Tonga,2020,us,0.067676066756791,0.1704254773748064,0.0012152620931889,0.0003686528894442,506571486.576395,world_bank_wdi,0.5254221942076489,0.041361923351839,0.0355585074906964,0.0070491255323773,0.002312924932723,0.008912856549448,1,covid_2020,COVID-19 pandemic,0,1,0,0,0,0,0,0,0,0,0,0,0,0,0,0,669038.0,1672498.0,169812510.0,113748384.0,0.003939862852271602,1.0,25000.0,0.0,111000000.0,Storm,1,TON
Tonga,2021,aus,0.0931244652325437,0.1167851899072048,0.000439758552679,9.936231574762922e-06,519306339.3498,world_bank_wdi,0.5817708683823645,0.036418165092456,0.0541771010059803,0.0042531023263944,0.0007558964818947,0.0002728372379425,3,aus_step_up_2018;covid_2020;pacer_plus_ton,Australia Pacific Step-up; COVID-19 pandemic; PACER Plus in force,0,1,1,0,0,1,0,0,0,0,0,0,0,0,0,0,31991991.0,31991991.0,118755640.0,241288430.0,0.2693934452292118,0.0,0.0,0.0,0.0,,0,TON
Tonga,2021,china,0.1382063258211297,0.0024027367754036,0.0055207317298443,8.004524366154508e-07,519306339.3498,world_bank_wdi,0.5817708683823645,0.036418165092456,0.0804044141888946,8.750326456036455e-05,0.0094895293488912,2.197948289221369e-05,1,covid_2020,COVID-19 pandemic,0,1,0,0,0,0,0,0,0,0,0,0,0,0,0,0,8767490.0,18713989.0,118755640.0,241288430.0,0.0738279882959664,0.0,0.0,0.0,0.0,,0,TON
Tonga,2021,us,0.0989486401473864,0.1467263114614367,0.0021536636289132,0.0002089143376539,519306339.3498,world_bank_wdi,0.5817708683823645,0.036418165092456,0.0575654363037991,0.0053435030342097,0.0037019104014294,0.0057365421108831,1,covid_2020,COVID-19 pandemic,0,1,0,0,0,0,0,0,0,0,0,0,0,0,0,0,1027700.0,369950.0,118755640.0,241288430.0,0.008653904774543761,0.0,0.0,0.0,0.0,,0,TON
Tonga,2022,aus,0.0646435415672913,0.2378220534182625,0.0002425904111068,3.729836201609347e-05,556514556.392844,world_bank_wdi,0.5452039978372459,0.0510433908218348,0.0352439172968454,0.0121392440186796,0.0004449534707544,0.0007307187358747,3,aus_step_up_2018;pacer_plus_ton;ton_hunga_2022,Australia Pacific Step-up; PACER Plus in force; Hunga Tonga-Hunga Ha'apai eruption,0,0,1,0,0,1,0,0,0,0,1,0,0,0,0,0,43745640.0,43745640.0,171914756.0,137853119.0,0.2544612284474289,1.0,84176.0,4.0,118000000.0,Volcanic activity,1,TON
Tonga,2022,china,0.1422088286833973,5.945845283402784e-05,0.0060974653450086,1.2177089890313857e-08,556514556.392844,world_bank_wdi,0.5452039978372459,0.0510433908218348,0.0775328219259402,3.0349610456689182e-06,0.0111838236131732,2.385634985108562e-07,1,ton_hunga_2022,Hunga Tonga-Hunga Ha'apai eruption,0,0,0,0,0,0,0,0,0,0,1,0,0,0,0,0,27894245.0,11734526.0,171914756.0,137853119.0,0.16225625797939067,1.0,84176.0,4.0,118000000.0,Volcanic activity,1,TON
Tonga,2022,us,0.093151511245061,0.1239736904266962,0.0018145723095625,0.0004222050374002,556514556.392844,world_bank_wdi,0.5452039978372459,0.0510433908218348,0.0507865763353884,0.006328037532075,0.0033282446877879,0.0082714927555244,1,ton_hunga_2022,Hunga Tonga-Hunga Ha'apai eruption,0,0,0,0,0,0,0,0,0,0,1,0,0,0,0,0,2368581.0,2750214.0,171914756.0,137853119.0,0.01377764803388954,1.0,84176.0,4.0,118000000.0,Volcanic activity,1,TON
Tonga,2023,aus,0.0765618097118179,0.0919125917801209,0.0005304005562583,7.470116764821868e-06,591139733.623755,world_bank_wdi,0.5956508790933527,0.0418918566819966,0.0456041092598223,0.0038503891221236,0.0008904554242674,0.0001783190661977,2,aus_step_up_2018;pacer_plus_ton,Australia Pacific Step-up; PACER Plus in force,0,0,1,0,0,1,0,0,0,0,0,0,0,0,0,0,73807521.0,20000000.0,158120566.0,131146824.0,0.46678002025365883,0.0,0.0,0.0,0.0,,0,TON
Tonga,2023,china,0.1444582879840057,0.0001646345385817,0.0069032072093263,1.1691920218252098e-07,591139733.623755,world_bank_wdi,0.5956508790933527,0.0418918566819966,0.0860467062299937,6.896846495172162e-06,0.011589351164618,2.790976849511853e-06,0,,,0,0,0,0,0,0,0,0,0,0,0,0,0,0,0,0,13755618.0,40231524.0,158120566.0,131146824.0,0.08699449001466387,0.0,0.0,0.0,0.0,,0,TON
Tonga,2023,us,0.0586020588362308,0.1012543197385262,0.0007611541869055,0.0003656860152405,591139733.623755,world_bank_wdi,0.5956508790933527,0.0418918566819966,0.0349063678624813,0.0042417314509194,0.0012778528725821,0.0087292864103994,0,,,0,0,0,0,0,0,0,0,0,0,0,0,0,0,0,0,3021064.0,2689009.0,158120566.0,131146824.0,0.019106078838599654,0.0,0.0,0.0,0.0,,0,TON
Tonga,2024,aus,0.0868804118608263,0.0978304550739702,0.0003754685640852,5.236972192390591e-06,647488243.847291,world_bank_wdi,0.4648029996834654,0.036894124684114,0.040382276046647,0.0036093690074026,0.0008078015080388,0.0001419459666607,2,aus_step_up_2018;pacer_plus_ton,Australia Pacific Step-up; PACER Plus in force,0,0,1,0,0,1,0,0,0,0,0,0,0,0,0,0,10850000.0,,37802524.0,64086.0,0.2870178721399661,0.0,0.0,0.0,0.0,,0,TON
Tonga,2024,china,0.2351096367471229,0.0030186894855569,0.0176513266196141,2.583474122425309e-06,647488243.847291,world_bank_wdi,0.4648029996834654,0.036894124684114,0.1092796644145526,0.0001113719062627,0.0379759309463037,7.002399825297134e-05,0,,,0,0,0,0,0,0,0,0,0,0,0,0,0,0,0,0,26952524.0,64086.0,37802524.0,64086.0,0.7129821278600339,0.0,0.0,0.0,0.0,,0,TON
Tonga,2024,us,0.0542003631525961,0.1217447951550938,0.0008797330821681,0.0003716742548881,647488243.847291,world_bank_wdi,0.4648029996834654,0.036894124684114,0.0251924913772598,0.0044916676520939,0.0018927009566789,0.0100740770534722,0,,,0,0,0,0,0,0,0,0,0,0,0,0,0,0,0,0,,,,,,0.0,0.0,0.0,0.0,,0,TON
Tuvalu,2002,aus,0.0042507015491529,2.497546753804049e-05,0.0020917012452609,6.167673588886668e-07,16639799.8873171,world_bank_wdi,27.72721866394929,20.277353290599105,0.1178601313285509,0.0005064363788667,7.543855265874816e-05,3.0416561276496074e-08,0,,,0,0,0,0,0,0,0,0,0,0,0,0,0,0,0,0,,,,,,0.0,0.0,0.0,0.0,,0,TUV
Tuvalu,2002,china,5.62665492958586e-06,0.0,4.599189627265706e-07,0.0,16639799.8873171,world_bank_wdi,27.72721866394929,20.277353290599105,0.0001560114915792,0.0,1.6587273620940335e-08,0.0,0,,,0,0,0,0,0,0,0,0,0,0,0,0,0,0,0,0,,,,,,0.0,0.0,0.0,0.0,,0,TUV
Tuvalu,2002,us,0.0001453870413585,0.0,2.956539877432753e-07,0.0,16639799.8873171,world_bank_wdi,27.72721866394929,20.277353290599105,0.0040311782866527,0.0,1.0662951496382228e-08,0.0,0,,,0,0,0,0,0,0,0,0,0,0,0,0,0,0,0,0,,,,,,0.0,0.0,0.0,0.0,,0,TUV
Tuvalu,2003,aus,0.1532530435770974,0.0013584176022694,0.0021893531510898,5.539166493032175e-07,19584879.571753,world_bank_wdi,0.8023155793443331,0.0868275954299264,0.1229573044438412,0.0001179481339947,0.0027287930179282,6.37950004903973e-06,0,,,0,0,0,0,0,0,0,0,0,0,0,0,0,0,0,0,,,,,,0.0,0.0,0.0,0.0,,0,TUV
Tuvalu,2003,china,0.0042658255253813,0.0,1.988848665954713e-06,0.0,19584879.571753,world_bank_wdi,0.8023155793443331,0.0868275954299264,0.0034225382777781,0.0,2.478885761610209e-06,0.0,0,,,0,0,0,0,0,0,0,0,0,0,0,0,0,0,0,0,,,,,,0.0,0.0,0.0,0.0,,0,TUV
Tuvalu,2003,us,0.0046120300734653,0.0043434079698537,4.463787386082794e-05,5.229948738232018e-05,19584879.571753,world_bank_wdi,0.8023155793443331,0.0868275954299264,0.0037003035803458,0.0003771276699935,5.563630447922603e-05,0.0006023371616288,0,,,0,0,0,0,0,0,0,0,0,0,0,0,0,0,0,0,,,,,,0.0,0.0,0.0,0.0,,0,TUV
Tuvalu,2004,aus,0.1131662218672991,0.0011031242791371,0.0026760668588975,3.825673242409341e-07,22878877.9130312,world_bank_wdi,0.6804395328816828,0.0869711795990948,0.0770027711453699,9.594001980096177e-05,0.0039328503556581,4.398782746243398e-06,0,,,0,0,0,0,0,0,0,0,0,0,0,0,0,0,0,0,,,,,,0.0,0.0,0.0,0.0,,0,TUV
Tuvalu,2004,china,0.1441213543972122,0.0,0.0012327283477969,0.0,22878877.9130312,world_bank_wdi,0.6804395328816828,0.0869711795990948,0.0980658670643145,0.0,0.0018116647963946,0.0,0,,,0,0,0,0,0,0,0,0,0,0,0,0,0,0,0,0,,,,,,0.0,0.0,0.0,0.0,,0,TUV
Tuvalu,2004,us,0.0195987292400999,0.0232193840294742,0.0004995111362028,5.459868332524059e-05,22878877.9130312,world_bank_wdi,0.6804395328816828,0.0869711795990948,0.0133357501692082,0.0020194172186077,0.0007341006982463,0.0006277790364224,0,,,0,0,0,0,0,0,0,0,0,0,0,0,0,0,0,0,,,,,,0.0,0.0,0.0,0.0,,0,TUV
Tuvalu,2005,aus,0.0559838845031645,0.0703480294590321,0.0015736025320653,2.76062003349897e-05,22846519.1722166,world_bank_wdi,1.099583608804188,0.0502498867046719,0.0615589617568665,0.0035349805102132,0.0014310894773855,0.0005493783597411,0,,,0,0,0,0,0,0,0,0,0,0,0,0,0,0,0,0,,282011.0,,282011.0,,0.0,0.0,0.0,0.0,,0,TUV
Tuvalu,2005,china,0.2527318061570617,0.0,0.0054227255562575,0.0,22846519.1722166,world_bank_wdi,1.099583608804188,0.0502498867046719,0.2778997514737824,0.0,0.0049316173075322,0.0,0,,,0,0,0,0,0,0,0,0,0,0,0,0,0,0,0,0,,,,,,0.0,0.0,0.0,0.0,,0,TUV
Tuvalu,2005,us,0.0016303860199036,0.0523895177411838,4.884940009240994e-06,0.0002715326124113,22846519.1722166,world_bank_wdi,1.099583608804188,0.0502498867046719,0.0017927457435095,0.0026325673310068,4.4425362201910524e-06,0.0054036462610793,0,,,0,0,0,0,0,0,0,0,0,0,0,0,0,0,0,0,,,,,,0.0,0.0,0.0,0.0,,0,TUV
Tuvalu,2006,aus,0.0474643993497204,0.3850732261151016,0.001599833350412,0.0004114502425273,24274966.4338055,world_bank_wdi,1.436962975628372,0.0899828226727467,0.0682045845259876,0.0346499758215377,0.0011133434733852,0.0045725420730995,0,,,0,0,0,0,0,0,0,0,0,0,0,0,0,0,0,0,2998787.0,4662741.0,14179239.0,7239125.0,0.21149139245061035,0.0,0.0,0.0,0.0,,0,TUV
Tuvalu,2006,china,0.311954786832997,0.0349791469237706,0.0111237533806702,0.0001173910112614,24274966.4338055,world_bank_wdi,1.436962975628372,0.0899828226727467,0.4482674787490578,0.0031475223748856,0.0077411551788979,0.0013045935632444,0,,,0,0,0,0,0,0,0,0,0,0,0,0,0,0,0,0,,,,,,0.0,0.0,0.0,0.0,,0,TUV
Tuvalu,2006,us,0.0017724498561273,0.0108706102099957,2.3523463935753863e-05,8.129933501904627e-05,24274966.4338055,world_bank_wdi,1.436962975628372,0.0899828226727467,0.0025469448194127,0.0009781681908705,1.6370264463819778e-05,0.0009034983856276,0,,,0,0,0,0,0,0,0,0,0,0,0,0,0,0,0,0,,,,,,0.0,0.0,0.0,0.0,,0,TUV
Tuvalu,2007,aus,0.05162040240131,0.3203791794372454,0.0015425862202642,0.0001405676593435,28547819.7129545,world_bank_wdi,1.256117852801474,0.0479900396519007,0.0648413090250816,0.0153750095248368,0.0012280585112486,0.0029291007126315,0,,,0,0,0,0,0,0,0,0,0,0,0,0,0,0,0,0,3541432.0,2789905.0,10269651.0,19170338.0,0.3448444353172274,0.0,0.0,0.0,0.0,,0,TUV
Tuvalu,2007,china,0.185278899890924,0.0426799492850787,0.0068697786137702,3.5648112492997e-05,28547819.7129545,world_bank_wdi,1.256117852801474,0.0479900396519007,0.2327321339004068,0.002048212458532,0.005469055788395,0.0007428231514617,0,,,0,0,0,0,0,0,0,0,0,0,0,0,0,0,0,0,,,,,,0.0,0.0,0.0,0.0,,0,TUV
Tuvalu,2007,us,0.0013595309640483,0.0239538222685803,4.989929457078043e-06,3.458712296897682e-05,28547819.7129545,world_bank_wdi,1.256117852801474,0.0479900396519007,0.0017077311153775,0.0011495448804837,3.972501024445425e-06,0.000720714615363,0,,,0,0,0,0,0,0,0,0,0,0,0,0,0,0,0,0,,,,,,0.0,0.0,0.0,0.0,,0,TUV
Tuvalu,2008,aus,0.0183618069727805,0.2134875704204676,0.000964281253288,0.0003266093548276,31602915.0009478,world_bank_wdi,3.316052648841319,0.1190916407517194,0.060888718649602,0.0254245850414717,0.0002907919009141,0.0027425044509093,1,gfc_2008,Global financial crisis,1,0,0,0,0,0,0,0,0,0,0,0,0,0,0,0,4269536.0,7123892.0,15722859.0,17927491.0,0.2715495954011926,0.0,0.0,0.0,0.0,,0,TUV
Tuvalu,2008,china,0.4413353043834395,0.0,0.0673256257314464,0.0,31602915.0009478,world_bank_wdi,3.316052648841319,0.1190916407517194,1.4634911051278945,0.0,0.0203029423416938,0.0,1,gfc_2008,Global financial crisis,1,0,0,0,0,0,0,0,0,0,0,0,0,0,0,0,,,,,,0.0,0.0,0.0,0.0,,0,TUV
Tuvalu,2008,us,0.0011894241558412,0.025041694974789,1.5432298758208843e-05,0.0001958796911049,31602915.0009478,world_bank_wdi,3.316052648841319,0.1190916407517194,0.003944193122573,0.0029822565417517,4.653815965075564e-06,0.0016447811942847,1,gfc_2008,Global financial crisis,1,0,0,0,0,0,0,0,0,0,0,0,0,0,0,0,,,,,,0.0,0.0,0.0,0.0,,0,TUV
Tuvalu,2009,aus,0.0197531695359605,0.141335506751118,0.0012510434199142,0.0001986098790679,27851666.1740196,world_bank_wdi,3.744888630659149,0.1473568932773002,0.0739734200147012,0.0208267611846176,0.0003340669224905,0.0013478153254372,1,gfc_2008,Global financial crisis,1,0,0,0,0,0,0,0,0,0,0,0,0,0,0,0,4576516.0,5921047.0,21065762.0,18669866.0,0.21724901287691373,0.0,0.0,0.0,0.0,,0,TUV
Tuvalu,2009,china,0.0580846920273007,0.0020235689128159,0.0210626941331738,6.59745066965792e-07,27851666.1740196,world_bank_wdi,3.744888630659149,0.1473568932773002,0.2175207027883766,0.000298186828325,0.0056243846507837,4.477191750536336e-06,1,gfc_2008,Global financial crisis,1,0,0,0,0,0,0,0,0,0,0,0,0,0,0,0,,,,,,0.0,0.0,0.0,0.0,,0,TUV
Tuvalu,2009,us,0.0013749769082651,0.0226766419720598,0.0001869971672088,0.0003435072440502,27851666.1740196,world_bank_wdi,3.744888630659149,0.1473568932773002,0.0051491353911808,0.0033415595109643,4.993397284980069e-05,0.0023311243635125,1,gfc_2008,Global financial crisis,1,0,0,0,0,0,0,0,0,0,0,0,0,0,0,0,10000.0,10000.0,21065762.0,18669866.0,0.0004747039295326701,0.0,0.0,0.0,0.0,,0,TUV
Tuvalu,2010,aus,0.0189151868645308,0.0287187038329092,0.0003977128033381,0.0001424913064629,32425361.8050211,world_bank_wdi,2.173316381903488,0.4746834003750905,0.0411086854794505,0.0136322919897705,0.0001829981159898,0.0003001817766334,0,,,0,0,0,0,0,0,0,0,0,0,0,0,0,0,0,0,6386529.0,7633195.0,19582639.0,23365941.0,0.3261321929082183,0.0,0.0,0.0,0.0,,0,TUV
Tuvalu,2010,china,0.119446543429406,8.446066118014543e-07,0.0143903201290756,1.9913541081901224e-12,32425361.8050211,world_bank_wdi,2.173316381903488,0.4746834003750905,0.2595951295968746,4.009207384691984e-07,0.0066213645877329,4.195120593255572e-12,0,,,0,0,0,0,0,0,0,0,0,0,0,0,0,0,0,0,,,,,,0.0,0.0,0.0,0.0,,0,TUV
Tuvalu,2010,us,0.0083670530832942,0.0014222525645342,0.0006658438399398,7.823165659293157e-05,32425361.8050211,world_bank_wdi,2.173316381903488,0.4746834003750905,0.0181842535341793,0.0006751196835253,0.0003063722546261,0.0001648080731938,0,,,0,0,0,0,0,0,0,0,0,0,0,0,0,0,0,0,,,,,,0.0,0.0,0.0,0.0,,0,TUV
Tuvalu,2011,aus,0.0179725982820483,0.0151575381270126,0.0002080116784534,4.209675701182656e-05,39665361.1329159,world_bank_wdi,1.6647654808619088,0.334102189454232,0.0299201612213521,0.0050641666749709,0.0001249495384453,0.0001259996442423,0,,,0,0,0,0,0,0,0,0,0,0,0,0,0,0,0,0,9521755.0,9588664.0,42746502.0,46042700.0,0.22274933747795317,1.0,0.0,0.0,0.0,Drought,1,TUV
Tuvalu,2011,china,0.2262363583685159,6.791282166907983e-07,0.0434514872453035,1.2593448898596126e-12,39665361.1329159,world_bank_wdi,1.6647654808619088,0.334102189454232,0.3766304799278096,2.2689822411654386e-07,0.0261006656762291,3.769340428198923e-12,0,,,0,0,0,0,0,0,0,0,0,0,0,0,0,0,0,0,,,,,,1.0,0.0,0.0,0.0,Drought,1,TUV
Tuvalu,2011,us,0.0103869058994943,4.912360767396775e-05,0.0007392387864432,7.585984543361651e-07,39665361.1329159,world_bank_wdi,1.6647654808619088,0.334102189454232,0.017291762394439,1.641230487776334e-05,0.0004440498045769,2.270558165378572e-06,0,,,0,0,0,0,0,0,0,0,0,0,0,0,0,0,0,0,50000.0,50000.0,42746502.0,46042700.0,0.0011696863523476143,1.0,0.0,0.0,0.0,Drought,1,TUV
Tuvalu,2012,aus,0.0056641615599765,0.0108019187336846,9.52852984164806e-05,0.0001178556485546,38912985.1801769,world_bank_wdi,4.563602282830379,0.7951017085104378,0.025848980625429,0.0085886240403435,2.0879404582422107e-05,0.0001482271353377,0,,,0,0,0,0,0,0,0,0,0,0,0,0,0,0,0,0,14635670.0,14635670.0,31158633.0,25488815.0,0.4697147657280087,0.0,0.0,0.0,0.0,,0,TUV
Tuvalu,2012,china,0.8077853036568938,2.3271011517502338e-06,0.5544230622276781,1.1482885342511266e-08,38912985.1801769,world_bank_wdi,4.563602282830379,0.7951017085104378,3.686410855805432,1.8502821016332184e-06,0.1214880324505011,1.4442033289078918e-08,0,,,0,0,0,0,0,0,0,0,0,0,0,0,0,0,0,0,,,,,,0.0,0.0,0.0,0.0,,0,TUV
Tuvalu,2012,us,0.0032735381757667,0.00123517357799,0.0010430133466924,5.945823802276634e-05,38912985.1801769,world_bank_wdi,4.563602282830379,0.7951017085104378,0.0149391262918615,0.0009820886221668,0.0002285504481002,7.478066942423856e-05,0,,,0,0,0,0,0,0,0,0,0,0,0,0,0,0,0,0,,,,,,0.0,0.0,0.0,0.0,,0,TUV
Tuvalu,2013,aus,0.017635548522916,0.0156290942844883,6.287246387481286e-05,0.0002016161513357,38767554.542532,world_bank_wdi,1.4505831916300989,0.6509867155100597,0.0255818302625189,0.010174332754656,4.334288735564326e-05,0.0003097085493945,0,,,0,0,0,0,0,0,0,0,0,0,0,0,0,0,0,0,8994957.0,8994957.0,33115349.0,48754970.0,0.27162500990099786,0.0,0.0,0.0,0.0,,0,TUV
Tuvalu,2013,china,0.1339753635968755,2.813311464525549e-06,0.0152389747346152,4.6731631395483156e-11,38767554.542532,world_bank_wdi,1.4505831916300989,0.6509867155100597,0.1943424105261586,1.831428389998283e-06,0.0105054124593091,7.178584490601793e-11,0,,,0,0,0,0,0,0,0,0,0,0,0,0,0,0,0,0,,,,,,0.0,0.0,0.0,0.0,,0,TUV
Tuvalu,2013,us,0.0094666252385523,0.0007845572816564,0.0010414797943366,0.000107843916888,38767554.542532,world_bank_wdi,1.4505831916300989,0.6509867155100597,0.0137321274525052,0.000510736367915,0.0007179731575176,0.0001656622390574,0,,,0,0,0,0,0,0,0,0,0,0,0,0,0,0,0,0,,,,,,0.0,0.0,0.0,0.0,,0,TUV
Tuvalu,2014,aus,0.014504224739598,0.0200793037902672,4.872571735250148e-05,9.079348961716847e-05,38643167.2951054,world_bank_wdi,2.0510137120680296,0.3379811468418191,0.0297483638238319,0.0067864261228198,2.3756894976275663e-05,0.0002686347758316,0,,,0,0,0,0,0,0,0,0,0,0,0,0,0,0,0,0,7213094.0,7213094.0,41718617.0,57083107.0,0.1728986845369299,0.0,0.0,0.0,0.0,,0,TUV
Tuvalu,2014,china,0.0586005775138521,2.98606609680275e-06,0.0113800807647256,3.4509902681820545e-11,38643167.2951054,world_bank_wdi,2.0510137120680296,0.3379811468418191,0.1201905880160161,1.009234043942868e-06,0.0055485152038555,1.0210599911944724e-10,0,,,0,0,0,0,0,0,0,0,0,0,0,0,0,0,0,0,,,,,,0.0,0.0,0.0,0.0,,0,TUV
Tuvalu,2014,us,0.0070709500832386,0.0057766597129609,0.0013560092579882,0.000195971524021,38643167.2951054,world_bank_wdi,2.0510137120680296,0.3379811468418191,0.014502615578071,0.0019524020747014,0.0006611410006717,0.0005798297504231,0,,,0,0,0,0,0,0,0,0,0,0,0,0,0,0,0,0,,,,,,0.0,0.0,0.0,0.0,,0,TUV
Tuvalu,2015,aus,0.0798224285100209,0.0104417788519516,0.0001029008794585,0.0001056612441026,36755290.7767318,world_bank_wdi,1.5057551941620393,1.053363425559127,0.1201930363395921,0.0109989879404226,6.833838585284919e-05,0.0001003084420237,0,,,0,0,0,0,0,0,0,0,0,0,0,0,0,0,0,0,7897489.0,7897489.0,56145468.0,43078761.0,0.14066120171978974,1.0,4613.0,0.0,0.0,Storm,1,TUV
Tuvalu,2015,china,0.2145404048498431,0.0256825230283826,0.0490886489923729,0.0002877233750374,36755290.7767318,world_bank_wdi,1.5057551941620393,1.053363425559127,0.3230453289602781,0.0270530304341783,0.0326006838181229,0.0002731472994562,0,,,0,0,0,0,0,0,0,0,0,0,0,0,0,0,0,0,,,,,,1.0,4613.0,0.0,0.0,Storm,1,TUV
Tuvalu,2015,us,0.0106212599018474,0.0055242341420864,0.0011080846737852,0.0007993055155863,36755290.7767318,world_bank_wdi,1.5057551941620393,1.053363425559127,0.0159930172657518,0.0058190261994988,0.0007358996190625,0.0007588126720482,0,,,0,0,0,0,0,0,0,0,0,0,0,0,0,0,0,0,49778.0,50000.0,56145468.0,43078761.0,0.0008865898134467416,1.0,4613.0,0.0,0.0,Storm,1,TUV
Tuvalu,2016,aus,0.0444104245821642,0.0023132768258608,0.0001057727667837,3.106249066891682e-05,41306141.62505,world_bank_wdi,0.948061994157572,1.0460109150886518,0.0421038356907511,0.002419712809472,0.0001115673525946,2.9696143912880875e-05,0,,,0,0,0,0,0,0,0,0,0,0,0,0,0,0,0,0,5531606.0,5531606.0,31372552.0,53601299.0,0.17631992449960718,0.0,0.0,0.0,0.0,,0,TUV
Tuvalu,2016,china,0.1436146973874347,0.000590765200053,0.0137708357973384,3.767875917517321e-06,41306141.62505,world_bank_wdi,0.948061994157572,1.0460109150886518,0.1361556363954676,0.0006179468475099,0.0145252482244844,3.602138240783065e-06,0,,,0,0,0,0,0,0,0,0,0,0,0,0,0,0,0,0,,,,,,0.0,0.0,0.0,0.0,,0,TUV
Tuvalu,2016,us,0.0275927833210076,0.0003030087364973,0.0011419182383638,1.757212147601055e-05,41306141.62505,world_bank_wdi,0.948061994157572,1.0460109150886518,0.0261596691796723,0.0003169504457434,0.0012044763374134,1.679917601483276e-05,0,,,0,0,0,0,0,0,0,0,0,0,0,0,0,0,0,0,,,,,,0.0,0.0,0.0,0.0,,0,TUV
Tuvalu,2017,aus,0.0296739045798483,0.0143095038681703,0.0001351030552151,2.922952069880181e-05,45288858.1637361,world_bank_wdi,1.418996870436852,0.2162342438529726,0.0421071777324465,0.003094204748845,9.521025594193844e-05,0.0001351752626132,0,,,0,0,0,0,0,0,0,0,0,0,0,0,0,0,0,0,6465384.0,6465384.0,35611474.0,47353746.0,0.18155339484122449,0.0,0.0,0.0,0.0,,0,TUV
Tuvalu,2017,china,0.2854662092505209,0.00066996820791,0.0275768390840264,7.059066514345616e-06,45288858.1637361,world_bank_wdi,1.418996870436852,0.2162342438529726,0.4050756575419608,0.0001448700688429,0.0194340379873682,3.2645460721500674e-05,0,,,0,0,0,0,0,0,0,0,0,0,0,0,0,0,0,0,,,,,,0.0,0.0,0.0,0.0,,0,TUV
Tuvalu,2017,us,0.0111088897446544,0.0170672894787522,0.0012687313599412,0.0002839667845927,45288858.1637361,world_bank_wdi,1.418996870436852,0.2162342438529726,0.0157634797816926,0.0036905324350577,0.0008941044102166,0.0013132368839127,0,,,0,0,0,0,0,0,0,0,0,0,0,0,0,0,0,0,,,,,,0.0,0.0,0.0,0.0,,0,TUV
Tuvalu,2018,aus,0.0188595532498289,0.0028532228883336,0.0001959417313377,1.0178041266027782e-05,48026990.1943497,world_bank_wdi,1.3267940119115935,0.6282049713694019,0.0250227423192008,0.0017924088028761,0.0001476805966703,1.6201784019379898e-05,1,aus_step_up_2018,Australia Pacific Step-up,0,0,0,0,0,1,0,0,0,0,0,0,0,0,0,0,6427206.0,6427206.0,36813476.0,64371050.0,0.1745884034422612,0.0,0.0,0.0,0.0,,0,TUV
Tuvalu,2018,china,0.1949804779118169,0.0002810002282339,0.0131658438377021,7.5823993750149726e-06,48026990.1943497,world_bank_wdi,1.3267940119115935,0.6282049713694019,0.2586989305330594,0.0001765257403325,0.0099230503902661,1.2069944875613396e-05,0,,,0,0,0,0,0,0,0,0,0,0,0,0,0,0,0,0,,,,,,0.0,0.0,0.0,0.0,,0,TUV
Tuvalu,2018,us,0.0190359289690614,0.0017087385900417,0.0013989948089468,3.120994800297933e-05,48026990.1943497,world_bank_wdi,1.3267940119115935,0.6282049713694019,0.0252567565673251,0.0010734380770349,0.0010544174878595,4.968115412226978e-05,0,,,0,0,0,0,0,0,0,0,0,0,0,0,0,0,0,0,,,,,,0.0,0.0,0.0,0.0,,0,TUV
Tuvalu,2019,aus,0.0329386782420946,0.0056165076786707,7.984569071705169e-05,8.852078955530572e-06,53527720.0597564,world_bank_wdi,1.25877788041,0.4005104453555455,0.0414624795810909,0.0022494699917272,6.343111994551805e-05,2.2101992739970382e-05,1,aus_step_up_2018,Australia Pacific Step-up,0,0,0,0,0,1,0,0,0,0,0,0,0,0,0,0,9456922.0,9456922.0,45545193.0,86300009.0,0.20763820234552524,0.0,0.0,0.0,0.0,,0,TUV
Tuvalu,2019,china,0.3225382018955021,0.0012325073905897,0.0210078277461586,6.376633794010142e-06,53527720.0597564,world_bank_wdi,1.25877788041,0.4005104453555455,0.4060039541332728,0.000493632083909,0.0166890664930624,1.592126714285668e-05,0,,,0,0,0,0,0,0,0,0,0,0,0,0,0,0,0,0,,,,,,0.0,0.0,0.0,0.0,,0,TUV
Tuvalu,2019,us,0.0117163808404068,0.0054590333210796,0.0011017842439053,0.0002807728661825,53527720.0597564,world_bank_wdi,1.25877788041,0.4005104453555455,0.0147483210403636,0.0021863998666363,0.0008752809062282,0.0007010375620373,0,,,0,0,0,0,0,0,0,0,0,0,0,0,0,0,0,0,,,,,,0.0,0.0,0.0,0.0,,0,TUV
Tuvalu,2020,aus,0.0194782652641171,0.0013984465058979,9.499783572025874e-05,1.125012750747654e-06,52302514.9939611,world_bank_wdi,1.3937491152847374,0.3066079327514475,0.0271478149791447,0.0004287747922368,6.815992539722693e-05,3.6692225822469134e-06,2,aus_step_up_2018;covid_2020,Australia Pacific Step-up; COVID-19 pandemic,0,1,0,0,0,1,0,0,0,0,0,0,0,0,0,0,7585035.0,7662987.0,45612219.0,50042835.0,0.1662939266340013,1.0,5500.0,0.0,0.0,Storm,1,TUV
Tuvalu,2020,china,0.2213807714227048,0.0007576529495522,0.0261714804224448,3.087368191831241e-06,52302514.9939611,world_bank_wdi,1.3937491152847374,0.3066079327514475,0.3085492543114475,0.0002323024046052,0.0187777557204749,1.0069433507886518e-05,1,covid_2020,COVID-19 pandemic,0,1,0,0,0,0,0,0,0,0,0,0,0,0,0,0,,,,,,1.0,5500.0,0.0,0.0,Storm,1,TUV
Tuvalu,2020,us,0.021840351257063,0.0025453397608909,0.0011775763417923,2.273171703715823e-05,52302514.9939611,world_bank_wdi,1.3937491152847374,0.3066079327514475,0.0304399702420394,0.0007804213622368,0.0008448983600264,7.413936369215128e-05,1,covid_2020,COVID-19 pandemic,0,1,0,0,0,0,0,0,0,0,0,0,0,0,0,0,,150000.0,45612219.0,50042835.0,,1.0,5500.0,0.0,0.0,Storm,1,TUV
Tuvalu,2021,aus,0.0205003000660679,0.0006642461615989,0.0001657577330347,1.6699739714581743e-05,61597447.1614093,world_bank_wdi,2.051175508441465,2.089629391015416,0.0420497134112195,0.0013880283021463,8.081109215306176e-05,7.99172321483611e-06,3,aus_step_up_2018;covid_2020;pacer_plus_tuv,Australia Pacific Step-up; COVID-19 pandemic; PACER Plus in force,0,1,1,0,0,1,0,0,0,0,0,0,0,0,0,0,11379677.0,11379677.0,37570934.0,74232118.0,0.30288512390988204,1.0,10204.0,0.0,0.0,Drought,1,TUV
Tuvalu,2021,china,0.3674126865123814,0.0002952006620226,0.036415813179739,9.797561848352426e-06,61597447.1614093,world_bank_wdi,2.051175508441465,2.089629391015416,0.7536279040648787,0.0006168599796097,0.0177536310422352,4.688660051623549e-06,1,covid_2020,COVID-19 pandemic,0,1,0,0,0,0,0,0,0,0,0,0,0,0,0,0,,,,,,1.0,10204.0,0.0,0.0,Drought,1,TUV
Tuvalu,2021,us,0.0036528952863409,0.0006640597043552,0.0003749744718795,0.0001416005094382,61597447.1614093,world_bank_wdi,2.051175508441465,2.089629391015416,0.0074927293462439,0.0013876386756097,0.0001828095501025,6.776345606883883e-05,1,covid_2020,COVID-19 pandemic,0,1,0,0,0,0,0,0,0,0,0,0,0,0,0,0,150000.0,,37570934.0,74232118.0,0.003992447991843908,1.0,10204.0,0.0,0.0,Drought,1,TUV
Tuvalu,2022,aus,0.0462945434645183,0.00290138405574,0.0003047591702082,3.77298359903933e-05,54104146.3198082,world_bank_wdi,1.8178657587282057,1.475605576106667,0.0841572653801026,0.0042812984910769,0.0001676466860905,2.5569052192078406e-05,2,aus_step_up_2018;pacer_plus_tuv,Australia Pacific Step-up; PACER Plus in force,0,0,1,0,0,1,0,0,0,0,0,0,0,0,0,0,8851336.0,8851336.0,64822104.0,114100579.0,0.13654811327938385,0.0,0.0,0.0,0.0,,0,TUV
Tuvalu,2022,china,0.3375405238674656,0.0001413014968865,0.0372673811533676,7.08059841922469e-07,54104146.3198082,world_bank_wdi,1.8178657587282057,1.475605576106667,0.6136033605218464,0.0002085052767179,0.0205006233130438,4.798435661856603e-07,0,,,0,0,0,0,0,0,0,0,0,0,0,0,0,0,0,0,,,,,,0.0,0.0,0.0,0.0,,0,TUV
Tuvalu,2022,us,0.0087775214194226,0.0023952739340135,0.0001282182826356,0.000682466972499,54104146.3198082,world_bank_wdi,1.8178657587282057,1.475605576106667,0.0159563556348718,0.0035344795733333,7.053231627255919e-05,0.000462499589016,0,,,0,0,0,0,0,0,0,0,0,0,0,0,0,0,0,0,80000.0,200000.0,64822104.0,114100579.0,0.0012341469200074099,0.0,0.0,0.0,0.0,,0,TUV
Tuvalu,2023,aus,0.1032639550077657,0.0058637488463116,0.0018419221950108,6.863155452228245e-05,50491930.924381,world_bank_wdi,2.0533151555496985,1.11938311657454,0.2120334438394474,0.0065637814583947,0.000897047971439,6.131194361078453e-05,2,aus_step_up_2018;pacer_plus_tuv,Australia Pacific Step-up; PACER Plus in force,0,0,1,0,0,1,0,0,0,0,0,0,0,0,0,0,22680920.0,37380920.0,78459348.0,118076798.0,0.28907861941447693,0.0,0.0,0.0,0.0,,0,TUV
Tuvalu,2023,china,0.4040975522485965,4.918628979942698e-06,0.0616056818044427,1.4223408575575772e-09,50491930.924381,world_bank_wdi,2.0533151555496985,1.11938311657454,0.8297396283525794,5.505830236842107e-06,0.0300030327239026,1.2706470523783916e-09,0,,,0,0,0,0,0,0,0,0,0,0,0,0,0,0,0,0,,,,,,0.0,0.0,0.0,0.0,,0,TUV
Tuvalu,2023,us,0.0029278661210262,0.0083595284237926,0.0001225631122471,0.0006557341098634,50491930.924381,world_bank_wdi,2.0533151555496985,1.11938311657454,0.0060118318797236,0.0093575149801184,5.969035582089264e-05,0.0005857995356139,0,,,0,0,0,0,0,0,0,0,0,0,0,0,0,0,0,0,100000.0,,78459348.0,118076798.0,0.0012745453862298218,0.0,0.0,0.0,0.0,,0,TUV
Tuvalu,2024,aus,0.1134586599412655,0.0001716056594476,0.0002549661806676,1.1917818164742847e-06,56752265.8012166,world_bank_wdi,1.3322303159635118,1.412977294701791,0.1511530663823488,0.0002424749004418,0.0001913829595472,8.434543293392485e-07,2,aus_step_up_2018;pacer_plus_tuv,Australia Pacific Step-up; PACER Plus in force,0,0,1,0,0,1,0,0,0,0,0,0,0,0,0,0,,37100000.0,,37100000.0,,0.0,0.0,0.0,0.0,,0,TUV
Tuvalu,2024,china,0.2602822997192763,2.21973747414302e-06,0.0276503325574894,1.1400327738435104e-10,56752265.8012166,world_bank_wdi,1.3322303159635118,1.412977294701791,0.3467559703947209,3.136438651162791e-06,0.0207549191954034,8.068302145535285e-11,0,,,0,0,0,0,0,0,0,0,0,0,0,0,0,0,0,0,,,,,,0.0,0.0,0.0,0.0,,0,TUV
Tuvalu,2024,us,0.0071739966076461,0.0018774614378913,0.000403627178246,0.0003309929671015,56752265.8012166,world_bank_wdi,1.3322303159635118,1.412977294701791,0.0095574157673255,0.0026528103834186,0.0003029710204081,0.0002342521485254,0,,,0,0,0,0,0,0,0,0,0,0,0,0,0,0,0,0,,,,,,0.0,0.0,0.0,0.0,,0,TUV
Vanuatu,2002,aus,0.2692921744938411,0.0565843188505414,0.0007830727622816,4.339853496455082e-05,262596535.549028,world_bank_wdi,0.2556547818105763,0.1925000758075961,0.0688458321135186,0.0108924856682504,0.0030630084707819,0.0002254468460985,0,,,0,0,0,0,0,0,0,0,0,0,0,0,0,0,0,0,,18779580.0,,18779580.0,,3.0,4004.0,0.0,0.0,Earthquake;Flood,1,VUT
Vanuatu,2002,china,0.0209492469247353,0.005227532511321,9.412388781915156e-05,4.793454952503458e-06,262596535.549028,world_bank_wdi,0.2556547818105763,0.1925000758075961,0.0053557751516391,0.0010063004047159,0.0003681679143748,2.490105488215245e-05,0,,,0,0,0,0,0,0,0,0,0,0,0,0,0,0,0,0,,,,,,3.0,4004.0,0.0,0.0,Earthquake;Flood,1,VUT
Vanuatu,2002,us,0.0077267932253762,0.0562338925100336,1.5553699633054614e-05,0.0013231680620397,262596535.549028,world_bank_wdi,0.2556547818105763,0.1925000758075961,0.0019753916361289,0.0108250285711376,6.083868067282583e-05,0.0068735976154225,0,,,0,0,0,0,0,0,0,0,0,0,0,0,0,0,0,0,,,,,,3.0,4004.0,0.0,0.0,Earthquake;Flood,1,VUT
Vanuatu,2003,aus,0.2405349892258155,0.0622493831257345,0.0005826899255049,4.765050283196641e-05,314471413.001776,world_bank_wdi,0.258934534693429,0.2080191816978625,0.0622828155126755,0.012949065739012,0.002250336851339,0.0002290678313559,0,,,0,0,0,0,0,0,0,0,0,0,0,0,0,0,0,0,,,,,,0.0,0.0,0.0,0.0,,0,VUT
Vanuatu,2003,china,0.0354328780952884,0.0030011884232878,0.0001467339973018,1.8356576120248007e-06,314471413.001776,world_bank_wdi,0.258934534693429,0.2080191816978625,0.0091747958024524,0.0006243047599334,0.0005666837661324,8.824463191529146e-06,0,,,0,0,0,0,0,0,0,0,0,0,0,0,0,0,0,0,,,,,,0.0,0.0,0.0,0.0,,0,VUT
Vanuatu,2003,us,0.0088133237626119,0.0131305012653921,7.413578076193088e-05,0.0001013746632019,314471413.001776,world_bank_wdi,0.258934534693429,0.2080191816978625,0.0022820738875744,0.0027313961285096,0.0002863109042202,0.0004873332467442,0,,,0,0,0,0,0,0,0,0,0,0,0,0,0,0,0,0,,,,,,0.0,0.0,0.0,0.0,,0,VUT
Vanuatu,2004,aus,0.1431886310260285,0.0118664370685762,0.0005180476973109,3.193573693451461e-05,364996869.129618,world_bank_wdi,0.4354533023228685,0.6207827660010294,0.0623519622353748,0.0073664796260078,0.0011896745174453,5.1444303359513126e-05,0,,,0,0,0,0,0,0,0,0,0,0,0,0,0,0,0,0,,12249326.0,,12249326.0,,1.0,54008.0,2.0,0.0,Storm,1,VUT
Vanuatu,2004,china,0.0454764143235447,0.001167016528448,0.001035631503829,2.4489510294163327e-06,364996869.129618,world_bank_wdi,0.4354533023228685,0.6207827660010294,0.0198028547949905,0.0007244637484988,0.0023782837294025,3.944940426088233e-06,0,,,0,0,0,0,0,0,0,0,0,0,0,0,0,0,0,0,,0.0,,12249326.0,,1.0,54008.0,2.0,0.0,Storm,1,VUT
Vanuatu,2004,us,0.0289466546090498,0.0040784916603425,0.0015133563903634,4.912746689237406e-05,364996869.129618,world_bank_wdi,0.4354533023228685,0.6207827660010294,0.0126049163407102,0.0025318573340195,0.0034753586258059,7.913793613963277e-05,0,,,0,0,0,0,0,0,0,0,0,0,0,0,0,0,0,0,,,,,,1.0,54008.0,2.0,0.0,Storm,1,VUT
Vanuatu,2005,aus,0.161482685343108,0.0162120811572408,0.0004569492120441,4.331995982406623e-05,394962433.029368,world_bank_wdi,0.4466440609223281,0.5923200751161181,0.0721252823502883,0.0096027411288455,0.0010230724015462,7.313606552263793e-05,0,,,0,0,0,0,0,0,0,0,0,0,0,0,0,0,0,0,,,,,,1.0,5000.0,0.0,0.0,Volcanic activity,1,VUT
Vanuatu,2005,china,0.0442050733351237,0.0020292447713744,0.0003110775926821,9.763478540913902e-06,394962433.029368,world_bank_wdi,0.4466440609223281,0.5923200751161181,0.0197439334677689,0.0012019624154095,0.0006964776203219,1.6483450335529953e-05,0,,,0,0,0,0,0,0,0,0,0,0,0,0,0,0,0,0,,,,,,1.0,5000.0,0.0,0.0,Volcanic activity,1,VUT
Vanuatu,2005,us,0.0297682200528463,0.0046803045468393,0.0016313504034324,3.7880477611925815e-05,394962433.029368,world_bank_wdi,0.4466440609223281,0.5923200751161181,0.0132957986908327,0.0027722383407502,0.0036524618732501,6.395271611298967e-05,0,,,0,0,0,0,0,0,0,0,0,0,0,0,0,0,0,0,,,,,,1.0,5000.0,0.0,0.0,Volcanic activity,1,VUT
Vanuatu,2006,aus,0.186683199860402,0.0091505155902992,0.0004417530051497,2.363836089932606e-05,439358586.535588,world_bank_wdi,0.3675899093573722,0.634669662880057,0.0686228605152293,0.0058075546448739,0.0012017549826709,3.724514071155998e-05,0,,,0,0,0,0,0,0,0,0,0,0,0,0,0,0,0,0,22840444.0,14866089.0,50972032.0,105116736.0,0.44809757633362546,1.0,0.0,0.0,0.0,Volcanic activity,1,VUT
Vanuatu,2006,china,0.1119239850870861,0.003771343659496,0.0025913837762161,6.416370943029531e-07,439358586.535588,world_bank_wdi,0.3675899093573722,0.634669662880057,0.0411421275330778,0.0023935574089771,0.0070496597165751,1.0109780439028372e-06,0,,,0,0,0,0,0,0,0,0,0,0,0,0,0,0,0,0,,0.0,50972032.0,105116736.0,,1.0,0.0,0.0,0.0,Volcanic activity,1,VUT
Vanuatu,2006,us,0.0320080613839243,0.0052159106886376,0.001062431818722,0.0003764136082971,439358586.535588,world_bank_wdi,0.3675899093573722,0.634669662880057,0.0117658403828219,0.0033103802783701,0.0028902638284587,0.0005930858686217,0,,,0,0,0,0,0,0,0,0,0,0,0,0,0,0,0,0,3229000.0,67516000.0,50972032.0,105116736.0,0.06334846529171134,1.0,0.0,0.0,0.0,Volcanic activity,1,VUT
Vanuatu,2007,aus,0.2278157541169013,0.0077708753392916,0.0008155749851182,1.804162056432382e-05,516392922.513728,world_bank_wdi,0.5295705306509696,0.5882207632152915,0.1206445097983382,0.004570990222929,0.0015400686743571,3.067151262343404e-05,0,,,0,0,0,0,0,0,0,0,0,0,0,0,0,0,0,0,23568955.0,25334844.0,63260733.0,73502841.0,0.3725684778265215,0.0,0.0,0.0,0.0,,0,VUT
Vanuatu,2007,china,0.0778012005961652,0.0013663929136853,0.0008276513087332,5.237894852508771e-07,516392922.513728,world_bank_wdi,0.5295705306509696,0.5882207632152915,0.0412012230849937,0.0008037406825399,0.001562872669134,8.904641216467358e-07,0,,,0,0,0,0,0,0,0,0,0,0,0,0,0,0,0,0,4600000.0,4600000.0,63260733.0,73502841.0,0.07271493360660237,0.0,0.0,0.0,0.0,,0,VUT
Vanuatu,2007,us,0.0769757319502353,0.0038373969980264,0.0017653215210021,3.326569539007076e-05,516392922.513728,world_bank_wdi,0.5295705306509696,0.5882207632152915,0.0407640792161329,0.0022572365909391,0.0033334965199672,5.655307916748148e-05,0,,,0,0,0,0,0,0,0,0,0,0,0,0,0,0,0,0,2324343.0,2464325.0,63260733.0,73502841.0,0.036742271070428476,0.0,0.0,0.0,0.0,,0,VUT
Vanuatu,2008,aus,0.1531133398075229,0.0035120068006722,0.0005285643278082,9.0486058516828e-06,590748429.401902,world_bank_wdi,0.5565454356482483,0.9287657921587588,0.0852145304067361,0.0032618317782933,0.0009497235876035,9.742613184160078e-06,1,gfc_2008,Global financial crisis,1,0,0,0,0,0,0,0,0,0,0,0,0,0,0,0,27824418.0,60582666.0,95769397.0,138428558.0,0.29053558727116136,1.0,9000.0,0.0,0.0,Volcanic activity,1,VUT
Vanuatu,2008,china,0.1053696566180749,0.0007891563605492,0.0014654767494527,2.9001716397655504e-06,590748429.401902,world_bank_wdi,0.5565454356482483,0.9287657921587588,0.0586430014466128,0.0007329414323426,0.0026331664147884,3.122608158322232e-06,1,gfc_2008,Global financial crisis,1,0,0,0,0,0,0,0,0,0,0,0,0,0,0,0,1419209.0,28780000.0,95769397.0,138428558.0,0.014819024077179895,1.0,9000.0,0.0,0.0,Volcanic activity,1,VUT
Vanuatu,2008,us,0.1901829652757358,0.0026338510908584,0.0303980664158309,0.0001332838343251,590748429.401902,world_bank_wdi,0.5565454356482483,0.9287657921587588,0.10584546126226,0.0024462307948293,0.0546191999228673,0.0001435063989763,1,gfc_2008,Global financial crisis,1,0,0,0,0,0,0,0,0,0,0,0,0,0,0,0,25878470.0,6612832.0,95769397.0,138428558.0,0.27021648679692534,1.0,9000.0,0.0,0.0,Volcanic activity,1,VUT
Vanuatu,2009,aus,0.1825892533148174,0.0065947091828989,0.0007682407090054,5.620036964855098e-06,592622319.145664,world_bank_wdi,0.7488586535852665,0.3607876147969483,0.1367335423964733,0.0023792893963776,0.0010258821278586,1.5577133843738125e-05,1,gfc_2008,Global financial crisis,1,0,0,0,0,0,0,0,0,0,0,0,0,0,0,0,41866415.0,56914125.0,105550062.0,121635032.0,0.3966498380645196,2.0,1350.0,0.0,0.0,Flood;Volcanic activity,1,VUT
Vanuatu,2009,china,0.0979340668496551,0.0069313760040167,0.0033507994131112,2.4744018570885334e-06,592622319.145664,world_bank_wdi,0.7488586535852665,0.3607876147969483,0.0733387734411622,0.00250075461575,0.0044745418872691,6.858333699955664e-06,1,gfc_2008,Global financial crisis,1,0,0,0,0,0,0,0,0,0,0,0,0,0,0,0,1419209.0,,105550062.0,121635032.0,0.013445837672743386,2.0,1350.0,0.0,0.0,Flood;Volcanic activity,1,VUT
Vanuatu,2009,us,0.0127971574289654,0.0153109529882338,0.0001235935663911,0.0002054301482384,592622319.145664,world_bank_wdi,0.7488586535852665,0.3607876147969483,0.0095832620819737,0.0055240022088931,0.0001650425828685,0.0005693935706581,1,gfc_2008,Global financial crisis,1,0,0,0,0,0,0,0,0,0,0,0,0,0,0,0,22763503.0,3178718.0,105550062.0,121635032.0,0.21566546308613252,2.0,1350.0,0.0,0.0,Flood;Volcanic activity,1,VUT
Vanuatu,2010,aus,0.0886603361288457,0.0110274237388721,0.0008129875173081,2.115999501395819e-05,670712979.682038,world_bank_wdi,1.4322956675975105,0.7822884257417204,0.1269878153250848,0.0086266259566691,0.0005676115174403,2.7048840705901422e-05,0,,,0,0,0,0,0,0,0,0,0,0,0,0,0,0,0,0,58458497.0,49823429.0,114787353.0,77624114.0,0.5092764618415758,0.0,0.0,0.0,0.0,,0,VUT
Vanuatu,2010,china,0.0304276137774735,0.0014958270648899,0.0013892022171773,1.812393243673413e-05,670712979.682038,world_bank_wdi,1.4322956675975105,0.7822884257417204,0.0435813393888056,0.0011701681997746,0.0009699130204782,2.316783917587694e-05,0,,,0,0,0,0,0,0,0,0,0,0,0,0,0,0,0,0,1419209.0,,114787353.0,77624114.0,0.012363809800544839,0.0,0.0,0.0,0.0,,0,VUT
Vanuatu,2010,us,0.0062151732992912,0.0055848318237118,0.0001206228147047,4.273774532362872e-05,670712979.682038,world_bank_wdi,1.4322956675975105,0.7822884257417204,0.0089019657899426,0.0043689492954037,8.421642083650892e-05,5.4631698382993816e-05,0,,,0,0,0,0,0,0,0,0,0,0,0,0,0,0,0,0,19214810.0,2391470.0,114787353.0,77624114.0,0.16739483486477819,0.0,0.0,0.0,0.0,,0,VUT
Vanuatu,2011,aus,0.1823461446650525,0.0090369318383953,0.0008144630956477,1.5011863084886343e-05,770153588.218833,world_bank_wdi,0.5942647258951097,0.9903708100146827,0.1083618816774075,0.008949913504839,0.001370539189283,1.5157820619393848e-05,0,,,0,0,0,0,0,0,0,0,0,0,0,0,0,0,0,0,61484489.0,63065189.0,95963319.0,103443052.0,0.6407082376965307,2.0,32000.0,0.0,0.0,Storm,1,VUT
Vanuatu,2011,china,0.1910950626283892,0.0034750992809607,0.0076711509650692,6.43327609476603e-06,770153588.218833,world_bank_wdi,0.5942647258951097,0.9903708100146827,0.1135610550127685,0.0034416368897665,0.0129086426146438,6.495825633906409e-06,0,,,0,0,0,0,0,0,0,0,0,0,0,0,0,0,0,0,1419209.0,2900000.0,95963319.0,103443052.0,0.014789077897566257,2.0,32000.0,0.0,0.0,Storm,1,VUT
Vanuatu,2011,us,0.0128296030500116,0.0043107444260587,4.979335857050984e-05,6.460467199899964e-05,770153588.218833,world_bank_wdi,0.5942647258951097,0.9903708100146827,0.0076241805398582,0.004269235449002,8.37898606475569e-05,6.523281113065302e-05,0,,,0,0,0,0,0,0,0,0,0,0,0,0,0,0,0,0,3015480.0,2956000.0,95963319.0,103443052.0,0.03142325662996295,2.0,32000.0,0.0,0.0,Storm,1,VUT
Vanuatu,2012,aus,0.0900925793421294,0.0037381110207789,0.0003840596980704,1.0583948729853323e-05,747839697.746593,world_bank_wdi,0.6837812803209532,0.6092803569708276,0.0616036192499783,0.0022775576171367,0.0005616703895288,1.7371229203045002e-05,1,vut_wto_2012,Vanuatu WTO accession,0,0,0,0,0,0,0,0,0,0,0,0,0,0,0,1,69860047.0,69860047.0,115610790.0,199711650.0,0.6042692641404838,0.0,0.0,0.0,0.0,,0,VUT
Vanuatu,2012,china,0.2612887304531421,0.0053057184959808,0.0117044607894594,2.2838651833207636e-05,747839697.746593,world_bank_wdi,0.6837812803209532,0.6092803569708276,0.178664342642686,0.0032326700592179,0.0171172582904955,3.748463506480835e-05,1,vut_wto_2012,Vanuatu WTO accession,0,0,0,0,0,0,0,0,0,0,0,0,0,0,0,1,2922209.0,56000.0,115610790.0,199711650.0,0.0252762653036105,0.0,0.0,0.0,0.0,,0,VUT
Vanuatu,2012,us,0.1128621949599199,0.0062240428129995,0.0048635642147837,0.0001920764464772,747839697.746593,world_bank_wdi,0.6837812803209532,0.6092803569708276,0.0771730561695271,0.003792187026906,0.0071127484105749,0.0003152513359074,1,vut_wto_2012,Vanuatu WTO accession,0,0,0,0,0,0,0,0,0,0,0,0,0,0,0,1,2220480.0,2631420.0,115610790.0,199711650.0,0.01920651177973959,0.0,0.0,0.0,0.0,,0,VUT
Vanuatu,2013,aus,0.0481393791517788,0.0069192475623983,0.0002124614029855,1.3497341362468023e-05,863347171.906814,world_bank_wdi,1.0183569502615994,0.3346978775198781,0.0490230713404922,0.0023158574731693,0.0002086315637468,4.0326940411106734e-05,0,,,0,0,0,0,0,0,0,0,0,0,0,0,0,0,0,0,53681383.0,53681383.0,105004777.0,275055117.0,0.5112280082267114,0.0,0.0,0.0,0.0,,0,VUT
Vanuatu,2013,china,0.4327623989807692,0.0077662077136877,0.0296659522500111,3.1416194655676674e-05,863347171.906814,world_bank_wdi,1.0183569502615994,0.3346978775198781,0.4407065968139497,0.0025993332381497,0.0291311924000621,9.38643378573885e-05,0,,,0,0,0,0,0,0,0,0,0,0,0,0,0,0,0,0,6605709.0,150721618.0,105004777.0,275055117.0,0.0629086522416023,0.0,0.0,0.0,0.0,,0,VUT
Vanuatu,2013,us,0.0223577428691683,0.0086495396224893,0.000678642842298,2.9044645730100096e-05,863347171.906814,world_bank_wdi,1.0183569502615994,0.3346978775198781,0.0227681628429793,0.0028949825531712,0.0006664095945176,8.677869709040835e-05,0,,,0,0,0,0,0,0,0,0,0,0,0,0,0,0,0,0,2674180.0,3026740.0,105004777.0,275055117.0,0.025467222315038104,0.0,0.0,0.0,0.0,,0,VUT
Vanuatu,2014,aus,0.0711343706977445,0.0026477421784174,0.0002125679438828,8.982360242277023e-06,879185478.498067,world_bank_wdi,0.7366379561982539,0.7446262341802764,0.0524002774462354,0.0019715782873952,0.0002885650163615,1.2062911337209704e-05,0,,,0,0,0,0,0,0,0,0,0,0,0,0,0,0,0,0,56083844.0,56083844.0,112435407.0,110028916.0,0.4988094542140093,1.0,20006.0,12.0,2000000.0,Storm,1,VUT
Vanuatu,2014,china,0.278296553725224,0.0105632369548783,0.009685480448721,0.0002504468293309,879185478.498067,world_bank_wdi,0.7366379561982539,0.7446262341802764,0.2050038045531666,0.0078656633544649,0.0131482234484729,0.0003363389816726,0,,,0,0,0,0,0,0,0,0,0,0,0,0,0,0,0,0,7471709.0,9600000.0,112435407.0,110028916.0,0.06645334596422993,1.0,20006.0,12.0,2000000.0,Storm,1,VUT
Vanuatu,2014,us,0.0190706757079211,0.0115521189376351,0.0002375792403592,0.0001560335274923,879185478.498067,world_bank_wdi,0.7366379561982539,0.7446262341802764,0.0140481835768027,0.0086020108213339,0.0003225183258074,0.0002095461055896,0,,,0,0,0,0,0,0,0,0,0,0,0,0,0,0,0,0,3030280.0,2869260.0,112435407.0,110028916.0,0.02695129657866583,1.0,20006.0,12.0,2000000.0,Storm,1,VUT
Vanuatu,2015,aus,0.1042154193050757,0.0020584778101631,0.000187041067945,1.4945826504203136e-05,855360239.609869,world_bank_wdi,0.4636686750612718,1.080075946038094,0.0483214253901393,0.0022233123682103,0.0004033937982122,1.3837755168075931e-05,1,vut_pam_2015,Cyclone Pam,0,0,0,0,0,0,0,0,0,0,1,0,0,0,0,0,90722223.0,90722223.0,286196090.0,325181437.0,0.31699323006124924,1.0,188000.0,11.0,449400000.0,Storm,1,VUT
Vanuatu,2015,china,0.1772771416742205,0.0129963324725263,0.0083989229604028,0.0001845835433312,855360239.609869,world_bank_wdi,0.4636686750612718,1.080075946038094,0.0821978573987352,0.0140370260902894,0.0181140616395812,0.0001708986706058,1,vut_pam_2015,Cyclone Pam,0,0,0,0,0,0,0,0,0,0,1,0,0,0,0,0,94817737.0,11364284.0,286196090.0,325181437.0,0.3313033976110575,1.0,188000.0,11.0,449400000.0,Storm,1,VUT
Vanuatu,2015,us,0.0091472231645495,0.0042897394114277,1.6012383130721527e-05,3.152393156449043e-05,855360239.609869,world_bank_wdi,0.4636686750612718,1.080075946038094,0.0042412808451964,0.0046332443530547,3.4534105907856634e-05,2.918677309695275e-05,1,vut_pam_2015,Cyclone Pam,0,0,0,0,0,0,0,0,0,0,1,0,0,0,0,0,4931874.0,5022627.0,286196090.0,325181437.0,0.01723249957747501,1.0,188000.0,11.0,449400000.0,Storm,1,VUT
Vanuatu,2016,aus,0.1478213461922837,0.001932219473986,0.0002381791297546,7.89277625129079e-06,908725512.790966,world_bank_wdi,0.3717466322283257,0.7199754334953941,0.0549520876184389,0.0013911505533913,0.0006407028580917,1.096256328215577e-05,0,,,0,0,0,0,0,0,0,0,0,0,0,0,0,0,0,0,40771150.0,40771150.0,167381879.0,153793969.0,0.2435816245078716,0.0,0.0,0.0,0.0,,0,VUT
Vanuatu,2016,china,0.1885753285514609,0.007660032181852,0.0072058811089263,0.0002347943054641,908725512.790966,world_bank_wdi,0.3717466322283257,0.7199754334953941,0.0701022433103556,0.0055150349907176,0.0193838504083623,0.0003261143291017,0,,,0,0,0,0,0,0,0,0,0,0,0,0,0,0,0,0,34098384.0,615000.0,167381879.0,153793969.0,0.2037161023864477,0.0,0.0,0.0,0.0,,0,VUT
Vanuatu,2016,us,0.0114632936972082,0.0087375425775847,3.776297743343e-05,0.0001690836397449,908725512.790966,world_bank_wdi,0.3717466322283257,0.7199754334953941,0.0042614408261813,0.006290816004981,0.0001015825676942,0.0002348464015279,0,,,0,0,0,0,0,0,0,0,0,0,0,0,0,0,0,0,3459219.0,4728636.0,167381879.0,153793969.0,0.020666627837294144,0.0,0.0,0.0,0.0,,0,VUT
Vanuatu,2017,aus,0.1486154264289031,0.0059472739311293,0.0002299269500015,7.698184274312945e-06,998536154.882053,world_bank_wdi,0.3207855673867269,0.2651917075864705,0.047673683889416,0.0015771677292806,0.0007167621407491,2.9028751857947195e-05,0,,,0,0,0,0,0,0,0,0,0,0,0,0,0,0,0,0,50530601.0,50530601.0,196047854.0,139786756.0,0.25774625923729827,2.0,13564.0,0.0,0.0,Storm;Volcanic activity,1,VUT
Vanuatu,2017,china,0.2045547604840591,0.053765250723189,0.0061032331316359,0.0009774449670505,998536154.882053,world_bank_wdi,0.3207855673867269,0.2651917075864705,0.0656182149035349,0.0142580986480972,0.0190258968985287,0.0036858051707061,0,,,0,0,0,0,0,0,0,0,0,0,0,0,0,0,0,0,58634865.0,11088000.0,196047854.0,139786756.0,0.29908445210524975,2.0,13564.0,0.0,0.0,Storm;Volcanic activity,1,VUT
Vanuatu,2017,us,0.014616941364216,0.021596934433361,4.066697363114846e-05,7.590381348173024e-05,998536154.882053,world_bank_wdi,0.3207855673867269,0.2651917075864705,0.0046889038289785,0.005727327921016,0.000126773077612,0.0002862224244209,0,,,0,0,0,0,0,0,0,0,0,0,0,0,0,0,0,0,3646430.0,2867090.0,196047854.0,139786756.0,0.018599693521766374,2.0,13564.0,0.0,0.0,Storm;Volcanic activity,1,VUT
Vanuatu,2018,aus,0.188141001305264,0.0082574974379327,0.0003053593545578,4.015648588299119e-06,1034402941.04298,world_bank_wdi,0.274778204626344,0.1836213050675268,0.051697046555263,0.0015162524561449,0.0011112939433209,2.1869186622011878e-05,1,aus_step_up_2018,Australia Pacific Step-up,0,0,0,0,0,1,0,0,0,0,0,0,0,0,0,0,42940793.0,42940793.0,174376888.0,180247698.0,0.24625277748964072,2.0,13586.0,0.0,0.0,Volcanic activity,1,VUT
Vanuatu,2018,china,0.2228910591481026,0.0825538622734027,0.0060029853455318,0.0003427779522276,1034402941.04298,world_bank_wdi,0.274778204626344,0.1836213050675268,0.0612456050599798,0.015158647929007,0.021846657574952,0.0018667656898614,0,,,0,0,0,0,0,0,0,0,0,0,0,0,0,0,0,0,37800567.0,57122974.0,174376888.0,180247698.0,0.21677509808524625,2.0,13586.0,0.0,0.0,Volcanic activity,1,VUT
Vanuatu,2018,us,0.0212270367062176,0.0386648002933245,5.60853583108414e-05,7.025490964688768e-05,1034402941.04298,world_bank_wdi,0.274778204626344,0.1836213050675268,0.0058327270356719,0.0070996810900355,0.0002041113791652,0.0003826076152821,0,,,0,0,0,0,0,0,0,0,0,0,0,0,0,0,0,0,3625780.0,2803930.0,174376888.0,180247698.0,0.0207927784558238,2.0,13586.0,0.0,0.0,Volcanic activity,1,VUT
Vanuatu,2019,aus,0.1426784854226303,0.0067907553161578,0.0003317560087842,5.8258169269258485e-06,1061547512.69257,world_bank_wdi,0.3154085285836528,0.1678021585187279,0.045002011147696,0.0011395034000238,0.0010518295439696,3.471836702431718e-05,1,aus_step_up_2018,Australia Pacific Step-up,0,0,0,0,0,1,0,0,0,0,0,0,0,0,0,0,43474625.0,43474625.0,174950944.0,180844924.0,0.24849608699453488,0.0,0.0,0.0,0.0,,0,VUT
Vanuatu,2019,china,0.2303790382840791,0.0818115642801118,0.0087796936449426,0.0003267005925451,1061547512.69257,world_bank_wdi,0.3154085285836528,0.1678021585187279,0.0726635134816984,0.0137281570779964,0.0278359424343026,0.0019469391539959,0,,,0,0,0,0,0,0,0,0,0,0,0,0,0,0,0,0,38698027.0,50000000.0,174950944.0,180844924.0,0.2211935878436872,0.0,0.0,0.0,0.0,,0,VUT
Vanuatu,2019,us,0.0082341007746228,0.0362065755540151,3.5234226502522625e-05,0.0001385675757541,1061547512.69257,world_bank_wdi,0.3154085285836528,0.1678021585187279,0.0025971056095333,0.0060755415305351,0.0001117098090553,0.0008257794594382,0,,,0,0,0,0,0,0,0,0,0,0,0,0,0,0,0,0,2391881.0,2744760.0,174950944.0,180844924.0,0.01367172388621121,0.0,0.0,0.0,0.0,,0,VUT
Vanuatu,2020,aus,0.1383579317657336,0.0035918798298007,0.000262919048509,5.100535519727101e-06,1017403362.80118,world_bank_wdi,0.2767280267531601,0.2252977544411691,0.0382875174431798,0.0008092424598766,0.0009500990976369,2.2639087248687944e-05,3,aus_step_up_2018;covid_2020;vut_harold_2020,Australia Pacific Step-up; COVID-19 pandemic; Cyclone Harold,0,1,0,0,0,1,0,0,0,0,1,0,0,0,0,0,54155778.0,55779700.0,179335269.0,230156639.0,0.3019806327109031,1.0,130120.0,3.0,0.0,Storm,1,VUT
Vanuatu,2020,china,0.256991712042193,0.0346110035624363,0.0090228022694154,0.0002323292226903,1017403362.80118,world_bank_wdi,0.2767280267531601,0.2252977544411691,0.0711168093653524,0.0077977813815722,0.0326053070058703,0.0010312096685856,2,covid_2020;vut_harold_2020,COVID-19 pandemic; Cyclone Harold,0,1,0,0,0,0,0,0,0,0,1,0,0,0,0,0,20351765.0,201940.0,179335269.0,230156639.0,0.11348445352375165,1.0,130120.0,3.0,0.0,Storm,1,VUT
Vanuatu,2020,us,0.0144145342810951,0.0238458867750371,4.786785225015156e-05,7.742986449158378e-05,1017403362.80118,world_bank_wdi,0.2767280267531601,0.2252977544411691,0.0039889056281732,0.0053724247430742,0.0001729779697842,0.0003436779238374,2,covid_2020;vut_harold_2020,COVID-19 pandemic; Cyclone Harold,0,1,0,0,0,0,0,0,0,0,1,0,0,0,0,0,1805651.0,1811790.0,179335269.0,230156639.0,0.010068577196602637,1.0,130120.0,3.0,0.0,Storm,1,VUT
Vanuatu,2021,aus,0.1454925976809191,0.0082465366120715,0.0004025531335453,1.053378893840861e-05,1093826088.94269,world_bank_wdi,0.3388864918721294,0.2828336681007882,0.0493054760214497,0.0023323981991196,0.001187870107544,3.72437588818276e-05,3,aus_step_up_2018;covid_2020;pacer_plus_vut,Australia Pacific Step-up; COVID-19 pandemic; PACER Plus in force,0,1,1,0,0,1,0,0,0,0,0,0,0,0,0,0,90176283.0,90176283.0,207166246.0,273281989.0,0.4352846312617935,1.0,3383.0,0.0,0.0,Volcanic activity,1,VUT
Vanuatu,2021,china,0.2285878825277086,0.038235723214319,0.0093668148076799,0.0002984956413838,1093826088.94269,world_bank_wdi,0.3388864918721294,0.2828336681007882,0.0774653455942935,0.0108143498491923,0.0276399769018066,0.001055375208292,1,covid_2020,COVID-19 pandemic,0,1,0,0,0,0,0,0,0,0,0,0,0,0,0,0,30894535.0,75483741.0,207166246.0,273281989.0,0.14912919260022697,1.0,3383.0,0.0,0.0,Volcanic activity,1,VUT
Vanuatu,2021,us,0.0073359469851543,0.0214135950658181,1.62213871005489e-05,4.163453159827269e-05,1093826088.94269,world_bank_wdi,0.3388864918721294,0.2828336681007882,0.0024860533383588,0.0060564856396902,4.786672673477244e-05,0.0001472050052521,1,covid_2020,COVID-19 pandemic,0,1,0,0,0,0,0,0,0,0,0,0,0,0,0,0,1578630.0,1510590.0,207166246.0,273281989.0,0.0076201120138075,1.0,3383.0,0.0,0.0,Volcanic activity,1,VUT
Vanuatu,2022,aus,0.1470834122045262,0.0119872205062205,0.000425118294416,9.937646506416026e-06,1151863789.76624,world_bank_wdi,0.3453629409435052,0.1984142083730067,0.050797159802961,0.0023784348673344,0.0012309319965096,5.0085357232753455e-05,2,aus_step_up_2018;pacer_plus_vut,Australia Pacific Step-up; PACER Plus in force,0,0,1,0,0,1,0,0,0,0,0,0,0,0,0,0,61907176.0,61907176.0,182378379.0,223591886.0,0.3394436135436866,0.0,0.0,0.0,0.0,,0,VUT
Vanuatu,2022,china,0.2409785880617006,0.0473161170228811,0.0112369880953299,0.0004527649127298,1151863789.76624,world_bank_wdi,0.3453629409435052,0.1984142083730067,0.0832250738774024,0.0093881899023795,0.0325367512351829,0.0022819177943078,0,,,0,0,0,0,0,0,0,0,0,0,0,0,0,0,0,0,52450993.0,21869486.0,182378379.0,223591886.0,0.28759435897826463,0.0,0.0,0.0,0.0,,0,VUT
Vanuatu,2022,us,0.0217904672365247,0.0308172080192016,9.144965840512904e-05,4.832349611134746e-05,1151863789.76624,world_bank_wdi,0.3453629409435052,0.1984142083730067,0.0075256198493392,0.0061145719333961,0.0002647929107717,0.0002435485669478,0,,,0,0,0,0,0,0,0,0,0,0,0,0,0,0,0,0,1470408.0,1195379.0,182378379.0,223591886.0,0.008062403054914749,0.0,0.0,0.0,0.0,,0,VUT
Vanuatu,2023,aus,0.1492804052803689,0.0290564672610376,0.0005702328244897,3.944687482545113e-05,1188137265.19047,world_bank_wdi,0.406422953094219,0.1796432855473002,0.0606709831531493,0.0052197992451703,0.0014030527069114,0.0002195844654325,2,aus_step_up_2018;pacer_plus_vut,Australia Pacific Step-up; PACER Plus in force,0,0,1,0,0,1,0,0,0,0,0,0,0,0,0,0,77064386.0,77064386.0,190634576.0,264567576.0,0.4042518813586052,3.0,593702.0,0.0,0.0,Storm,1,VUT
Vanuatu,2023,china,0.2569191490925349,0.0652404444243254,0.011765463986895,0.0013737344889465,1188137265.19047,world_bank_wdi,0.406422953094219,0.1796432855473002,0.1044178392806419,0.0117200077869518,0.0289488177213443,0.0076470127161244,0,,,0,0,0,0,0,0,0,0,0,0,0,0,0,0,0,0,22412565.0,119617922.0,190634576.0,264567576.0,0.1175682054655185,3.0,593702.0,0.0,0.0,Storm,1,VUT
Vanuatu,2023,us,0.0173196169824307,0.0304057729671488,4.593028309661961e-05,5.523975920212122e-05,1188137265.19047,world_bank_wdi,0.406422953094219,0.1796432855473002,0.0070390898804602,0.0054621929554238,0.0001130110461206,0.0003074969322333,0,,,0,0,0,0,0,0,0,0,0,0,0,0,0,0,0,0,3506130.0,9174285.0,190634576.0,264567576.0,0.018391889202722594,3.0,593702.0,0.0,0.0,Storm,1,VUT
Vanuatu,2024,aus,0.1363948771192022,0.0090041820957433,0.0005704912987934,7.196822815523717e-06,1297956614.77783,world_bank_wdi,0.40720060130089,0.2479089288011972,0.0555400759773001,0.0022322171380866,0.0014010079969696,2.9030107347585626e-05,2,aus_step_up_2018;pacer_plus_vut,Australia Pacific Step-up; PACER Plus in force,0,0,1,0,0,1,0,0,0,0,0,0,0,0,0,0,,,,,,1.0,80265.0,14.0,100000000.0,Earthquake,1,VUT
Vanuatu,2024,china,0.34447339411724,0.0599446288924951,0.0210449952516315,0.0007709001106342,1297956614.77783,world_bank_wdi,0.40720060130089,0.2479089288011972,0.1402697732166986,0.0148608087361237,0.051682132060706,0.0031096101070747,0,,,0,0,0,0,0,0,0,0,0,0,0,0,0,0,0,0,11296396.0,4132724.0,11296396.0,4132724.0,1.0,1.0,80265.0,14.0,100000000.0,Earthquake,1,VUT
Vanuatu,2024,us,0.0089117069238361,0.0440702462951181,2.1442993791936204e-05,0.0001337640258731,1297956614.77783,world_bank_wdi,0.40720060130089,0.2479089288011972,0.0036288524180033,0.0109254075510276,5.2659533712455095e-05,0.0005395692140656,0,,,0,0,0,0,0,0,0,0,0,0,0,0,0,0,0,0,,,,,,1.0,80265.0,14.0,100000000.0,Earthquake,1,VUT
