country,year,flow,partner,hs2,value_usd
Fiji,2013,export,aus,01,111671.0
Fiji,2013,export,aus,02,122900.0
Fiji,2013,export,aus,03,578736.0
Fiji,2013,export,aus,04,11395993.0
Fiji,2013,export,aus,05,6918030.0
Fiji,2013,export,aus,06,692341.0
Fiji,2013,export,aus,07,426770.0
Fiji,2013,export,aus,08,64895.0
Fiji,2013,export,aus,09,345116.0
Fiji,2013,export,aus,11,807855.0
Fiji,2013,export,aus,12,429195.0
Fiji,2013,export,aus,21,108584.0
Fiji,2013,export,aus,22,54635.0
Fiji,2013,export,aus,24,746328.0
Fiji,2013,export,aus,25,82292.0
Fiji,2013,export,aus,26,1128.0
Fiji,2013,export,aus,27,2833.0
Fiji,2013,export,aus,28,629358.0
Fiji,2013,export,aus,29,108393.0
Fiji,2013,export,aus,33,196765.0
Fiji,2013,export,aus,41,4334.0
Fiji,2013,export,aus,42,818906.0
Fiji,2013,export,aus,51,2970.0
Fiji,2013,export,aus,52,1896.0
Fiji,2013,export,aus,53,211621.0
Fiji,2013,export,aus,54,2202062.0
Fiji,2013,export,aus,55,497322.0
Fiji,2013,export,aus,57,51141.0
Fiji,2013,export,aus,58,2719.0
Fiji,2013,export,aus,59,18807.0
Fiji,2013,export,aus,61,2458.0
Fiji,2013,export,aus,62,12718.0
Fiji,2013,export,aus,63,434936.0
Fiji,2013,export,aus,64,84956.0
Fiji,2013,export,aus,65,3324696.0
Fiji,2013,export,aus,66,24366.0
Fiji,2013,export,aus,67,18739.0
Fiji,2013,export,aus,68,232747.0
Fiji,2013,export,aus,69,15724699.0
Fiji,2013,export,aus,71,543344.0
Fiji,2013,export,aus,72,76080.0
Fiji,2013,export,aus,73,11592.0
Fiji,2013,export,aus,74,911515.0
Fiji,2013,export,aus,75,146410.0
Fiji,2013,export,aus,76,3116862.0
Fiji,2013,export,aus,77,918062.0
Fiji,2013,export,aus,78,457246.0
Fiji,2013,export,aus,79,1832328.0
Fiji,2013,export,aus,81,1250380.0
Fiji,2013,export,aus,82,266353.0
Fiji,2013,export,aus,83,172243.0
Fiji,2013,export,aus,84,46104376.0
Fiji,2013,export,aus,85,322622.0
Fiji,2013,export,aus,87,301615.0
Fiji,2013,export,aus,88,620322.0
Fiji,2013,export,aus,89,1370604.0
Fiji,2013,export,aus,93,2743137.0
Fiji,2013,export,aus,97,41834850.0
Fiji,2013,export,china,03,11962696.0
Fiji,2013,export,china,05,148718.0
Fiji,2013,export,china,06,1439.0
Fiji,2013,export,china,09,49.0
Fiji,2013,export,china,11,984787.0
Fiji,2013,export,china,12,8010.0
Fiji,2013,export,china,24,5164691.0
Fiji,2013,export,china,28,9398081.0
Fiji,2013,export,china,33,25759.0
Fiji,2013,export,china,34,49474.0
Fiji,2013,export,china,42,94564.0
Fiji,2013,export,china,51,8326.0
Fiji,2013,export,china,52,4013.0
Fiji,2013,export,china,53,2629.0
Fiji,2013,export,china,55,5597.0
Fiji,2013,export,china,57,7960.0
Fiji,2013,export,china,58,9853.0
Fiji,2013,export,china,59,1716.0
Fiji,2013,export,china,62,226.0
Fiji,2013,export,china,63,27394.0
Fiji,2013,export,china,64,13259.0
Fiji,2013,export,china,65,14839.0
Fiji,2013,export,china,66,1875.0
Fiji,2013,export,china,67,1629.0
Fiji,2013,export,china,68,7884.0
Fiji,2013,export,china,69,3466.0
Fiji,2013,export,china,71,43573.0
Fiji,2013,export,china,72,9791.0
Fiji,2013,export,china,73,2673.0
Fiji,2013,export,china,74,18660.0
Fiji,2013,export,china,75,4742.0
Fiji,2013,export,china,76,45174.0
Fiji,2013,export,china,77,29110.0
Fiji,2013,export,china,78,17980.0
Fiji,2013,export,china,81,29805.0
Fiji,2013,export,china,82,16007.0
Fiji,2013,export,china,83,825.0
Fiji,2013,export,china,84,12689.0
Fiji,2013,export,china,85,22095.0
Fiji,2013,export,china,87,230.0
Fiji,2013,export,china,88,332.0
Fiji,2013,export,china,89,126805.0
Fiji,2013,export,china,93,529872.0
Fiji,2013,export,world,00,26135.0
Fiji,2013,export,world,01,7035034.0
Fiji,2013,export,world,02,5052073.0
Fiji,2013,export,world,03,134238160.0
Fiji,2013,export,world,04,68122996.0
Fiji,2013,export,world,05,22785480.0
Fiji,2013,export,world,06,87901016.0
Fiji,2013,export,world,07,3109105.0
Fiji,2013,export,world,08,2501385.0
Fiji,2013,export,world,09,3293524.0
Fiji,2013,export,world,11,94420666.0
Fiji,2013,export,world,12,608516.0
Fiji,2013,export,world,21,109220.0
Fiji,2013,export,world,22,217311.0
Fiji,2013,export,world,23,2616.0
Fiji,2013,export,world,24,30828636.0
Fiji,2013,export,world,25,84368.0
Fiji,2013,export,world,26,32235.0
Fiji,2013,export,world,27,6060776.0
Fiji,2013,export,world,28,12257274.0
Fiji,2013,export,world,29,7450878.0
Fiji,2013,export,world,33,317729372.0
Fiji,2013,export,world,34,482213.0
Fiji,2013,export,world,41,95034.0
Fiji,2013,export,world,42,3390561.0
Fiji,2013,export,world,43,60883.0
Fiji,2013,export,world,51,352911.0
Fiji,2013,export,world,52,539701.0
Fiji,2013,export,world,53,7117406.0
Fiji,2013,export,world,54,8976220.0
Fiji,2013,export,world,55,11185336.0
Fiji,2013,export,world,56,38962.0
Fiji,2013,export,world,57,714047.0
Fiji,2013,export,world,58,3450596.0
Fiji,2013,export,world,59,832577.0
Fiji,2013,export,world,61,6979.0
Fiji,2013,export,world,62,590019.0
Fiji,2013,export,world,63,1945343.0
Fiji,2013,export,world,64,9177957.0
Fiji,2013,export,world,65,6592701.0
Fiji,2013,export,world,66,6126533.0
Fiji,2013,export,world,67,3215380.0
Fiji,2013,export,world,68,6100971.0
Fiji,2013,export,world,69,22680073.0
Fiji,2013,export,world,71,5199840.0
Fiji,2013,export,world,72,1742517.0
Fiji,2013,export,world,73,254706.0
Fiji,2013,export,world,74,3183663.0
Fiji,2013,export,world,75,1622649.0
Fiji,2013,export,world,76,7737155.0
Fiji,2013,export,world,77,13526315.0
Fiji,2013,export,world,78,3736825.0
Fiji,2013,export,world,79,34368976.0
Fiji,2013,export,world,81,1946385.0
Fiji,2013,export,world,82,1798310.0
Fiji,2013,export,world,83,290665.0
Fiji,2013,export,world,84,59745258.0
Fiji,2013,export,world,85,1514782.0
Fiji,2013,export,world,87,1509097.0
Fiji,2013,export,world,88,959528.0
Fiji,2013,export,world,89,12174124.0
Fiji,2013,export,world,93,13911598.0
Fiji,2013,export,world,96,9061.0
Fiji,2013,export,world,97,45219186.0
Fiji,2013,import,aus,01,7505314.0
Fiji,2013,import,aus,02,5558886.0
Fiji,2013,import,aus,03,444562.0
Fiji,2013,import,aus,04,78555035.0
Fiji,2013,import,aus,05,8694768.0
Fiji,2013,import,aus,06,4797189.0
Fiji,2013,import,aus,07,2888061.0
Fiji,2013,import,aus,08,7210167.0
Fiji,2013,import,aus,09,9016275.0
Fiji,2013,import,aus,11,8466994.0
Fiji,2013,import,aus,12,239878.0
Fiji,2013,import,aus,21,1247.0
Fiji,2013,import,aus,22,98169.0
Fiji,2013,import,aus,23,20666.0
Fiji,2013,import,aus,24,401136.0
Fiji,2013,import,aus,26,3418374.0
Fiji,2013,import,aus,27,267333.0
Fiji,2013,import,aus,28,8232.0
Fiji,2013,import,aus,29,319014.0
Fiji,2013,import,aus,32,7692.0
Fiji,2013,import,aus,33,2551488.0
Fiji,2013,import,aus,34,1132803.0
Fiji,2013,import,aus,41,318.0
Fiji,2013,import,aus,42,4097816.0
Fiji,2013,import,aus,43,17112.0
Fiji,2013,import,aus,51,1509363.0
Fiji,2013,import,aus,52,3064953.0
Fiji,2013,import,aus,53,3826244.0
Fiji,2013,import,aus,54,7629033.0
Fiji,2013,import,aus,55,4736885.0
Fiji,2013,import,aus,56,468887.0
Fiji,2013,import,aus,57,4168581.0
Fiji,2013,import,aus,58,4594760.0
Fiji,2013,import,aus,59,8267486.0
Fiji,2013,import,aus,61,648667.0
Fiji,2013,import,aus,62,4253011.0
Fiji,2013,import,aus,63,737756.0
Fiji,2013,import,aus,64,12096873.0
Fiji,2013,import,aus,65,24714772.0
Fiji,2013,import,aus,66,2400401.0
Fiji,2013,import,aus,67,4022112.0
Fiji,2013,import,aus,68,1281345.0
Fiji,2013,import,aus,69,13303046.0
Fiji,2013,import,aus,71,5579850.0
Fiji,2013,import,aus,72,9505857.0
Fiji,2013,import,aus,73,751263.0
Fiji,2013,import,aus,74,15855460.0
Fiji,2013,import,aus,75,15480778.0
Fiji,2013,import,aus,76,7611600.0
Fiji,2013,import,aus,77,13822216.0
Fiji,2013,import,aus,78,15963302.0
Fiji,2013,import,aus,79,3011530.0
Fiji,2013,import,aus,81,3140891.0
Fiji,2013,import,aus,82,943871.0
Fiji,2013,import,aus,83,687061.0
Fiji,2013,import,aus,84,2580385.0
Fiji,2013,import,aus,85,1366663.0
Fiji,2013,import,aus,87,8674662.0
Fiji,2013,import,aus,88,4540129.0
Fiji,2013,import,aus,89,24184956.0
Fiji,2013,import,aus,93,2484819.0
Fiji,2013,import,aus,96,285.0
Fiji,2013,import,china,02,28.0
Fiji,2013,import,china,03,51808016.0
Fiji,2013,import,china,04,374068.0
Fiji,2013,import,china,05,4947467.0
Fiji,2013,import,china,06,32439.0
Fiji,2013,import,china,07,217299.0
Fiji,2013,import,china,08,55.0
Fiji,2013,import,china,09,1486113.0
Fiji,2013,import,china,11,2251401.0
Fiji,2013,import,china,12,356040.0
Fiji,2013,import,china,22,31135.0
Fiji,2013,import,china,23,9207.0
Fiji,2013,import,china,24,17515.0
Fiji,2013,import,china,25,16.0
Fiji,2013,import,china,26,105572.0
Fiji,2013,import,china,27,480089.0
Fiji,2013,import,china,28,1506.0
Fiji,2013,import,china,29,4293.0
Fiji,2013,import,china,32,2317.0
Fiji,2013,import,china,33,352445.0
Fiji,2013,import,china,42,8237.0
Fiji,2013,import,china,51,835679.0
Fiji,2013,import,china,52,860058.0
Fiji,2013,import,china,53,898684.0
Fiji,2013,import,china,54,329785.0
Fiji,2013,import,china,55,3991153.0
Fiji,2013,import,china,56,5999766.0
Fiji,2013,import,china,57,801342.0
Fiji,2013,import,china,58,2151077.0
Fiji,2013,import,china,59,4516220.0
Fiji,2013,import,china,61,324180.0
Fiji,2013,import,china,62,7475955.0
Fiji,2013,import,china,63,1129570.0
Fiji,2013,import,china,64,4706178.0
Fiji,2013,import,china,65,20790752.0
Fiji,2013,import,china,66,9715218.0
Fiji,2013,import,china,67,6356639.0
Fiji,2013,import,china,68,2087963.0
Fiji,2013,import,china,69,15805390.0
Fiji,2013,import,china,71,3965222.0
Fiji,2013,import,china,72,16221500.0
Fiji,2013,import,china,73,403644.0
Fiji,2013,import,china,74,9517328.0
Fiji,2013,import,china,75,3393536.0
Fiji,2013,import,china,76,15063246.0
Fiji,2013,import,china,77,12767884.0
Fiji,2013,import,china,78,23201533.0
Fiji,2013,import,china,79,1988076.0
Fiji,2013,import,china,81,3729389.0
Fiji,2013,import,china,82,2900603.0
Fiji,2013,import,china,83,2149040.0
Fiji,2013,import,china,84,12895416.0
Fiji,2013,import,china,85,3949623.0
Fiji,2013,import,china,87,1210210.0
Fiji,2013,import,china,88,650774.0
Fiji,2013,import,china,89,13983156.0
Fiji,2013,import,china,93,2447976.0
Fiji,2013,import,world,00,1705437.0
Fiji,2013,import,world,01,27259575.0
Fiji,2013,import,world,02,40150835.0
Fiji,2013,import,world,03,108908144.0
Fiji,2013,import,world,04,101987012.0
Fiji,2013,import,world,05,54058477.0
Fiji,2013,import,world,06,21213855.0
Fiji,2013,import,world,07,11781966.0
Fiji,2013,import,world,08,15666411.0
Fiji,2013,import,world,09,23200039.0
Fiji,2013,import,world,11,18317344.0
Fiji,2013,import,world,12,1264208.0
Fiji,2013,import,world,21,3812.0
Fiji,2013,import,world,22,295121.0
Fiji,2013,import,world,23,98975.0
Fiji,2013,import,world,24,4238727.0
Fiji,2013,import,world,25,52.0
Fiji,2013,import,world,26,3839303.0
Fiji,2013,import,world,27,13080823.0
Fiji,2013,import,world,28,70227.0
Fiji,2013,import,world,29,4943407.0
Fiji,2013,import,world,32,104741.0
Fiji,2013,import,world,33,634941104.0
Fiji,2013,import,world,34,25971838.0
Fiji,2013,import,world,41,520753.0
Fiji,2013,import,world,42,23228100.0
Fiji,2013,import,world,43,42862.0
Fiji,2013,import,world,51,5090580.0
Fiji,2013,import,world,52,8359904.0
Fiji,2013,import,world,53,11095812.0
Fiji,2013,import,world,54,27713585.0
Fiji,2013,import,world,55,35721503.0
Fiji,2013,import,world,56,9986886.0
Fiji,2013,import,world,57,32947829.0
Fiji,2013,import,world,58,20105416.0
Fiji,2013,import,world,59,28579110.0
Fiji,2013,import,world,61,1500674.0
Fiji,2013,import,world,62,26377746.0
Fiji,2013,import,world,63,6106422.0
Fiji,2013,import,world,64,46372243.0
Fiji,2013,import,world,65,81193567.0
Fiji,2013,import,world,66,31259118.0
Fiji,2013,import,world,67,42951533.0
Fiji,2013,import,world,68,14506465.0
Fiji,2013,import,world,69,56562142.0
Fiji,2013,import,world,71,52403045.0
Fiji,2013,import,world,72,61173587.0
Fiji,2013,import,world,73,2304848.0
Fiji,2013,import,world,74,66218779.0
Fiji,2013,import,world,75,44446036.0
Fiji,2013,import,world,76,67060682.0
Fiji,2013,import,world,77,62572348.0
Fiji,2013,import,world,78,138135502.0
Fiji,2013,import,world,79,495026478.0
Fiji,2013,import,world,81,11285490.0
Fiji,2013,import,world,82,11744867.0
Fiji,2013,import,world,83,4499648.0
Fiji,2013,import,world,84,29860720.0
Fiji,2013,import,world,85,10045554.0
Fiji,2013,import,world,87,27302548.0
Fiji,2013,import,world,88,9447138.0
Fiji,2013,import,world,89,90960229.0
Fiji,2013,import,world,93,17918929.0
Fiji,2013,import,world,96,285.0
Fiji,2014,export,aus,01,121475.0
Fiji,2014,export,aus,02,439519.0
Fiji,2014,export,aus,03,1119447.0
Fiji,2014,export,aus,04,10257625.0
Fiji,2014,export,aus,05,6616819.0
Fiji,2014,export,aus,06,309068.0
Fiji,2014,export,aus,07,1451352.0
Fiji,2014,export,aus,08,41825.0
Fiji,2014,export,aus,09,481610.0
Fiji,2014,export,aus,11,1096454.0
Fiji,2014,export,aus,12,484208.0
Fiji,2014,export,aus,21,36437.0
Fiji,2014,export,aus,22,635.0
Fiji,2014,export,aus,24,451619.0
Fiji,2014,export,aus,25,49378.0
Fiji,2014,export,aus,26,5985.0
Fiji,2014,export,aus,27,931.0
Fiji,2014,export,aus,28,450499.0
Fiji,2014,export,aus,29,42359.0
Fiji,2014,export,aus,33,340.0
Fiji,2014,export,aus,41,285446.0
Fiji,2014,export,aus,42,1054542.0
Fiji,2014,export,aus,51,4230.0
Fiji,2014,export,aus,52,1588.0
Fiji,2014,export,aus,53,25926.0
Fiji,2014,export,aus,54,1983857.0
Fiji,2014,export,aus,55,543731.0
Fiji,2014,export,aus,57,55575.0
Fiji,2014,export,aus,58,11128.0
Fiji,2014,export,aus,59,14951.0
Fiji,2014,export,aus,61,13017.0
Fiji,2014,export,aus,62,25892.0
Fiji,2014,export,aus,63,396057.0
Fiji,2014,export,aus,64,68984.0
Fiji,2014,export,aus,65,4093341.0
Fiji,2014,export,aus,66,33990.0
Fiji,2014,export,aus,67,74680.0
Fiji,2014,export,aus,68,248260.0
Fiji,2014,export,aus,69,17126300.0
Fiji,2014,export,aus,71,125437.0
Fiji,2014,export,aus,72,412962.0
Fiji,2014,export,aus,73,20532.0
Fiji,2014,export,aus,74,192725.0
Fiji,2014,export,aus,75,301718.0
Fiji,2014,export,aus,76,5360927.0
Fiji,2014,export,aus,77,2889949.0
Fiji,2014,export,aus,78,597768.0
Fiji,2014,export,aus,79,3481917.0
Fiji,2014,export,aus,81,127923.0
Fiji,2014,export,aus,82,191330.0
Fiji,2014,export,aus,83,260281.0
Fiji,2014,export,aus,84,45686656.0
Fiji,2014,export,aus,85,207494.0
Fiji,2014,export,aus,87,137839.0
Fiji,2014,export,aus,88,354320.0
Fiji,2014,export,aus,89,1875869.0
Fiji,2014,export,aus,93,1349538.0
Fiji,2014,export,aus,97,45546587.0
Fiji,2014,export,china,03,35261743.0
Fiji,2014,export,china,04,566.0
Fiji,2014,export,china,05,72571.0
Fiji,2014,export,china,07,1191.0
Fiji,2014,export,china,08,572.0
Fiji,2014,export,china,09,5297.0
Fiji,2014,export,china,11,900042.0
Fiji,2014,export,china,12,847.0
Fiji,2014,export,china,24,8528808.0
Fiji,2014,export,china,26,5.0
Fiji,2014,export,china,27,694.0
Fiji,2014,export,china,28,8560137.0
Fiji,2014,export,china,29,244454.0
Fiji,2014,export,china,33,25662.0
Fiji,2014,export,china,34,49514.0
Fiji,2014,export,china,51,5687.0
Fiji,2014,export,china,52,2582.0
Fiji,2014,export,china,54,7785.0
Fiji,2014,export,china,55,12695.0
Fiji,2014,export,china,57,136538.0
Fiji,2014,export,china,58,112.0
Fiji,2014,export,china,62,605.0
Fiji,2014,export,china,63,7955.0
Fiji,2014,export,china,64,15.0
Fiji,2014,export,china,65,25370.0
Fiji,2014,export,china,68,6902.0
Fiji,2014,export,china,69,40549.0
Fiji,2014,export,china,71,6727.0
Fiji,2014,export,china,72,3308.0
Fiji,2014,export,china,74,218366.0
Fiji,2014,export,china,75,2104.0
Fiji,2014,export,china,76,2799120.0
Fiji,2014,export,china,77,89774.0
Fiji,2014,export,china,78,20591648.0
Fiji,2014,export,china,79,3416.0
Fiji,2014,export,china,81,19845.0
Fiji,2014,export,china,82,117953.0
Fiji,2014,export,china,83,10.0
Fiji,2014,export,china,84,28667.0
Fiji,2014,export,china,85,5064.0
Fiji,2014,export,china,87,9442.0
Fiji,2014,export,china,89,70072.0
Fiji,2014,export,china,93,2620384.0
Fiji,2014,export,world,00,135512.0
Fiji,2014,export,world,01,8975414.0
Fiji,2014,export,world,02,8740712.0
Fiji,2014,export,world,03,189974158.0
Fiji,2014,export,world,04,62438023.0
Fiji,2014,export,world,05,23252442.0
Fiji,2014,export,world,06,116809033.0
Fiji,2014,export,world,07,9195095.0
Fiji,2014,export,world,08,3368391.0
Fiji,2014,export,world,09,4034434.0
Fiji,2014,export,world,11,123214551.0
Fiji,2014,export,world,12,716481.0
Fiji,2014,export,world,21,61990.0
Fiji,2014,export,world,22,46987.0
Fiji,2014,export,world,24,49676252.0
Fiji,2014,export,world,25,92722.0
Fiji,2014,export,world,26,315531.0
Fiji,2014,export,world,27,11097165.0
Fiji,2014,export,world,28,12070118.0
Fiji,2014,export,world,29,7913170.0
Fiji,2014,export,world,33,344190761.0
Fiji,2014,export,world,34,384363.0
Fiji,2014,export,world,41,348669.0
Fiji,2014,export,world,42,5428805.0
Fiji,2014,export,world,43,43116.0
Fiji,2014,export,world,51,579502.0
Fiji,2014,export,world,52,435752.0
Fiji,2014,export,world,53,7988841.0
Fiji,2014,export,world,54,8663050.0
Fiji,2014,export,world,55,12729293.0
Fiji,2014,export,world,56,35965.0
Fiji,2014,export,world,57,1208292.0
Fiji,2014,export,world,58,4744569.0
Fiji,2014,export,world,59,823923.0
Fiji,2014,export,world,61,19990.0
Fiji,2014,export,world,62,643556.0
Fiji,2014,export,world,63,3787152.0
Fiji,2014,export,world,64,13329503.0
Fiji,2014,export,world,65,9322814.0
Fiji,2014,export,world,66,11247591.0
Fiji,2014,export,world,67,3905343.0
Fiji,2014,export,world,68,10930416.0
Fiji,2014,export,world,69,24853048.0
Fiji,2014,export,world,71,3287504.0
Fiji,2014,export,world,72,3222054.0
Fiji,2014,export,world,73,79260.0
Fiji,2014,export,world,74,2265283.0
Fiji,2014,export,world,75,1545596.0
Fiji,2014,export,world,76,21987029.0
Fiji,2014,export,world,77,56518537.0
Fiji,2014,export,world,78,24449784.0
Fiji,2014,export,world,79,18871212.0
Fiji,2014,export,world,81,833538.0
Fiji,2014,export,world,82,2349813.0
Fiji,2014,export,world,83,455814.0
Fiji,2014,export,world,84,61847189.0
Fiji,2014,export,world,85,1534787.0
Fiji,2014,export,world,87,1629954.0
Fiji,2014,export,world,88,692626.0
Fiji,2014,export,world,89,13399547.0
Fiji,2014,export,world,93,11833728.0
Fiji,2014,export,world,97,48688689.0
Fiji,2014,import,aus,00,673.0
Fiji,2014,import,aus,01,11444557.0
Fiji,2014,import,aus,02,9084353.0
Fiji,2014,import,aus,03,472154.0
Fiji,2014,import,aus,04,71445706.0
Fiji,2014,import,aus,05,8498757.0
Fiji,2014,import,aus,06,5415457.0
Fiji,2014,import,aus,07,2449633.0
Fiji,2014,import,aus,08,12062746.0
Fiji,2014,import,aus,09,10044583.0
Fiji,2014,import,aus,11,6042718.0
Fiji,2014,import,aus,12,187224.0
Fiji,2014,import,aus,22,100952.0
Fiji,2014,import,aus,23,7289.0
Fiji,2014,import,aus,24,938500.0
Fiji,2014,import,aus,26,4323291.0
Fiji,2014,import,aus,27,311881.0
Fiji,2014,import,aus,28,2222.0
Fiji,2014,import,aus,29,394395.0
Fiji,2014,import,aus,32,25766.0
Fiji,2014,import,aus,33,4437846.0
Fiji,2014,import,aus,34,1303050.0
Fiji,2014,import,aus,41,4459.0
Fiji,2014,import,aus,42,2293290.0
Fiji,2014,import,aus,43,34817.0
Fiji,2014,import,aus,51,2529186.0
Fiji,2014,import,aus,52,2697201.0
Fiji,2014,import,aus,53,3231020.0
Fiji,2014,import,aus,54,10343881.0
Fiji,2014,import,aus,55,6065057.0
Fiji,2014,import,aus,56,549190.0
Fiji,2014,import,aus,57,4349452.0
Fiji,2014,import,aus,58,6216788.0
Fiji,2014,import,aus,59,15125655.0
Fiji,2014,import,aus,61,355564.0
Fiji,2014,import,aus,62,5025654.0
Fiji,2014,import,aus,63,1196982.0
Fiji,2014,import,aus,64,13584078.0
Fiji,2014,import,aus,65,17844350.0
Fiji,2014,import,aus,66,2674292.0
Fiji,2014,import,aus,67,5211153.0
Fiji,2014,import,aus,68,1122870.0
Fiji,2014,import,aus,69,21066367.0
Fiji,2014,import,aus,71,26019254.0
Fiji,2014,import,aus,72,15470719.0
Fiji,2014,import,aus,73,811984.0
Fiji,2014,import,aus,74,21395238.0
Fiji,2014,import,aus,75,14110027.0
Fiji,2014,import,aus,76,13696377.0
Fiji,2014,import,aus,77,16955466.0
Fiji,2014,import,aus,78,11723398.0
Fiji,2014,import,aus,79,16682902.0
Fiji,2014,import,aus,81,2389334.0
Fiji,2014,import,aus,82,2468061.0
Fiji,2014,import,aus,83,624608.0
Fiji,2014,import,aus,84,2601877.0
Fiji,2014,import,aus,85,1299730.0
Fiji,2014,import,aus,87,7657205.0
Fiji,2014,import,aus,88,3827829.0
Fiji,2014,import,aus,89,23231935.0
Fiji,2014,import,aus,93,3420906.0
Fiji,2014,import,aus,96,13146.0
Fiji,2014,import,aus,97,605.0
Fiji,2014,import,china,02,1915.0
Fiji,2014,import,china,03,144061741.0
Fiji,2014,import,china,04,317354.0
Fiji,2014,import,china,05,5356714.0
Fiji,2014,import,china,06,74521.0
Fiji,2014,import,china,07,334218.0
Fiji,2014,import,china,08,3529.0
Fiji,2014,import,china,09,1686951.0
Fiji,2014,import,china,11,2013239.0
Fiji,2014,import,china,12,269344.0
Fiji,2014,import,china,21,58135.0
Fiji,2014,import,china,22,28395.0
Fiji,2014,import,china,23,14570.0
Fiji,2014,import,china,24,95915.0
Fiji,2014,import,china,26,149189.0
Fiji,2014,import,china,27,429557.0
Fiji,2014,import,china,28,102.0
Fiji,2014,import,china,29,212337.0
Fiji,2014,import,china,32,2319.0
Fiji,2014,import,china,33,429232.0
Fiji,2014,import,china,41,22.0
Fiji,2014,import,china,42,25227.0
Fiji,2014,import,china,43,7114.0
Fiji,2014,import,china,51,1405406.0
Fiji,2014,import,china,52,1570752.0
Fiji,2014,import,china,53,1258400.0
Fiji,2014,import,china,54,822735.0
Fiji,2014,import,china,55,4229358.0
Fiji,2014,import,china,56,2257460.0
Fiji,2014,import,china,57,942769.0
Fiji,2014,import,china,58,3248203.0
Fiji,2014,import,china,59,5093434.0
Fiji,2014,import,china,61,343179.0
Fiji,2014,import,china,62,8766203.0
Fiji,2014,import,china,63,1819464.0
Fiji,2014,import,china,64,7389571.0
Fiji,2014,import,china,65,26664070.0
Fiji,2014,import,china,66,11241592.0
Fiji,2014,import,china,67,11461075.0
Fiji,2014,import,china,68,2745444.0
Fiji,2014,import,china,69,20855613.0
Fiji,2014,import,china,71,7238158.0
Fiji,2014,import,china,72,21272644.0
Fiji,2014,import,china,73,706685.0
Fiji,2014,import,china,74,14593663.0
Fiji,2014,import,china,75,2269430.0
Fiji,2014,import,china,76,26508515.0
Fiji,2014,import,china,77,15240640.0
Fiji,2014,import,china,78,32150084.0
Fiji,2014,import,china,79,1196544.0
Fiji,2014,import,china,81,4076185.0
Fiji,2014,import,china,82,4098267.0
Fiji,2014,import,china,83,2068182.0
Fiji,2014,import,china,84,12390629.0
Fiji,2014,import,china,85,3357772.0
Fiji,2014,import,china,87,2992895.0
Fiji,2014,import,china,88,817738.0
Fiji,2014,import,china,89,19914746.0
Fiji,2014,import,china,93,4840770.0
Fiji,2014,import,world,00,3033951.0
Fiji,2014,import,world,01,31982183.0
Fiji,2014,import,world,02,65516603.0
Fiji,2014,import,world,03,198998494.0
Fiji,2014,import,world,04,96534617.0
Fiji,2014,import,world,05,57024550.0
Fiji,2014,import,world,06,10666085.0
Fiji,2014,import,world,07,11773762.0
Fiji,2014,import,world,08,23766144.0
Fiji,2014,import,world,09,27518921.0
Fiji,2014,import,world,11,20137075.0
Fiji,2014,import,world,12,1300510.0
Fiji,2014,import,world,21,59428.0
Fiji,2014,import,world,22,438757.0
Fiji,2014,import,world,23,115565.0
Fiji,2014,import,world,24,7599997.0
Fiji,2014,import,world,25,677.0
Fiji,2014,import,world,26,4797170.0
Fiji,2014,import,world,27,11288109.0
Fiji,2014,import,world,28,922179.0
Fiji,2014,import,world,29,3937328.0
Fiji,2014,import,world,32,56758.0
Fiji,2014,import,world,33,755468304.0
Fiji,2014,import,world,34,32163921.0
Fiji,2014,import,world,41,638410.0
Fiji,2014,import,world,42,25314253.0
Fiji,2014,import,world,43,126770.0
Fiji,2014,import,world,51,6811625.0
Fiji,2014,import,world,52,8956917.0
Fiji,2014,import,world,53,11363413.0
Fiji,2014,import,world,54,33924024.0
Fiji,2014,import,world,55,40045409.0
Fiji,2014,import,world,56,9000715.0
Fiji,2014,import,world,57,41685546.0
Fiji,2014,import,world,58,24638800.0
Fiji,2014,import,world,59,37368308.0
Fiji,2014,import,world,61,1225231.0
Fiji,2014,import,world,62,31043910.0
Fiji,2014,import,world,63,12370489.0
Fiji,2014,import,world,64,56601364.0
Fiji,2014,import,world,65,82026312.0
Fiji,2014,import,world,66,45722369.0
Fiji,2014,import,world,67,61195592.0
Fiji,2014,import,world,68,17227704.0
Fiji,2014,import,world,69,81396052.0
Fiji,2014,import,world,71,75463028.0
Fiji,2014,import,world,72,108034763.0
Fiji,2014,import,world,73,3703648.0
Fiji,2014,import,world,74,97385568.0
Fiji,2014,import,world,75,43374375.0
Fiji,2014,import,world,76,108883501.0
Fiji,2014,import,world,77,120621734.0
Fiji,2014,import,world,78,180302547.0
Fiji,2014,import,world,79,254589927.0
Fiji,2014,import,world,81,13283644.0
Fiji,2014,import,world,82,18898016.0
Fiji,2014,import,world,83,4407793.0
Fiji,2014,import,world,84,29930177.0
Fiji,2014,import,world,85,9966605.0
Fiji,2014,import,world,87,43923332.0
Fiji,2014,import,world,88,9116412.0
Fiji,2014,import,world,89,110482359.0
Fiji,2014,import,world,93,24294600.0
Fiji,2014,import,world,96,13146.0
Fiji,2014,import,world,97,4119.0
Fiji,2015,export,aus,01,97343.49900000001
Fiji,2015,export,aus,02,106897.64499999999
Fiji,2015,export,aus,03,618631.068
Fiji,2015,export,aus,04,6850701.156
Fiji,2015,export,aus,05,6017718.933999999
Fiji,2015,export,aus,06,66953.868
Fiji,2015,export,aus,07,2239800.059
Fiji,2015,export,aus,08,57947.962
Fiji,2015,export,aus,09,254941.855
Fiji,2015,export,aus,11,1156957.921
Fiji,2015,export,aus,12,463424.466
Fiji,2015,export,aus,21,50448.522
Fiji,2015,export,aus,23,105.834
Fiji,2015,export,aus,24,405822.61
Fiji,2015,export,aus,25,20699.617000000002
Fiji,2015,export,aus,26,44631.463
Fiji,2015,export,aus,27,32.418
Fiji,2015,export,aus,28,503259.54799999995
Fiji,2015,export,aus,29,75493.056
Fiji,2015,export,aus,33,1122.699
Fiji,2015,export,aus,41,68193.843
Fiji,2015,export,aus,42,1060720.914
Fiji,2015,export,aus,51,1259.521
Fiji,2015,export,aus,52,4962.759
Fiji,2015,export,aus,53,33267.65
Fiji,2015,export,aus,54,2197559.877
Fiji,2015,export,aus,55,475665.462
Fiji,2015,export,aus,57,60695.357
Fiji,2015,export,aus,58,9751.512
Fiji,2015,export,aus,59,468761.936
Fiji,2015,export,aus,61,3820.991
Fiji,2015,export,aus,62,20112.285
Fiji,2015,export,aus,63,314786.726
Fiji,2015,export,aus,64,105927.5
Fiji,2015,export,aus,65,3075264.619
Fiji,2015,export,aus,66,18507.613
Fiji,2015,export,aus,67,13486.693
Fiji,2015,export,aus,68,4779800.338
Fiji,2015,export,aus,69,12208350.694
Fiji,2015,export,aus,71,277049.73099999997
Fiji,2015,export,aus,72,367861.555
Fiji,2015,export,aus,73,49070.772
Fiji,2015,export,aus,74,375340.02
Fiji,2015,export,aus,75,117931.084
Fiji,2015,export,aus,76,2276478.236
Fiji,2015,export,aus,77,1405453.912
Fiji,2015,export,aus,78,762606.866
Fiji,2015,export,aus,79,2711161.603
Fiji,2015,export,aus,81,9332.466
Fiji,2015,export,aus,82,271359.484
Fiji,2015,export,aus,83,159137.718
Fiji,2015,export,aus,84,42584104.617
Fiji,2015,export,aus,85,124916.60800000001
Fiji,2015,export,aus,87,566220.325
Fiji,2015,export,aus,88,142019.77399999998
Fiji,2015,export,aus,89,1104680.186
Fiji,2015,export,aus,93,772148.139
Fiji,2015,export,aus,97,43133812.445
Fiji,2015,export,china,02,62533.628
Fiji,2015,export,china,03,38777931.388
Fiji,2015,export,china,04,5673.087
Fiji,2015,export,china,05,150138.962
Fiji,2015,export,china,07,1709.077
Fiji,2015,export,china,09,26817.016
Fiji,2015,export,china,11,1940546.628
Fiji,2015,export,china,12,3056.793
Fiji,2015,export,china,24,6637463.64
Fiji,2015,export,china,25,9142.251
Fiji,2015,export,china,28,2415466.007
Fiji,2015,export,china,29,373775.866
Fiji,2015,export,china,33,9076.462
Fiji,2015,export,china,34,13771.3
Fiji,2015,export,china,51,2379.836
Fiji,2015,export,china,52,964.425
Fiji,2015,export,china,53,20.976
Fiji,2015,export,china,54,2114.298
Fiji,2015,export,china,55,178857.17799999999
Fiji,2015,export,china,58,15081.831
Fiji,2015,export,china,63,11845.31
Fiji,2015,export,china,64,1601.336
Fiji,2015,export,china,65,85200.709
Fiji,2015,export,china,66,704.607
Fiji,2015,export,china,69,32275.574999999997
Fiji,2015,export,china,72,1893.095
Fiji,2015,export,china,74,31278.255
Fiji,2015,export,china,75,4683.872
Fiji,2015,export,china,76,26831.793999999998
Fiji,2015,export,china,77,13135.343
Fiji,2015,export,china,78,7269.179
Fiji,2015,export,china,81,4165.667
Fiji,2015,export,china,82,2888.507
Fiji,2015,export,china,83,1259.997
Fiji,2015,export,china,84,17022.122
Fiji,2015,export,china,85,1438.771
Fiji,2015,export,china,87,5964.845
Fiji,2015,export,china,88,2313.5699999999997
Fiji,2015,export,china,89,67583.628
Fiji,2015,export,china,93,219171.85
Fiji,2015,export,world,00,9649.492
Fiji,2015,export,world,01,5655571.9399999995
Fiji,2015,export,world,02,8005955.722
Fiji,2015,export,world,03,175826305.19
Fiji,2015,export,world,04,48700501.414
Fiji,2015,export,world,05,18447873.499
Fiji,2015,export,world,06,70846267.027
Fiji,2015,export,world,07,10953131.091
Fiji,2015,export,world,08,3155601.727
Fiji,2015,export,world,09,3309719.002
Fiji,2015,export,world,11,103809627.485
Fiji,2015,export,world,12,549158.1579999999
Fiji,2015,export,world,21,118006.88399999999
Fiji,2015,export,world,22,50410.383
Fiji,2015,export,world,23,187.832
Fiji,2015,export,world,24,42821909.935
Fiji,2015,export,world,25,96107.338
Fiji,2015,export,world,26,54848.74
Fiji,2015,export,world,27,10510262.746000001
Fiji,2015,export,world,28,3785205.2130000005
Fiji,2015,export,world,29,8226357.057
Fiji,2015,export,world,32,14301.9
Fiji,2015,export,world,33,197413874.88399997
Fiji,2015,export,world,34,178802.354
Fiji,2015,export,world,41,118098.41600000001
Fiji,2015,export,world,42,3771719.473
Fiji,2015,export,world,43,28133.267999999996
Fiji,2015,export,world,51,528739.336
Fiji,2015,export,world,52,396403.854
Fiji,2015,export,world,53,4434407.544
Fiji,2015,export,world,54,8198232.846999999
Fiji,2015,export,world,55,9334302.368
Fiji,2015,export,world,56,38452.087999999996
Fiji,2015,export,world,57,431000.152
Fiji,2015,export,world,58,3297511.376
Fiji,2015,export,world,59,1356465.614
Fiji,2015,export,world,61,11280.862000000001
Fiji,2015,export,world,62,727917.131
Fiji,2015,export,world,63,2234287.631
Fiji,2015,export,world,64,10868443.345
Fiji,2015,export,world,65,6951309.777000001
Fiji,2015,export,world,66,10038797.273
Fiji,2015,export,world,67,3791444.176
Fiji,2015,export,world,68,7252607.904
Fiji,2015,export,world,69,23782425.947
Fiji,2015,export,world,71,2717985.038
Fiji,2015,export,world,72,2068936.693
Fiji,2015,export,world,73,86240.93299999999
Fiji,2015,export,world,74,3365932.145
Fiji,2015,export,world,75,1110461.015
Fiji,2015,export,world,76,6427527.957
Fiji,2015,export,world,77,10479301.992
Fiji,2015,export,world,78,3575043.0810000002
Fiji,2015,export,world,79,22559135.336
Fiji,2015,export,world,81,680274.165
Fiji,2015,export,world,82,1614816.563
Fiji,2015,export,world,83,321515.77
Fiji,2015,export,world,84,54596765.271
Fiji,2015,export,world,85,857892.321
Fiji,2015,export,world,87,2613269.8649999998
Fiji,2015,export,world,88,570698.727
Fiji,2015,export,world,89,9017731.716
Fiji,2015,export,world,93,3927562.988
Fiji,2015,export,world,96,7569.519
Fiji,2015,export,world,97,44580794.782
Fiji,2015,import,aus,01,11667930.996
Fiji,2015,import,aus,02,6985289.186
Fiji,2015,import,aus,03,313701.212
Fiji,2015,import,aus,04,60883307.958
Fiji,2015,import,aus,05,8409328.417
Fiji,2015,import,aus,06,2923122.9110000003
Fiji,2015,import,aus,07,2901271.993
Fiji,2015,import,aus,08,11409140.022
Fiji,2015,import,aus,09,8378295.675999999
Fiji,2015,import,aus,11,6632456.544
Fiji,2015,import,aus,12,395804.60599999997
Fiji,2015,import,aus,21,2638.224
Fiji,2015,import,aus,22,61134.902
Fiji,2015,import,aus,23,52137.100000000006
Fiji,2015,import,aus,24,483913.844
Fiji,2015,import,aus,25,1293.368
Fiji,2015,import,aus,26,4212276.156
Fiji,2015,import,aus,27,255788.527
Fiji,2015,import,aus,28,10275.438
Fiji,2015,import,aus,29,384544.243
Fiji,2015,import,aus,32,7532.334
Fiji,2015,import,aus,33,2562390.379
Fiji,2015,import,aus,34,3458368.659
Fiji,2015,import,aus,41,352.30400000000003
Fiji,2015,import,aus,42,3215803.192
Fiji,2015,import,aus,43,54351.033
Fiji,2015,import,aus,51,2008735.2249999999
Fiji,2015,import,aus,52,2566058.34
Fiji,2015,import,aus,53,3582157.323
Fiji,2015,import,aus,54,7571293.329
Fiji,2015,import,aus,55,5603100.176
Fiji,2015,import,aus,56,658416.093
Fiji,2015,import,aus,57,4055366.6739999996
Fiji,2015,import,aus,58,5203457.415
Fiji,2015,import,aus,59,7127253.66
Fiji,2015,import,aus,61,351673.232
Fiji,2015,import,aus,62,4295538.482000001
Fiji,2015,import,aus,63,1303306.878
Fiji,2015,import,aus,64,10028667.718
Fiji,2015,import,aus,65,16808834.285
Fiji,2015,import,aus,66,2520009.559
Fiji,2015,import,aus,67,4451751.46
Fiji,2015,import,aus,68,1552866.453
Fiji,2015,import,aus,69,14940479.355
Fiji,2015,import,aus,71,7314260.533
Fiji,2015,import,aus,72,13745667.17
Fiji,2015,import,aus,73,890295.182
Fiji,2015,import,aus,74,19434612.591
Fiji,2015,import,aus,75,11976384.363
Fiji,2015,import,aus,76,7478569.345000001
Fiji,2015,import,aus,77,18047314.465
Fiji,2015,import,aus,78,6531516.118
Fiji,2015,import,aus,79,7130334.765000001
Fiji,2015,import,aus,81,2289216.462
Fiji,2015,import,aus,82,1462962.328
Fiji,2015,import,aus,83,874623.636
Fiji,2015,import,aus,84,2296051.816
Fiji,2015,import,aus,85,1075137.229
Fiji,2015,import,aus,87,8476211.251
Fiji,2015,import,aus,88,1798941.132
Fiji,2015,import,aus,89,22657987.208
Fiji,2015,import,aus,93,1817934.532
Fiji,2015,import,aus,97,175.913
Fiji,2015,import,china,01,1737.6819999999998
Fiji,2015,import,china,02,7700.142
Fiji,2015,import,china,03,75454049.83100002
Fiji,2015,import,china,04,303445.319
Fiji,2015,import,china,05,6029372.596
Fiji,2015,import,china,06,152675.166
Fiji,2015,import,china,07,590791.942
Fiji,2015,import,china,08,222.156
Fiji,2015,import,china,09,2494063.528
Fiji,2015,import,china,11,3710623.188
Fiji,2015,import,china,12,353518.178
Fiji,2015,import,china,22,81309.162
Fiji,2015,import,china,23,6069.25
Fiji,2015,import,china,24,14656.109999999999
Fiji,2015,import,china,25,6203.687
Fiji,2015,import,china,26,40238.873
Fiji,2015,import,china,27,652829.295
Fiji,2015,import,china,28,666.469
Fiji,2015,import,china,29,4081.7619999999997
Fiji,2015,import,china,33,272900.751
Fiji,2015,import,china,41,539.658
Fiji,2015,import,china,42,257516.198
Fiji,2015,import,china,43,12213.823
Fiji,2015,import,china,51,795004.961
Fiji,2015,import,china,52,1118228.376
Fiji,2015,import,china,53,1333079.145
Fiji,2015,import,china,54,473710.87
Fiji,2015,import,china,55,4381803.728
Fiji,2015,import,china,56,5926547.178
Fiji,2015,import,china,57,3653160.06
Fiji,2015,import,china,58,4025449.96
Fiji,2015,import,china,59,3819872.065
Fiji,2015,import,china,61,245892.568
Fiji,2015,import,china,62,7477318.404
Fiji,2015,import,china,63,1713312.797
Fiji,2015,import,china,64,8056163.97
Fiji,2015,import,china,65,23435705.462
Fiji,2015,import,china,66,13119332.144
Fiji,2015,import,china,67,12030354.967
Fiji,2015,import,china,68,2560019.6
Fiji,2015,import,china,69,18811185.142
Fiji,2015,import,china,71,4649764.601
Fiji,2015,import,china,72,11537007.59
Fiji,2015,import,china,73,380588.337
Fiji,2015,import,china,74,14487352.26
Fiji,2015,import,china,75,2447969.935
Fiji,2015,import,china,76,9315113.509
Fiji,2015,import,china,77,13940400.884
Fiji,2015,import,china,78,19985593.766000003
Fiji,2015,import,china,79,801615.7749999999
Fiji,2015,import,china,81,6145571.720000001
Fiji,2015,import,china,82,6348841.286
Fiji,2015,import,china,83,2136642.3619999997
Fiji,2015,import,china,84,11346198.791
Fiji,2015,import,china,85,3547305.503
Fiji,2015,import,china,87,1657593.547
Fiji,2015,import,china,88,805714.699
Fiji,2015,import,china,89,18111337.398000002
Fiji,2015,import,china,93,801256.797
Fiji,2015,import,world,00,1504092.6849999998
Fiji,2015,import,world,01,27908875.922000002
Fiji,2015,import,world,02,40592949.762
Fiji,2015,import,world,03,110145600.87699999
Fiji,2015,import,world,04,84076706.817
Fiji,2015,import,world,05,55992312.258
Fiji,2015,import,world,06,8716582.808
Fiji,2015,import,world,07,13055385.012
Fiji,2015,import,world,08,17068983.462
Fiji,2015,import,world,09,24286152.688
Fiji,2015,import,world,11,20850376.741
Fiji,2015,import,world,12,2328009.4129999997
Fiji,2015,import,world,21,2638.224
Fiji,2015,import,world,22,415650.4
Fiji,2015,import,world,23,92726.36899999999
Fiji,2015,import,world,24,2673023.678
Fiji,2015,import,world,25,7497.055
Fiji,2015,import,world,26,4509671.771
Fiji,2015,import,world,27,8306728.014
Fiji,2015,import,world,28,11873.439
Fiji,2015,import,world,29,2528417.168
Fiji,2015,import,world,32,25250.004
Fiji,2015,import,world,33,454301212.658
Fiji,2015,import,world,34,20876063.43
Fiji,2015,import,world,41,302834.62799999997
Fiji,2015,import,world,42,22103586.928
Fiji,2015,import,world,43,106299.82500000001
Fiji,2015,import,world,51,5451193.022
Fiji,2015,import,world,52,7505536.053
Fiji,2015,import,world,53,10357280.089
Fiji,2015,import,world,54,24649778.972
Fiji,2015,import,world,55,38389337.8
Fiji,2015,import,world,56,9692491.546
Fiji,2015,import,world,57,35337439.15
Fiji,2015,import,world,58,23196928.088
Fiji,2015,import,world,59,28395957.162
Fiji,2015,import,world,61,1225551.741
Fiji,2015,import,world,62,23692220.526
Fiji,2015,import,world,63,8223500.9690000005
Fiji,2015,import,world,64,48262849.447000004
Fiji,2015,import,world,65,81190322.15
Fiji,2015,import,world,66,36583226.647
Fiji,2015,import,world,67,52062748.911
Fiji,2015,import,world,68,17169421.892
Fiji,2015,import,world,69,67390505.126
Fiji,2015,import,world,71,47986047.136
Fiji,2015,import,world,72,74225412.218
Fiji,2015,import,world,73,2378912.733
Fiji,2015,import,world,74,85399488.123
Fiji,2015,import,world,75,35900385.771
Fiji,2015,import,world,76,63122762.867000006
Fiji,2015,import,world,77,69941139.346
Fiji,2015,import,world,78,163454477.67
Fiji,2015,import,world,79,69067575.0
Fiji,2015,import,world,81,15898388.68
Fiji,2015,import,world,82,19556428.071
Fiji,2015,import,world,83,4948138.467
Fiji,2015,import,world,84,29554033.966000002
Fiji,2015,import,world,85,9066259.493999999
Fiji,2015,import,world,87,28490323.956
Fiji,2015,import,world,88,6315119.316
Fiji,2015,import,world,89,85065393.827
Fiji,2015,import,world,93,15561964.132
Fiji,2015,import,world,96,1256987.317
Fiji,2015,import,world,97,3478.699
Fiji,2016,export,aus,01,42029.079
Fiji,2016,export,aus,02,110884.681
Fiji,2016,export,aus,03,376139.57899999997
Fiji,2016,export,aus,04,5173956.117
Fiji,2016,export,aus,05,5411207.387
Fiji,2016,export,aus,06,163914.077
Fiji,2016,export,aus,07,1616048.983
Fiji,2016,export,aus,08,151647.835
Fiji,2016,export,aus,09,298747.702
Fiji,2016,export,aus,11,1239818.1949999998
Fiji,2016,export,aus,12,367393.669
Fiji,2016,export,aus,21,26390.063
Fiji,2016,export,aus,22,1146.065
Fiji,2016,export,aus,23,2207.608
Fiji,2016,export,aus,24,345627.502
Fiji,2016,export,aus,25,59481.266
Fiji,2016,export,aus,26,535.785
Fiji,2016,export,aus,27,1858.058
Fiji,2016,export,aus,28,975371.2729999999
Fiji,2016,export,aus,29,76213.34100000001
Fiji,2016,export,aus,33,5059.401
Fiji,2016,export,aus,34,24.354
Fiji,2016,export,aus,41,33266.455
Fiji,2016,export,aus,42,2785869.809
Fiji,2016,export,aus,51,1862.356
Fiji,2016,export,aus,52,14412.725999999999
Fiji,2016,export,aus,53,1573.929
Fiji,2016,export,aus,54,1443716.102
Fiji,2016,export,aus,55,382298.725
Fiji,2016,export,aus,57,63366.427
Fiji,2016,export,aus,58,91655.616
Fiji,2016,export,aus,59,106441.77
Fiji,2016,export,aus,61,508.566
Fiji,2016,export,aus,62,62911.344000000005
Fiji,2016,export,aus,63,243951.45500000002
Fiji,2016,export,aus,64,142218.583
Fiji,2016,export,aus,65,2185586.1270000003
Fiji,2016,export,aus,66,5399.8769999999995
Fiji,2016,export,aus,67,14560.76
Fiji,2016,export,aus,68,3128343.243
Fiji,2016,export,aus,69,2354226.767
Fiji,2016,export,aus,71,664670.11
Fiji,2016,export,aus,72,565478.159
Fiji,2016,export,aus,73,61136.853
Fiji,2016,export,aus,74,403364.361
Fiji,2016,export,aus,75,143140.689
Fiji,2016,export,aus,76,6205857.535
Fiji,2016,export,aus,77,999223.279
Fiji,2016,export,aus,78,247596.421
Fiji,2016,export,aus,79,1958314.215
Fiji,2016,export,aus,81,11932.927
Fiji,2016,export,aus,82,333162.609
Fiji,2016,export,aus,83,285504.44
Fiji,2016,export,aus,84,36210042.831
Fiji,2016,export,aus,85,69781.05
Fiji,2016,export,aus,87,1214519.283
Fiji,2016,export,aus,88,390634.917
Fiji,2016,export,aus,89,879476.172
Fiji,2016,export,aus,93,985162.012
Fiji,2016,export,aus,97,57182084.788
Fiji,2016,export,china,03,35235854.394
Fiji,2016,export,china,04,11478.799
Fiji,2016,export,china,05,420898.203
Fiji,2016,export,china,07,94098.167
Fiji,2016,export,china,11,2565153.395
Fiji,2016,export,china,12,39246.528
Fiji,2016,export,china,24,5460863.052999999
Fiji,2016,export,china,28,1327066.712
Fiji,2016,export,china,29,3438.196
Fiji,2016,export,china,33,1251.599
Fiji,2016,export,china,34,26919.641
Fiji,2016,export,china,42,2553.338
Fiji,2016,export,china,51,3059.517
Fiji,2016,export,china,52,5692.124
Fiji,2016,export,china,54,1901.991
Fiji,2016,export,china,55,45298.229999999996
Fiji,2016,export,china,58,563.482
Fiji,2016,export,china,59,211521.15
Fiji,2016,export,china,61,1.433
Fiji,2016,export,china,63,133359.976
Fiji,2016,export,china,65,205505.264
Fiji,2016,export,china,66,698.623
Fiji,2016,export,china,67,202476.308
Fiji,2016,export,china,69,7522.485999999999
Fiji,2016,export,china,71,14318.652999999998
Fiji,2016,export,china,72,152721.793
Fiji,2016,export,china,73,290.337
Fiji,2016,export,china,74,65939.819
Fiji,2016,export,china,75,16108.425
Fiji,2016,export,china,76,69046.613
Fiji,2016,export,china,77,3440.107
Fiji,2016,export,china,78,4916.62
Fiji,2016,export,china,81,3969.684
Fiji,2016,export,china,83,9814.139
Fiji,2016,export,china,84,48622.297
Fiji,2016,export,china,85,5098.081
Fiji,2016,export,china,87,2859.432
Fiji,2016,export,china,89,218532.683
Fiji,2016,export,china,93,476840.516
Fiji,2016,export,world,00,7764.592000000001
Fiji,2016,export,world,01,4949934.735
Fiji,2016,export,world,02,6448740.285999999
Fiji,2016,export,world,03,133114578.79100001
Fiji,2016,export,world,04,43329981.497
Fiji,2016,export,world,05,18463436.379
Fiji,2016,export,world,06,59171335.125999995
Fiji,2016,export,world,07,9324831.220999999
Fiji,2016,export,world,08,3955638.583
Fiji,2016,export,world,09,4048335.685
Fiji,2016,export,world,11,112156882.228
Fiji,2016,export,world,12,1771411.0250000001
Fiji,2016,export,world,21,54471.528
Fiji,2016,export,world,22,11028.968
Fiji,2016,export,world,23,4531.256
Fiji,2016,export,world,24,28073115.916
Fiji,2016,export,world,25,103688.346
Fiji,2016,export,world,26,91610.25099999999
Fiji,2016,export,world,27,5811791.5879999995
Fiji,2016,export,world,28,2863987.0500000003
Fiji,2016,export,world,29,8564104.603000002
Fiji,2016,export,world,33,166797161.83699998
Fiji,2016,export,world,34,148850.48200000002
Fiji,2016,export,world,41,123861.48300000001
Fiji,2016,export,world,42,4420295.948
Fiji,2016,export,world,51,425014.967
Fiji,2016,export,world,52,392607.582
Fiji,2016,export,world,53,5154219.916999999
Fiji,2016,export,world,54,7377090.41
Fiji,2016,export,world,55,9326835.4
Fiji,2016,export,world,56,34666.564999999995
Fiji,2016,export,world,57,279986.135
Fiji,2016,export,world,58,3677690.5349999997
Fiji,2016,export,world,59,1977626.848
Fiji,2016,export,world,61,6259.904
Fiji,2016,export,world,62,1032944.339
Fiji,2016,export,world,63,2271577.79
Fiji,2016,export,world,64,11709849.415000001
Fiji,2016,export,world,65,6889322.159
Fiji,2016,export,world,66,11896382.523
Fiji,2016,export,world,67,4387580.5600000005
Fiji,2016,export,world,68,3337890.7739999997
Fiji,2016,export,world,69,22711222.762
Fiji,2016,export,world,71,4059845.526
Fiji,2016,export,world,72,6529590.417
Fiji,2016,export,world,73,485951.735
Fiji,2016,export,world,74,4346801.652
Fiji,2016,export,world,75,1433501.3190000001
Fiji,2016,export,world,76,28467328.944000002
Fiji,2016,export,world,77,11759792.074
Fiji,2016,export,world,78,3952124.9390000002
Fiji,2016,export,world,79,14385810.13
Fiji,2016,export,world,81,1306418.436
Fiji,2016,export,world,82,1653296.582
Fiji,2016,export,world,83,362834.71599999996
Fiji,2016,export,world,84,51075853.749
Fiji,2016,export,world,85,928154.338
Fiji,2016,export,world,87,11398997.352
Fiji,2016,export,world,88,872817.53
Fiji,2016,export,world,89,9506327.368999999
Fiji,2016,export,world,93,4889374.259
Fiji,2016,export,world,97,57948643.921
Fiji,2016,import,aus,00,152.331
Fiji,2016,import,aus,01,11532385.026
Fiji,2016,import,aus,02,7846985.292
Fiji,2016,import,aus,03,435171.972
Fiji,2016,import,aus,04,51879799.92
Fiji,2016,import,aus,05,9997024.294
Fiji,2016,import,aus,06,3286855.054
Fiji,2016,import,aus,07,2839383.417
Fiji,2016,import,aus,08,14436972.871
Fiji,2016,import,aus,09,9922265.02
Fiji,2016,import,aus,11,5406225.823000001
Fiji,2016,import,aus,12,300704.60799999995
Fiji,2016,import,aus,21,2612.551
Fiji,2016,import,aus,22,51787.347
Fiji,2016,import,aus,23,23911.218999999997
Fiji,2016,import,aus,24,121842.976
Fiji,2016,import,aus,25,2823.141
Fiji,2016,import,aus,26,5177134.06
Fiji,2016,import,aus,27,292829.23
Fiji,2016,import,aus,28,2685.136
Fiji,2016,import,aus,29,348356.093
Fiji,2016,import,aus,32,2723.815
Fiji,2016,import,aus,33,2287645.148
Fiji,2016,import,aus,34,6759943.807
Fiji,2016,import,aus,41,775.504
Fiji,2016,import,aus,42,2722179.6190000004
Fiji,2016,import,aus,43,12270.538
Fiji,2016,import,aus,51,1224134.29
Fiji,2016,import,aus,52,1542418.588
Fiji,2016,import,aus,53,3732205.039
Fiji,2016,import,aus,54,9553676.1
Fiji,2016,import,aus,55,8634831.634
Fiji,2016,import,aus,56,761308.722
Fiji,2016,import,aus,57,3782648.148
Fiji,2016,import,aus,58,6929093.016
Fiji,2016,import,aus,59,6594500.211
Fiji,2016,import,aus,61,781336.213
Fiji,2016,import,aus,62,3559866.908
Fiji,2016,import,aus,63,2227301.468
Fiji,2016,import,aus,64,12496747.386
Fiji,2016,import,aus,65,18136373.698999997
Fiji,2016,import,aus,66,3769316.545
Fiji,2016,import,aus,67,4804645.176
Fiji,2016,import,aus,68,2763977.5749999997
Fiji,2016,import,aus,69,17487721.765
Fiji,2016,import,aus,71,6550554.336999999
Fiji,2016,import,aus,72,12946439.048
Fiji,2016,import,aus,73,906547.186
Fiji,2016,import,aus,74,23408316.491
Fiji,2016,import,aus,75,12947811.941
Fiji,2016,import,aus,76,7340138.400999999
Fiji,2016,import,aus,77,22036688.85
Fiji,2016,import,aus,78,12561933.192
Fiji,2016,import,aus,79,7445934.075
Fiji,2016,import,aus,81,3908631.761
Fiji,2016,import,aus,82,2127875.052
Fiji,2016,import,aus,83,1041373.172
Fiji,2016,import,aus,84,2689652.854
Fiji,2016,import,aus,85,1875273.191
Fiji,2016,import,aus,87,13312576.821
Fiji,2016,import,aus,88,2685373.255
Fiji,2016,import,aus,89,20701058.643
Fiji,2016,import,aus,93,2229925.479
Fiji,2016,import,aus,96,8354.338
Fiji,2016,import,china,01,213.932
Fiji,2016,import,china,02,3344.123
Fiji,2016,import,china,03,48959774.099
Fiji,2016,import,china,04,333635.83900000004
Fiji,2016,import,china,05,8126825.302
Fiji,2016,import,china,06,270335.789
Fiji,2016,import,china,07,406159.327
Fiji,2016,import,china,08,2419.152
Fiji,2016,import,china,09,1328184.1269999999
Fiji,2016,import,china,11,3710119.407
Fiji,2016,import,china,12,205264.112
Fiji,2016,import,china,22,81296.617
Fiji,2016,import,china,23,4670.216
Fiji,2016,import,china,24,14929.886999999999
Fiji,2016,import,china,26,59338.008
Fiji,2016,import,china,27,701158.917
Fiji,2016,import,china,28,8941.697
Fiji,2016,import,china,29,19168.420000000002
Fiji,2016,import,china,32,4685.974
Fiji,2016,import,china,33,364995.05
Fiji,2016,import,china,41,150.899
Fiji,2016,import,china,42,68744.815
Fiji,2016,import,china,43,9553.409
Fiji,2016,import,china,51,934312.53
Fiji,2016,import,china,52,1441540.488
Fiji,2016,import,china,53,1527131.031
Fiji,2016,import,china,54,472537.04099999997
Fiji,2016,import,china,55,3896194.088
Fiji,2016,import,china,56,4809759.97
Fiji,2016,import,china,57,1456821.836
Fiji,2016,import,china,58,5187632.972
Fiji,2016,import,china,59,4297691.794
Fiji,2016,import,china,61,322746.786
Fiji,2016,import,china,62,11145767.545
Fiji,2016,import,china,63,1814868.386
Fiji,2016,import,china,64,9362946.007
Fiji,2016,import,china,65,24090976.006
Fiji,2016,import,china,66,13919567.373
Fiji,2016,import,china,67,18447905.764
Fiji,2016,import,china,68,3145196.1339999996
Fiji,2016,import,china,69,24919572.129
Fiji,2016,import,china,71,7842199.995
Fiji,2016,import,china,72,15076754.741
Fiji,2016,import,china,73,971775.013
Fiji,2016,import,china,74,16724761.752
Fiji,2016,import,china,75,1846775.322
Fiji,2016,import,china,76,10825627.102
Fiji,2016,import,china,77,15316767.076
Fiji,2016,import,china,78,31715809.437
Fiji,2016,import,china,79,2594231.936
Fiji,2016,import,china,81,7583309.098999999
Fiji,2016,import,china,82,5886207.035
Fiji,2016,import,china,83,2136110.009
Fiji,2016,import,china,84,9312065.481
Fiji,2016,import,china,85,3723419.494
Fiji,2016,import,china,87,1164522.664
Fiji,2016,import,china,88,845722.6379999999
Fiji,2016,import,china,89,20908227.61
Fiji,2016,import,china,93,672315.32
Fiji,2016,import,world,00,1290556.893
Fiji,2016,import,world,01,35626144.059
Fiji,2016,import,world,02,46460310.779
Fiji,2016,import,world,03,79496971.912
Fiji,2016,import,world,04,76876846.542
Fiji,2016,import,world,05,66609785.392000005
Fiji,2016,import,world,06,10725489.17
Fiji,2016,import,world,07,13370097.36
Fiji,2016,import,world,08,19692836.364
Fiji,2016,import,world,09,25330914.060000002
Fiji,2016,import,world,11,19908691.552
Fiji,2016,import,world,12,1495630.949
Fiji,2016,import,world,21,2612.551
Fiji,2016,import,world,22,721315.3420000001
Fiji,2016,import,world,23,99256.416
Fiji,2016,import,world,24,15363123.026999999
Fiji,2016,import,world,25,2823.141
Fiji,2016,import,world,26,6031590.192000001
Fiji,2016,import,world,27,6312238.180000001
Fiji,2016,import,world,28,14021.631999999998
Fiji,2016,import,world,29,3344371.295
Fiji,2016,import,world,32,104001.12599999999
Fiji,2016,import,world,33,325917438.344
Fiji,2016,import,world,34,20587092.001000002
Fiji,2016,import,world,41,382543.219
Fiji,2016,import,world,42,19421257.095
Fiji,2016,import,world,43,58992.278000000006
Fiji,2016,import,world,51,4707559.123
Fiji,2016,import,world,52,8200799.0430000005
Fiji,2016,import,world,53,11328552.063
Fiji,2016,import,world,54,29274302.638
Fiji,2016,import,world,55,43496314.252000004
Fiji,2016,import,world,56,8572718.239
Fiji,2016,import,world,57,37230539.467
Fiji,2016,import,world,58,25820266.264
Fiji,2016,import,world,59,28781526.562
Fiji,2016,import,world,61,1613092.135
Fiji,2016,import,world,62,28633764.842
Fiji,2016,import,world,63,10093392.622
Fiji,2016,import,world,64,52279721.311
Fiji,2016,import,world,65,78518384.971
Fiji,2016,import,world,66,41723313.06
Fiji,2016,import,world,67,67558964.777
Fiji,2016,import,world,68,15422470.106999999
Fiji,2016,import,world,69,75453075.794
Fiji,2016,import,world,71,38483617.64
Fiji,2016,import,world,72,74208378.224
Fiji,2016,import,world,73,3341886.244
Fiji,2016,import,world,74,113097852.918
Fiji,2016,import,world,75,39763198.568
Fiji,2016,import,world,76,75337935.391
Fiji,2016,import,world,77,82784822.132
Fiji,2016,import,world,78,232827725.836
Fiji,2016,import,world,79,41580729.648
Fiji,2016,import,world,81,21439181.508
Fiji,2016,import,world,82,20300874.134999998
Fiji,2016,import,world,83,5364092.645
Fiji,2016,import,world,84,30063736.756
Fiji,2016,import,world,85,9747500.094
Fiji,2016,import,world,87,31700504.211
Fiji,2016,import,world,88,8726796.207
Fiji,2016,import,world,89,96315164.728
Fiji,2016,import,world,93,13637018.351
Fiji,2016,import,world,96,14807.163
Fiji,2016,import,world,97,1918.704
Fiji,2017,export,aus,01,67555.906
Fiji,2017,export,aus,02,210662.495
Fiji,2017,export,aus,03,167611.094
Fiji,2017,export,aus,04,5025241.285
Fiji,2017,export,aus,05,5635633.387999999
Fiji,2017,export,aus,06,1186627.612
Fiji,2017,export,aus,07,718916.76
Fiji,2017,export,aus,08,28155.432
Fiji,2017,export,aus,09,446236.926
Fiji,2017,export,aus,11,1114783.502
Fiji,2017,export,aus,12,166621.546
Fiji,2017,export,aus,21,45644.065
Fiji,2017,export,aus,22,166.941
Fiji,2017,export,aus,24,437149.535
Fiji,2017,export,aus,25,5948.903
Fiji,2017,export,aus,26,24664.673
Fiji,2017,export,aus,27,53.711
Fiji,2017,export,aus,28,3017874.5700000003
Fiji,2017,export,aus,29,35762.615
Fiji,2017,export,aus,41,66628.779
Fiji,2017,export,aus,42,820327.8
Fiji,2017,export,aus,51,2495.404
Fiji,2017,export,aus,53,1487.951
Fiji,2017,export,aus,54,2717706.101
Fiji,2017,export,aus,55,571138.731
Fiji,2017,export,aus,57,62099.599
Fiji,2017,export,aus,58,137315.916
Fiji,2017,export,aus,59,153366.923
Fiji,2017,export,aus,61,11864.902
Fiji,2017,export,aus,62,34549.511
Fiji,2017,export,aus,63,277972.103
Fiji,2017,export,aus,64,157198.33599999998
Fiji,2017,export,aus,65,2203206.312
Fiji,2017,export,aus,66,76893.95300000001
Fiji,2017,export,aus,67,51723.61800000001
Fiji,2017,export,aus,68,435213.988
Fiji,2017,export,aus,69,2081624.938
Fiji,2017,export,aus,71,1236574.88
Fiji,2017,export,aus,72,272121.429
Fiji,2017,export,aus,73,154278.08000000002
Fiji,2017,export,aus,74,1417458.504
Fiji,2017,export,aus,75,276850.452
Fiji,2017,export,aus,76,11682021.261
Fiji,2017,export,aus,77,3627750.847
Fiji,2017,export,aus,78,1909529.665
Fiji,2017,export,aus,79,3195216.142
Fiji,2017,export,aus,81,143826.127
Fiji,2017,export,aus,82,332388.549
Fiji,2017,export,aus,83,281395.599
Fiji,2017,export,aus,84,32326691.658
Fiji,2017,export,aus,85,50687.616
Fiji,2017,export,aus,87,1273690.443
Fiji,2017,export,aus,88,470058.186
Fiji,2017,export,aus,89,5502073.403
Fiji,2017,export,aus,93,789680.836
Fiji,2017,export,aus,97,55810720.179
Fiji,2017,export,china,03,42187686.617
Fiji,2017,export,china,05,252724.83
Fiji,2017,export,china,09,3467.048
Fiji,2017,export,china,11,2717838.202
Fiji,2017,export,china,12,160699.257
Fiji,2017,export,china,24,74865.015
Fiji,2017,export,china,26,19.355
Fiji,2017,export,china,27,237.104
Fiji,2017,export,china,28,1382569.305
Fiji,2017,export,china,29,95140.83499999999
Fiji,2017,export,china,33,607691.048
Fiji,2017,export,china,34,11020.52
Fiji,2017,export,china,42,77.422
Fiji,2017,export,china,51,8056.714
Fiji,2017,export,china,53,36406.667
Fiji,2017,export,china,55,34371.44
Fiji,2017,export,china,57,159.683
Fiji,2017,export,china,58,10108.877
Fiji,2017,export,china,59,173794.19799999997
Fiji,2017,export,china,62,35120.011999999995
Fiji,2017,export,china,63,53056.725
Fiji,2017,export,china,64,1674.7329999999997
Fiji,2017,export,china,65,273165.654
Fiji,2017,export,china,66,3663.506
Fiji,2017,export,china,67,5299.044
Fiji,2017,export,china,68,4313.366
Fiji,2017,export,china,69,12458.631
Fiji,2017,export,china,71,20909.229
Fiji,2017,export,china,72,3673.6680000000006
Fiji,2017,export,china,73,16867.807
Fiji,2017,export,china,74,431167.24399999995
Fiji,2017,export,china,75,8528.986
Fiji,2017,export,china,76,32095.721
Fiji,2017,export,china,77,78608.846
Fiji,2017,export,china,78,20098.718
Fiji,2017,export,china,81,41738.615
Fiji,2017,export,china,82,889.384
Fiji,2017,export,china,83,928.095
Fiji,2017,export,china,84,46533.934
Fiji,2017,export,china,87,22913.486
Fiji,2017,export,china,89,264441.662
Fiji,2017,export,china,93,668831.584
Fiji,2017,export,world,00,2927.515
Fiji,2017,export,world,01,6181967.12
Fiji,2017,export,world,02,6910150.31
Fiji,2017,export,world,03,147975184.234
Fiji,2017,export,world,04,44081897.394999996
Fiji,2017,export,world,05,20222751.199
Fiji,2017,export,world,06,99784754.49200001
Fiji,2017,export,world,07,7132032.201
Fiji,2017,export,world,08,3739110.599
Fiji,2017,export,world,09,4234748.972
Fiji,2017,export,world,11,124990610.50299999
Fiji,2017,export,world,12,12655367.1
Fiji,2017,export,world,21,69738.235
Fiji,2017,export,world,22,12230.237000000001
Fiji,2017,export,world,23,2683.152
Fiji,2017,export,world,24,11005743.628
Fiji,2017,export,world,25,68874.497
Fiji,2017,export,world,26,38429.314000000006
Fiji,2017,export,world,27,3950718.609
Fiji,2017,export,world,28,5568691.051
Fiji,2017,export,world,29,1870115.641
Fiji,2017,export,world,33,171751560.16300002
Fiji,2017,export,world,34,228848.408
Fiji,2017,export,world,41,285678.966
Fiji,2017,export,world,42,3768677.527
Fiji,2017,export,world,51,482729.243
Fiji,2017,export,world,52,365135.57899999997
Fiji,2017,export,world,53,5202700.927
Fiji,2017,export,world,54,8902399.922
Fiji,2017,export,world,55,9652040.583999999
Fiji,2017,export,world,56,64750.814999999995
Fiji,2017,export,world,57,248787.928
Fiji,2017,export,world,58,3179678.54
Fiji,2017,export,world,59,1926834.42
Fiji,2017,export,world,61,26787.0
Fiji,2017,export,world,62,1255673.404
Fiji,2017,export,world,63,1811966.976
Fiji,2017,export,world,64,11893689.756000001
Fiji,2017,export,world,65,6685844.146
Fiji,2017,export,world,66,8474936.828
Fiji,2017,export,world,67,3508859.404
Fiji,2017,export,world,68,741604.2729999999
Fiji,2017,export,world,69,23566318.292999998
Fiji,2017,export,world,71,9382106.809
Fiji,2017,export,world,72,2798845.676
Fiji,2017,export,world,73,668047.203
Fiji,2017,export,world,74,7513692.513
Fiji,2017,export,world,75,3484533.451
Fiji,2017,export,world,76,63016698.975999996
Fiji,2017,export,world,77,15263874.49
Fiji,2017,export,world,78,5745576.801
Fiji,2017,export,world,79,13286338.421
Fiji,2017,export,world,81,1425512.8
Fiji,2017,export,world,82,1431985.751
Fiji,2017,export,world,83,442684.71499999997
Fiji,2017,export,world,84,46142308.255
Fiji,2017,export,world,85,949162.635
Fiji,2017,export,world,87,4120382.352
Fiji,2017,export,world,88,830756.044
Fiji,2017,export,world,89,15964179.997000001
Fiji,2017,export,world,93,21874948.946
Fiji,2017,export,world,97,57484591.213
Fiji,2017,import,aus,01,11018501.786
Fiji,2017,import,aus,02,9198028.08
Fiji,2017,import,aus,03,467429.228
Fiji,2017,import,aus,04,49054886.177
Fiji,2017,import,aus,05,10478442.131000001
Fiji,2017,import,aus,06,2697639.319
Fiji,2017,import,aus,07,3762529.265
Fiji,2017,import,aus,08,16188810.367
Fiji,2017,import,aus,09,9624078.221
Fiji,2017,import,aus,11,6701054.64
Fiji,2017,import,aus,12,257610.15
Fiji,2017,import,aus,21,4570.794
Fiji,2017,import,aus,22,59730.007
Fiji,2017,import,aus,23,27811.872
Fiji,2017,import,aus,24,134882.934
Fiji,2017,import,aus,26,4644717.622
Fiji,2017,import,aus,27,310142.826
Fiji,2017,import,aus,28,407.916
Fiji,2017,import,aus,29,390755.446
Fiji,2017,import,aus,32,4209.331
Fiji,2017,import,aus,33,2553496.2460000003
Fiji,2017,import,aus,34,7067416.874
Fiji,2017,import,aus,42,3210816.65
Fiji,2017,import,aus,43,3600.116
Fiji,2017,import,aus,51,1046334.826
Fiji,2017,import,aus,52,1677283.888
Fiji,2017,import,aus,53,3950090.04
Fiji,2017,import,aus,54,9127794.829
Fiji,2017,import,aus,55,7999538.471
Fiji,2017,import,aus,56,722633.01
Fiji,2017,import,aus,57,3547588.729
Fiji,2017,import,aus,58,5843033.518
Fiji,2017,import,aus,59,5843568.696
Fiji,2017,import,aus,61,628138.648
Fiji,2017,import,aus,62,3716918.5870000003
Fiji,2017,import,aus,63,1414857.129
Fiji,2017,import,aus,64,16226177.548999999
Fiji,2017,import,aus,65,18081865.625
Fiji,2017,import,aus,66,2757432.715
Fiji,2017,import,aus,67,3351993.4960000003
Fiji,2017,import,aus,68,1086025.149
Fiji,2017,import,aus,69,18061111.725
Fiji,2017,import,aus,71,5501655.806
Fiji,2017,import,aus,72,10062677.483
Fiji,2017,import,aus,73,1287155.0729999999
Fiji,2017,import,aus,74,20968857.552
Fiji,2017,import,aus,75,12760227.766999999
Fiji,2017,import,aus,76,8226735.856
Fiji,2017,import,aus,77,18578961.946000002
Fiji,2017,import,aus,78,11698847.449000001
Fiji,2017,import,aus,79,14770970.559999999
Fiji,2017,import,aus,81,2566991.362
Fiji,2017,import,aus,82,3615517.711
Fiji,2017,import,aus,83,1299334.987
Fiji,2017,import,aus,84,3142993.1569999997
Fiji,2017,import,aus,85,2784168.424
Fiji,2017,import,aus,87,7997695.829
Fiji,2017,import,aus,88,2457880.7180000003
Fiji,2017,import,aus,89,26898976.643
Fiji,2017,import,aus,93,2404539.951
Fiji,2017,import,china,01,100591.819
Fiji,2017,import,china,02,896.158
Fiji,2017,import,china,03,60942474.605
Fiji,2017,import,china,04,448351.03
Fiji,2017,import,china,05,7591853.766
Fiji,2017,import,china,06,231141.548
Fiji,2017,import,china,07,396449.82499999995
Fiji,2017,import,china,08,1387.304
Fiji,2017,import,china,09,1614742.5
Fiji,2017,import,china,11,915317.179
Fiji,2017,import,china,22,71940.403
Fiji,2017,import,china,23,6906.514999999999
Fiji,2017,import,china,24,34338.535
Fiji,2017,import,china,26,16821.354
Fiji,2017,import,china,27,616460.525
Fiji,2017,import,china,28,11501.019
Fiji,2017,import,china,29,5171.782
Fiji,2017,import,china,33,288136.143
Fiji,2017,import,china,34,51.776
Fiji,2017,import,china,41,28.549
Fiji,2017,import,china,42,48874.977
Fiji,2017,import,china,43,19047.717
Fiji,2017,import,china,51,961211.897
Fiji,2017,import,china,52,904092.9430000001
Fiji,2017,import,china,53,1541551.249
Fiji,2017,import,china,54,798375.313
Fiji,2017,import,china,55,3659453.1700000004
Fiji,2017,import,china,56,4067146.103
Fiji,2017,import,china,57,2289167.327
Fiji,2017,import,china,58,6096061.747
Fiji,2017,import,china,59,5017798.139
Fiji,2017,import,china,61,182700.133
Fiji,2017,import,china,62,11039619.084
Fiji,2017,import,china,63,2448896.8770000003
Fiji,2017,import,china,64,9677172.205
Fiji,2017,import,china,65,19630412.904
Fiji,2017,import,china,66,15210491.137
Fiji,2017,import,china,67,26449620.581
Fiji,2017,import,china,68,3319493.731
Fiji,2017,import,china,69,26480931.925
Fiji,2017,import,china,71,13056965.963
Fiji,2017,import,china,72,13813286.683
Fiji,2017,import,china,73,1809097.528
Fiji,2017,import,china,74,19053902.552
Fiji,2017,import,china,75,2850945.273
Fiji,2017,import,china,76,13506547.513
Fiji,2017,import,china,77,16787869.362
Fiji,2017,import,china,78,24119535.311
Fiji,2017,import,china,79,588816.078
Fiji,2017,import,china,81,10326109.758
Fiji,2017,import,china,82,7415817.7190000005
Fiji,2017,import,china,83,2275165.583
Fiji,2017,import,china,84,11206414.344999999
Fiji,2017,import,china,85,3545433.979
Fiji,2017,import,china,87,1434343.2449999999
Fiji,2017,import,china,88,1173797.842
Fiji,2017,import,china,89,21066770.573
Fiji,2017,import,china,93,6629346.019
Fiji,2017,import,china,96,3856.093
Fiji,2017,import,world,00,1787101.4900000002
Fiji,2017,import,world,01,37681235.748
Fiji,2017,import,world,02,49586193.774000004
Fiji,2017,import,world,03,80424385.586
Fiji,2017,import,world,04,76019910.93800001
Fiji,2017,import,world,05,68887356.622
Fiji,2017,import,world,06,10714446.254999999
Fiji,2017,import,world,07,14671234.252
Fiji,2017,import,world,08,20784402.360999998
Fiji,2017,import,world,09,24415140.244
Fiji,2017,import,world,11,18916777.77
Fiji,2017,import,world,12,4942149.228
Fiji,2017,import,world,21,7014.906
Fiji,2017,import,world,22,2391649.694
Fiji,2017,import,world,23,81216.995
Fiji,2017,import,world,24,5090634.702
Fiji,2017,import,world,26,5124755.004
Fiji,2017,import,world,27,4594509.058
Fiji,2017,import,world,28,124128.553
Fiji,2017,import,world,29,1342142.024
Fiji,2017,import,world,32,83977.569
Fiji,2017,import,world,33,424351573.088
Fiji,2017,import,world,34,25665894.456
Fiji,2017,import,world,41,482974.09
Fiji,2017,import,world,42,24390222.014
Fiji,2017,import,world,43,92336.711
Fiji,2017,import,world,51,5072160.875
Fiji,2017,import,world,52,7220067.645
Fiji,2017,import,world,53,12433883.448
Fiji,2017,import,world,54,32606558.662
Fiji,2017,import,world,55,42453126.055
Fiji,2017,import,world,56,8066337.093
Fiji,2017,import,world,57,42019245.174
Fiji,2017,import,world,58,25274981.266
Fiji,2017,import,world,59,29237201.859
Fiji,2017,import,world,61,1470035.699
Fiji,2017,import,world,62,24607898.447
Fiji,2017,import,world,63,9271662.572
Fiji,2017,import,world,64,52841872.043
Fiji,2017,import,world,65,66794947.298999995
Fiji,2017,import,world,66,39513666.292
Fiji,2017,import,world,67,81276637.32699999
Fiji,2017,import,world,68,15306420.711000001
Fiji,2017,import,world,69,75247232.911
Fiji,2017,import,world,71,41931339.898
Fiji,2017,import,world,72,78206485.575
Fiji,2017,import,world,73,4538058.834
Fiji,2017,import,world,74,92003365.11
Fiji,2017,import,world,75,40172121.892
Fiji,2017,import,world,76,89540616.493
Fiji,2017,import,world,77,87476459.382
Fiji,2017,import,world,78,166596952.736
Fiji,2017,import,world,79,68469302.221
Fiji,2017,import,world,81,20145316.26
Fiji,2017,import,world,82,24425534.612999998
Fiji,2017,import,world,83,5871788.486
Fiji,2017,import,world,84,33151309.599
Fiji,2017,import,world,85,10883643.045
Fiji,2017,import,world,87,30457486.209
Fiji,2017,import,world,88,8143925.421
Fiji,2017,import,world,89,104057037.484
Fiji,2017,import,world,93,32839036.22
Fiji,2017,import,world,96,96231.516
Fiji,2017,import,world,97,4682.088
Fiji,2018,export,aus,01,40986.243
Fiji,2018,export,aus,02,283376.322
Fiji,2018,export,aus,03,99153.807
Fiji,2018,export,aus,04,4404008.615
Fiji,2018,export,aus,05,5312945.178
Fiji,2018,export,aus,06,331910.29400000005
Fiji,2018,export,aus,07,751082.47
Fiji,2018,export,aus,08,22.037
Fiji,2018,export,aus,09,186291.61399999997
Fiji,2018,export,aus,11,1140024.456
Fiji,2018,export,aus,12,298419.558
Fiji,2018,export,aus,21,20129.988
Fiji,2018,export,aus,24,261216.03999999998
Fiji,2018,export,aus,25,45854.54
Fiji,2018,export,aus,26,5514.56
Fiji,2018,export,aus,27,4437.133
Fiji,2018,export,aus,28,1539419.239
Fiji,2018,export,aus,29,12015.043
Fiji,2018,export,aus,42,502534.923
Fiji,2018,export,aus,51,694.6500000000001
Fiji,2018,export,aus,52,23056.619
Fiji,2018,export,aus,53,14640.819
Fiji,2018,export,aus,54,3220139.7920000004
Fiji,2018,export,aus,55,535630.904
Fiji,2018,export,aus,57,106849.087
Fiji,2018,export,aus,58,95189.515
Fiji,2018,export,aus,59,109326.352
Fiji,2018,export,aus,61,9539.216
Fiji,2018,export,aus,62,44768.491
Fiji,2018,export,aus,63,211234.805
Fiji,2018,export,aus,64,192234.461
Fiji,2018,export,aus,65,1834228.5370000002
Fiji,2018,export,aus,66,8895.826
Fiji,2018,export,aus,67,3841.173
Fiji,2018,export,aus,68,372512.80299999996
Fiji,2018,export,aus,69,1419834.591
Fiji,2018,export,aus,71,1043456.659
Fiji,2018,export,aus,72,313078.583
Fiji,2018,export,aus,73,250519.396
Fiji,2018,export,aus,74,1068434.348
Fiji,2018,export,aus,75,806387.5989999999
Fiji,2018,export,aus,76,12061191.204
Fiji,2018,export,aus,77,2649399.378
Fiji,2018,export,aus,78,1508802.9170000001
Fiji,2018,export,aus,79,793957.203
Fiji,2018,export,aus,81,791724.264
Fiji,2018,export,aus,82,260814.58099999998
Fiji,2018,export,aus,83,317635.963
Fiji,2018,export,aus,84,33414616.414
Fiji,2018,export,aus,85,68098.658
Fiji,2018,export,aus,87,1047894.754
Fiji,2018,export,aus,88,199960.88
Fiji,2018,export,aus,89,1370408.593
Fiji,2018,export,aus,93,739914.9
Fiji,2018,export,aus,97,52552609.495
Fiji,2018,export,china,03,29380546.084
Fiji,2018,export,china,04,86.711
Fiji,2018,export,china,05,470299.826
Fiji,2018,export,china,06,12110568.25
Fiji,2018,export,china,11,2529969.949
Fiji,2018,export,china,24,6793452.864
Fiji,2018,export,china,28,1305966.667
Fiji,2018,export,china,29,58614.055
Fiji,2018,export,china,33,298329.014
Fiji,2018,export,china,34,29152.768
Fiji,2018,export,china,52,57.488
Fiji,2018,export,china,53,1720.336
Fiji,2018,export,china,54,39421.605
Fiji,2018,export,china,55,79884.226
Fiji,2018,export,china,57,313.311
Fiji,2018,export,china,58,71285.90200000002
Fiji,2018,export,china,59,155564.14700000003
Fiji,2018,export,china,62,1017.063
Fiji,2018,export,china,63,125360.78100000002
Fiji,2018,export,china,64,53406.578
Fiji,2018,export,china,65,111175.077
Fiji,2018,export,china,66,13992.639000000001
Fiji,2018,export,china,67,3631.3399999999997
Fiji,2018,export,china,69,41566.396
Fiji,2018,export,china,71,19169.934
Fiji,2018,export,china,72,1586940.9379999998
Fiji,2018,export,china,73,895.858
Fiji,2018,export,china,74,725223.302
Fiji,2018,export,china,75,486.255
Fiji,2018,export,china,76,9644.132
Fiji,2018,export,china,77,11163.259
Fiji,2018,export,china,78,3252.398
Fiji,2018,export,china,79,432.12
Fiji,2018,export,china,81,5483.9
Fiji,2018,export,china,83,3307.969
Fiji,2018,export,china,84,6587.673
Fiji,2018,export,china,87,32358.217000000004
Fiji,2018,export,china,88,176.776
Fiji,2018,export,china,89,28369.011000000002
Fiji,2018,export,china,93,495565.91
Fiji,2018,export,world,00,6711.752
Fiji,2018,export,world,01,6788180.232
Fiji,2018,export,world,02,7066138.29
Fiji,2018,export,world,03,117306150.70300001
Fiji,2018,export,world,04,44526901.869
Fiji,2018,export,world,05,19156060.68
Fiji,2018,export,world,06,49561165.007
Fiji,2018,export,world,07,5881948.49
Fiji,2018,export,world,08,3099579.758
Fiji,2018,export,world,09,3575149.8200000003
Fiji,2018,export,world,11,134249480.248
Fiji,2018,export,world,12,24536967.983
Fiji,2018,export,world,21,47713.806
Fiji,2018,export,world,22,19707.929
Fiji,2018,export,world,24,44577183.963
Fiji,2018,export,world,25,130521.788
Fiji,2018,export,world,26,22436.703
Fiji,2018,export,world,27,6387751.618
Fiji,2018,export,world,28,5077366.023
Fiji,2018,export,world,29,564906.313
Fiji,2018,export,world,33,204371652.62300003
Fiji,2018,export,world,34,271972.092
Fiji,2018,export,world,41,229371.866
Fiji,2018,export,world,42,4281915.561000001
Fiji,2018,export,world,51,363198.748
Fiji,2018,export,world,52,302245.88
Fiji,2018,export,world,53,6629799.642
Fiji,2018,export,world,54,9623694.449
Fiji,2018,export,world,55,10423173.398
Fiji,2018,export,world,56,180707.588
Fiji,2018,export,world,57,366257.123
Fiji,2018,export,world,58,3849984.3479999998
Fiji,2018,export,world,59,1715999.173
Fiji,2018,export,world,61,19246.106
Fiji,2018,export,world,62,506078.593
Fiji,2018,export,world,63,1269143.532
Fiji,2018,export,world,64,12281182.905
Fiji,2018,export,world,65,6571336.49
Fiji,2018,export,world,66,11753925.641999999
Fiji,2018,export,world,67,3115989.778
Fiji,2018,export,world,68,764184.521
Fiji,2018,export,world,69,23738177.459
Fiji,2018,export,world,71,3900199.847
Fiji,2018,export,world,72,3121522.543
Fiji,2018,export,world,73,315241.578
Fiji,2018,export,world,74,5209180.334
Fiji,2018,export,world,75,2669584.939
Fiji,2018,export,world,76,38294348.87
Fiji,2018,export,world,77,13262059.777999999
Fiji,2018,export,world,78,5640145.271
Fiji,2018,export,world,79,17238190.103
Fiji,2018,export,world,81,2048368.412
Fiji,2018,export,world,82,1774923.664
Fiji,2018,export,world,83,461132.846
Fiji,2018,export,world,84,48269622.254999995
Fiji,2018,export,world,85,788960.037
Fiji,2018,export,world,87,2567320.063
Fiji,2018,export,world,88,716761.5109999999
Fiji,2018,export,world,89,10349968.825000001
Fiji,2018,export,world,93,20656712.243
Fiji,2018,export,world,97,54574290.907
Fiji,2018,import,aus,00,8004.759
Fiji,2018,import,aus,01,16872016.817
Fiji,2018,import,aus,02,10487056.731
Fiji,2018,import,aus,03,744697.4450000001
Fiji,2018,import,aus,04,50598256.878000006
Fiji,2018,import,aus,05,12543485.953
Fiji,2018,import,aus,06,2476751.6440000003
Fiji,2018,import,aus,07,3170780.385
Fiji,2018,import,aus,08,20268342.268
Fiji,2018,import,aus,09,11168967.909000002
Fiji,2018,import,aus,11,6819463.898
Fiji,2018,import,aus,12,383481.559
Fiji,2018,import,aus,22,45856.935
Fiji,2018,import,aus,23,3455.043
Fiji,2018,import,aus,24,548144.658
Fiji,2018,import,aus,26,5513693.648999999
Fiji,2018,import,aus,27,308435.926
Fiji,2018,import,aus,28,1295.88
Fiji,2018,import,aus,29,332483.738
Fiji,2018,import,aus,32,2823.6310000000003
Fiji,2018,import,aus,33,2949909.114
Fiji,2018,import,aus,34,25058500.854000002
Fiji,2018,import,aus,41,95.814
Fiji,2018,import,aus,42,3178702.7439999995
Fiji,2018,import,aus,43,7319.691000000001
Fiji,2018,import,aus,51,1331153.227
Fiji,2018,import,aus,52,1726096.024
Fiji,2018,import,aus,53,3098148.781
Fiji,2018,import,aus,54,11057007.638
Fiji,2018,import,aus,55,8461432.584
Fiji,2018,import,aus,56,585350.57
Fiji,2018,import,aus,57,4746623.218
Fiji,2018,import,aus,58,5983050.67
Fiji,2018,import,aus,59,6996227.794
Fiji,2018,import,aus,61,317153.54
Fiji,2018,import,aus,62,3510625.494
Fiji,2018,import,aus,63,1788095.1809999999
Fiji,2018,import,aus,64,20753248.899
Fiji,2018,import,aus,65,16478524.158
Fiji,2018,import,aus,66,2360816.541
Fiji,2018,import,aus,67,3548306.1629999997
Fiji,2018,import,aus,68,1252215.159
Fiji,2018,import,aus,69,15822873.127
Fiji,2018,import,aus,71,5965823.36
Fiji,2018,import,aus,72,11059916.541
Fiji,2018,import,aus,73,946691.493
Fiji,2018,import,aus,74,20610521.396
Fiji,2018,import,aus,75,11415596.308
Fiji,2018,import,aus,76,9420760.949
Fiji,2018,import,aus,77,20874934.266
Fiji,2018,import,aus,78,11573599.872000001
Fiji,2018,import,aus,79,11911204.376
Fiji,2018,import,aus,81,2504807.3449999997
Fiji,2018,import,aus,82,1793149.8320000002
Fiji,2018,import,aus,83,1030711.039
Fiji,2018,import,aus,84,3319895.785
Fiji,2018,import,aus,85,2917722.886
Fiji,2018,import,aus,87,8969464.343
Fiji,2018,import,aus,88,1797213.296
Fiji,2018,import,aus,89,18283799.22
Fiji,2018,import,aus,93,2823918.838
Fiji,2018,import,aus,96,28601.36
Fiji,2018,import,aus,97,139.409
Fiji,2018,import,china,01,376687.407
Fiji,2018,import,china,02,2639.668
Fiji,2018,import,china,03,18264409.392
Fiji,2018,import,china,04,661462.608
Fiji,2018,import,china,05,6009610.237
Fiji,2018,import,china,06,267007.982
Fiji,2018,import,china,07,408245.098
Fiji,2018,import,china,08,14643.693
Fiji,2018,import,china,09,2409532.0769999996
Fiji,2018,import,china,11,3173489.041
Fiji,2018,import,china,12,4861.11
Fiji,2018,import,china,22,68668.75
Fiji,2018,import,china,23,14430.507
Fiji,2018,import,china,24,57413.509000000005
Fiji,2018,import,china,25,7116.0869999999995
Fiji,2018,import,china,26,32621.704
Fiji,2018,import,china,27,3727217.723
Fiji,2018,import,china,28,21602.166
Fiji,2018,import,china,29,43749.512
Fiji,2018,import,china,32,5832.661
Fiji,2018,import,china,33,244641.222
Fiji,2018,import,china,34,216.539
Fiji,2018,import,china,41,3212.635
Fiji,2018,import,china,42,28644.477
Fiji,2018,import,china,43,11045.408
Fiji,2018,import,china,51,1070889.57
Fiji,2018,import,china,52,2171953.765
Fiji,2018,import,china,53,2119433.942
Fiji,2018,import,china,54,706681.905
Fiji,2018,import,china,55,3716134.949
Fiji,2018,import,china,56,3319535.05
Fiji,2018,import,china,57,2800161.343
Fiji,2018,import,china,58,9331021.321
Fiji,2018,import,china,59,10089761.225
Fiji,2018,import,china,61,198766.083
Fiji,2018,import,china,62,14759007.663999999
Fiji,2018,import,china,63,3692209.2989999996
Fiji,2018,import,china,64,12901429.319
Fiji,2018,import,china,65,24143023.087
Fiji,2018,import,china,66,10982766.361
Fiji,2018,import,china,67,27472822.178999998
Fiji,2018,import,china,68,4573724.93
Fiji,2018,import,china,69,30425339.825
Fiji,2018,import,china,71,7134521.032
Fiji,2018,import,china,72,16517876.775
Fiji,2018,import,china,73,3509585.435
Fiji,2018,import,china,74,26071661.693
Fiji,2018,import,china,75,1834131.764
Fiji,2018,import,china,76,17285060.746999998
Fiji,2018,import,china,77,28043324.496
Fiji,2018,import,china,78,38904802.64
Fiji,2018,import,china,79,32153812.990000002
Fiji,2018,import,china,81,6836908.226
Fiji,2018,import,china,82,9986786.847000001
Fiji,2018,import,china,83,2907625.554
Fiji,2018,import,china,84,12711873.332
Fiji,2018,import,china,85,3604369.658
Fiji,2018,import,china,87,6077607.8100000005
Fiji,2018,import,china,88,1183212.02
Fiji,2018,import,china,89,28725994.999
Fiji,2018,import,china,93,6018841.891
Fiji,2018,import,china,96,885.798
Fiji,2018,import,world,00,2043363.5820000002
Fiji,2018,import,world,01,48365154.783
Fiji,2018,import,world,02,57070224.463
Fiji,2018,import,world,03,39865096.808
Fiji,2018,import,world,04,83519820.574
Fiji,2018,import,world,05,70648578.812
Fiji,2018,import,world,06,9011319.614
Fiji,2018,import,world,07,15846801.652999999
Fiji,2018,import,world,08,24459811.096
Fiji,2018,import,world,09,31918896.382999998
Fiji,2018,import,world,11,21969592.35
Fiji,2018,import,world,12,5846135.709000001
Fiji,2018,import,world,21,188.75300000000001
Fiji,2018,import,world,22,2193507.543
Fiji,2018,import,world,23,121703.09199999999
Fiji,2018,import,world,24,3800413.1920000003
Fiji,2018,import,world,25,7561.142
Fiji,2018,import,world,26,6360781.966
Fiji,2018,import,world,27,12890517.572000002
Fiji,2018,import,world,28,23298.068
Fiji,2018,import,world,29,1501085.5990000002
Fiji,2018,import,world,32,109563.01199999999
Fiji,2018,import,world,33,530362043.883
Fiji,2018,import,world,34,27545233.894
Fiji,2018,import,world,41,358220.745
Fiji,2018,import,world,42,23206769.541
Fiji,2018,import,world,43,67274.659
Fiji,2018,import,world,51,5939729.924
Fiji,2018,import,world,52,9167892.197999999
Fiji,2018,import,world,53,12891928.428
Fiji,2018,import,world,54,35406494.48
Fiji,2018,import,world,55,48803038.428
Fiji,2018,import,world,56,7966756.784
Fiji,2018,import,world,57,50922102.528
Fiji,2018,import,world,58,28843227.421
Fiji,2018,import,world,59,36077659.667
Fiji,2018,import,world,61,1372073.358
Fiji,2018,import,world,62,29218145.148000002
Fiji,2018,import,world,63,9995225.639999999
Fiji,2018,import,world,64,63046871.897
Fiji,2018,import,world,65,74390880.01099999
Fiji,2018,import,world,66,37970068.701
Fiji,2018,import,world,67,72785585.47399999
Fiji,2018,import,world,68,19888177.3
Fiji,2018,import,world,69,79165680.135
Fiji,2018,import,world,71,31780538.467
Fiji,2018,import,world,72,68306674.946
Fiji,2018,import,world,73,5765074.409
Fiji,2018,import,world,74,97309492.607
Fiji,2018,import,world,75,38328418.32
Fiji,2018,import,world,76,98903957.799
Fiji,2018,import,world,77,90647107.667
Fiji,2018,import,world,78,223623633.875
Fiji,2018,import,world,79,172724194.649
Fiji,2018,import,world,81,16468760.737
Fiji,2018,import,world,82,25006330.752
Fiji,2018,import,world,83,6280224.17
Fiji,2018,import,world,84,34333979.907
Fiji,2018,import,world,85,11093917.006
Fiji,2018,import,world,87,34191879.988
Fiji,2018,import,world,88,6821783.55
Fiji,2018,import,world,89,99859515.895
Fiji,2018,import,world,93,33385350.105
Fiji,2018,import,world,96,312644.545
Fiji,2018,import,world,97,1904.777
Fiji,2019,export,aus,01,75005.612
Fiji,2019,export,aus,02,118751.248
Fiji,2019,export,aus,03,181831.282
Fiji,2019,export,aus,04,6050778.572000001
Fiji,2019,export,aus,05,5746155.121
Fiji,2019,export,aus,06,1032070.7789999999
Fiji,2019,export,aus,07,437801.206
Fiji,2019,export,aus,08,21.292
Fiji,2019,export,aus,09,246091.191
Fiji,2019,export,aus,11,1566400.942
Fiji,2019,export,aus,12,77546.347
Fiji,2019,export,aus,21,1813.092
Fiji,2019,export,aus,24,228811.50699999998
Fiji,2019,export,aus,25,18965.021
Fiji,2019,export,aus,26,3056.381
Fiji,2019,export,aus,27,314142.993
Fiji,2019,export,aus,28,1410020.986
Fiji,2019,export,aus,29,2618.962
Fiji,2019,export,aus,33,417503.097
Fiji,2019,export,aus,42,271126.388
Fiji,2019,export,aus,51,1043.326
Fiji,2019,export,aus,53,1668.211
Fiji,2019,export,aus,54,3212954.232
Fiji,2019,export,aus,55,1114835.145
Fiji,2019,export,aus,57,61877.015
Fiji,2019,export,aus,58,16733.951
Fiji,2019,export,aus,59,27819.407
Fiji,2019,export,aus,61,4657.474
Fiji,2019,export,aus,62,20878.557
Fiji,2019,export,aus,63,167969.95
Fiji,2019,export,aus,64,14767.646999999999
Fiji,2019,export,aus,65,1651461.644
Fiji,2019,export,aus,66,33505.395000000004
Fiji,2019,export,aus,67,24119.163999999997
Fiji,2019,export,aus,68,381243.58099999995
Fiji,2019,export,aus,69,1799199.6760000002
Fiji,2019,export,aus,71,1689326.884
Fiji,2019,export,aus,72,648120.291
Fiji,2019,export,aus,73,330485.81200000003
Fiji,2019,export,aus,74,777245.086
Fiji,2019,export,aus,75,323290.842
Fiji,2019,export,aus,76,14043599.923
Fiji,2019,export,aus,77,3252444.636
Fiji,2019,export,aus,78,470447.038
Fiji,2019,export,aus,79,723794.7599999999
Fiji,2019,export,aus,81,667215.38
Fiji,2019,export,aus,82,429462.003
Fiji,2019,export,aus,83,310871.836
Fiji,2019,export,aus,84,30053039.16
Fiji,2019,export,aus,85,41192.866
Fiji,2019,export,aus,87,669094.201
Fiji,2019,export,aus,88,506808.388
Fiji,2019,export,aus,89,1004723.044
Fiji,2019,export,aus,93,522544.837
Fiji,2019,export,aus,97,48785623.886
Fiji,2019,export,china,03,24974461.852
Fiji,2019,export,china,04,678.116
Fiji,2019,export,china,05,748258.767
Fiji,2019,export,china,06,302.722
Fiji,2019,export,china,07,2940.199
Fiji,2019,export,china,09,7540.739
Fiji,2019,export,china,11,3266406.4129999997
Fiji,2019,export,china,24,2205571.031
Fiji,2019,export,china,27,200.426
Fiji,2019,export,china,28,596907.049
Fiji,2019,export,china,33,361086.65
Fiji,2019,export,china,51,269.858
Fiji,2019,export,china,58,867.8950000000001
Fiji,2019,export,china,59,6818.65
Fiji,2019,export,china,62,13574.348
Fiji,2019,export,china,63,61991.808000000005
Fiji,2019,export,china,65,35372.643000000004
Fiji,2019,export,china,66,59708.89599999999
Fiji,2019,export,china,67,42650.468
Fiji,2019,export,china,69,9057.588
Fiji,2019,export,china,72,109935.744
Fiji,2019,export,china,73,2314.388
Fiji,2019,export,china,74,11337.724
Fiji,2019,export,china,75,1360.8600000000001
Fiji,2019,export,china,76,17459.743
Fiji,2019,export,china,77,36020.207
Fiji,2019,export,china,78,981.301
Fiji,2019,export,china,81,10900.305
Fiji,2019,export,china,82,10840.593
Fiji,2019,export,china,84,135.623
Fiji,2019,export,china,85,24683.411
Fiji,2019,export,china,87,2805.964
Fiji,2019,export,china,88,48.602
Fiji,2019,export,china,89,218555.528
Fiji,2019,export,china,93,572836.025
Fiji,2019,export,world,00,4628.776
Fiji,2019,export,world,01,6338450.058
Fiji,2019,export,world,02,6588207.238
Fiji,2019,export,world,03,114120221.307
Fiji,2019,export,world,04,47094813.943
Fiji,2019,export,world,05,20321471.336999997
Fiji,2019,export,world,06,57348909.938
Fiji,2019,export,world,07,6538435.399
Fiji,2019,export,world,08,2382254.189
Fiji,2019,export,world,09,4665495.617
Fiji,2019,export,world,11,139998077.204
Fiji,2019,export,world,12,6701881.645
Fiji,2019,export,world,21,1813.092
Fiji,2019,export,world,22,13845.131
Fiji,2019,export,world,23,3187.838
Fiji,2019,export,world,24,26341029.741
Fiji,2019,export,world,25,48781.745
Fiji,2019,export,world,26,26762.194
Fiji,2019,export,world,27,3892824.686
Fiji,2019,export,world,28,5237566.0430000005
Fiji,2019,export,world,29,522055.575
Fiji,2019,export,world,33,188267876.31
Fiji,2019,export,world,34,168607.331
Fiji,2019,export,world,41,189545.137
Fiji,2019,export,world,42,2571236.93
Fiji,2019,export,world,43,159.693
Fiji,2019,export,world,51,395509.468
Fiji,2019,export,world,52,383544.084
Fiji,2019,export,world,53,4650230.842
Fiji,2019,export,world,54,9397129.5
Fiji,2019,export,world,55,10188659.454
Fiji,2019,export,world,56,5575.361
Fiji,2019,export,world,57,437216.127
Fiji,2019,export,world,58,3837086.3540000003
Fiji,2019,export,world,59,1612329.974
Fiji,2019,export,world,61,7520.834
Fiji,2019,export,world,62,670897.107
Fiji,2019,export,world,63,1480890.785
Fiji,2019,export,world,64,9388257.527
Fiji,2019,export,world,65,6121047.094
Fiji,2019,export,world,66,5070200.151
Fiji,2019,export,world,67,3066402.554
Fiji,2019,export,world,68,661896.453
Fiji,2019,export,world,69,24634511.582
Fiji,2019,export,world,71,4438206.515
Fiji,2019,export,world,72,2108425.058
Fiji,2019,export,world,73,418656.125
Fiji,2019,export,world,74,5345337.374
Fiji,2019,export,world,75,2741899.9
Fiji,2019,export,world,76,54580288.117
Fiji,2019,export,world,77,13812368.492
Fiji,2019,export,world,78,5282980.815
Fiji,2019,export,world,79,18988001.049
Fiji,2019,export,world,81,2708311.187
Fiji,2019,export,world,82,2043390.291
Fiji,2019,export,world,83,502009.735
Fiji,2019,export,world,84,45372430.192
Fiji,2019,export,world,85,590704.491
Fiji,2019,export,world,87,2640710.227
Fiji,2019,export,world,88,858489.827
Fiji,2019,export,world,89,10041608.795
Fiji,2019,export,world,93,21054675.935
Fiji,2019,export,world,96,31181.75
Fiji,2019,export,world,97,50540670.131
Fiji,2019,import,aus,00,13691.919
Fiji,2019,import,aus,01,17876162.574
Fiji,2019,import,aus,02,7403059.742000001
Fiji,2019,import,aus,03,588777.993
Fiji,2019,import,aus,04,59053197.955000006
Fiji,2019,import,aus,05,12704776.454
Fiji,2019,import,aus,06,1720959.4760000003
Fiji,2019,import,aus,07,3115536.088
Fiji,2019,import,aus,08,17758918.917000003
Fiji,2019,import,aus,09,9539205.613
Fiji,2019,import,aus,11,6292617.769
Fiji,2019,import,aus,12,12555.092
Fiji,2019,import,aus,21,23078.614
Fiji,2019,import,aus,22,20544.822
Fiji,2019,import,aus,23,1823.275
Fiji,2019,import,aus,24,438871.37899999996
Fiji,2019,import,aus,26,4781158.083000001
Fiji,2019,import,aus,27,235049.246
Fiji,2019,import,aus,28,4480.192
Fiji,2019,import,aus,29,296094.006
Fiji,2019,import,aus,32,1968.6190000000001
Fiji,2019,import,aus,33,1869581.142
Fiji,2019,import,aus,34,23094005.401
Fiji,2019,import,aus,35,602.667
Fiji,2019,import,aus,41,24828.292
Fiji,2019,import,aus,42,2114714.637
Fiji,2019,import,aus,43,3250.326
Fiji,2019,import,aus,51,1040243.8069999999
Fiji,2019,import,aus,52,1496823.031
Fiji,2019,import,aus,53,2327938.743
Fiji,2019,import,aus,54,8628722.599
Fiji,2019,import,aus,55,9048134.602
Fiji,2019,import,aus,56,292476.15499999997
Fiji,2019,import,aus,57,3996855.036
Fiji,2019,import,aus,58,5036747.058999999
Fiji,2019,import,aus,59,6339827.117
Fiji,2019,import,aus,61,83434.613
Fiji,2019,import,aus,62,2711503.1909999996
Fiji,2019,import,aus,63,1262698.618
Fiji,2019,import,aus,64,13744748.091
Fiji,2019,import,aus,65,14346638.946
Fiji,2019,import,aus,66,2290323.456
Fiji,2019,import,aus,67,3167876.897
Fiji,2019,import,aus,68,992528.0700000001
Fiji,2019,import,aus,69,16081712.484
Fiji,2019,import,aus,71,4539933.586
Fiji,2019,import,aus,72,7499090.182
Fiji,2019,import,aus,73,1032212.418
Fiji,2019,import,aus,74,23689367.365
Fiji,2019,import,aus,75,12204831.154000001
Fiji,2019,import,aus,76,8879231.491
Fiji,2019,import,aus,77,18822166.814999998
Fiji,2019,import,aus,78,8938331.703
Fiji,2019,import,aus,79,6871236.988
Fiji,2019,import,aus,81,2694148.058
Fiji,2019,import,aus,82,2552739.413
Fiji,2019,import,aus,83,957967.778
Fiji,2019,import,aus,84,2467500.968
Fiji,2019,import,aus,85,2191068.613
Fiji,2019,import,aus,87,6796329.505
Fiji,2019,import,aus,88,2129451.733
Fiji,2019,import,aus,89,18323529.606
Fiji,2019,import,aus,93,3554069.566
Fiji,2019,import,aus,96,14127.487
Fiji,2019,import,china,01,16774.684
Fiji,2019,import,china,02,107.85
Fiji,2019,import,china,03,18423951.830000002
Fiji,2019,import,china,04,633805.799
Fiji,2019,import,china,05,6190071.404
Fiji,2019,import,china,06,244472.50799999997
Fiji,2019,import,china,07,377181.831
Fiji,2019,import,china,08,37803.214
Fiji,2019,import,china,09,1993935.0590000001
Fiji,2019,import,china,11,4098828.824
Fiji,2019,import,china,12,21.755
Fiji,2019,import,china,21,66.654
Fiji,2019,import,china,22,58658.627
Fiji,2019,import,china,23,9044.629
Fiji,2019,import,china,24,11648.778
Fiji,2019,import,china,26,11116.931
Fiji,2019,import,china,27,418651.497
Fiji,2019,import,china,29,50530.496
Fiji,2019,import,china,33,63903.03
Fiji,2019,import,china,34,1409.0
Fiji,2019,import,china,41,25.458
Fiji,2019,import,china,42,19621.844
Fiji,2019,import,china,43,10027.780999999999
Fiji,2019,import,china,51,1344484.9239999999
Fiji,2019,import,china,52,1378473.564
Fiji,2019,import,china,53,1414366.944
Fiji,2019,import,china,54,747161.2840000001
Fiji,2019,import,china,55,3725889.73
Fiji,2019,import,china,56,4039391.175
Fiji,2019,import,china,57,1556608.304
Fiji,2019,import,china,58,7231128.024
Fiji,2019,import,china,59,4179468.583
Fiji,2019,import,china,61,115372.704
Fiji,2019,import,china,62,12115645.288999999
Fiji,2019,import,china,63,3392949.741
Fiji,2019,import,china,64,13123165.502
Fiji,2019,import,china,65,21348895.288
Fiji,2019,import,china,66,9787006.676
Fiji,2019,import,china,67,15503424.223
Fiji,2019,import,china,68,3653650.275
Fiji,2019,import,china,69,26128991.53
Fiji,2019,import,china,71,6509077.388
Fiji,2019,import,china,72,18274720.555999998
Fiji,2019,import,china,73,877048.442
Fiji,2019,import,china,74,18475689.51
Fiji,2019,import,china,75,1879312.679
Fiji,2019,import,china,76,32877133.625000004
Fiji,2019,import,china,77,20875919.085
Fiji,2019,import,china,78,18609066.303
Fiji,2019,import,china,79,1669878.155
Fiji,2019,import,china,81,5586496.138
Fiji,2019,import,china,82,9754229.384
Fiji,2019,import,china,83,2736412.0220000003
Fiji,2019,import,china,84,13792143.980999999
Fiji,2019,import,china,85,3683929.877
Fiji,2019,import,china,87,1509076.793
Fiji,2019,import,china,88,1311825.206
Fiji,2019,import,china,89,24995804.213
Fiji,2019,import,china,93,5915324.385
Fiji,2019,import,world,00,2041292.068
Fiji,2019,import,world,01,42154715.263
Fiji,2019,import,world,02,52430828.032
Fiji,2019,import,world,03,34484385.827
Fiji,2019,import,world,04,88174526.067
Fiji,2019,import,world,05,67249264.23
Fiji,2019,import,world,06,8911563.029
Fiji,2019,import,world,07,14741889.665
Fiji,2019,import,world,08,21480072.483999997
Fiji,2019,import,world,09,30345797.207
Fiji,2019,import,world,11,20205977.82
Fiji,2019,import,world,12,5530172.73
Fiji,2019,import,world,21,23145.269
Fiji,2019,import,world,22,743194.886
Fiji,2019,import,world,23,198423.12900000002
Fiji,2019,import,world,24,2487266.767
Fiji,2019,import,world,25,314.757
Fiji,2019,import,world,26,5082690.901
Fiji,2019,import,world,27,6645806.337000001
Fiji,2019,import,world,28,6140.996
Fiji,2019,import,world,29,1112397.632
Fiji,2019,import,world,32,80600.414
Fiji,2019,import,world,33,496100058.367
Fiji,2019,import,world,34,23973051.16
Fiji,2019,import,world,35,602.667
Fiji,2019,import,world,41,355410.84500000003
Fiji,2019,import,world,42,17431735.738
Fiji,2019,import,world,43,99246.97399999999
Fiji,2019,import,world,51,5070836.607
Fiji,2019,import,world,52,7506243.49
Fiji,2019,import,world,53,9264771.964000002
Fiji,2019,import,world,54,30839903.308
Fiji,2019,import,world,55,45566652.245
Fiji,2019,import,world,56,7885810.529
Fiji,2019,import,world,57,36997661.687
Fiji,2019,import,world,58,23498369.719
Fiji,2019,import,world,59,26757238.635
Fiji,2019,import,world,61,792785.277
Fiji,2019,import,world,62,23984661.981
Fiji,2019,import,world,63,8419803.255
Fiji,2019,import,world,64,53656106.701
Fiji,2019,import,world,65,66760361.794
Fiji,2019,import,world,66,37845977.462000005
Fiji,2019,import,world,67,54320367.067999996
Fiji,2019,import,world,68,14803355.181
Fiji,2019,import,world,69,73064127.509
Fiji,2019,import,world,71,37655211.72
Fiji,2019,import,world,72,61386234.828
Fiji,2019,import,world,73,3113144.8619999997
Fiji,2019,import,world,74,92428121.259
Fiji,2019,import,world,75,38774800.155
Fiji,2019,import,world,76,99155068.18699999
Fiji,2019,import,world,77,70936911.939
Fiji,2019,import,world,78,142064834.944
Fiji,2019,import,world,79,526071549.139
Fiji,2019,import,world,81,14447652.722
Fiji,2019,import,world,82,22700177.104
Fiji,2019,import,world,83,5179148.112
Fiji,2019,import,world,84,35186586.887
Fiji,2019,import,world,85,10390865.682
Fiji,2019,import,world,87,22327145.896
Fiji,2019,import,world,88,6218532.36
Fiji,2019,import,world,89,97038812.626
Fiji,2019,import,world,93,35608043.421
Fiji,2019,import,world,96,20883.649
Fiji,2020,export,aus,01,53985.027
Fiji,2020,export,aus,02,249500.52800000002
Fiji,2020,export,aus,03,125119.13
Fiji,2020,export,aus,04,8691892.857
Fiji,2020,export,aus,05,6081684.513
Fiji,2020,export,aus,06,33562.722
Fiji,2020,export,aus,07,1338720.149
Fiji,2020,export,aus,09,978796.141
Fiji,2020,export,aus,11,709214.97
Fiji,2020,export,aus,12,2.305
Fiji,2020,export,aus,24,126221.12
Fiji,2020,export,aus,25,2717.164
Fiji,2020,export,aus,26,2563.163
Fiji,2020,export,aus,27,512.263
Fiji,2020,export,aus,28,1400836.382
Fiji,2020,export,aus,29,1613.792
Fiji,2020,export,aus,33,219.476
Fiji,2020,export,aus,42,242760.871
Fiji,2020,export,aus,51,5434.791
Fiji,2020,export,aus,53,21157.734
Fiji,2020,export,aus,54,3832130.073
Fiji,2020,export,aus,55,823713.966
Fiji,2020,export,aus,57,53226.084
Fiji,2020,export,aus,58,8164.865
Fiji,2020,export,aus,59,24471.078999999998
Fiji,2020,export,aus,61,8483.474
Fiji,2020,export,aus,62,10364.694
Fiji,2020,export,aus,63,51798.570999999996
Fiji,2020,export,aus,64,29371.934
Fiji,2020,export,aus,65,1707198.637
Fiji,2020,export,aus,66,15689.746000000001
Fiji,2020,export,aus,67,723.9010000000001
Fiji,2020,export,aus,68,348001.312
Fiji,2020,export,aus,69,864130.6950000001
Fiji,2020,export,aus,71,415551.415
Fiji,2020,export,aus,72,314744.288
Fiji,2020,export,aus,73,13806.681999999999
Fiji,2020,export,aus,74,220321.786
Fiji,2020,export,aus,75,312151.156
Fiji,2020,export,aus,76,2450358.566
Fiji,2020,export,aus,77,1096689.6339999998
Fiji,2020,export,aus,78,251492.868
Fiji,2020,export,aus,79,2664035.681
Fiji,2020,export,aus,81,20451.354
Fiji,2020,export,aus,82,137561.927
Fiji,2020,export,aus,83,224694.70200000002
Fiji,2020,export,aus,84,23149630.863
Fiji,2020,export,aus,85,32090.021
Fiji,2020,export,aus,87,475525.457
Fiji,2020,export,aus,88,114169.321
Fiji,2020,export,aus,89,1480275.0559999999
Fiji,2020,export,aus,93,5111224.76
Fiji,2020,export,aus,97,57319874.276
Fiji,2020,export,china,03,22086621.988
Fiji,2020,export,china,05,327210.14
Fiji,2020,export,china,07,6255.057
Fiji,2020,export,china,09,11879.353
Fiji,2020,export,china,11,2833534.088
Fiji,2020,export,china,24,12808883.018000001
Fiji,2020,export,china,27,285.872
Fiji,2020,export,china,28,1968356.274
Fiji,2020,export,china,51,313.537
Fiji,2020,export,china,55,126759.204
Fiji,2020,export,china,63,658.888
Fiji,2020,export,china,64,2862.8669999999997
Fiji,2020,export,china,65,79570.546
Fiji,2020,export,china,69,22594.471
Fiji,2020,export,china,71,18481.606
Fiji,2020,export,china,72,986.718
Fiji,2020,export,china,74,302.46999999999997
Fiji,2020,export,china,75,3516.683
Fiji,2020,export,china,76,4581.325
Fiji,2020,export,china,77,23.054
Fiji,2020,export,china,78,115.271
Fiji,2020,export,china,84,4207.847
Fiji,2020,export,china,87,33373.677
Fiji,2020,export,china,89,8096.165
Fiji,2020,export,china,93,465973.651
Fiji,2020,export,world,01,7668254.972
Fiji,2020,export,world,02,6875001.096
Fiji,2020,export,world,03,94126295.63200001
Fiji,2020,export,world,04,48031808.882
Fiji,2020,export,world,05,19913148.152
Fiji,2020,export,world,06,59429570.59199999
Fiji,2020,export,world,07,11295036.479
Fiji,2020,export,world,08,2866351.239
Fiji,2020,export,world,09,4842079.314
Fiji,2020,export,world,11,72846150.468
Fiji,2020,export,world,12,5279659.448
Fiji,2020,export,world,21,938.305
Fiji,2020,export,world,22,22051.314
Fiji,2020,export,world,23,658.427
Fiji,2020,export,world,24,34160800.886
Fiji,2020,export,world,25,2717.164
Fiji,2020,export,world,26,28752.7
Fiji,2020,export,world,27,2141615.74
Fiji,2020,export,world,28,5395107.354
Fiji,2020,export,world,29,185337.54499999998
Fiji,2020,export,world,33,106217617.14799999
Fiji,2020,export,world,34,163079.666
Fiji,2020,export,world,41,316599.689
Fiji,2020,export,world,42,2933654.1980000003
Fiji,2020,export,world,51,327102.708
Fiji,2020,export,world,52,516751.843
Fiji,2020,export,world,53,4566388.788000001
Fiji,2020,export,world,54,11275522.508000001
Fiji,2020,export,world,55,9623305.3
Fiji,2020,export,world,56,6970.198
Fiji,2020,export,world,57,246151.679
Fiji,2020,export,world,58,3241992.657
Fiji,2020,export,world,59,1484043.491
Fiji,2020,export,world,61,9817.387999999999
Fiji,2020,export,world,62,447946.213
Fiji,2020,export,world,63,1293348.62
Fiji,2020,export,world,64,11250340.436
Fiji,2020,export,world,65,8882647.671
Fiji,2020,export,world,66,4420069.966
Fiji,2020,export,world,67,3585936.4359999998
Fiji,2020,export,world,68,786676.9820000001
Fiji,2020,export,world,69,21506342.994
Fiji,2020,export,world,71,3837358.2970000003
Fiji,2020,export,world,72,1916284.741
Fiji,2020,export,world,73,107012.846
Fiji,2020,export,world,74,3832638.1859999998
Fiji,2020,export,world,75,1273641.917
Fiji,2020,export,world,76,17921689.296
Fiji,2020,export,world,77,9915094.09
Fiji,2020,export,world,78,6670045.375
Fiji,2020,export,world,79,30520794.583
Fiji,2020,export,world,81,567844.9550000001
Fiji,2020,export,world,82,1075416.167
Fiji,2020,export,world,83,423435.479
Fiji,2020,export,world,84,34423002.877
Fiji,2020,export,world,85,333648.709
Fiji,2020,export,world,87,2756699.151
Fiji,2020,export,world,88,540398.9670000001
Fiji,2020,export,world,89,8872539.341
Fiji,2020,export,world,93,75176393.582
Fiji,2020,export,world,97,58249083.202
Fiji,2020,import,aus,00,9821.076
Fiji,2020,import,aus,01,14811347.476
Fiji,2020,import,aus,02,4041298.7120000003
Fiji,2020,import,aus,03,451836.833
Fiji,2020,import,aus,04,56264567.79800001
Fiji,2020,import,aus,05,7731575.554
Fiji,2020,import,aus,06,1334125.453
Fiji,2020,import,aus,07,2904104.748
Fiji,2020,import,aus,08,11218862.735
Fiji,2020,import,aus,09,9592247.183
Fiji,2020,import,aus,11,3153528.274
Fiji,2020,import,aus,12,42.881
Fiji,2020,import,aus,21,17764.16
Fiji,2020,import,aus,22,13735.675
Fiji,2020,import,aus,23,1843.411
Fiji,2020,import,aus,24,82890.807
Fiji,2020,import,aus,26,4048980.823
Fiji,2020,import,aus,27,107197.741
Fiji,2020,import,aus,28,120.804
Fiji,2020,import,aus,29,376550.215
Fiji,2020,import,aus,32,581.887
Fiji,2020,import,aus,33,1719591.635
Fiji,2020,import,aus,34,17062930.224
Fiji,2020,import,aus,42,1230632.0559999999
Fiji,2020,import,aus,43,2644.774
Fiji,2020,import,aus,51,673460.72
Fiji,2020,import,aus,52,1402108.973
Fiji,2020,import,aus,53,2012907.997
Fiji,2020,import,aus,54,10708952.909
Fiji,2020,import,aus,55,6368013.616
Fiji,2020,import,aus,56,280377.43799999997
Fiji,2020,import,aus,57,3632519.231
Fiji,2020,import,aus,58,4281346.106
Fiji,2020,import,aus,59,6059258.799000001
Fiji,2020,import,aus,61,25799.460000000003
Fiji,2020,import,aus,62,2271182.9390000002
Fiji,2020,import,aus,63,920478.312
Fiji,2020,import,aus,64,11802216.230999999
Fiji,2020,import,aus,65,11375177.386
Fiji,2020,import,aus,66,1944541.777
Fiji,2020,import,aus,67,3525444.599
Fiji,2020,import,aus,68,949756.188
Fiji,2020,import,aus,69,11496045.789
Fiji,2020,import,aus,71,2282820.685
Fiji,2020,import,aus,72,5738928.946
Fiji,2020,import,aus,73,319096.457
Fiji,2020,import,aus,74,12882003.006
Fiji,2020,import,aus,75,7973137.609
Fiji,2020,import,aus,76,6714588.337
Fiji,2020,import,aus,77,14421354.377
Fiji,2020,import,aus,78,5684772.857
Fiji,2020,import,aus,79,3465138.117
Fiji,2020,import,aus,81,1317905.9200000002
Fiji,2020,import,aus,82,977793.746
Fiji,2020,import,aus,83,634974.549
Fiji,2020,import,aus,84,1335447.839
Fiji,2020,import,aus,85,1627057.729
Fiji,2020,import,aus,87,5058363.39
Fiji,2020,import,aus,88,1147933.523
Fiji,2020,import,aus,89,15182914.765
Fiji,2020,import,aus,93,6944242.912
Fiji,2020,import,china,01,222.243
Fiji,2020,import,china,02,372.555
Fiji,2020,import,china,03,30332772.151
Fiji,2020,import,china,04,5502900.813
Fiji,2020,import,china,05,5410404.256
Fiji,2020,import,china,06,341055.553
Fiji,2020,import,china,07,305806.189
Fiji,2020,import,china,08,17825.945
Fiji,2020,import,china,09,2127149.247
Fiji,2020,import,china,11,3402813.4740000004
Fiji,2020,import,china,12,682.403
Fiji,2020,import,china,21,86.223
Fiji,2020,import,china,22,36475.386
Fiji,2020,import,china,23,2002.485
Fiji,2020,import,china,24,7446.496999999999
Fiji,2020,import,china,26,7368.113
Fiji,2020,import,china,27,479632.324
Fiji,2020,import,china,29,4062.1450000000004
Fiji,2020,import,china,33,88584.265
Fiji,2020,import,china,34,5706.829
Fiji,2020,import,china,42,134271.636
Fiji,2020,import,china,43,1978.97
Fiji,2020,import,china,51,834544.3570000001
Fiji,2020,import,china,52,2394483.558
Fiji,2020,import,china,53,1774964.525
Fiji,2020,import,china,54,565387.3809999999
Fiji,2020,import,china,55,3937972.2270000004
Fiji,2020,import,china,56,1487846.969
Fiji,2020,import,china,57,1477070.064
Fiji,2020,import,china,58,6962018.601
Fiji,2020,import,china,59,4356583.393
Fiji,2020,import,china,61,46144.765
Fiji,2020,import,china,62,11081917.274999999
Fiji,2020,import,china,63,3048917.209
Fiji,2020,import,china,64,10562570.457
Fiji,2020,import,china,65,15621352.051
Fiji,2020,import,china,66,8914657.006000001
Fiji,2020,import,china,67,13927581.086
Fiji,2020,import,china,68,2308811.0349999997
Fiji,2020,import,china,69,22507671.359
Fiji,2020,import,china,71,5562372.276000001
Fiji,2020,import,china,72,9557937.509
Fiji,2020,import,china,73,577229.3859999999
Fiji,2020,import,china,74,14313118.285
Fiji,2020,import,china,75,728806.866
Fiji,2020,import,china,76,10975592.367
Fiji,2020,import,china,77,14058808.188
Fiji,2020,import,china,78,13053307.939
Fiji,2020,import,china,79,1168905.437
Fiji,2020,import,china,81,3644489.417
Fiji,2020,import,china,82,6710130.121
Fiji,2020,import,china,83,1790106.043
Fiji,2020,import,china,84,7552179.532
Fiji,2020,import,china,85,2154193.633
Fiji,2020,import,china,87,3313300.128
Fiji,2020,import,china,88,909771.033
Fiji,2020,import,china,89,20182657.856
Fiji,2020,import,china,93,10438964.141
Fiji,2020,import,china,96,1.844
Fiji,2020,import,world,00,1751286.0469999998
Fiji,2020,import,world,01,34328531.501
Fiji,2020,import,world,02,42538598.658
Fiji,2020,import,world,03,44257236.774000004
Fiji,2020,import,world,04,89032199.197
Fiji,2020,import,world,05,58403345.569
Fiji,2020,import,world,06,8556565.34
Fiji,2020,import,world,07,13093650.433
Fiji,2020,import,world,08,17125394.112999998
Fiji,2020,import,world,09,27427674.692
Fiji,2020,import,world,11,10979348.814
Fiji,2020,import,world,12,4878052.579
Fiji,2020,import,world,21,17850.383
Fiji,2020,import,world,22,586618.889
Fiji,2020,import,world,23,104372.68299999999
Fiji,2020,import,world,24,1753410.259
Fiji,2020,import,world,25,316.303
Fiji,2020,import,world,26,4130075.2490000003
Fiji,2020,import,world,27,3814745.386
Fiji,2020,import,world,28,804.59
Fiji,2020,import,world,29,1535001.507
Fiji,2020,import,world,32,75625.05500000001
Fiji,2020,import,world,33,282747275.012
Fiji,2020,import,world,34,17075137.867
Fiji,2020,import,world,41,465081.916
Fiji,2020,import,world,42,22673053.217
Fiji,2020,import,world,43,52869.206000000006
Fiji,2020,import,world,51,4090944.944
Fiji,2020,import,world,52,7942294.817
Fiji,2020,import,world,53,8277874.082
Fiji,2020,import,world,54,33539389.565
Fiji,2020,import,world,55,34499431.6
Fiji,2020,import,world,56,8015797.967
Fiji,2020,import,world,57,27817290.623999998
Fiji,2020,import,world,58,20621802.446
Fiji,2020,import,world,59,26793591.878
Fiji,2020,import,world,61,335670.56
Fiji,2020,import,world,62,19742154.913
Fiji,2020,import,world,63,6867274.72
Fiji,2020,import,world,64,46315494.626
Fiji,2020,import,world,65,45990434.981
Fiji,2020,import,world,66,29092898.141
Fiji,2020,import,world,67,52313620.223000005
Fiji,2020,import,world,68,12763018.593
Fiji,2020,import,world,69,61664673.297
Fiji,2020,import,world,71,20678323.893
Fiji,2020,import,world,72,37214982.287
Fiji,2020,import,world,73,1805887.083
Fiji,2020,import,world,74,59770396.985
Fiji,2020,import,world,75,25827146.316
Fiji,2020,import,world,76,56811391.963
Fiji,2020,import,world,77,50089213.733
Fiji,2020,import,world,78,77445752.016
Fiji,2020,import,world,79,39411226.263
Fiji,2020,import,world,81,9715360.602
Fiji,2020,import,world,82,14872332.211
Fiji,2020,import,world,83,3659505.5190000003
Fiji,2020,import,world,84,19677319.21
Fiji,2020,import,world,85,5684160.077
Fiji,2020,import,world,87,47559462.6
Fiji,2020,import,world,88,4032553.3419999997
Fiji,2020,import,world,89,67911998.338
Fiji,2020,import,world,93,61827453.72
Fiji,2020,import,world,96,413063.408
Fiji,2020,import,world,97,5475.365
Fiji,2021,export,aus,01,134770.84100000001
Fiji,2021,export,aus,02,157275.067
Fiji,2021,export,aus,03,540851.423
Fiji,2021,export,aus,04,9246829.663
Fiji,2021,export,aus,05,6969284.018999999
Fiji,2021,export,aus,06,364955.484
Fiji,2021,export,aus,07,1933808.791
Fiji,2021,export,aus,08,160.82
Fiji,2021,export,aus,09,495951.635
Fiji,2021,export,aus,11,1237685.071
Fiji,2021,export,aus,12,762.086
Fiji,2021,export,aus,21,18918.366
Fiji,2021,export,aus,24,1036944.0760000001
Fiji,2021,export,aus,26,3729.2940000000003
Fiji,2021,export,aus,27,59.885
Fiji,2021,export,aus,28,2220834.4960000003
Fiji,2021,export,aus,29,3361.29
Fiji,2021,export,aus,33,6316.908
Fiji,2021,export,aus,42,313694.358
Fiji,2021,export,aus,43,5490.108
Fiji,2021,export,aus,51,341.442
Fiji,2021,export,aus,52,1698.031
Fiji,2021,export,aus,54,3134899.744
Fiji,2021,export,aus,55,977250.7459999999
Fiji,2021,export,aus,57,45530.03
Fiji,2021,export,aus,58,6174.922
Fiji,2021,export,aus,59,4807.707
Fiji,2021,export,aus,61,17757.368000000002
Fiji,2021,export,aus,62,30836.458000000002
Fiji,2021,export,aus,63,21519.502
Fiji,2021,export,aus,64,9289.911
Fiji,2021,export,aus,65,2376255.059
Fiji,2021,export,aus,66,1894.107
Fiji,2021,export,aus,67,27164.152
Fiji,2021,export,aus,68,568940.4130000001
Fiji,2021,export,aus,69,848046.319
Fiji,2021,export,aus,71,179059.705
Fiji,2021,export,aus,72,237773.624
Fiji,2021,export,aus,73,15573.979
Fiji,2021,export,aus,74,73417.149
Fiji,2021,export,aus,75,258238.376
Fiji,2021,export,aus,76,1114163.444
Fiji,2021,export,aus,77,2174742.804
Fiji,2021,export,aus,78,194434.711
Fiji,2021,export,aus,79,13292343.541
Fiji,2021,export,aus,81,2598.239
Fiji,2021,export,aus,82,63907.981
Fiji,2021,export,aus,83,189662.258
Fiji,2021,export,aus,84,22852483.619
Fiji,2021,export,aus,85,40161.141
Fiji,2021,export,aus,87,744189.69
Fiji,2021,export,aus,88,387478.06
Fiji,2021,export,aus,89,1157235.292
Fiji,2021,export,aus,93,1331392.631
Fiji,2021,export,aus,97,57504852.94
Fiji,2021,export,china,01,58570.002
Fiji,2021,export,china,02,1968.48
Fiji,2021,export,china,03,8767534.287
Fiji,2021,export,china,05,165448.89500000002
Fiji,2021,export,china,09,1036.88
Fiji,2021,export,china,11,2106182.6199999996
Fiji,2021,export,china,24,30603973.716000002
Fiji,2021,export,china,28,2771182.0470000003
Fiji,2021,export,china,33,977021.831
Fiji,2021,export,china,51,65.68
Fiji,2021,export,china,53,9853.506
Fiji,2021,export,china,54,518.199
Fiji,2021,export,china,55,2380.915
Fiji,2021,export,china,58,2464.463
Fiji,2021,export,china,59,102.867
Fiji,2021,export,china,63,55158.003
Fiji,2021,export,china,64,3971.732
Fiji,2021,export,china,65,162276.91900000002
Fiji,2021,export,china,66,4554.162
Fiji,2021,export,china,67,190.28
Fiji,2021,export,china,68,56.504
Fiji,2021,export,china,69,8792.479
Fiji,2021,export,china,71,462.177
Fiji,2021,export,china,72,4140.2789999999995
Fiji,2021,export,china,74,7036.012000000001
Fiji,2021,export,china,75,3154.107
Fiji,2021,export,china,76,26245.11
Fiji,2021,export,china,77,174.34199999999998
Fiji,2021,export,china,78,61276.903000000006
Fiji,2021,export,china,79,256.926
Fiji,2021,export,china,81,711.86
Fiji,2021,export,china,82,167500.923
Fiji,2021,export,china,84,199137.62
Fiji,2021,export,china,87,10829.537
Fiji,2021,export,china,89,5189.233
Fiji,2021,export,china,93,9999.839
Fiji,2021,export,world,01,9808309.077
Fiji,2021,export,world,02,7822970.639
Fiji,2021,export,world,03,80605461.125
Fiji,2021,export,world,04,54824888.393
Fiji,2021,export,world,05,24101174.988
Fiji,2021,export,world,06,47742951.888
Fiji,2021,export,world,07,15969973.535
Fiji,2021,export,world,08,3066296.581
Fiji,2021,export,world,09,4809802.246
Fiji,2021,export,world,11,107857564.286
Fiji,2021,export,world,12,5768631.095
Fiji,2021,export,world,21,19526.875
Fiji,2021,export,world,22,244578.788
Fiji,2021,export,world,23,4648.336
Fiji,2021,export,world,24,55495543.095
Fiji,2021,export,world,25,2015.808
Fiji,2021,export,world,26,19287.335
Fiji,2021,export,world,27,631886.853
Fiji,2021,export,world,28,8393784.391999999
Fiji,2021,export,world,29,132864.179
Fiji,2021,export,world,33,90915762.016
Fiji,2021,export,world,34,352054.6
Fiji,2021,export,world,41,240962.50400000002
Fiji,2021,export,world,42,3239290.026
Fiji,2021,export,world,43,6069.64
Fiji,2021,export,world,51,275330.25
Fiji,2021,export,world,52,394314.61600000004
Fiji,2021,export,world,53,5120766.038
Fiji,2021,export,world,54,15041010.428000001
Fiji,2021,export,world,55,11094885.466
Fiji,2021,export,world,56,27944.107000000004
Fiji,2021,export,world,57,233526.133
Fiji,2021,export,world,58,3223615.112
Fiji,2021,export,world,59,1816391.094
Fiji,2021,export,world,61,19497.415999999997
Fiji,2021,export,world,62,728305.662
Fiji,2021,export,world,63,1339980.3420000002
Fiji,2021,export,world,64,12117018.618999999
Fiji,2021,export,world,65,7480297.228
Fiji,2021,export,world,66,4382273.640000001
Fiji,2021,export,world,67,3974903.113
Fiji,2021,export,world,68,726999.298
Fiji,2021,export,world,69,22303143.490000002
Fiji,2021,export,world,71,5048234.607
Fiji,2021,export,world,72,3224540.4329999997
Fiji,2021,export,world,73,165375.003
Fiji,2021,export,world,74,3899681.204
Fiji,2021,export,world,75,1694457.39
Fiji,2021,export,world,76,15383802.162
Fiji,2021,export,world,77,15139038.407
Fiji,2021,export,world,78,4386469.94
Fiji,2021,export,world,79,21509028.014
Fiji,2021,export,world,81,1277945.216
Fiji,2021,export,world,82,1121214.91
Fiji,2021,export,world,83,358904.67699999997
Fiji,2021,export,world,84,35687484.969
Fiji,2021,export,world,85,886974.987
Fiji,2021,export,world,87,2812478.591
Fiji,2021,export,world,88,748093.3239999999
Fiji,2021,export,world,89,6216109.637
Fiji,2021,export,world,93,25758479.491
Fiji,2021,export,world,96,685.298
Fiji,2021,export,world,97,58357886.622
Fiji,2021,import,aus,00,11619.633
Fiji,2021,import,aus,01,14674226.036
Fiji,2021,import,aus,02,6384056.802
Fiji,2021,import,aus,03,486724.989
Fiji,2021,import,aus,04,57574367.904
Fiji,2021,import,aus,05,10144175.875
Fiji,2021,import,aus,06,1809132.929
Fiji,2021,import,aus,07,4077189.692
Fiji,2021,import,aus,08,11067780.716
Fiji,2021,import,aus,09,12221249.044
Fiji,2021,import,aus,11,4876245.686
Fiji,2021,import,aus,12,19513.836
Fiji,2021,import,aus,21,8262.689
Fiji,2021,import,aus,22,29701.54
Fiji,2021,import,aus,23,1760.331
Fiji,2021,import,aus,24,739737.912
Fiji,2021,import,aus,26,4277807.052
Fiji,2021,import,aus,27,213445.80200000003
Fiji,2021,import,aus,28,714.274
Fiji,2021,import,aus,29,238431.394
Fiji,2021,import,aus,32,15506.85
Fiji,2021,import,aus,33,1682863.835
Fiji,2021,import,aus,34,26174380.740000002
Fiji,2021,import,aus,42,1353357.408
Fiji,2021,import,aus,43,3369.5
Fiji,2021,import,aus,51,699500.465
Fiji,2021,import,aus,52,1275815.917
Fiji,2021,import,aus,53,2381732.609
Fiji,2021,import,aus,54,18306509.344
Fiji,2021,import,aus,55,8391420.381
Fiji,2021,import,aus,56,329514.637
Fiji,2021,import,aus,57,3420144.836
Fiji,2021,import,aus,58,4217573.307
Fiji,2021,import,aus,59,9426705.063
Fiji,2021,import,aus,61,60465.075
Fiji,2021,import,aus,62,1882076.794
Fiji,2021,import,aus,63,1148507.526
Fiji,2021,import,aus,64,13843018.526
Fiji,2021,import,aus,65,14114486.67
Fiji,2021,import,aus,66,1950204.257
Fiji,2021,import,aus,67,4273800.551
Fiji,2021,import,aus,68,806763.297
Fiji,2021,import,aus,69,12357718.403
Fiji,2021,import,aus,71,2448802.425
Fiji,2021,import,aus,72,6472237.548
Fiji,2021,import,aus,73,371664.05799999996
Fiji,2021,import,aus,74,12164278.072
Fiji,2021,import,aus,75,10390535.279000001
Fiji,2021,import,aus,76,6862104.251999999
Fiji,2021,import,aus,77,13251075.491
Fiji,2021,import,aus,78,7148396.847
Fiji,2021,import,aus,79,1999698.292
Fiji,2021,import,aus,81,1130166.277
Fiji,2021,import,aus,82,1967024.716
Fiji,2021,import,aus,83,640734.87
Fiji,2021,import,aus,84,2246494.763
Fiji,2021,import,aus,85,2030663.215
Fiji,2021,import,aus,87,9735265.241
Fiji,2021,import,aus,88,1252954.314
Fiji,2021,import,aus,89,18696499.68
Fiji,2021,import,aus,93,2575372.877
Fiji,2021,import,aus,96,45346.512
Fiji,2021,import,china,02,116.872
Fiji,2021,import,china,03,17557605.639
Fiji,2021,import,china,04,9452047.549
Fiji,2021,import,china,05,7824132.601
Fiji,2021,import,china,06,375035.97399999993
Fiji,2021,import,china,07,487531.505
Fiji,2021,import,china,08,25510.552000000003
Fiji,2021,import,china,09,3082860.1119999997
Fiji,2021,import,china,11,2604709.794
Fiji,2021,import,china,12,2129.783
Fiji,2021,import,china,22,7778.2970000000005
Fiji,2021,import,china,23,1505.819
Fiji,2021,import,china,24,31610.618000000002
Fiji,2021,import,china,25,7.727
Fiji,2021,import,china,26,14500.878
Fiji,2021,import,china,27,770462.33
Fiji,2021,import,china,29,53289.974
Fiji,2021,import,china,33,4187926.824
Fiji,2021,import,china,42,57456.331999999995
Fiji,2021,import,china,43,5289.2029999999995
Fiji,2021,import,china,51,1343282.2310000001
Fiji,2021,import,china,52,1487248.808
Fiji,2021,import,china,53,1140668.862
Fiji,2021,import,china,54,1267531.9780000001
Fiji,2021,import,china,55,3844605.784
Fiji,2021,import,china,56,2842060.36
Fiji,2021,import,china,57,1624669.562
Fiji,2021,import,china,58,10183481.238
Fiji,2021,import,china,59,6260980.451
Fiji,2021,import,china,61,61680.162000000004
Fiji,2021,import,china,62,12287880.344999999
Fiji,2021,import,china,63,2601896.645
Fiji,2021,import,china,64,12528571.919
Fiji,2021,import,china,65,19101421.677
Fiji,2021,import,china,66,8561968.197999999
Fiji,2021,import,china,67,20271997.815
Fiji,2021,import,china,68,2760512.365
Fiji,2021,import,china,69,26453812.149
Fiji,2021,import,china,71,5046349.677
Fiji,2021,import,china,72,14908902.546
Fiji,2021,import,china,73,972611.103
Fiji,2021,import,china,74,17701065.608
Fiji,2021,import,china,75,1167767.816
Fiji,2021,import,china,76,14871528.469
Fiji,2021,import,china,77,19439486.84
Fiji,2021,import,china,78,9522763.11
Fiji,2021,import,china,79,2277075.259
Fiji,2021,import,china,81,4483192.519
Fiji,2021,import,china,82,6344904.529999999
Fiji,2021,import,china,83,2290140.343
Fiji,2021,import,china,84,11416193.436999999
Fiji,2021,import,china,85,3764111.5719999997
Fiji,2021,import,china,87,2944984.906
Fiji,2021,import,china,88,1117331.56
Fiji,2021,import,china,89,18448596.305
Fiji,2021,import,china,93,4900538.253
Fiji,2021,import,world,00,2383741.656
Fiji,2021,import,world,01,36435614.999
Fiji,2021,import,world,02,51558049.307000004
Fiji,2021,import,world,03,32227156.294999998
Fiji,2021,import,world,04,100423739.314
Fiji,2021,import,world,05,65112336.856
Fiji,2021,import,world,06,11008789.104
Fiji,2021,import,world,07,14671039.571999999
Fiji,2021,import,world,08,22215633.551999997
Fiji,2021,import,world,09,34861872.851
Fiji,2021,import,world,11,12841833.075
Fiji,2021,import,world,12,4274372.354
Fiji,2021,import,world,21,23842.946
Fiji,2021,import,world,22,1895054.949
Fiji,2021,import,world,23,336439.088
Fiji,2021,import,world,24,2310724.866
Fiji,2021,import,world,25,1638.629
Fiji,2021,import,world,26,4422551.654000001
Fiji,2021,import,world,27,3396110.161
Fiji,2021,import,world,28,7067.885
Fiji,2021,import,world,29,2255211.901
Fiji,2021,import,world,32,119352.37000000001
Fiji,2021,import,world,33,321280100.124
Fiji,2021,import,world,34,26177265.365000002
Fiji,2021,import,world,41,548348.646
Fiji,2021,import,world,42,29213560.979999997
Fiji,2021,import,world,43,54100.837
Fiji,2021,import,world,51,4638955.969
Fiji,2021,import,world,52,6458625.2870000005
Fiji,2021,import,world,53,8755020.724
Fiji,2021,import,world,54,48298256.377000004
Fiji,2021,import,world,55,36502593.058
Fiji,2021,import,world,56,9345237.235
Fiji,2021,import,world,57,46704811.074999996
Fiji,2021,import,world,58,30346843.696
Fiji,2021,import,world,59,42415570.807
Fiji,2021,import,world,61,436269.412
Fiji,2021,import,world,62,20448915.181
Fiji,2021,import,world,63,6184017.040999999
Fiji,2021,import,world,64,58559222.12
Fiji,2021,import,world,65,56313605.837
Fiji,2021,import,world,66,31151475.76
Fiji,2021,import,world,67,53898903.606
Fiji,2021,import,world,68,16101904.183
Fiji,2021,import,world,69,61237032.251
Fiji,2021,import,world,71,19639109.336
Fiji,2021,import,world,72,47713965.106
Fiji,2021,import,world,73,2275860.654
Fiji,2021,import,world,74,61771433.96
Fiji,2021,import,world,75,35431632.818
Fiji,2021,import,world,76,81682873.977
Fiji,2021,import,world,77,60889923.967
Fiji,2021,import,world,78,100851325.392
Fiji,2021,import,world,79,173432486.656
Fiji,2021,import,world,81,8263430.556
Fiji,2021,import,world,82,12954492.325000001
Fiji,2021,import,world,83,4446176.309
Fiji,2021,import,world,84,30044431.397
Fiji,2021,import,world,85,9097239.204
Fiji,2021,import,world,87,63316381.054000005
Fiji,2021,import,world,88,4227791.921
Fiji,2021,import,world,89,70071215.712
Fiji,2021,import,world,93,19528505.014
Fiji,2021,import,world,96,51916.965
Fiji,2021,import,world,97,7829.971
Fiji,2022,export,aus,01,401370.126
Fiji,2022,export,aus,02,212437.774
Fiji,2022,export,aus,03,346527.018
Fiji,2022,export,aus,04,7722428.466
Fiji,2022,export,aus,05,7003666.778999999
Fiji,2022,export,aus,06,924119.897
Fiji,2022,export,aus,07,1810513.466
Fiji,2022,export,aus,08,175.797
Fiji,2022,export,aus,09,759966.243
Fiji,2022,export,aus,11,1720723.618
Fiji,2022,export,aus,12,94822.993
Fiji,2022,export,aus,21,21189.176
Fiji,2022,export,aus,24,1363871.385
Fiji,2022,export,aus,26,534.204
Fiji,2022,export,aus,27,6474.950000000001
Fiji,2022,export,aus,28,3879600.6550000003
Fiji,2022,export,aus,29,2101697.244
Fiji,2022,export,aus,34,4951.379
Fiji,2022,export,aus,42,1143955.6660000002
Fiji,2022,export,aus,43,22097.686
Fiji,2022,export,aus,51,3158.435
Fiji,2022,export,aus,53,1830.6480000000001
Fiji,2022,export,aus,54,2490847.457
Fiji,2022,export,aus,55,761679.2379999999
Fiji,2022,export,aus,57,5351.577
Fiji,2022,export,aus,58,33723.887
Fiji,2022,export,aus,59,59275.27099999999
Fiji,2022,export,aus,61,21290.475
Fiji,2022,export,aus,62,8582.239
Fiji,2022,export,aus,63,74615.462
Fiji,2022,export,aus,64,22527.864999999998
Fiji,2022,export,aus,65,2105668.338
Fiji,2022,export,aus,66,10342.931
Fiji,2022,export,aus,67,20111.228000000003
Fiji,2022,export,aus,68,397968.665
Fiji,2022,export,aus,69,339195.797
Fiji,2022,export,aus,71,54543.754
Fiji,2022,export,aus,72,137564.296
Fiji,2022,export,aus,73,21651.607
Fiji,2022,export,aus,74,416839.323
Fiji,2022,export,aus,75,406475.498
Fiji,2022,export,aus,76,355357.735
Fiji,2022,export,aus,77,2314676.4869999997
Fiji,2022,export,aus,78,290884.423
Fiji,2022,export,aus,79,2098663.728
Fiji,2022,export,aus,81,10083.551
Fiji,2022,export,aus,82,94075.74399999999
Fiji,2022,export,aus,83,440402.435
Fiji,2022,export,aus,84,21168853.474
Fiji,2022,export,aus,85,24120.029000000002
Fiji,2022,export,aus,87,1247621.185
Fiji,2022,export,aus,88,119997.348
Fiji,2022,export,aus,89,1448770.2710000002
Fiji,2022,export,aus,93,1076782.717
Fiji,2022,export,aus,97,43308402.966
Fiji,2022,export,china,03,15440856.307
Fiji,2022,export,china,05,173311.88700000002
Fiji,2022,export,china,07,36607.951
Fiji,2022,export,china,09,6919.666
Fiji,2022,export,china,11,1940104.224
Fiji,2022,export,china,24,12397415.893
Fiji,2022,export,china,27,45.425
Fiji,2022,export,china,53,244.389
Fiji,2022,export,china,55,29417.550000000003
Fiji,2022,export,china,58,2045.51
Fiji,2022,export,china,59,7225.38
Fiji,2022,export,china,64,23674.858
Fiji,2022,export,china,65,12382.535
Fiji,2022,export,china,67,17208.086
Fiji,2022,export,china,68,1256.469
Fiji,2022,export,china,69,161342.27099999998
Fiji,2022,export,china,71,23358.244000000002
Fiji,2022,export,china,72,2026.431
Fiji,2022,export,china,74,4540.732
Fiji,2022,export,china,75,45258.783
Fiji,2022,export,china,76,26158.725
Fiji,2022,export,china,77,9701.977
Fiji,2022,export,china,78,31806.022
Fiji,2022,export,china,79,1890.154
Fiji,2022,export,china,82,8007.606
Fiji,2022,export,china,84,14591.577000000001
Fiji,2022,export,china,87,113.563
Fiji,2022,export,china,88,190.333
Fiji,2022,export,china,89,79357.43
Fiji,2022,export,china,93,80083.329
Fiji,2022,export,world,00,1325.97
Fiji,2022,export,world,01,10858786.271
Fiji,2022,export,world,02,8230767.9059999995
Fiji,2022,export,world,03,105522638.519
Fiji,2022,export,world,04,61783345.668
Fiji,2022,export,world,05,25314682.503
Fiji,2022,export,world,06,77266803.821
Fiji,2022,export,world,07,15292532.984
Fiji,2022,export,world,08,3585473.307
Fiji,2022,export,world,09,5186189.13
Fiji,2022,export,world,11,169413875.196
Fiji,2022,export,world,12,5465615.425000001
Fiji,2022,export,world,21,21598.005
Fiji,2022,export,world,22,42700.419
Fiji,2022,export,world,24,41769982.757
Fiji,2022,export,world,25,5788.571
Fiji,2022,export,world,26,5122.179
Fiji,2022,export,world,27,1701305.5820000002
Fiji,2022,export,world,28,10005372.974
Fiji,2022,export,world,29,18891667.099
Fiji,2022,export,world,33,248763608.261
Fiji,2022,export,world,34,426545.38899999997
Fiji,2022,export,world,41,380210.022
Fiji,2022,export,world,42,4116939.325
Fiji,2022,export,world,43,41024.218
Fiji,2022,export,world,51,139313.178
Fiji,2022,export,world,52,268183.94
Fiji,2022,export,world,53,5654487.815
Fiji,2022,export,world,54,16063191.934
Fiji,2022,export,world,55,11145364.356999999
Fiji,2022,export,world,56,32792.664
Fiji,2022,export,world,57,285367.95
Fiji,2022,export,world,58,3229710.8310000002
Fiji,2022,export,world,59,1454810.952
Fiji,2022,export,world,61,25243.856
Fiji,2022,export,world,62,254524.494
Fiji,2022,export,world,63,1039993.518
Fiji,2022,export,world,64,11534913.407
Fiji,2022,export,world,65,6411489.59
Fiji,2022,export,world,66,5293827.109
Fiji,2022,export,world,67,4522895.605
Fiji,2022,export,world,68,554909.205
Fiji,2022,export,world,69,22785126.163
Fiji,2022,export,world,71,6094030.347
Fiji,2022,export,world,72,1172466.07
Fiji,2022,export,world,73,125714.14600000001
Fiji,2022,export,world,74,3223217.715
Fiji,2022,export,world,75,1924857.6120000002
Fiji,2022,export,world,76,3833833.108
Fiji,2022,export,world,77,14052157.617
Fiji,2022,export,world,78,4043919.656
Fiji,2022,export,world,79,13369438.335
Fiji,2022,export,world,81,668778.199
Fiji,2022,export,world,82,1108759.085
Fiji,2022,export,world,83,765341.442
Fiji,2022,export,world,84,34702589.461
Fiji,2022,export,world,85,875613.192
Fiji,2022,export,world,87,2627505.966
Fiji,2022,export,world,88,218109.14699999997
Fiji,2022,export,world,89,7715402.503
Fiji,2022,export,world,93,7885955.701
Fiji,2022,export,world,97,46055072.722
Fiji,2022,import,aus,00,15702.231
Fiji,2022,import,aus,01,23830020.186
Fiji,2022,import,aus,02,6835845.018
Fiji,2022,import,aus,03,691002.168
Fiji,2022,import,aus,04,83732191.215
Fiji,2022,import,aus,05,14549490.007
Fiji,2022,import,aus,06,2429458.5360000003
Fiji,2022,import,aus,07,6598785.715
Fiji,2022,import,aus,08,16068992.770000001
Fiji,2022,import,aus,09,12349492.904
Fiji,2022,import,aus,11,11947509.081
Fiji,2022,import,aus,12,104120.683
Fiji,2022,import,aus,22,100201.825
Fiji,2022,import,aus,23,7356.659
Fiji,2022,import,aus,24,679573.113
Fiji,2022,import,aus,26,5111763.091999999
Fiji,2022,import,aus,27,424761.076
Fiji,2022,import,aus,28,9653.826
Fiji,2022,import,aus,29,249012.564
Fiji,2022,import,aus,32,2416.636
Fiji,2022,import,aus,33,2396808.052
Fiji,2022,import,aus,34,33635416.509
Fiji,2022,import,aus,41,644.588
Fiji,2022,import,aus,42,2007360.302
Fiji,2022,import,aus,43,3922.037
Fiji,2022,import,aus,51,1253983.027
Fiji,2022,import,aus,52,2185951.539
Fiji,2022,import,aus,53,3501789.554
Fiji,2022,import,aus,54,12929186.259
Fiji,2022,import,aus,55,12086582.865
Fiji,2022,import,aus,56,422967.676
Fiji,2022,import,aus,57,6534625.387
Fiji,2022,import,aus,58,5672198.307
Fiji,2022,import,aus,59,6553687.738
Fiji,2022,import,aus,61,46927.261
Fiji,2022,import,aus,62,3115467.985
Fiji,2022,import,aus,63,867844.0700000001
Fiji,2022,import,aus,64,17175377.917999998
Fiji,2022,import,aus,65,16852293.18
Fiji,2022,import,aus,66,2287762.793
Fiji,2022,import,aus,67,3019289.04
Fiji,2022,import,aus,68,1217242.4330000002
Fiji,2022,import,aus,69,14326298.202
Fiji,2022,import,aus,71,4229151.648
Fiji,2022,import,aus,72,5968142.676
Fiji,2022,import,aus,73,1198825.1199999999
Fiji,2022,import,aus,74,18156509.992
Fiji,2022,import,aus,75,12484409.804
Fiji,2022,import,aus,76,7180592.718
Fiji,2022,import,aus,77,17609071.009
Fiji,2022,import,aus,78,9575186.731
Fiji,2022,import,aus,79,3742896.719
Fiji,2022,import,aus,81,1077731.6570000001
Fiji,2022,import,aus,82,1923749.6840000001
Fiji,2022,import,aus,83,1326904.572
Fiji,2022,import,aus,84,4468072.484
Fiji,2022,import,aus,85,3491713.271
Fiji,2022,import,aus,87,9363002.431
Fiji,2022,import,aus,88,2591788.807
Fiji,2022,import,aus,89,19943847.369
Fiji,2022,import,aus,93,6978601.9
Fiji,2022,import,aus,96,330.243
Fiji,2022,import,china,01,566.002
Fiji,2022,import,china,02,8.177
Fiji,2022,import,china,03,11997777.842
Fiji,2022,import,china,04,5703861.239
Fiji,2022,import,china,05,8314304.028
Fiji,2022,import,china,06,544025.2559999999
Fiji,2022,import,china,07,543566.46
Fiji,2022,import,china,08,27452.897
Fiji,2022,import,china,09,2958508.8219999997
Fiji,2022,import,china,11,4246123.523
Fiji,2022,import,china,12,1355.042
Fiji,2022,import,china,22,247350.446
Fiji,2022,import,china,23,7863.152999999999
Fiji,2022,import,china,24,98236.719
Fiji,2022,import,china,26,57177.069
Fiji,2022,import,china,27,1242377.7210000001
Fiji,2022,import,china,29,39631.926
Fiji,2022,import,china,33,210212.83299999998
Fiji,2022,import,china,42,62262.452999999994
Fiji,2022,import,china,43,5638.212
Fiji,2022,import,china,51,1336453.465
Fiji,2022,import,china,52,2397545.763
Fiji,2022,import,china,53,2478109.239
Fiji,2022,import,china,54,1077243.786
Fiji,2022,import,china,55,6120084.592
Fiji,2022,import,china,56,8081652.363
Fiji,2022,import,china,57,3023677.5979999998
Fiji,2022,import,china,58,15397427.718
Fiji,2022,import,china,59,8479094.093
Fiji,2022,import,china,61,146476.323
Fiji,2022,import,china,62,20952685.359
Fiji,2022,import,china,63,8368305.854
Fiji,2022,import,china,64,13602621.933
Fiji,2022,import,china,65,25888071.705000002
Fiji,2022,import,china,66,14804327.941
Fiji,2022,import,china,67,29669370.231
Fiji,2022,import,china,68,4692104.663
Fiji,2022,import,china,69,39333885.739
Fiji,2022,import,china,71,10732717.354
Fiji,2022,import,china,72,25150781.415
Fiji,2022,import,china,73,1977134.178
Fiji,2022,import,china,74,30540785.647
Fiji,2022,import,china,75,1968053.624
Fiji,2022,import,china,76,15417838.299
Fiji,2022,import,china,77,30602759.199
Fiji,2022,import,china,78,16488297.336
Fiji,2022,import,china,79,577674.191
Fiji,2022,import,china,81,4552924.1280000005
Fiji,2022,import,china,82,10953390.316
Fiji,2022,import,china,83,4435989.367000001
Fiji,2022,import,china,84,20132806.523000002
Fiji,2022,import,china,85,7008377.857
Fiji,2022,import,china,87,4387772.025
Fiji,2022,import,china,88,1798383.9530000002
Fiji,2022,import,china,89,30185008.634999998
Fiji,2022,import,china,93,9498594.353
Fiji,2022,import,world,00,2870721.33
Fiji,2022,import,world,01,55951486.743
Fiji,2022,import,world,02,63553236.932000004
Fiji,2022,import,world,03,34194779.227
Fiji,2022,import,world,04,120405515.767
Fiji,2022,import,world,05,93466051.925
Fiji,2022,import,world,06,19020174.006
Fiji,2022,import,world,07,22524688.178999998
Fiji,2022,import,world,08,29373039.289
Fiji,2022,import,world,09,44910381.162
Fiji,2022,import,world,11,27319159.648
Fiji,2022,import,world,12,4604570.643999999
Fiji,2022,import,world,22,1720627.315
Fiji,2022,import,world,23,221457.46
Fiji,2022,import,world,24,2476235.892
Fiji,2022,import,world,25,2856.809
Fiji,2022,import,world,26,5493474.427
Fiji,2022,import,world,27,8021587.141
Fiji,2022,import,world,28,9901.849
Fiji,2022,import,world,29,8053843.33
Fiji,2022,import,world,32,38555.797
Fiji,2022,import,world,33,704926486.2390001
Fiji,2022,import,world,34,33642098.598
Fiji,2022,import,world,41,333327.732
Fiji,2022,import,world,42,56667266.247
Fiji,2022,import,world,43,493693.35299999994
Fiji,2022,import,world,51,6915673.509
Fiji,2022,import,world,52,10838452.459999999
Fiji,2022,import,world,53,13206085.988
Fiji,2022,import,world,54,50300230.045
Fiji,2022,import,world,55,55516966.455
Fiji,2022,import,world,56,23153659.562999997
Fiji,2022,import,world,57,65858738.835
Fiji,2022,import,world,58,36119305.687
Fiji,2022,import,world,59,33145929.102
Fiji,2022,import,world,61,731442.213
Fiji,2022,import,world,62,33499433.474
Fiji,2022,import,world,63,13746654.819
Fiji,2022,import,world,64,59877980.592
Fiji,2022,import,world,65,73531441.82699999
Fiji,2022,import,world,66,49919990.494
Fiji,2022,import,world,67,74179552.793
Fiji,2022,import,world,68,19837112.903
Fiji,2022,import,world,69,89986189.254
Fiji,2022,import,world,71,36131115.406
Fiji,2022,import,world,72,67234219.614
Fiji,2022,import,world,73,4397264.136
Fiji,2022,import,world,74,95383579.67999999
Fiji,2022,import,world,75,47005646.155999996
Fiji,2022,import,world,76,88967175.503
Fiji,2022,import,world,77,104026247.337
Fiji,2022,import,world,78,150321282.95999998
Fiji,2022,import,world,79,46016925.301
Fiji,2022,import,world,81,8602537.418
Fiji,2022,import,world,82,22525406.358
Fiji,2022,import,world,83,7924184.887
Fiji,2022,import,world,84,56609043.484
Fiji,2022,import,world,85,16275755.081
Fiji,2022,import,world,87,40158060.013000004
Fiji,2022,import,world,88,6707673.805
Fiji,2022,import,world,89,102490515.86500001
Fiji,2022,import,world,93,41434655.395
Fiji,2022,import,world,96,582217.194
Fiji,2022,import,world,97,6236.92
Fiji,2023,export,aus,01,489891.002
Fiji,2023,export,aus,02,135486.694
Fiji,2023,export,aus,03,1071497.796
Fiji,2023,export,aus,04,6655730.615
Fiji,2023,export,aus,05,6835755.277
Fiji,2023,export,aus,06,808019.547
Fiji,2023,export,aus,07,889954.994
Fiji,2023,export,aus,08,330.648
Fiji,2023,export,aus,09,436277.979
Fiji,2023,export,aus,11,1424002.2070000002
Fiji,2023,export,aus,12,4304.65
Fiji,2023,export,aus,24,420026.43799999997
Fiji,2023,export,aus,25,2233.654
Fiji,2023,export,aus,27,415.088
Fiji,2023,export,aus,28,3735599.984
Fiji,2023,export,aus,29,970976.713
Fiji,2023,export,aus,33,290762.51
Fiji,2023,export,aus,34,8418.199
Fiji,2023,export,aus,42,2431304.903
Fiji,2023,export,aus,51,5541.914000000001
Fiji,2023,export,aus,52,23519.582000000002
Fiji,2023,export,aus,53,67765.123
Fiji,2023,export,aus,54,2140219.744
Fiji,2023,export,aus,55,723402.915
Fiji,2023,export,aus,57,121016.387
Fiji,2023,export,aus,58,8836.398
Fiji,2023,export,aus,59,41821.67600000001
Fiji,2023,export,aus,61,18992.278
Fiji,2023,export,aus,62,23414.255
Fiji,2023,export,aus,63,65103.494000000006
Fiji,2023,export,aus,64,2138.992
Fiji,2023,export,aus,65,1001980.769
Fiji,2023,export,aus,66,35243.376000000004
Fiji,2023,export,aus,67,83070.05099999999
Fiji,2023,export,aus,68,421259.704
Fiji,2023,export,aus,69,381964.554
Fiji,2023,export,aus,71,387672.236
Fiji,2023,export,aus,72,179806.01
Fiji,2023,export,aus,73,4118.439
Fiji,2023,export,aus,74,210278.095
Fiji,2023,export,aus,75,379986.442
Fiji,2023,export,aus,76,858570.071
Fiji,2023,export,aus,77,2271336.017
Fiji,2023,export,aus,78,100784.17800000001
Fiji,2023,export,aus,79,736458.19
Fiji,2023,export,aus,81,2935.392
Fiji,2023,export,aus,82,154623.853
Fiji,2023,export,aus,83,179612.686
Fiji,2023,export,aus,84,20475404.051
Fiji,2023,export,aus,85,37448.585999999996
Fiji,2023,export,aus,87,902030.766
Fiji,2023,export,aus,88,183722.236
Fiji,2023,export,aus,89,1252111.761
Fiji,2023,export,aus,93,1477914.768
Fiji,2023,export,aus,97,42335108.514
Fiji,2023,export,china,02,1689.239
Fiji,2023,export,china,03,15020059.624
Fiji,2023,export,china,04,6425.421
Fiji,2023,export,china,05,146475.86099999998
Fiji,2023,export,china,08,1679.907
Fiji,2023,export,china,09,6427.643
Fiji,2023,export,china,11,1804535.73
Fiji,2023,export,china,24,12521116.701000001
Fiji,2023,export,china,28,1499233.139
Fiji,2023,export,china,29,49039.942
Fiji,2023,export,china,33,948540.183
Fiji,2023,export,china,54,12485.973
Fiji,2023,export,china,55,2340.314
Fiji,2023,export,china,58,125.771
Fiji,2023,export,china,62,530.193
Fiji,2023,export,china,63,466.196
Fiji,2023,export,china,64,2358.98
Fiji,2023,export,china,65,23617.799
Fiji,2023,export,china,68,237.32
Fiji,2023,export,china,69,174360.09
Fiji,2023,export,china,71,30904.949
Fiji,2023,export,china,72,10119.882
Fiji,2023,export,china,74,32767.513
Fiji,2023,export,china,75,7201.822
Fiji,2023,export,china,76,5309.927
Fiji,2023,export,china,77,82606.966
Fiji,2023,export,china,78,1400.367
Fiji,2023,export,china,82,838.176
Fiji,2023,export,china,84,157755.67799999999
Fiji,2023,export,china,87,7602.688
Fiji,2023,export,china,89,5749.902
Fiji,2023,export,china,93,11768.679
Fiji,2023,export,world,00,40704.405
Fiji,2023,export,world,01,11465611.351
Fiji,2023,export,world,02,10730417.98
Fiji,2023,export,world,03,80416160.07499999
Fiji,2023,export,world,04,65812649.747999996
Fiji,2023,export,world,05,26312581.038999997
Fiji,2023,export,world,06,73245490.517
Fiji,2023,export,world,07,17276223.59
Fiji,2023,export,world,08,3275473.108
Fiji,2023,export,world,09,6987710.836
Fiji,2023,export,world,11,167527309.469
Fiji,2023,export,world,12,4669400.987
Fiji,2023,export,world,22,29007.721
Fiji,2023,export,world,24,34056047.21
Fiji,2023,export,world,25,2233.654
Fiji,2023,export,world,26,8176.879
Fiji,2023,export,world,27,559671.1240000001
Fiji,2023,export,world,28,7597252.521000001
Fiji,2023,export,world,29,17454187.036000002
Fiji,2023,export,world,33,282500319.149
Fiji,2023,export,world,34,568199.982
Fiji,2023,export,world,41,245215.263
Fiji,2023,export,world,42,3577878.9699999997
Fiji,2023,export,world,43,5764.124
Fiji,2023,export,world,51,244259.31600000002
Fiji,2023,export,world,52,561461.6900000001
Fiji,2023,export,world,53,6816313.2469999995
Fiji,2023,export,world,54,13941785.762
Fiji,2023,export,world,55,11141626.242
Fiji,2023,export,world,56,9806.566
Fiji,2023,export,world,57,417781.231
Fiji,2023,export,world,58,2541499.6689999998
Fiji,2023,export,world,59,1477565.01
Fiji,2023,export,world,61,19365.590999999997
Fiji,2023,export,world,62,852114.4299999999
Fiji,2023,export,world,63,1069854.331
Fiji,2023,export,world,64,10448360.320999999
Fiji,2023,export,world,65,5274538.03
Fiji,2023,export,world,66,5750333.812
Fiji,2023,export,world,67,3812429.937
Fiji,2023,export,world,68,653226.813
Fiji,2023,export,world,69,17916359.577999998
Fiji,2023,export,world,71,5302590.695
Fiji,2023,export,world,72,1043635.787
Fiji,2023,export,world,73,188798.39699999997
Fiji,2023,export,world,74,3820016.182
Fiji,2023,export,world,75,2126432.511
Fiji,2023,export,world,76,6968845.66
Fiji,2023,export,world,77,16518483.473000001
Fiji,2023,export,world,78,14328215.401
Fiji,2023,export,world,79,17664067.373999998
Fiji,2023,export,world,81,658374.527
Fiji,2023,export,world,82,1338308.747
Fiji,2023,export,world,83,283232.262
Fiji,2023,export,world,84,35982013.081
Fiji,2023,export,world,85,642924.2760000001
Fiji,2023,export,world,87,2356401.953
Fiji,2023,export,world,88,1360300.859
Fiji,2023,export,world,89,6406819.116
Fiji,2023,export,world,93,10734637.746
Fiji,2023,export,world,97,43723391.817
Fiji,2023,import,aus,00,7430.254
Fiji,2023,import,aus,01,29434569.338999998
Fiji,2023,import,aus,02,5941287.203
Fiji,2023,import,aus,03,857589.2339999999
Fiji,2023,import,aus,04,71615654.412
Fiji,2023,import,aus,05,14685971.522
Fiji,2023,import,aus,06,2968903.92
Fiji,2023,import,aus,07,6389617.847
Fiji,2023,import,aus,08,17122900.555999998
Fiji,2023,import,aus,09,16563157.88
Fiji,2023,import,aus,11,13490615.276
Fiji,2023,import,aus,21,4794.401000000001
Fiji,2023,import,aus,22,165256.15
Fiji,2023,import,aus,23,728.404
Fiji,2023,import,aus,24,316043.328
Fiji,2023,import,aus,26,4521261.218
Fiji,2023,import,aus,27,358572.96499999997
Fiji,2023,import,aus,28,11187.822
Fiji,2023,import,aus,29,359780.45200000005
Fiji,2023,import,aus,32,8764.846000000001
Fiji,2023,import,aus,33,2112755.937
Fiji,2023,import,aus,34,28697588.069000002
Fiji,2023,import,aus,42,2605926.756
Fiji,2023,import,aus,43,6482.306
Fiji,2023,import,aus,51,823931.997
Fiji,2023,import,aus,52,1652596.616
Fiji,2023,import,aus,53,3061850.312
Fiji,2023,import,aus,54,17075350.754
Fiji,2023,import,aus,55,11326048.438
Fiji,2023,import,aus,56,195892.227
Fiji,2023,import,aus,57,4504827.91
Fiji,2023,import,aus,58,5811636.6280000005
Fiji,2023,import,aus,59,6720088.373
Fiji,2023,import,aus,61,48555.969
Fiji,2023,import,aus,62,3557753.4220000003
Fiji,2023,import,aus,63,925031.267
Fiji,2023,import,aus,64,8098189.573
Fiji,2023,import,aus,65,14580622.707
Fiji,2023,import,aus,66,3040159.958
Fiji,2023,import,aus,67,4866863.347
Fiji,2023,import,aus,68,1590868.936
Fiji,2023,import,aus,69,17055786.951
Fiji,2023,import,aus,71,3416209.734
Fiji,2023,import,aus,72,9577054.067
Fiji,2023,import,aus,73,647172.485
Fiji,2023,import,aus,74,20148218.231
Fiji,2023,import,aus,75,14046236.845
Fiji,2023,import,aus,76,14339640.99
Fiji,2023,import,aus,77,21054088.34
Fiji,2023,import,aus,78,10791238.154
Fiji,2023,import,aus,79,2524982.809
Fiji,2023,import,aus,81,1036741.504
Fiji,2023,import,aus,82,1880687.054
Fiji,2023,import,aus,83,1501541.01
Fiji,2023,import,aus,84,6610040.266
Fiji,2023,import,aus,85,4133451.656
Fiji,2023,import,aus,87,10633231.825
Fiji,2023,import,aus,88,2766166.297
Fiji,2023,import,aus,89,24513529.891000003
Fiji,2023,import,aus,93,4601265.661
Fiji,2023,import,aus,96,87.551
Fiji,2023,import,china,01,14841.843
Fiji,2023,import,china,02,445.753
Fiji,2023,import,china,03,14551252.785
Fiji,2023,import,china,04,7379755.719
Fiji,2023,import,china,05,11150946.168
Fiji,2023,import,china,06,509661.903
Fiji,2023,import,china,07,551476.022
Fiji,2023,import,china,08,107402.921
Fiji,2023,import,china,09,3341271.6730000004
Fiji,2023,import,china,11,8598539.105999999
Fiji,2023,import,china,12,10277.651
Fiji,2023,import,china,21,18280.318
Fiji,2023,import,china,22,197706.347
Fiji,2023,import,china,23,67692.239
Fiji,2023,import,china,24,74967.39
Fiji,2023,import,china,25,51.997
Fiji,2023,import,china,26,193067.049
Fiji,2023,import,china,27,892801.9480000001
Fiji,2023,import,china,28,341.758
Fiji,2023,import,china,29,21970.779000000002
Fiji,2023,import,china,33,196968.16700000002
Fiji,2023,import,china,34,7465.362999999999
Fiji,2023,import,china,41,579.079
Fiji,2023,import,china,42,280578.188
Fiji,2023,import,china,43,8368.424
Fiji,2023,import,china,51,1310029.874
Fiji,2023,import,china,52,2922314.953
Fiji,2023,import,china,53,2412472.172
Fiji,2023,import,china,54,794626.068
Fiji,2023,import,china,55,6731050.43
Fiji,2023,import,china,56,3978817.5810000002
Fiji,2023,import,china,57,1893546.338
Fiji,2023,import,china,58,8512382.56
Fiji,2023,import,china,59,7524539.226000001
Fiji,2023,import,china,61,92960.61300000001
Fiji,2023,import,china,62,18507948.929
Fiji,2023,import,china,63,6126478.6899999995
Fiji,2023,import,china,64,13297439.787
Fiji,2023,import,china,65,23663544.675
Fiji,2023,import,china,66,14629437.773
Fiji,2023,import,china,67,17596935.106
Fiji,2023,import,china,68,5945722.066
Fiji,2023,import,china,69,35754027.973
Fiji,2023,import,china,71,10591111.501
Fiji,2023,import,china,72,23013741.228
Fiji,2023,import,china,73,768715.509
Fiji,2023,import,china,74,29021498.957
Fiji,2023,import,china,75,2790404.505
Fiji,2023,import,china,76,35622327.733
Fiji,2023,import,china,77,31429969.134
Fiji,2023,import,china,78,22724742.177
Fiji,2023,import,china,79,5890338.477
Fiji,2023,import,china,81,4553272.3270000005
Fiji,2023,import,china,82,10810391.760000002
Fiji,2023,import,china,83,4428163.725
Fiji,2023,import,china,84,19313991.698
Fiji,2023,import,china,85,6807669.283
Fiji,2023,import,china,87,2184479.5039999997
Fiji,2023,import,china,88,2200643.053
Fiji,2023,import,china,89,26624559.258
Fiji,2023,import,china,93,4154358.494
Fiji,2023,import,world,00,2536376.8419999997
Fiji,2023,import,world,01,59513934.408
Fiji,2023,import,world,02,67454378.523
Fiji,2023,import,world,03,40184352.91
Fiji,2023,import,world,04,121518129.10599999
Fiji,2023,import,world,05,102641699.767
Fiji,2023,import,world,06,18486477.677
Fiji,2023,import,world,07,21468202.662
Fiji,2023,import,world,08,29955617.720999997
Fiji,2023,import,world,09,44662722.734
Fiji,2023,import,world,11,34823751.22
Fiji,2023,import,world,12,4523221.5540000005
Fiji,2023,import,world,21,25047.497
Fiji,2023,import,world,22,958118.319
Fiji,2023,import,world,23,78293.428
Fiji,2023,import,world,24,2694874.259
Fiji,2023,import,world,25,51.997
Fiji,2023,import,world,26,5149579.639
Fiji,2023,import,world,27,3924487.712
Fiji,2023,import,world,28,33426.142
Fiji,2023,import,world,29,7821173.413
Fiji,2023,import,world,32,56259.985
Fiji,2023,import,world,33,721926213.7449999
Fiji,2023,import,world,34,31043675.040000003
Fiji,2023,import,world,41,82774.95599999999
Fiji,2023,import,world,42,32729465.812
Fiji,2023,import,world,43,690293.644
Fiji,2023,import,world,51,5244957.005
Fiji,2023,import,world,52,11047552.802
Fiji,2023,import,world,53,12221869.329
Fiji,2023,import,world,54,48479898.631000005
Fiji,2023,import,world,55,53619814.807000004
Fiji,2023,import,world,56,10613521.808
Fiji,2023,import,world,57,40424443.571
Fiji,2023,import,world,58,26108915.465
Fiji,2023,import,world,59,33286892.617000002
Fiji,2023,import,world,61,967923.551
Fiji,2023,import,world,62,30231318.844
Fiji,2023,import,world,63,11522813.951
Fiji,2023,import,world,64,51443296.633999996
Fiji,2023,import,world,65,66195550.692999996
Fiji,2023,import,world,66,46237907.655
Fiji,2023,import,world,67,49763372.647
Fiji,2023,import,world,68,20561261.946
Fiji,2023,import,world,69,95105473.183
Fiji,2023,import,world,71,39083366.089
Fiji,2023,import,world,72,102276802.70799999
Fiji,2023,import,world,73,2296845.708
Fiji,2023,import,world,74,104083749.42
Fiji,2023,import,world,75,47825349.223000005
Fiji,2023,import,world,76,113750829.58899999
Fiji,2023,import,world,77,100673717.562
Fiji,2023,import,world,78,198013410.159
Fiji,2023,import,world,79,51328684.335
Fiji,2023,import,world,81,8920662.984000001
Fiji,2023,import,world,82,28051636.851
Fiji,2023,import,world,83,8567672.377
Fiji,2023,import,world,84,53959526.597
Fiji,2023,import,world,85,16631307.872
Fiji,2023,import,world,87,111875866.66399999
Fiji,2023,import,world,88,7378573.561
Fiji,2023,import,world,89,110164385.766
Fiji,2023,import,world,93,16946960.999
Fiji,2023,import,world,96,4638.409
Fiji,2023,import,world,97,200.433
Fiji,2024,export,aus,01,463082.04099999997
Fiji,2024,export,aus,02,176227.57
Fiji,2024,export,aus,03,333233.69700000004
Fiji,2024,export,aus,04,4385954.649999999
Fiji,2024,export,aus,05,8019403.464
Fiji,2024,export,aus,06,1305784.94
Fiji,2024,export,aus,07,2399517.245
Fiji,2024,export,aus,08,5354.671
Fiji,2024,export,aus,09,330441.738
Fiji,2024,export,aus,11,1549016.8739999998
Fiji,2024,export,aus,12,27403.782
Fiji,2024,export,aus,24,563596.0819999999
Fiji,2024,export,aus,25,7362.783
Fiji,2024,export,aus,27,356.655
Fiji,2024,export,aus,28,3937867.099
Fiji,2024,export,aus,29,3108372.7699999996
Fiji,2024,export,aus,33,494672.659
Fiji,2024,export,aus,42,1994334.0690000001
Fiji,2024,export,aus,51,929.771
Fiji,2024,export,aus,52,56951.902
Fiji,2024,export,aus,53,13535.247
Fiji,2024,export,aus,54,1437946.03
Fiji,2024,export,aus,55,305505.884
Fiji,2024,export,aus,58,4232.244
Fiji,2024,export,aus,59,13598.289
Fiji,2024,export,aus,62,40722.566999999995
Fiji,2024,export,aus,63,66632.72
Fiji,2024,export,aus,64,4368.030000000001
Fiji,2024,export,aus,65,808680.946
Fiji,2024,export,aus,66,8174.4039999999995
Fiji,2024,export,aus,67,90811.18000000001
Fiji,2024,export,aus,68,534798.744
Fiji,2024,export,aus,69,578813.647
Fiji,2024,export,aus,71,992279.674
Fiji,2024,export,aus,72,92863.377
Fiji,2024,export,aus,73,6914.429999999999
Fiji,2024,export,aus,74,105906.185
Fiji,2024,export,aus,75,178545.165
Fiji,2024,export,aus,76,2758553.524
Fiji,2024,export,aus,77,3002446.3060000003
Fiji,2024,export,aus,78,210116.827
Fiji,2024,export,aus,79,1094095.13
Fiji,2024,export,aus,81,1486.135
Fiji,2024,export,aus,82,115750.12
Fiji,2024,export,aus,83,112119.648
Fiji,2024,export,aus,84,20911654.846
Fiji,2024,export,aus,85,16288.85
Fiji,2024,export,aus,87,859784.416
Fiji,2024,export,aus,88,91545.209
Fiji,2024,export,aus,89,1113540.971
Fiji,2024,export,aus,93,542590.042
Fiji,2024,export,aus,97,72898974.078
Fiji,2024,export,china,02,152.978
Fiji,2024,export,china,03,16117917.716999998
Fiji,2024,export,china,04,1548.737
Fiji,2024,export,china,05,42298.197
Fiji,2024,export,china,07,188.247
Fiji,2024,export,china,09,34663.845
Fiji,2024,export,china,11,3395028.413
Fiji,2024,export,china,12,42.763
Fiji,2024,export,china,24,9828323.349
Fiji,2024,export,china,27,85.086
Fiji,2024,export,china,28,1446785.248
Fiji,2024,export,china,29,1960585.006
Fiji,2024,export,china,52,423.224
Fiji,2024,export,china,53,5761.143
Fiji,2024,export,china,55,364.59000000000003
Fiji,2024,export,china,58,7691.6630000000005
Fiji,2024,export,china,63,7771.9
Fiji,2024,export,china,64,2043.8220000000001
Fiji,2024,export,china,65,12054.401
Fiji,2024,export,china,69,51188.995
Fiji,2024,export,china,71,467.751
Fiji,2024,export,china,72,7469.0289999999995
Fiji,2024,export,china,74,7493.719000000001
Fiji,2024,export,china,75,381.342
Fiji,2024,export,china,76,440.859
Fiji,2024,export,china,77,20068.332000000002
Fiji,2024,export,china,78,24644.007
Fiji,2024,export,china,81,6354.098
Fiji,2024,export,china,84,131.817
Fiji,2024,export,china,87,201.914
Fiji,2024,export,china,88,52.903
Fiji,2024,export,china,89,73495.568
Fiji,2024,export,china,93,38692.413
Fiji,2024,export,world,00,22828.991
Fiji,2024,export,world,01,9627458.386
Fiji,2024,export,world,02,11400498.535
Fiji,2024,export,world,03,101845877.73599999
Fiji,2024,export,world,04,54363168.972
Fiji,2024,export,world,05,27273754.614
Fiji,2024,export,world,06,67745308.37200001
Fiji,2024,export,world,07,18265496.064000003
Fiji,2024,export,world,08,4032756.222
Fiji,2024,export,world,09,5879649.478999999
Fiji,2024,export,world,11,161428495.158
Fiji,2024,export,world,12,5060357.061
Fiji,2024,export,world,22,25183.617
Fiji,2024,export,world,23,7389.675
Fiji,2024,export,world,24,32199435.929
Fiji,2024,export,world,25,7362.783
Fiji,2024,export,world,26,284390.511
Fiji,2024,export,world,27,2635314.9760000003
Fiji,2024,export,world,28,11302980.572
Fiji,2024,export,world,29,24061605.007
Fiji,2024,export,world,33,298464344.003
Fiji,2024,export,world,34,922590.039
Fiji,2024,export,world,41,173373.44999999998
Fiji,2024,export,world,42,3975364.784
Fiji,2024,export,world,43,776.3530000000001
Fiji,2024,export,world,51,358124.143
Fiji,2024,export,world,52,690544.016
Fiji,2024,export,world,53,7631632.009
Fiji,2024,export,world,54,11604689.338
Fiji,2024,export,world,55,11979356.266999999
Fiji,2024,export,world,56,9669.797
Fiji,2024,export,world,57,310778.995
Fiji,2024,export,world,58,2690182.499
Fiji,2024,export,world,59,975081.772
Fiji,2024,export,world,62,629933.867
Fiji,2024,export,world,63,1185863.4139999999
Fiji,2024,export,world,64,9304758.567
Fiji,2024,export,world,65,4200668.314
Fiji,2024,export,world,66,4976949.664
Fiji,2024,export,world,67,2853040.584
Fiji,2024,export,world,68,782273.9439999999
Fiji,2024,export,world,69,15079874.253
Fiji,2024,export,world,71,5840201.874
Fiji,2024,export,world,72,2184515.703
Fiji,2024,export,world,73,122176.96
Fiji,2024,export,world,74,3478641.25
Fiji,2024,export,world,75,1768136.479
Fiji,2024,export,world,76,7742022.166999999
Fiji,2024,export,world,77,18163595.963
Fiji,2024,export,world,78,18478603.236
Fiji,2024,export,world,79,29345178.132999998
Fiji,2024,export,world,81,554449.144
Fiji,2024,export,world,82,1571069.074
Fiji,2024,export,world,83,510921.833
Fiji,2024,export,world,84,35102972.478
Fiji,2024,export,world,85,677839.346
Fiji,2024,export,world,87,2031616.177
Fiji,2024,export,world,88,341099.94
Fiji,2024,export,world,89,9154860.847000001
Fiji,2024,export,world,93,5643007.501
Fiji,2024,export,world,97,74135716.564
Fiji,2024,import,aus,01,21237448.609
Fiji,2024,import,aus,02,6977004.318
Fiji,2024,import,aus,03,1584539.952
Fiji,2024,import,aus,04,70215886.76200001
Fiji,2024,import,aus,05,15120631.648
Fiji,2024,import,aus,06,2466908.681
Fiji,2024,import,aus,07,7130908.123
Fiji,2024,import,aus,08,14001189.785
Fiji,2024,import,aus,09,15821377.577999998
Fiji,2024,import,aus,11,13064438.921
Fiji,2024,import,aus,12,46709.429000000004
Fiji,2024,import,aus,22,289447.162
Fiji,2024,import,aus,23,2591.809
Fiji,2024,import,aus,24,572328.612
Fiji,2024,import,aus,26,4859300.325999999
Fiji,2024,import,aus,27,290953.134
Fiji,2024,import,aus,28,14561.125
Fiji,2024,import,aus,29,250213.374
Fiji,2024,import,aus,32,4575.674
Fiji,2024,import,aus,33,1936213.4510000001
Fiji,2024,import,aus,34,15938100.674
Fiji,2024,import,aus,41,520.654
Fiji,2024,import,aus,42,3548748.3780000005
Fiji,2024,import,aus,43,17097.386
Fiji,2024,import,aus,51,919730.628
Fiji,2024,import,aus,52,1376652.549
Fiji,2024,import,aus,53,3739474.472
Fiji,2024,import,aus,54,14166771.938000001
Fiji,2024,import,aus,55,11563925.33
Fiji,2024,import,aus,56,313633.556
Fiji,2024,import,aus,57,6379677.691
Fiji,2024,import,aus,58,5762569.285
Fiji,2024,import,aus,59,8323693.018
Fiji,2024,import,aus,61,56563.064
Fiji,2024,import,aus,62,3785501.892
Fiji,2024,import,aus,63,1087980.858
Fiji,2024,import,aus,64,9061780.127
Fiji,2024,import,aus,65,14293518.398
Fiji,2024,import,aus,66,2716798.029
Fiji,2024,import,aus,67,4783133.591
Fiji,2024,import,aus,68,1683555.514
Fiji,2024,import,aus,69,18011505.855
Fiji,2024,import,aus,71,5728874.011
Fiji,2024,import,aus,72,10340653.282
Fiji,2024,import,aus,73,1197812.893
Fiji,2024,import,aus,74,21504545.993
Fiji,2024,import,aus,75,11957490.992
Fiji,2024,import,aus,76,7506911.735
Fiji,2024,import,aus,77,18950490.553
Fiji,2024,import,aus,78,11840351.283
Fiji,2024,import,aus,79,3697377.3060000003
Fiji,2024,import,aus,81,1822050.8630000001
Fiji,2024,import,aus,82,3166532.184
Fiji,2024,import,aus,83,1372054.393
Fiji,2024,import,aus,84,5149476.227
Fiji,2024,import,aus,85,3225302.628
Fiji,2024,import,aus,87,11391619.641
Fiji,2024,import,aus,88,2264890.432
Fiji,2024,import,aus,89,21811680.848
Fiji,2024,import,aus,93,2905346.716
Fiji,2024,import,aus,96,1750.209
Fiji,2024,import,aus,97,5180.973
Fiji,2024,import,china,01,1294.361
Fiji,2024,import,china,02,7406.869000000001
Fiji,2024,import,china,03,19976130.89
Fiji,2024,import,china,04,3327029.915
Fiji,2024,import,china,05,11949214.309999999
Fiji,2024,import,china,06,811918.1699999999
Fiji,2024,import,china,07,347436.405
Fiji,2024,import,china,08,136321.032
Fiji,2024,import,china,09,4084956.5480000004
Fiji,2024,import,china,11,5184369.758
Fiji,2024,import,china,22,86441.82800000001
Fiji,2024,import,china,23,1876.295
Fiji,2024,import,china,24,71323.89899999999
Fiji,2024,import,china,26,175068.552
Fiji,2024,import,china,27,2219373.966
Fiji,2024,import,china,29,25661.509
Fiji,2024,import,china,33,313321.427
Fiji,2024,import,china,34,3653.837
Fiji,2024,import,china,42,161425.737
Fiji,2024,import,china,43,2936.12
Fiji,2024,import,china,51,1854209.746
Fiji,2024,import,china,52,4160256.554
Fiji,2024,import,china,53,2567004.791
Fiji,2024,import,china,54,699492.126
Fiji,2024,import,china,55,7668852.835
Fiji,2024,import,china,56,3867208.897
Fiji,2024,import,china,57,1990808.963
Fiji,2024,import,china,58,10096107.592
Fiji,2024,import,china,59,6058438.878
Fiji,2024,import,china,61,68496.67
Fiji,2024,import,china,62,18793119.833
Fiji,2024,import,china,63,8222070.66
Fiji,2024,import,china,64,14726084.634
Fiji,2024,import,china,65,21940984.291
Fiji,2024,import,china,66,13931620.067
Fiji,2024,import,china,67,21529711.095
Fiji,2024,import,china,68,6970948.680000001
Fiji,2024,import,china,69,36983481.22
Fiji,2024,import,china,71,17182174.203
Fiji,2024,import,china,72,26883997.092
Fiji,2024,import,china,73,1155962.166
Fiji,2024,import,china,74,30556089.818
Fiji,2024,import,china,75,2560591.176
Fiji,2024,import,china,76,29917389.476000004
Fiji,2024,import,china,77,31158934.237999998
Fiji,2024,import,china,78,29370145.728
Fiji,2024,import,china,79,4701547.824
Fiji,2024,import,china,81,6502716.9690000005
Fiji,2024,import,china,82,14237093.322999999
Fiji,2024,import,china,83,3866347.018
Fiji,2024,import,china,84,19085213.91
Fiji,2024,import,china,85,5820054.187
Fiji,2024,import,china,87,2455272.656
Fiji,2024,import,china,88,1915658.848
Fiji,2024,import,china,89,29973014.831
Fiji,2024,import,china,93,4342417.641
Fiji,2024,import,world,00,2942886.724
Fiji,2024,import,world,01,57486661.876
Fiji,2024,import,world,02,73685540.661
Fiji,2024,import,world,03,40669184.14
Fiji,2024,import,world,04,120406485.55499999
Fiji,2024,import,world,05,95497703.374
Fiji,2024,import,world,06,18572846.060999997
Fiji,2024,import,world,07,23327537.206
Fiji,2024,import,world,08,29468113.369999997
Fiji,2024,import,world,09,50271454.94
Fiji,2024,import,world,11,31464139.455000002
Fiji,2024,import,world,12,5068564.971
Fiji,2024,import,world,21,5403.166
Fiji,2024,import,world,22,1174976.848
Fiji,2024,import,world,23,13162.28
Fiji,2024,import,world,24,4250156.035
Fiji,2024,import,world,25,4251.201
Fiji,2024,import,world,26,5207425.791999999
Fiji,2024,import,world,27,5327198.307
Fiji,2024,import,world,28,15718.82
Fiji,2024,import,world,29,10346693.491
Fiji,2024,import,world,32,38091.082
Fiji,2024,import,world,33,679576450.54
Fiji,2024,import,world,34,31560184.069000002
Fiji,2024,import,world,41,1138.297
Fiji,2024,import,world,42,27413306.698000003
Fiji,2024,import,world,43,533956.7039999999
Fiji,2024,import,world,51,6041027.602
Fiji,2024,import,world,52,11255742.111
Fiji,2024,import,world,53,12707460.128
Fiji,2024,import,world,54,38252891.779
Fiji,2024,import,world,55,55818654.13
Fiji,2024,import,world,56,8108267.811000001
Fiji,2024,import,world,57,51700846.106
Fiji,2024,import,world,58,26341794.56
Fiji,2024,import,world,59,38969652.789
Fiji,2024,import,world,61,460858.35
Fiji,2024,import,world,62,31709537.768
Fiji,2024,import,world,63,13722646.383
Fiji,2024,import,world,64,48158771.887
Fiji,2024,import,world,65,61920616.352
Fiji,2024,import,world,66,42685847.708
Fiji,2024,import,world,67,58056646.885
Fiji,2024,import,world,68,25566695.593
Fiji,2024,import,world,69,93501709.91
Fiji,2024,import,world,71,41243802.132
Fiji,2024,import,world,72,72313264.08
Fiji,2024,import,world,73,3951024.528
Fiji,2024,import,world,74,101091824.044
Fiji,2024,import,world,75,43438736.21
Fiji,2024,import,world,76,122557514.064
Fiji,2024,import,world,77,133564748.48200001
Fiji,2024,import,world,78,214530623.713
Fiji,2024,import,world,79,114455416.512
Fiji,2024,import,world,81,12353718.561
Fiji,2024,import,world,82,31021180.413000003
Fiji,2024,import,world,83,7309310.448
Fiji,2024,import,world,84,51736987.271
Fiji,2024,import,world,85,13306137.988
Fiji,2024,import,world,87,58140358.471999995
Fiji,2024,import,world,88,6233704.055
Fiji,2024,import,world,89,105249456.16499999
Fiji,2024,import,world,93,13900253.842
Fiji,2024,import,world,96,8778.821
Fiji,2024,import,world,97,26350.571
Kiribati,2014,export,aus,03,264964.57
Kiribati,2014,export,aus,08,77992.882
Kiribati,2014,export,aus,12,36938.296
Kiribati,2014,export,aus,23,72.216
Kiribati,2014,export,aus,24,234.702
Kiribati,2014,export,aus,27,9.026
Kiribati,2014,export,aus,28,22406.703999999998
Kiribati,2014,export,aus,33,25754.982
Kiribati,2014,export,aus,51,45.134
Kiribati,2014,export,aus,52,18.054
Kiribati,2014,export,aus,54,20059.698
Kiribati,2014,export,aus,57,505.51
Kiribati,2014,export,aus,58,3105.272
Kiribati,2014,export,aus,62,469.402
Kiribati,2014,export,aus,63,622.86
Kiribati,2014,export,aus,64,189782.68
Kiribati,2014,export,aus,65,734.794
Kiribati,2014,export,aus,66,604.806
Kiribati,2014,export,aus,67,12.638
Kiribati,2014,export,aus,68,14816.842
Kiribati,2014,export,aus,69,202.204
Kiribati,2014,export,aus,72,581.336
Kiribati,2014,export,aus,73,1659.154
Kiribati,2014,export,aus,74,2888.6259999999997
Kiribati,2014,export,aus,76,7640.414
Kiribati,2014,export,aus,77,1112.122
Kiribati,2014,export,aus,78,12845.354
Kiribati,2014,export,aus,79,12637.736
Kiribati,2014,export,aus,83,54.162
Kiribati,2014,export,aus,84,162.486
Kiribati,2014,export,aus,87,84.852
Kiribati,2014,export,aus,88,2274.792
Kiribati,2014,export,aus,89,7846.228
Kiribati,2014,export,aus,93,33399.73
Kiribati,2014,export,world,03,5997562.561
Kiribati,2014,export,world,08,98032.72
Kiribati,2014,export,world,12,71457.367
Kiribati,2014,export,world,22,1924185.514
Kiribati,2014,export,world,23,274.42
Kiribati,2014,export,world,24,333.998
Kiribati,2014,export,world,26,120.962
Kiribati,2014,export,world,27,111.934
Kiribati,2014,export,world,28,22547.523999999998
Kiribati,2014,export,world,29,461512.05
Kiribati,2014,export,world,32,14443.126
Kiribati,2014,export,world,33,1668293.576
Kiribati,2014,export,world,42,7028382.774
Kiribati,2014,export,world,51,447.736
Kiribati,2014,export,world,52,18.054
Kiribati,2014,export,world,54,20709.64
Kiribati,2014,export,world,55,541.618
Kiribati,2014,export,world,57,505.51
Kiribati,2014,export,world,58,4374.462
Kiribati,2014,export,world,62,3793.126
Kiribati,2014,export,world,63,622.86
Kiribati,2014,export,world,64,317657.44600000005
Kiribati,2014,export,world,65,108816.322
Kiribati,2014,export,world,66,4885.388
Kiribati,2014,export,world,67,516.342
Kiribati,2014,export,world,68,175301.64
Kiribati,2014,export,world,69,300436.528
Kiribati,2014,export,world,71,81556.724
Kiribati,2014,export,world,72,479136.27800000005
Kiribati,2014,export,world,73,30252.934
Kiribati,2014,export,world,74,280178.598
Kiribati,2014,export,world,75,17143.99
Kiribati,2014,export,world,76,9614.608
Kiribati,2014,export,world,77,98651.96999999999
Kiribati,2014,export,world,78,910371.9210000001
Kiribati,2014,export,world,79,14648.942
Kiribati,2014,export,world,82,2904.8720000000003
Kiribati,2014,export,world,83,54.162
Kiribati,2014,export,world,84,173.31799999999998
Kiribati,2014,export,world,87,52776.988
Kiribati,2014,export,world,88,29942.408
Kiribati,2014,export,world,89,37544.906
Kiribati,2014,export,world,93,46218.004
Kiribati,2014,import,aus,01,7684046.856
Kiribati,2014,import,aus,02,1874956.4959999998
Kiribati,2014,import,aus,03,142752.088
Kiribati,2014,import,aus,04,14093909.136
Kiribati,2014,import,aus,05,1457877.788
Kiribati,2014,import,aus,06,2556237.0379999997
Kiribati,2014,import,aus,07,608980.67
Kiribati,2014,import,aus,08,351631.2
Kiribati,2014,import,aus,09,1799896.2719999999
Kiribati,2014,import,aus,11,2236451.972
Kiribati,2014,import,aus,12,10667952.774
Kiribati,2014,import,aus,22,35577.61
Kiribati,2014,import,aus,24,52864.534
Kiribati,2014,import,aus,26,510408.37
Kiribati,2014,import,aus,27,946966.7779999999
Kiribati,2014,import,aus,28,415.998
Kiribati,2014,import,aus,29,847.578
Kiribati,2014,import,aus,33,876412.107
Kiribati,2014,import,aus,34,140.17
Kiribati,2014,import,aus,41,127.948
Kiribati,2014,import,aus,42,50070.078
Kiribati,2014,import,aus,43,21838.008
Kiribati,2014,import,aus,51,2497.614
Kiribati,2014,import,aus,52,124416.954
Kiribati,2014,import,aus,53,23081.866
Kiribati,2014,import,aus,54,242810.728
Kiribati,2014,import,aus,55,272380.126
Kiribati,2014,import,aus,56,1460.218
Kiribati,2014,import,aus,57,143769.624
Kiribati,2014,import,aus,58,79658.412
Kiribati,2014,import,aus,59,429136.936
Kiribati,2014,import,aus,62,330532.556
Kiribati,2014,import,aus,63,19969.392
Kiribati,2014,import,aus,64,97717.68000000001
Kiribati,2014,import,aus,65,218496.77399999998
Kiribati,2014,import,aus,66,236010.39899999998
Kiribati,2014,import,aus,67,26037.326
Kiribati,2014,import,aus,68,60554.034
Kiribati,2014,import,aus,69,710387.592
Kiribati,2014,import,aus,71,214329.26200000002
Kiribati,2014,import,aus,72,199531.936
Kiribati,2014,import,aus,73,48894.876
Kiribati,2014,import,aus,74,588459.148
Kiribati,2014,import,aus,75,348450.209
Kiribati,2014,import,aus,76,111286.348
Kiribati,2014,import,aus,77,441433.30700000003
Kiribati,2014,import,aus,78,1114121.217
Kiribati,2014,import,aus,79,1240093.964
Kiribati,2014,import,aus,81,90554.54
Kiribati,2014,import,aus,82,143276.336
Kiribati,2014,import,aus,83,54675.971999999994
Kiribati,2014,import,aus,84,238603.554
Kiribati,2014,import,aus,85,40615.95
Kiribati,2014,import,aus,87,154260.337
Kiribati,2014,import,aus,88,21386.766
Kiribati,2014,import,aus,89,859891.2980000001
Kiribati,2014,import,china,01,848546.69
Kiribati,2014,import,china,02,25632.036
Kiribati,2014,import,china,03,1440190.2119999998
Kiribati,2014,import,china,04,855532.76
Kiribati,2014,import,china,05,78418.62999999999
Kiribati,2014,import,china,06,158029.972
Kiribati,2014,import,china,07,12735.824
Kiribati,2014,import,china,08,7.222
Kiribati,2014,import,china,09,378573.696
Kiribati,2014,import,china,11,88272.598
Kiribati,2014,import,china,12,205.472
Kiribati,2014,import,china,22,408.416
Kiribati,2014,import,china,23,241.92200000000003
Kiribati,2014,import,china,24,1154.132
Kiribati,2014,import,china,25,1626.748
Kiribati,2014,import,china,26,3719.086
Kiribati,2014,import,china,27,46368.25
Kiribati,2014,import,china,29,280.86400000000003
Kiribati,2014,import,china,33,19764.244
Kiribati,2014,import,china,42,31513.873999999996
Kiribati,2014,import,china,51,525.0260000000001
Kiribati,2014,import,china,52,3162.142
Kiribati,2014,import,china,53,69041.25
Kiribati,2014,import,china,54,6650.212
Kiribati,2014,import,china,55,143437.29
Kiribati,2014,import,china,57,460.702
Kiribati,2014,import,china,58,67929.598
Kiribati,2014,import,china,59,96722.49799999999
Kiribati,2014,import,china,61,2016.694
Kiribati,2014,import,china,62,283403.604
Kiribati,2014,import,china,63,475712.208
Kiribati,2014,import,china,64,880157.856
Kiribati,2014,import,china,65,1070556.264
Kiribati,2014,import,china,66,475979.46
Kiribati,2014,import,china,67,108930.042
Kiribati,2014,import,china,68,16676.774
Kiribati,2014,import,china,69,1691771.546
Kiribati,2014,import,china,71,35901.835999999996
Kiribati,2014,import,china,72,1044132.892
Kiribati,2014,import,china,73,5123.808
Kiribati,2014,import,china,74,438082.949
Kiribati,2014,import,china,75,342658.154
Kiribati,2014,import,china,76,342687.33
Kiribati,2014,import,china,77,604308.589
Kiribati,2014,import,china,78,1569166.354
Kiribati,2014,import,china,79,44930.526
Kiribati,2014,import,china,81,289480.04500000004
Kiribati,2014,import,china,82,333241.79600000003
Kiribati,2014,import,china,83,118419.79
Kiribati,2014,import,china,84,550178.486
Kiribati,2014,import,china,85,156272.298
Kiribati,2014,import,china,87,18275.248
Kiribati,2014,import,china,88,46175.65
Kiribati,2014,import,china,89,990641.674
Kiribati,2014,import,china,93,5907.238
Kiribati,2014,import,china,97,203.106
Kiribati,2014,import,world,01,13033207.12
Kiribati,2014,import,world,02,3850174.598
Kiribati,2014,import,world,03,3598822.91
Kiribati,2014,import,world,04,23606927.978
Kiribati,2014,import,world,05,8571418.425
Kiribati,2014,import,world,06,11409217.151
Kiribati,2014,import,world,07,1131126.229
Kiribati,2014,import,world,08,678652.1960000001
Kiribati,2014,import,world,09,3720246.342
Kiribati,2014,import,world,11,5434850.701
Kiribati,2014,import,world,12,12583327.188
Kiribati,2014,import,world,21,1662.62
Kiribati,2014,import,world,22,52542.922
Kiribati,2014,import,world,23,241.92200000000003
Kiribati,2014,import,world,24,2098482.89
Kiribati,2014,import,world,25,2251.412
Kiribati,2014,import,world,26,925882.7019999999
Kiribati,2014,import,world,27,6503555.578
Kiribati,2014,import,world,28,10122.302
Kiribati,2014,import,world,29,7548.248
Kiribati,2014,import,world,33,23727164.639000002
Kiribati,2014,import,world,34,778424.538
Kiribati,2014,import,world,35,11.716
Kiribati,2014,import,world,41,2748.472
Kiribati,2014,import,world,42,655168.2320000001
Kiribati,2014,import,world,43,96672.124
Kiribati,2014,import,world,51,99977.86600000001
Kiribati,2014,import,world,52,361020.424
Kiribati,2014,import,world,53,1367314.417
Kiribati,2014,import,world,54,1362189.599
Kiribati,2014,import,world,55,3431750.903
Kiribati,2014,import,world,56,3911.252
Kiribati,2014,import,world,57,350163.327
Kiribati,2014,import,world,58,1907879.764
Kiribati,2014,import,world,59,1006548.698
Kiribati,2014,import,world,61,6288.518
Kiribati,2014,import,world,62,1562118.903
Kiribati,2014,import,world,63,2848641.6720000003
Kiribati,2014,import,world,64,2517333.6780000003
Kiribati,2014,import,world,65,3630252.201
Kiribati,2014,import,world,66,4495667.036
Kiribati,2014,import,world,67,1714837.676
Kiribati,2014,import,world,68,285158.226
Kiribati,2014,import,world,69,13776370.518
Kiribati,2014,import,world,71,2008845.379
Kiribati,2014,import,world,72,4788615.3270000005
Kiribati,2014,import,world,73,91548.586
Kiribati,2014,import,world,74,5339775.225
Kiribati,2014,import,world,75,2576531.758
Kiribati,2014,import,world,76,1547735.5189999999
Kiribati,2014,import,world,77,21064347.005999997
Kiribati,2014,import,world,78,15811490.473000001
Kiribati,2014,import,world,79,1714537.864
Kiribati,2014,import,world,81,1686767.5799999998
Kiribati,2014,import,world,82,2091227.078
Kiribati,2014,import,world,83,445631.976
Kiribati,2014,import,world,84,2371978.073
Kiribati,2014,import,world,85,450447.424
Kiribati,2014,import,world,87,908584.155
Kiribati,2014,import,world,88,134902.394
Kiribati,2014,import,world,89,6709279.899
Kiribati,2014,import,world,93,9754.076
Kiribati,2014,import,world,97,203.106
Kiribati,2015,export,aus,03,486705.408
Kiribati,2015,export,aus,12,3170.004
Kiribati,2015,export,aus,28,11289.186
Kiribati,2015,export,aus,33,104517.994
Kiribati,2015,export,aus,54,6083.818
Kiribati,2015,export,aus,65,75261.24
Kiribati,2015,export,aus,66,15052.248
Kiribati,2015,export,aus,69,1146.018
Kiribati,2015,export,aus,71,3601.25
Kiribati,2015,export,aus,74,72250.79
Kiribati,2015,export,aus,96,4884.484
Kiribati,2015,export,china,03,1634567.262
Kiribati,2015,export,world,03,9367797.624
Kiribati,2015,export,world,04,9151.766
Kiribati,2015,export,world,06,66019.16
Kiribati,2015,export,world,08,100321.728
Kiribati,2015,export,world,11,36125.396
Kiribati,2015,export,world,12,22926.08
Kiribati,2015,export,world,24,138.48
Kiribati,2015,export,world,27,590.048
Kiribati,2015,export,world,28,22578.372
Kiribati,2015,export,world,33,1934887.304
Kiribati,2015,export,world,42,4923099.618
Kiribati,2015,export,world,52,233.31
Kiribati,2015,export,world,53,85.798
Kiribati,2015,export,world,54,10298.372
Kiribati,2015,export,world,58,9686.122
Kiribati,2015,export,world,59,484.682
Kiribati,2015,export,world,61,752.612
Kiribati,2015,export,world,62,4619.91
Kiribati,2015,export,world,63,7.526
Kiribati,2015,export,world,64,45957.856
Kiribati,2015,export,world,65,77958.602
Kiribati,2015,export,world,66,15470.702
Kiribati,2015,export,world,67,9371.53
Kiribati,2015,export,world,68,79024.302
Kiribati,2015,export,world,69,286665.04
Kiribati,2015,export,world,71,53606.322
Kiribati,2015,export,world,72,1142390.362
Kiribati,2015,export,world,73,25040.92
Kiribati,2015,export,world,74,368040.708
Kiribati,2015,export,world,75,556.934
Kiribati,2015,export,world,76,5405.804
Kiribati,2015,export,world,77,21898.158
Kiribati,2015,export,world,78,1265266.378
Kiribati,2015,export,world,79,2300.6459999999997
Kiribati,2015,export,world,81,32827.448000000004
Kiribati,2015,export,world,82,2557.376
Kiribati,2015,export,world,84,15.052
Kiribati,2015,export,world,87,42942.558000000005
Kiribati,2015,export,world,88,307.066
Kiribati,2015,export,world,89,25126.718
Kiribati,2015,export,world,96,4884.484
Kiribati,2015,import,aus,01,6429624.4350000005
Kiribati,2015,import,aus,02,1285754.341
Kiribati,2015,import,aus,03,39159.462
Kiribati,2015,import,aus,04,12519640.64
Kiribati,2015,import,aus,05,970718.456
Kiribati,2015,import,aus,06,833634.3160000001
Kiribati,2015,import,aus,07,392906.194
Kiribati,2015,import,aus,08,233894.924
Kiribati,2015,import,aus,09,1102714.7280000001
Kiribati,2015,import,aus,11,1599225.9239999999
Kiribati,2015,import,aus,12,5461305.99
Kiribati,2015,import,aus,22,465.88199999999995
Kiribati,2015,import,aus,23,8289.272
Kiribati,2015,import,aus,24,12756.960000000001
Kiribati,2015,import,aus,25,121.924
Kiribati,2015,import,aus,26,444466.558
Kiribati,2015,import,aus,27,28211.766
Kiribati,2015,import,aus,29,620.5880000000001
Kiribati,2015,import,aus,33,344100.47
Kiribati,2015,import,aus,41,18781.292
Kiribati,2015,import,aus,42,16350.232
Kiribati,2015,import,aus,43,4477.292
Kiribati,2015,import,aus,51,14220.16
Kiribati,2015,import,aus,52,103047.978
Kiribati,2015,import,aus,53,41570.216
Kiribati,2015,import,aus,54,571674.534
Kiribati,2015,import,aus,55,446188.114
Kiribati,2015,import,aus,56,130.94
Kiribati,2015,import,aus,57,194529.08
Kiribati,2015,import,aus,58,535646.948
Kiribati,2015,import,aus,59,408587.776
Kiribati,2015,import,aus,62,262730.984
Kiribati,2015,import,aus,63,40851.754
Kiribati,2015,import,aus,64,145077.04200000002
Kiribati,2015,import,aus,65,228793.17599999998
Kiribati,2015,import,aus,66,204517.934
Kiribati,2015,import,aus,67,170075.834
Kiribati,2015,import,aus,68,40627.026
Kiribati,2015,import,aus,69,1529686.8
Kiribati,2015,import,aus,71,446272.378
Kiribati,2015,import,aus,72,810785.184
Kiribati,2015,import,aus,73,5909.619
Kiribati,2015,import,aus,74,1287571.955
Kiribati,2015,import,aus,75,34926.14
Kiribati,2015,import,aus,76,197671.133
Kiribati,2015,import,aus,77,885560.205
Kiribati,2015,import,aus,78,871123.072
Kiribati,2015,import,aus,79,155379.99
Kiribati,2015,import,aus,81,764910.836
Kiribati,2015,import,aus,82,35397.454
Kiribati,2015,import,aus,83,16300.411999999998
Kiribati,2015,import,aus,84,319767.162
Kiribati,2015,import,aus,85,56590.566
Kiribati,2015,import,aus,87,311931.816
Kiribati,2015,import,aus,88,96669.602
Kiribati,2015,import,aus,89,625124.826
Kiribati,2015,import,aus,93,2074.35
Kiribati,2015,import,aus,96,752612.4
Kiribati,2015,import,china,01,1392632.932
Kiribati,2015,import,china,02,34846.752
Kiribati,2015,import,china,03,1161289.784
Kiribati,2015,import,china,04,223902.86399999997
Kiribati,2015,import,china,05,95432.14199999999
Kiribati,2015,import,china,06,89544.696
Kiribati,2015,import,china,07,38166.224
Kiribati,2015,import,china,09,265042.22599999997
Kiribati,2015,import,china,11,54477.85
Kiribati,2015,import,china,12,16930.92
Kiribati,2015,import,china,22,5435.698
Kiribati,2015,import,china,23,325.128
Kiribati,2015,import,china,24,7891.172
Kiribati,2015,import,china,25,320.01
Kiribati,2015,import,china,26,2497.77
Kiribati,2015,import,china,27,364.852
Kiribati,2015,import,china,29,957.7159999999999
Kiribati,2015,import,china,33,30294.816
Kiribati,2015,import,china,34,81.282
Kiribati,2015,import,china,42,60549.204
Kiribati,2015,import,china,51,5644.592
Kiribati,2015,import,china,52,926.978
Kiribati,2015,import,china,53,72746.68800000001
Kiribati,2015,import,china,54,112691.666
Kiribati,2015,import,china,55,154203.932
Kiribati,2015,import,china,57,1115.07
Kiribati,2015,import,china,58,236359.2
Kiribati,2015,import,china,59,127365.892
Kiribati,2015,import,china,62,412588.07800000004
Kiribati,2015,import,china,63,139962.018
Kiribati,2015,import,china,64,998196.058
Kiribati,2015,import,china,65,954231.136
Kiribati,2015,import,china,66,224886.335
Kiribati,2015,import,china,67,33597.146
Kiribati,2015,import,china,68,65536.6
Kiribati,2015,import,china,69,1255768.454
Kiribati,2015,import,china,71,302310.538
Kiribati,2015,import,china,72,133594.83
Kiribati,2015,import,china,73,12982.172
Kiribati,2015,import,china,74,612566.508
Kiribati,2015,import,china,75,180452.49
Kiribati,2015,import,china,76,7916573.183
Kiribati,2015,import,china,77,438288.034
Kiribati,2015,import,china,78,2048598.503
Kiribati,2015,import,china,79,3142409.0300000003
Kiribati,2015,import,china,81,164251.426
Kiribati,2015,import,china,82,138190.098
Kiribati,2015,import,china,83,88413.74399999999
Kiribati,2015,import,china,84,858665.796
Kiribati,2015,import,china,85,71029.812
Kiribati,2015,import,china,87,47708.762
Kiribati,2015,import,china,88,89506.868
Kiribati,2015,import,china,89,1120322.932
Kiribati,2015,import,world,01,10777074.007000001
Kiribati,2015,import,world,02,4475029.221
Kiribati,2015,import,world,03,3118832.034
Kiribati,2015,import,world,04,25263205.74
Kiribati,2015,import,world,05,6218391.62
Kiribati,2015,import,world,06,5080495.0600000005
Kiribati,2015,import,world,07,956872.912
Kiribati,2015,import,world,08,402694.626
Kiribati,2015,import,world,09,2733937.292
Kiribati,2015,import,world,11,4883081.622
Kiribati,2015,import,world,12,7850483.8379999995
Kiribati,2015,import,world,22,19664.512
Kiribati,2015,import,world,23,8917.132000000001
Kiribati,2015,import,world,24,2129898.21
Kiribati,2015,import,world,25,2337.734
Kiribati,2015,import,world,26,627414.394
Kiribati,2015,import,world,27,8942861.527999999
Kiribati,2015,import,world,28,13621.596
Kiribati,2015,import,world,29,1510878.202
Kiribati,2015,import,world,32,2324.068
Kiribati,2015,import,world,33,15628357.739999998
Kiribati,2015,import,world,34,539415.49
Kiribati,2015,import,world,41,124399.65
Kiribati,2015,import,world,42,1055883.1199999999
Kiribati,2015,import,world,43,61013.368
Kiribati,2015,import,world,51,104859.738
Kiribati,2015,import,world,52,519598.396
Kiribati,2015,import,world,53,1358903.416
Kiribati,2015,import,world,54,1685647.8199999998
Kiribati,2015,import,world,55,2744219.06
Kiribati,2015,import,world,56,30416.061999999998
Kiribati,2015,import,world,57,338876.03
Kiribati,2015,import,world,58,2297675.217
Kiribati,2015,import,world,59,1212987.57
Kiribati,2015,import,world,61,1493.8600000000001
Kiribati,2015,import,world,62,1410783.5799999998
Kiribati,2015,import,world,63,5653307.424
Kiribati,2015,import,world,64,3160498.114
Kiribati,2015,import,world,65,3177352.975
Kiribati,2015,import,world,66,6256565.052
Kiribati,2015,import,world,67,922798.807
Kiribati,2015,import,world,68,224981.223
Kiribati,2015,import,world,69,10202375.188
Kiribati,2015,import,world,71,2779574.231
Kiribati,2015,import,world,72,3865274.036
Kiribati,2015,import,world,73,115803.656
Kiribati,2015,import,world,74,8535565.993
Kiribati,2015,import,world,75,2826873.332
Kiribati,2015,import,world,76,10186302.822999999
Kiribati,2015,import,world,77,10571915.917
Kiribati,2015,import,world,78,17098169.78
Kiribati,2015,import,world,79,5389717.724
Kiribati,2015,import,world,81,4928259.86
Kiribati,2015,import,world,82,1413367.237
Kiribati,2015,import,world,83,257374.73
Kiribati,2015,import,world,84,2247782.404
Kiribati,2015,import,world,85,353145.232
Kiribati,2015,import,world,87,929383.5630000001
Kiribati,2015,import,world,88,368277.245
Kiribati,2015,import,world,89,5108247.297
Kiribati,2015,import,world,93,2287.294
Kiribati,2015,import,world,96,752612.4
Kiribati,2016,export,aus,03,293526.0
Kiribati,2016,export,aus,08,86400.0
Kiribati,2016,export,aus,12,40920.0
Kiribati,2016,export,aus,23,80.0
Kiribati,2016,export,aus,24,260.0
Kiribati,2016,export,aus,27,10.0
Kiribati,2016,export,aus,28,24822.0
Kiribati,2016,export,aus,33,28531.2
Kiribati,2016,export,aus,51,50.0
Kiribati,2016,export,aus,52,20.0
Kiribati,2016,export,aus,54,22222.0
Kiribati,2016,export,aus,57,560.0
Kiribati,2016,export,aus,58,3440.0
Kiribati,2016,export,aus,62,520.0
Kiribati,2016,export,aus,63,690.0
Kiribati,2016,export,aus,64,210240.0
Kiribati,2016,export,aus,65,814.0
Kiribati,2016,export,aus,66,670.0
Kiribati,2016,export,aus,67,14.0
Kiribati,2016,export,aus,68,16414.0
Kiribati,2016,export,aus,69,224.0
Kiribati,2016,export,aus,72,644.0
Kiribati,2016,export,aus,73,1838.0
Kiribati,2016,export,aus,74,3200.0
Kiribati,2016,export,aus,76,8464.0
Kiribati,2016,export,aus,77,1232.0
Kiribati,2016,export,aus,78,14230.0
Kiribati,2016,export,aus,79,14000.0
Kiribati,2016,export,aus,83,60.0
Kiribati,2016,export,aus,84,180.0
Kiribati,2016,export,aus,87,94.0
Kiribati,2016,export,aus,88,2520.0
Kiribati,2016,export,aus,89,8692.0
Kiribati,2016,export,aus,93,37000.0
Kiribati,2016,export,world,03,6644060.18
Kiribati,2016,export,world,08,108600.0
Kiribati,2016,export,world,12,79160.0
Kiribati,2016,export,world,22,2131600.0
Kiribati,2016,export,world,23,304.0
Kiribati,2016,export,world,24,370.0
Kiribati,2016,export,world,26,134.0
Kiribati,2016,export,world,27,124.0
Kiribati,2016,export,world,28,24978.0
Kiribati,2016,export,world,29,511260.0
Kiribati,2016,export,world,32,16000.0
Kiribati,2016,export,world,33,1848124.6
Kiribati,2016,export,world,42,7785996.0
Kiribati,2016,export,world,51,496.0
Kiribati,2016,export,world,52,20.0
Kiribati,2016,export,world,54,22942.0
Kiribati,2016,export,world,55,600.0
Kiribati,2016,export,world,57,560.0
Kiribati,2016,export,world,58,4846.0
Kiribati,2016,export,world,62,4202.0
Kiribati,2016,export,world,63,690.0
Kiribati,2016,export,world,64,351898.82
Kiribati,2016,export,world,65,120546.0
Kiribati,2016,export,world,66,5412.0
Kiribati,2016,export,world,67,572.0
Kiribati,2016,export,world,68,194198.0
Kiribati,2016,export,world,69,332821.6
Kiribati,2016,export,world,71,90348.0
Kiribati,2016,export,world,72,530784.0
Kiribati,2016,export,world,73,33514.0
Kiribati,2016,export,world,74,310380.0
Kiribati,2016,export,world,75,18992.0
Kiribati,2016,export,world,76,10651.0
Kiribati,2016,export,world,77,109286.0
Kiribati,2016,export,world,78,1008504.0
Kiribati,2016,export,world,79,16228.0
Kiribati,2016,export,world,82,3218.0
Kiribati,2016,export,world,83,60.0
Kiribati,2016,export,world,84,192.0
Kiribati,2016,export,world,87,58466.0
Kiribati,2016,export,world,88,33170.0
Kiribati,2016,export,world,89,41592.0
Kiribati,2016,export,world,93,51200.0
Kiribati,2016,import,aus,01,7264494.739999999
Kiribati,2016,import,aus,02,1853743.8800000001
Kiribati,2016,import,aus,03,135187.08000000002
Kiribati,2016,import,aus,04,15322541.84
Kiribati,2016,import,aus,05,1411469.54
Kiribati,2016,import,aus,06,2356297.56
Kiribati,2016,import,aus,07,565819.0599999999
Kiribati,2016,import,aus,08,351717.96
Kiribati,2016,import,aus,09,1750000.2
Kiribati,2016,import,aus,11,1693057.24
Kiribati,2016,import,aus,12,10757042.8
Kiribati,2016,import,aus,22,35033.42
Kiribati,2016,import,aus,24,57809.24
Kiribati,2016,import,aus,26,465049.22
Kiribati,2016,import,aus,27,1045357.54
Kiribati,2016,import,aus,28,409.6
Kiribati,2016,import,aus,29,834.72
Kiribati,2016,import,aus,33,838032.36
Kiribati,2016,import,aus,34,150.96
Kiribati,2016,import,aus,41,126.0
Kiribati,2016,import,aus,42,44337.1
Kiribati,2016,import,aus,43,21504.0
Kiribati,2016,import,aus,51,2729.06
Kiribati,2016,import,aus,52,136060.56
Kiribati,2016,import,aus,53,24781.0
Kiribati,2016,import,aus,54,268904.12
Kiribati,2016,import,aus,55,245692.68
Kiribati,2016,import,aus,56,1549.0
Kiribati,2016,import,aus,57,140470.8
Kiribati,2016,import,aus,58,84836.84
Kiribati,2016,import,aus,59,435251.83999999997
Kiribati,2016,import,aus,62,327082.6
Kiribati,2016,import,aus,63,21295.5
Kiribati,2016,import,aus,64,97537.26
Kiribati,2016,import,aus,65,218981.53999999998
Kiribati,2016,import,aus,66,228697.63999999998
Kiribati,2016,import,aus,67,28400.36
Kiribati,2016,import,aus,68,57973.46
Kiribati,2016,import,aus,69,751688.28
Kiribati,2016,import,aus,71,215826.9
Kiribati,2016,import,aus,72,214454.68
Kiribati,2016,import,aus,73,50551.14
Kiribati,2016,import,aus,74,613075.28
Kiribati,2016,import,aus,75,369202.12
Kiribati,2016,import,aus,76,118142.8
Kiribati,2016,import,aus,77,439087.96
Kiribati,2016,import,aus,78,1021197.62
Kiribati,2016,import,aus,79,1370627.9
Kiribati,2016,import,aus,81,92282.24
Kiribati,2016,import,aus,82,157068.82
Kiribati,2016,import,aus,83,57436.619999999995
Kiribati,2016,import,aus,84,260296.3
Kiribati,2016,import,aus,85,44245.34
Kiribati,2016,import,aus,87,169661.30000000002
Kiribati,2016,import,aus,88,22301.6
Kiribati,2016,import,aus,89,880268.66
Kiribati,2016,import,china,01,817538.0
Kiribati,2016,import,china,02,25130.24
Kiribati,2016,import,china,03,1408610.68
Kiribati,2016,import,china,04,932718.3400000001
Kiribati,2016,import,china,05,74381.78
Kiribati,2016,import,china,06,144176.9
Kiribati,2016,import,china,07,12393.64
Kiribati,2016,import,china,08,8.0
Kiribati,2016,import,china,09,370285.54
Kiribati,2016,import,china,11,82946.18
Kiribati,2016,import,china,12,200.0
Kiribati,2016,import,china,22,402.2
Kiribati,2016,import,china,23,268.0
Kiribati,2016,import,china,24,1158.8
Kiribati,2016,import,china,25,1615.6
Kiribati,2016,import,china,26,4072.48
Kiribati,2016,import,china,27,51222.96
Kiribati,2016,import,china,29,283.65999999999997
Kiribati,2016,import,china,33,19459.46
Kiribati,2016,import,china,42,31022.36
Kiribati,2016,import,china,51,516.86
Kiribati,2016,import,china,52,3224.0
Kiribati,2016,import,china,53,70241.98
Kiribati,2016,import,china,54,7308.06
Kiribati,2016,import,china,55,130260.68
Kiribati,2016,import,china,57,453.62
Kiribati,2016,import,china,58,66916.36
Kiribati,2016,import,china,59,96904.84
Kiribati,2016,import,china,61,1871.84
Kiribati,2016,import,china,62,277976.44
Kiribati,2016,import,china,63,470232.66
Kiribati,2016,import,china,64,864825.96
Kiribati,2016,import,china,65,1076873.38
Kiribati,2016,import,china,66,465277.22000000003
Kiribati,2016,import,china,67,107954.04
Kiribati,2016,import,china,68,16888.72
Kiribati,2016,import,china,69,1778784.9200000002
Kiribati,2016,import,china,71,38280.08
Kiribati,2016,import,china,72,1144311.74
Kiribati,2016,import,china,73,5219.14
Kiribati,2016,import,china,74,435997.5
Kiribati,2016,import,china,75,330054.74
Kiribati,2016,import,china,76,335820.9
Kiribati,2016,import,china,77,591365.46
Kiribati,2016,import,china,78,1569358.54
Kiribati,2016,import,china,79,44370.0
Kiribati,2016,import,china,81,287360.1
Kiribati,2016,import,china,82,327619.46
Kiribati,2016,import,china,83,115452.5
Kiribati,2016,import,china,84,515729.76
Kiribati,2016,import,china,85,150364.1
Kiribati,2016,import,china,87,18103.16
Kiribati,2016,import,china,88,45095.38
Kiribati,2016,import,china,89,973126.36
Kiribati,2016,import,china,93,5454.0
Kiribati,2016,import,china,97,200.0
Kiribati,2016,import,world,01,12384620.28
Kiribati,2016,import,world,02,3794385.48
Kiribati,2016,import,world,03,3451488.1
Kiribati,2016,import,world,04,25220807.46
Kiribati,2016,import,world,05,8181054.84
Kiribati,2016,import,world,06,10648337.76
Kiribati,2016,import,world,07,1060428.22
Kiribati,2016,import,world,08,683611.9199999999
Kiribati,2016,import,world,09,3635456.44
Kiribati,2016,import,world,11,4587818.82
Kiribati,2016,import,world,12,12619510.42
Kiribati,2016,import,world,21,1637.1
Kiribati,2016,import,world,22,52129.0
Kiribati,2016,import,world,23,268.0
Kiribati,2016,import,world,24,2144681.92
Kiribati,2016,import,world,25,2307.6
Kiribati,2016,import,world,26,878235.72
Kiribati,2016,import,world,27,7189762.68
Kiribati,2016,import,world,28,10247.439999999999
Kiribati,2016,import,world,29,7934.96
Kiribati,2016,import,world,33,25340985.14
Kiribati,2016,import,world,34,724648.4199999999
Kiribati,2016,import,world,35,11.48
Kiribati,2016,import,world,41,2879.0
Kiribati,2016,import,world,42,627092.06
Kiribati,2016,import,world,43,95194.0
Kiribati,2016,import,world,51,105732.36
Kiribati,2016,import,world,52,395635.78
Kiribati,2016,import,world,53,1410469.5
Kiribati,2016,import,world,54,1508869.6400000001
Kiribati,2016,import,world,55,3425343.76
Kiribati,2016,import,world,56,4264.24
Kiribati,2016,import,world,57,338673.16000000003
Kiribati,2016,import,world,58,2042396.16
Kiribati,2016,import,world,59,1028266.22
Kiribati,2016,import,world,61,6532.64
Kiribati,2016,import,world,62,1610519.96
Kiribati,2016,import,world,63,2877282.76
Kiribati,2016,import,world,64,2481251.44
Kiribati,2016,import,world,65,3692835.1
Kiribati,2016,import,world,66,4684718.199999999
Kiribati,2016,import,world,67,1822684.02
Kiribati,2016,import,world,68,285986.26
Kiribati,2016,import,world,69,14696625.48
Kiribati,2016,import,world,71,2099300.08
Kiribati,2016,import,world,72,5253049.88
Kiribati,2016,import,world,73,95776.48
Kiribati,2016,import,world,74,5674921.46
Kiribati,2016,import,world,75,2638036.7
Kiribati,2016,import,world,76,1563819.46
Kiribati,2016,import,world,77,23033011.779999997
Kiribati,2016,import,world,78,14752871.74
Kiribati,2016,import,world,79,1874717.02
Kiribati,2016,import,world,81,1770364.8599999999
Kiribati,2016,import,world,82,2134987.64
Kiribati,2016,import,world,83,438283.16000000003
Kiribati,2016,import,world,84,2393576.4
Kiribati,2016,import,world,85,456403.82
Kiribati,2016,import,world,87,998876.8200000001
Kiribati,2016,import,world,88,131909.1
Kiribati,2016,import,world,89,6906657.46
Kiribati,2016,import,world,93,9242.0
Kiribati,2016,import,world,97,200.0
Kiribati,2017,export,aus,03,313433.88
Kiribati,2017,export,aus,25,76.678
Kiribati,2017,export,aus,26,153.354
Kiribati,2017,export,aus,28,26453.676
Kiribati,2017,export,aus,54,1.534
Kiribati,2017,export,aus,58,383.386
Kiribati,2017,export,aus,65,2593.228
Kiribati,2017,export,aus,69,11877.318
Kiribati,2017,export,aus,74,8877.7
Kiribati,2017,export,aus,75,6703.5160000000005
Kiribati,2017,export,aus,76,5367.412
Kiribati,2017,export,aus,77,207.028
Kiribati,2017,export,aus,79,1749914.4619999998
Kiribati,2017,export,aus,87,9446.646
Kiribati,2017,export,aus,89,9659.81
Kiribati,2017,export,aus,96,3067.092
Kiribati,2017,export,china,27,42117.318
Kiribati,2017,export,china,54,495.182
Kiribati,2017,export,china,63,16556.166
Kiribati,2017,export,world,03,6938856.933999999
Kiribati,2017,export,world,04,4855.208
Kiribati,2017,export,world,05,1214.568
Kiribati,2017,export,world,08,84.346
Kiribati,2017,export,world,09,644.09
Kiribati,2017,export,world,22,9679510.244
Kiribati,2017,export,world,25,53262.52
Kiribati,2017,export,world,26,3067.0919999999996
Kiribati,2017,export,world,27,71250.1
Kiribati,2017,export,world,28,77597.448
Kiribati,2017,export,world,29,123795.534
Kiribati,2017,export,world,33,2206470.24
Kiribati,2017,export,world,42,7869813.544
Kiribati,2017,export,world,51,400.256
Kiribati,2017,export,world,52,4600.64
Kiribati,2017,export,world,53,25771.248
Kiribati,2017,export,world,54,8550.9
Kiribati,2017,export,world,55,24927.796
Kiribati,2017,export,world,57,1840.256
Kiribati,2017,export,world,58,1226.838
Kiribati,2017,export,world,59,1331.118
Kiribati,2017,export,world,61,76.678
Kiribati,2017,export,world,62,40669.651999999995
Kiribati,2017,export,world,63,16847.54
Kiribati,2017,export,world,64,7914.634
Kiribati,2017,export,world,65,3360.002
Kiribati,2017,export,world,66,19491.374
Kiribati,2017,export,world,67,368.052
Kiribati,2017,export,world,69,65666.462
Kiribati,2017,export,world,71,38553.356
Kiribati,2017,export,world,72,805602.596
Kiribati,2017,export,world,73,4677.318
Kiribati,2017,export,world,74,71763.84
Kiribati,2017,export,world,75,9735.336
Kiribati,2017,export,world,76,5543.7699999999995
Kiribati,2017,export,world,77,16094.57
Kiribati,2017,export,world,78,97459.94200000001
Kiribati,2017,export,world,79,1857416.064
Kiribati,2017,export,world,81,47110.546
Kiribati,2017,export,world,82,2001.2779999999998
Kiribati,2017,export,world,84,920.128
Kiribati,2017,export,world,87,131440.262
Kiribati,2017,export,world,88,61.342
Kiribati,2017,export,world,89,148196.704
Kiribati,2017,export,world,96,3068.626
Kiribati,2017,import,aus,01,7231406.272
Kiribati,2017,import,aus,02,732429.013
Kiribati,2017,import,aus,03,85479.878
Kiribati,2017,import,aus,04,2110777.8510000003
Kiribati,2017,import,aus,05,771104.585
Kiribati,2017,import,aus,06,2721165.476
Kiribati,2017,import,aus,07,376509.946
Kiribati,2017,import,aus,08,213959.62800000003
Kiribati,2017,import,aus,09,653709.162
Kiribati,2017,import,aus,11,1555062.24
Kiribati,2017,import,aus,12,6194858.17
Kiribati,2017,import,aus,22,130.352
Kiribati,2017,import,aus,24,32528.052
Kiribati,2017,import,aus,26,576108.908
Kiribati,2017,import,aus,27,159536.363
Kiribati,2017,import,aus,29,202.428
Kiribati,2017,import,aus,33,351180.13300000003
Kiribati,2017,import,aus,41,38.338
Kiribati,2017,import,aus,42,5875.016
Kiribati,2017,import,aus,43,381.854
Kiribati,2017,import,aus,51,33066.326
Kiribati,2017,import,aus,52,203555.284
Kiribati,2017,import,aus,53,36351.182
Kiribati,2017,import,aus,54,410457.802
Kiribati,2017,import,aus,55,140674.342
Kiribati,2017,import,aus,56,3654.442
Kiribati,2017,import,aus,57,114752.20999999999
Kiribati,2017,import,aus,58,1168034.814
Kiribati,2017,import,aus,59,278547.234
Kiribati,2017,import,aus,61,9360.768
Kiribati,2017,import,aus,62,226779.306
Kiribati,2017,import,aus,63,107907.99399999999
Kiribati,2017,import,aus,64,153678.114
Kiribati,2017,import,aus,65,495741.87600000005
Kiribati,2017,import,aus,66,478659.701
Kiribati,2017,import,aus,67,296014.32899999997
Kiribati,2017,import,aus,68,60238.898
Kiribati,2017,import,aus,69,1634145.357
Kiribati,2017,import,aus,71,643818.049
Kiribati,2017,import,aus,72,1298717.508
Kiribati,2017,import,aus,73,137579.048
Kiribati,2017,import,aus,74,1533871.511
Kiribati,2017,import,aus,75,242682.181
Kiribati,2017,import,aus,76,441207.432
Kiribati,2017,import,aus,77,1522765.569
Kiribati,2017,import,aus,78,1845262.706
Kiribati,2017,import,aus,79,1765387.944
Kiribati,2017,import,aus,81,112458.02399999999
Kiribati,2017,import,aus,82,331310.43200000003
Kiribati,2017,import,aus,83,30140.322
Kiribati,2017,import,aus,84,273860.408
Kiribati,2017,import,aus,85,102502.23999999999
Kiribati,2017,import,aus,87,859913.141
Kiribati,2017,import,aus,88,104281.156
Kiribati,2017,import,aus,89,557194.841
Kiribati,2017,import,china,01,3100456.408
Kiribati,2017,import,china,02,89644.992
Kiribati,2017,import,china,03,1529138.9880000001
Kiribati,2017,import,china,04,1162549.32
Kiribati,2017,import,china,05,229878.604
Kiribati,2017,import,china,06,300892.538
Kiribati,2017,import,china,07,883.3219999999999
Kiribati,2017,import,china,08,118.082
Kiribati,2017,import,china,09,497921.046
Kiribati,2017,import,china,11,188603.204
Kiribati,2017,import,china,12,8051.118
Kiribati,2017,import,china,22,4119.106
Kiribati,2017,import,china,23,2156.166
Kiribati,2017,import,china,24,4867.476000000001
Kiribati,2017,import,china,26,8643.068
Kiribati,2017,import,china,27,113.482
Kiribati,2017,import,china,28,6776.742
Kiribati,2017,import,china,29,286.774
Kiribati,2017,import,china,33,19226.072
Kiribati,2017,import,china,34,622.62
Kiribati,2017,import,china,41,4076.166
Kiribati,2017,import,china,42,236980.46
Kiribati,2017,import,china,43,21635.272
Kiribati,2017,import,china,51,61.342
Kiribati,2017,import,china,52,14777.252
Kiribati,2017,import,china,53,29189.522
Kiribati,2017,import,china,54,41779.938
Kiribati,2017,import,china,55,237939.536
Kiribati,2017,import,china,57,28106.837999999996
Kiribati,2017,import,china,58,81849.97
Kiribati,2017,import,china,59,114276.808
Kiribati,2017,import,china,62,648349.679
Kiribati,2017,import,china,63,380744.298
Kiribati,2017,import,china,64,1166804.456
Kiribati,2017,import,china,65,850681.188
Kiribati,2017,import,china,66,170820.202
Kiribati,2017,import,china,67,69731.89
Kiribati,2017,import,china,68,53029.728
Kiribati,2017,import,china,69,1021519.792
Kiribati,2017,import,china,71,58392.844
Kiribati,2017,import,china,72,177996.894
Kiribati,2017,import,china,73,8469.778
Kiribati,2017,import,china,74,371006.287
Kiribati,2017,import,china,75,65767.672
Kiribati,2017,import,china,76,578919.596
Kiribati,2017,import,china,77,1209501.91
Kiribati,2017,import,china,78,1859040.091
Kiribati,2017,import,china,79,154770.102
Kiribati,2017,import,china,81,200977.39
Kiribati,2017,import,china,82,132234.64
Kiribati,2017,import,china,83,185945.568
Kiribati,2017,import,china,84,791424.96
Kiribati,2017,import,china,85,129675.152
Kiribati,2017,import,china,87,25365.626
Kiribati,2017,import,china,88,63281.794
Kiribati,2017,import,china,89,1788667.642
Kiribati,2017,import,world,01,12922854.499
Kiribati,2017,import,world,02,4431077.627
Kiribati,2017,import,world,03,3667236.9809999997
Kiribati,2017,import,world,04,25885088.428
Kiribati,2017,import,world,05,4440001.951
Kiribati,2017,import,world,06,10374311.917000001
Kiribati,2017,import,world,07,1457083.543
Kiribati,2017,import,world,08,405562.448
Kiribati,2017,import,world,09,2882157.579
Kiribati,2017,import,world,11,5262989.5540000005
Kiribati,2017,import,world,12,12032413.847
Kiribati,2017,import,world,22,15987.222
Kiribati,2017,import,world,23,33139.938
