country,year,partner,import_index,export_index,gdp_usd,gdp_source,import_openness,export_openness,import_index_gdp,export_index_gdp
Fiji,2000,aus,0.39275373338583236,0.21038577863437313,1678219507.89829,world_bank_wdi,0.4565807227205936,0.4188481817734901,0.17932378344051467,0.08811970085200717
Fiji,2000,china,0.02086242156025839,0.000760911083364299,1678219507.89829,world_bank_wdi,0.4565807227205936,0.4188481817734901,0.00952537951368447,0.0003187062237584332
Fiji,2000,us,0.04846308920503485,0.14819047944059577,1678219507.89829,world_bank_wdi,0.4565807227205936,0.4188481817734901,0.022127312294507408,0.0620693128698353
Fiji,2001,aus,0.35175401182876603,0.17103826938242506,1652462023.46215,world_bank_wdi,0.4540925333508503,0.4292455382507899,0.15972887034764935,0.07341741400254265
Fiji,2001,china,0.028568751174656962,0.0004261256104619583,1652462023.46215,world_bank_wdi,0.4540925333508503,0.4292455382507899,0.01297285659557006,0.00018291251702518972
Fiji,2001,us,0.04932736693006109,0.1690692131743326,1652462023.46215,world_bank_wdi,0.4540925333508503,0.4292455382507899,0.022399189012798394,0.07257220541065394
Fiji,2002,aus,0.3808233062782165,0.25174279942444144,1833279985.36741,world_bank_wdi,0.44792866144525467,0.40218711821709685,0.17058167382835776,0.10124771103242074
Fiji,2002,china,0.039793957141943954,0.00030446143821892145,1833279985.36741,world_bank_wdi,0.44792866144525467,0.40218711821709685,0.017824853956200787,0.0001224504684455007
Fiji,2002,us,0.0432224148598143,0.1356052204038377,1833279985.36741,world_bank_wdi,0.44792866144525467,0.40218711821709685,0.019360558432588104,0.054538672809413755
Fiji,2003,aus,0.3512404144780131,0.18178645203724328,2300492465.32276,world_bank_wdi,0.5010438418620436,0.329031350682473,0.17598684668728026,0.059813441849588755
Fiji,2003,china,0.02933769634252554,0.005586874604018638,2300492465.32276,world_bank_wdi,0.5010438418620436,0.329031350682473,0.014699472086841022,0.0018382568970538593
Fiji,2003,us,0.08590413767431637,0.1630558885803813,2300492465.32276,world_bank_wdi,0.5010438418620436,0.329031350682473,0.0430417391721854,0.05365049925633369
Fiji,2004,aus,0.33583414911692694,0.19152716318812785,2708078476.63012,world_bank_wdi,0.47598171955637025,0.31535556918672114,0.15985091578242536,0.06039915756191008
Fiji,2004,china,0.035509015184183874,0.004358625111599032,2708078476.63012,world_bank_wdi,0.47598171955637025,0.31535556918672114,0.0169016421071211,0.0013745167029398486
Fiji,2004,us,0.036173928822191316,0.1762252537553267,2708078476.63012,world_bank_wdi,0.47598171955637025,0.31535556918672114,0.017218128843896365,0.055573615203085416
Fiji,2005,aus,0.23989258571924357,0.15204378136319724,2980403844.72096,world_bank_wdi,0.5518630580594999,0.31601079309041746,0.13238785596082248,0.04804747593304999
Fiji,2005,china,0.029505053074804565,0.0024016695477817812,2980403844.72096,world_bank_wdi,0.5518630580594999,0.31601079309041746,0.016282748818069497,0.0007589534985356249
Fiji,2005,us,0.03674030744805073,0.11471639453396812,2980403844.72096,world_bank_wdi,0.5518630580594999,0.31601079309041746,0.020275618422327495,0.0362516188171525
Fiji,2006,aus,0.21988917289187224,0.15870721682482483,3076305452.86506,world_bank_wdi,0.5969463007289192,0.2412802569097024,0.13126202832814488,0.03829291804891758
Fiji,2006,china,0.03530402261795098,0.0025357420097496027,3076305452.86506,world_bank_wdi,0.5969463007289192,0.2412802569097024,0.021074605702635932,0.0006118244835691092
Fiji,2006,us,0.027526742926319604,0.1321322051680658,3076305452.86506,world_bank_wdi,0.5969463007289192,0.2412802569097024,0.01643198736098243,0.03188089240899643
Fiji,2007,aus,0.2231107537730712,0.1047527496004866,3378314599.76402,world_bank_wdi,0.5395013676723037,0.27941375586096573,0.12036855680297051,0.029269359202635237
Fiji,2007,china,0.03222116054727014,0.003857930427124947,3378314599.76402,world_bank_wdi,0.5395013676723037,0.27941375586096573,0.017383360183241114,0.001077958830493281
Fiji,2007,us,0.031521149120166604,0.11615082520640352,3378314599.76402,world_bank_wdi,0.5395013676723037,0.27941375586096573,0.017005703060932516,0.03245413831727174
Fiji,2008,aus,0.18629445749613788,0.107566534669469,3523185919.55826,world_bank_wdi,0.6786529472449152,0.3003350879458187,0.12642928263514655,0.03230600464998193
Fiji,2008,china,0.0402637826935778,0.002310363847786638,3523185919.55826,world_bank_wdi,0.6786529472449152,0.3003350879458187,0.027325134792225383,0.00069388332941184
Fiji,2008,us,0.06383880526716085,0.10630760164422778,3523185919.55826,world_bank_wdi,0.6786529472449152,0.3003350879458187,0.043324393343152925,0.03192790288912821
Fiji,2009,aus,0.21344255065576845,0.12501930668717862,2870624635.68032,world_bank_wdi,0.5186955502620499,0.2786225655763759,0.11071170126172929,0.034833199975761474
Fiji,2009,china,0.05338306499671613,0.009020622981777294,2870624635.68032,world_bank_wdi,0.5186955502620499,0.2786225655763759,0.02768955827314645,0.0025133491182800075
Fiji,2009,us,0.04261039874455015,0.08750284448716228,2870624635.68032,world_bank_wdi,0.5186955502620499,0.2786225655763759,0.022101824223689802,0.024380267026243792
Fiji,2010,aus,0.1983490956073067,0.18764297276808617,3140166712.79624,world_bank_wdi,0.5898556625837938,0.30063276050059096,0.11699733721234418,0.05641162489180696
Fiji,2010,china,0.05940525240968957,0.007361953009783306,3140166712.79624,world_bank_wdi,0.5898556625837938,0.30063276050059096,0.03504052452107496,0.0022132442560067896
Fiji,2010,us,0.035183227382750336,0.10184873352790084,3140166712.79624,world_bank_wdi,0.5898556625837938,0.30063276050059096,0.020753025899688478,0.030619065913981922
Fiji,2011,aus,0.19391042476544626,0.17337630199603524,3779411899.37483,world_bank_wdi,0.5834143495618282,0.2968303714621763,0.11313012433779066,0.051463352124221595
Fiji,2011,china,0.0821113456846978,0.006346735811286487,3779411899.37483,world_bank_wdi,0.5834143495618282,0.2968303714621763,0.0479049373342844,0.0018839039484364647
Fiji,2011,us,0.05016550560152563,0.09273903290306867,3779411899.37483,world_bank_wdi,0.5834143495618282,0.2968303714621763,0.029267275820954324,0.02752776158566086
Fiji,2012,aus,0.18601526826186138,0.13766022012097842,3972028104.47328,world_bank_wdi,0.5582033673183229,0.331195988648335,0.10383434911639218,0.04559251270051486
Fiji,2012,china,0.0895925329745581,0.012325301677810202,3972028104.47328,world_bank_wdi,0.5582033673183229,0.331195988648335,0.05001085359297621,0.004082090474571332
Fiji,2012,us,0.030816133997052117,0.11435667038908633,3972028104.47328,world_bank_wdi,0.5582033673183229,0.331195988648335,0.01720166976488714,0.037874470508045224
Fiji,2013,aus,0.13179539199961313,0.1262648767996182,4189967998.51424,world_bank_wdi,0.6947038416599276,0.28446658409387593,0.09155876513520733,0.035918138194221474
Fiji,2013,china,0.09677762359972722,0.024212729610117438,4189967998.51424,world_bank_wdi,0.6947038416599276,0.28446658409387593,0.06723178690144897,0.006887712483778752
Fiji,2013,us,0.04403352129321911,0.12369676832638239,4189967998.51424,world_bank_wdi,0.6947038416599276,0.28446658409387593,0.030590256404213537,0.035187597149257545
Fiji,2014,aus,0.13608411744027943,0.10662884639900401,4857104768.86844,world_bank_wdi,0.6882495951963573,0.3063111859426927,0.09365983874092587,0.03266160839618013
Fiji,2014,china,0.13264525996461257,0.05409704628783181,4857104768.86844,world_bank_wdi,0.6882495951963573,0.3063111859426927,0.09129304647536018,0.016570530404422502
Fiji,2014,us,0.0356987040120275,0.11479634703690847,4857104768.86844,world_bank_wdi,0.6882495951963573,0.3063111859426927,0.024569618585312505,0.03516340520276435
Fiji,2015,aus,0.1570969226760262,0.11871067183222629,4682479893.97558,world_bank_wdi,0.4966043935376537,0.25392219997137283,0.07801502201215967,0.03014327495171858
Fiji,2015,china,0.14265530818991326,0.0430325202106149,4682479893.97558,world_bank_wdi,0.4966043935376537,0.25392219997137283,0.07084325280857895,0.010926912202191899
Fiji,2015,us,0.028405176997920487,0.13665226067213013,4682479893.97558,world_bank_wdi,0.4966043935376537,0.25392219997137283,0.014106135696382013,0.03469904266092879
Fiji,2016,aus,0.1703217889904412,0.12268043389357025,4930213644.36653,world_bank_wdi,0.477438048691791,0.22868656701891588,0.08131810258529122,0.028055367267511632
Fiji,2016,china,0.14907619522805385,0.04177387766903104,4930213644.36653,world_bank_wdi,0.477438048691791,0.22868656701891588,0.07117464775607851,0.00955312467519886
Fiji,2016,us,0.02707386975454806,0.14986528913355085,4930213644.36653,world_bank_wdi,0.477438048691791,0.22868656701891588,0.012926095546147124,0.034272178487248985
Fiji,2017,aus,0.16138629807353996,0.11909313420225655,5353469174.47838,world_bank_wdi,0.4622319840369884,0.2369925707330929,0.07459790875491717,0.02822418803125401
Fiji,2017,china,0.1541075708555059,0.03915694344098664,5353469174.47838,world_bank_wdi,0.4622319840369884,0.2369925707330929,0.07123344823166125,0.009279904688129744
Fiji,2017,us,0.027815931080958235,0.145097886605439,5353469174.47838,world_bank_wdi,0.4622319840369884,0.2369925707330929,0.012857413011387457,0.0343871211545618
Fiji,2018,aus,0.1574679436693885,0.1338903091051722,5581425327.44397,world_bank_wdi,0.4883259691029811,0.1801207370914329,0.07689568619500776,0.024116421165423403
Fiji,2018,china,0.16328757500896335,0.056192207952274045,5581425327.44397,world_bank_wdi,0.4883259691029811,0.1801207370914329,0.07973756330872775,0.010121381915158678
Fiji,2018,us,0.02272952646914401,0.18059124726953957,5581425327.44397,world_bank_wdi,0.4883259691029811,0.1801207370914329,0.01109941804029661,0.032528228570450686
Fiji,2019,aus,0.14222381435593007,0.12869467104378646,5344907153.46698,world_bank_wdi,0.5199389458425638,0.1920361296330872,0.07394770010993078,0.02471402653165209
Fiji,2019,china,0.1254336882379352,0.03625982634555141,5344907153.46698,world_bank_wdi,0.5199389458425638,0.1920361296330872,0.06521785963557682,0.006963196712567541
Fiji,2019,us,0.028448074859637008,0.21991687715351368,5344907153.46698,world_bank_wdi,0.5199389458425638,0.1920361296330872,0.014791262053770009,0.04223198592955586
Fiji,2020,aus,0.17856749111216033,0.1498514092601256,4227719873.3865,world_bank_wdi,0.4096096756318097,0.19594746944206215,0.07314297211283806,0.02936300443684841
Fiji,2020,china,0.1631472157063982,0.04959349516043317,4227719873.3865,world_bank_wdi,0.4096096756318097,0.19594746944206215,0.06682667810573066,0.009717719877474036
Fiji,2020,us,0.04044992745647958,0.2024003760625052,4227719873.3865,world_bank_wdi,0.4096096756318097,0.19594746944206215,0.016568681664778834,0.039659841503569625
Fiji,2021,aus,0.16698199654027407,0.1581962159622669,4158873156.17978,world_bank_wdi,0.5205497522287058,0.21456626549766916,0.08692243692569428,0.03394357127488637
Fiji,2021,china,0.14952026132272983,0.0527295569612885,4158873156.17978,world_bank_wdi,0.5205497522287058,0.21456626549766916,0.07783273498471836,0.011313984118530298
Fiji,2021,us,0.10681664230897171,0.23905691301493256,4158873156.17978,world_bank_wdi,0.5205497522287058,0.21456626549766916,0.05560337668783752,0.05129354906701522
Fiji,2022,aus,0.15591832918304296,0.10561850859003158,4977861885.60316,world_bank_wdi,0.6002456495712829,0.2108041376228042,0.09358929878054474,0.022264818620328343
Fiji,2022,china,0.15636052632424716,0.028651958472480303,4977861885.60316,world_bank_wdi,0.6002456495712829,0.2108041376228042,0.09385472569080541,0.006039951396995608
Fiji,2022,us,0.028964255888301337,0.20882573463429563,4977861885.60316,world_bank_wdi,0.6002456495712829,0.2108041376228042,0.01738566859002229,0.044021328903031245
Fiji,2023,aus,0.15471993216967586,0.09725611623178193,5476673518.13788,world_bank_wdi,0.5651784056049465,0.19431542604749583,0.08744436457896287,0.01889836366130348
Fiji,2023,china,0.15047255993953282,0.030426952596227984,5476673518.13788,world_bank_wdi,0.5651784056049465,0.19431542604749583,0.0850438415139199,0.0059124262570629995
Fiji,2023,us,0.05133859608220864,0.19870833374788488,5476673518.13788,world_bank_wdi,0.5651784056049465,0.19431542604749583,0.029015465879739032,0.03861209453140824
Fiji,2024,aus,0.13742142081648703,0.0936570668349272,5968125909.27126,world_bank_wdi,0.5500862717892743,0.25384689549637673,0.07559363704092632,0.023774555657342936
Fiji,2024,china,0.1511396636720447,0.02184497575447737,5968125909.27126,world_bank_wdi,0.5500862717892743,0.25384689549637673,0.08313985410883988,0.0055452792774677
Fiji,2024,us,0.05710350306898879,0.14246764920070104,5968125909.27126,world_bank_wdi,0.5500862717892743,0.25384689549637673,0.031411853109327426,0.03616497045826482
Kiribati,2000,aus,0.431244744106033,0.35841216719422364,74910527.2586758,world_bank_wdi,0.6274162234595226,0.01542438793695957,0.27056994873377543,0.00552828830813012
Kiribati,2000,china,0.01626061015664937,0.0,74910527.2586758,world_bank_wdi,0.6274162234595226,0.01542438793695957,0.010202170615632503,0.0
Kiribati,2000,us,0.0134005939676259,0.0010195170590445246,74910527.2586758,world_bank_wdi,0.6274162234595226,0.01542438793695957,0.008407750059282303,1.5725426627050862e-05
Kiribati,2001,aus,0.5192430465083608,0.24461027587833922,64935850.1573877,world_bank_wdi,0.6330793044267704,0.016268533105203566,0.3287220267119503,0.0039794503709997394
Kiribati,2001,china,0.0092325279408939,0.0,64935850.1573877,world_bank_wdi,0.6330793044267704,0.016268533105203566,0.005844922366921833,0.0
Kiribati,2001,us,0.021021517537989358,0.0009541740603639362,64935850.1573877,world_bank_wdi,0.6330793044267704,0.016268533105203566,0.013308287700945458,1.5523012289157204e-05
Kiribati,2002,aus,0.36811423359166057,0.26716845624160324,74743869.1313473,world_bank_wdi,0.9993878208088627,0.014839049822948432,0.3678888817178943,0.003964526033289368
Kiribati,2002,china,0.0069248606793009485,0.0,74743869.1313473,world_bank_wdi,0.9993878208088627,0.014839049822948432,0.006920621423691556,0.0
Kiribati,2002,us,0.00725514977466869,0.000985458848727034,74743869.1313473,world_bank_wdi,0.9993878208088627,0.014839049822948432,0.0072507083229480535,1.4623272954725859e-05
Kiribati,2003,aus,0.47926523994094716,0.5693817804110494,96105619.3795504,world_bank_wdi,0.5480296387456297,0.03604622813280709,0.2626515563081748,0.02052406555136056
Kiribati,2003,china,0.030502313136654843,0.0,96105619.3795504,world_bank_wdi,0.5480296387456297,0.03604622813280709,0.01671617164918703,0.0
Kiribati,2003,us,0.003893392023937638,0.0004618610873622541,96105619.3795504,world_bank_wdi,0.5480296387456297,0.03604622813280709,0.00213369422437366,1.6648350120726157e-05
Kiribati,2004,aus,0.4287193229895296,0.03829008185771487,104085892.133271,world_bank_wdi,0.5525779392499935,0.09087840491282476,0.23690084001420664,0.0034797415632106168
Kiribati,2004,china,0.03705362049370349,0.0,104085892.133271,world_bank_wdi,0.5525779392499935,0.09087840491282476,0.020475013254162004,0.0
Kiribati,2004,us,0.003565260709663119,0.00015128193439385823,104085892.133271,world_bank_wdi,0.5525779392499935,0.09087840491282476,0.001970084415834616,1.3748260889840438e-05
Kiribati,2005,aus,0.34622813686932447,0.507389365573052,113895437.324786,world_bank_wdi,0.6679498379119371,0.031287347260788925,0.23126302790241723,0.01587486727711546
Kiribati,2005,china,0.02236432251036924,0.0,113895437.324786,world_bank_wdi,0.6679498379119371,0.031287347260788925,0.014938245595811419,0.0
Kiribati,2005,us,0.026447558719786504,0.06629266662953805,113895437.324786,world_bank_wdi,0.6679498379119371,0.031287347260788925,0.017665642560047833,0.0020741216816820706
Kiribati,2006,aus,0.34778547708035396,0.6260645942668887,112338353.264712,world_bank_wdi,0.5748913866292783,0.09067677488557065,0.19993887516824976,0.05676951827816479
Kiribati,2006,china,0.02716525360818202,0.0,112338353.264712,world_bank_wdi,0.5748913866292783,0.09067677488557065,0.015617070314943766,0.0
Kiribati,2006,us,0.03734077482884253,0.028978412804100878,112338353.264712,world_bank_wdi,0.5748913866292783,0.09067677488557065,0.021466889819164933,0.0026276690143785934
Kiribati,2007,aus,0.322419248951905,0.4360663983157473,138054945.643442,world_bank_wdi,0.5283753617809278,0.0756126459023083,0.17035838731009784,0.03297213416574353
Kiribati,2007,china,0.041598821781367916,0.0,138054945.643442,world_bank_wdi,0.5283753617809278,0.0756126459023083,0.021979792508390612,0.0
Kiribati,2007,us,0.03852447175118137,0.02827823559618592,138054945.643442,world_bank_wdi,0.5283753617809278,0.0756126459023083,0.02035538169894959,0.002138192214876456
Kiribati,2008,aus,0.3313066505118583,0.30047479839364755,147017894.97877,world_bank_wdi,0.5228204900573463,0.05113487822748104,0.17321390537986772,0.015364742226286084
Kiribati,2008,china,0.07103558348826798,0.005688942385471069,147017894.97877,world_bank_wdi,0.5228204900573463,0.05113487822748104,0.037138858570845805,0.00029090337612421865
Kiribati,2008,us,0.02214002210000402,0.0,147017894.97877,world_bank_wdi,0.5228204900573463,0.05113487822748104,0.01157525720420458,0.0
Kiribati,2009,aus,0.2754058665160261,0.18823672436358949,140177384.145395,world_bank_wdi,0.5101936857076773,0.05063723452449076,0.14051033410332794,0.009531787157721005
Kiribati,2009,china,0.04567853522503875,0.0037281308440613504,140177384.145395,world_bank_wdi,0.5101936857076773,0.05063723452449076,0.023304900244190487,0.0001887822358887223
Kiribati,2009,us,0.06296283816283856,0.1158584706668042,140177384.145395,world_bank_wdi,0.5101936857076773,0.05063723452449076,0.0321232424649146,0.005866752550803798
Kiribati,2010,aus,0.2575674719751451,0.2043292728433262,165458433.127645,world_bank_wdi,0.4815540891683172,0.02353433982416574,0.12403266936637708,0.004808754543119519
Kiribati,2010,china,0.04928875322393324,0.0,165458433.127645,world_bank_wdi,0.4815540891683172,0.02353433982416574,0.023735200664993128,0.0
Kiribati,2010,us,0.08005163859889003,0.0,165458433.127645,world_bank_wdi,0.4815540891683172,0.02353433982416574,0.03854919391191979,0.0
Kiribati,2011,aus,0.33539413453779193,0.13186708695350796,195970140.170383,world_bank_wdi,0.5031471723920403,0.04399429279636234,0.16875261042956557,0.005801399233636002
Kiribati,2011,china,0.06546533068675478,0.0,195970140.170383,world_bank_wdi,0.5031471723920403,0.04399429279636234,0.03293869602475053,0.0
Kiribati,2011,us,0.06553782697396589,0.002776989030405489,195970140.170383,world_bank_wdi,0.5031471723920403,0.04399429279636234,0.03297517232666972,0.00012217166849594544
Kiribati,2012,aus,0.23302813220745253,0.046571365750875074,207001545.867109,world_bank_wdi,0.5481890960024492,0.028186025536957433,0.12774348113794262,0.0013126617043451496
Kiribati,2012,china,0.047021057546126566,0.0,207001545.867109,world_bank_wdi,0.5481890960024492,0.028186025536957433,0.025776431029290267,0.0
Kiribati,2012,us,0.03784919428898784,0.003265718212717994,207001545.867109,world_bank_wdi,0.5481890960024492,0.028186025536957433,0.020748515601701312,9.204761694017638e-05
Kiribati,2013,aus,0.25471638152884785,0.09103052027615437,201730860.757856,world_bank_wdi,0.5067433724119428,0.03426015334012722,0.12907583818449544,0.0031187195832926085
Kiribati,2013,china,0.041870816864138335,0.0,201730860.757856,world_bank_wdi,0.5067433724119428,0.03426015334012722,0.021217758943376307,0.0
Kiribati,2013,us,0.04779968737571842,0.03420730689632394,201730860.757856,world_bank_wdi,0.5067433724119428,0.03426015334012722,0.024222174781008122,0.0011719475796208494
Kiribati,2014,aus,0.22488448783669507,0.03563360002098454,200287281.98074,world_bank_wdi,0.609428413491265,0.052020771099195,0.13705099664111275,0.0018536873501319069
Kiribati,2014,china,0.06682833869448158,0.0,200287281.98074,world_bank_wdi,0.609428413491265,0.052020771099195,0.040727088426834826,0.0
Kiribati,2014,us,0.036214685357461786,0.025009649179017053,200287281.98074,world_bank_wdi,0.609428413491265,0.052020771099195,0.02207025824248328,0.0013010212352128163
Kiribati,2015,aus,0.19600110795319972,0.03354304990816495,191559398.688293,world_bank_wdi,0.5907401060708998,0.06100409794569987,0.11578571530228708,0.0020462635019951937
Kiribati,2015,china,0.11330087291500293,0.0699374796224655,191559398.688293,world_bank_wdi,0.5907401060708998,0.06100409794569987,0.06693136968373437,0.004266472856964275
Kiribati,2015,us,0.020247287999818703,0.1465599332204927,191559398.688293,world_bank_wdi,0.5907401060708998,0.06100409794569987,0.011960885060660956,0.00894075652109817
Kiribati,2016,aus,0.22260128897940795,0.03563361579767473,206467818.503227,world_bank_wdi,0.5998441384126132,0.055903235882833725,0.13352607839739009,0.0019920344292956808
Kiribati,2016,china,0.06597670640378561,0.0,206467818.503227,world_bank_wdi,0.5998441384126132,0.055903235882833725,0.03957574060808072,0.0
Kiribati,2016,us,0.03481061687889962,0.02500966140032988,206467818.503227,world_bank_wdi,0.5998441384126132,0.055903235882833725,0.020880944489335113,0.0013981210006124428
Kiribati,2017,aus,0.17927136332938717,0.06254098012889202,223029864.54193,world_bank_wdi,0.518059601736779,0.07700523481585655,0.09287325108923172,0.004815982860439149
Kiribati,2017,china,0.08710515411009367,0.0017225570869226893,223029864.54193,world_bank_wdi,0.518059601736779,0.07700523481585655,0.045125661447495885,0.00013264591296219952
Kiribati,2017,us,0.0220199941852178,0.1122546634429517,223029864.54193,world_bank_wdi,0.518059601736779,0.07700523481585655,0.011407669417840124,0.008644196717599443
Kiribati,2018,aus,0.1371467356043288,0.0028611930710313012,233859230.192198,world_bank_wdi,0.4918582059192867,0.06086534189093928,0.06745674732203193,0.00017414749448430665
Kiribati,2018,china,0.0499962507992157,0.0,233859230.192198,world_bank_wdi,0.4918582059192867,0.06086534189093928,0.024591066220792938,0.0
Kiribati,2018,us,0.027550384170455494,0.1662881049228737,233859230.192198,world_bank_wdi,0.4918582059192867,0.06086534189093928,0.013550882530467354,0.01012118235852709
Kiribati,2019,aus,0.12354503178034458,0.009104149524448824,216891541.021351,world_bank_wdi,0.5277827012568062,0.08974264385019932,0.06520493059988823,0.0008170304483315723
Kiribati,2019,china,0.05347417011894497,0.07236280006513958,216891541.021351,world_bank_wdi,0.5277827012568062,0.08974264385019932,0.028222741952842766,0.0064940289942490015
Kiribati,2019,us,0.013699807877418094,0.12819745186226025,216891541.021351,world_bank_wdi,0.5277827012568062,0.08974264385019932,0.0072305216082429935,0.011504778264977894
Kiribati,2020,aus,0.15416014750352025,0.10402100474849724,220909306.750809,world_bank_wdi,0.4999810280722612,0.04651465558936833,0.07707714903658149,0.004838501209936397
Kiribati,2020,china,0.13920246090269192,0.015852920429045486,220909306.750809,world_bank_wdi,0.4999810280722612,0.04651465558936833,0.06959858951231665,0.000737393133842712
Kiribati,2020,us,0.011127704025916061,0.09775631984736322,220909306.750809,world_bank_wdi,0.4999810280722612,0.04651465558936833,0.005563640898961352,0.004547101549384231
Kiribati,2021,aus,0.14272192090320174,1.0683470440349215e-07,285451584.406531,world_bank_wdi,0.6191086329663288,0.03279103987970663,0.08836037334470974,3.5032210526315806e-09
Kiribati,2021,china,0.15523353924369557,0.0,285451584.406531,world_bank_wdi,0.6191086329663288,0.03279103987970663,0.09610642427168932,0.0
Kiribati,2021,us,0.016406983561734218,0.0982889933000504,285451584.406531,world_bank_wdi,0.6191086329663288,0.03279103987970663,0.0101577051640063,0.0032229982990381704
Kiribati,2022,aus,0.14684833274308007,0.0,271214374.500577,world_bank_wdi,0.6890936003821672,0.04614830162688657,0.10119224632004753,0.0
Kiribati,2022,china,0.16080847045031008,0.0,271214374.500577,world_bank_wdi,0.6890936003821672,0.04614830162688657,0.1108120878745535,0.0
Kiribati,2022,us,0.04056206963661444,0.12253722441828917,271214374.500577,world_bank_wdi,0.6890936003821672,0.04614830162688657,0.027951062604846828,0.005654884792976699
Kiribati,2023,aus,0.1682748134422114,0.0,291657337.839517,world_bank_wdi,0.7109176358665462,0.021575263590530552,0.11962953254822103,0.0
Kiribati,2023,china,0.12981737561744577,0.0,291657337.839517,world_bank_wdi,0.7109176358665462,0.021575263590530552,0.09228946176835397,0.0
Kiribati,2023,us,0.05854571053840619,0.058855630757352874,291657337.839517,world_bank_wdi,0.7109176358665462,0.021575263590530552,0.04162117812609087,0.0012698257473768256
Kiribati,2024,aus,0.11070212390109033,0.0,343153235.077124,world_bank_wdi,0.6159169146474694,0.01797961788299428,0.06818331059808144,0.0
Kiribati,2024,china,0.17906540536507903,0.0,343153235.077124,world_bank_wdi,0.6159169146474694,0.01797961788299428,0.1102894119925579,0.0
Kiribati,2024,us,0.0298641970199196,0.11812105180018488,343153235.077124,world_bank_wdi,0.6159169146474694,0.01797961788299428,0.01839386408693303,0.002123771375304698
"Marshall Islands, Republic of the",2000,aus,0.0,0.0,114838500.0,world_bank_wdi,0.6597282218071466,0.04422064695202393,0.0,0.0
"Marshall Islands, Republic of the",2000,china,0.0,0.0,114838500.0,world_bank_wdi,0.6597282218071466,0.04422064695202393,0.0,0.0
"Marshall Islands, Republic of the",2000,us,0.0,0.0,114838500.0,world_bank_wdi,0.6597282218071466,0.04422064695202393,0.0,0.0
"Marshall Islands, Republic of the",2001,aus,0.0,0.0,122406100.0,world_bank_wdi,2.0792172988110886,0.8390065225507553,0.0,0.0
"Marshall Islands, Republic of the",2001,china,0.0,0.0,122406100.0,world_bank_wdi,2.0792172988110886,0.8390065225507553,0.0,0.0
"Marshall Islands, Republic of the",2001,us,0.0,0.0,122406100.0,world_bank_wdi,2.0792172988110886,0.8390065225507553,0.0,0.0
"Marshall Islands, Republic of the",2002,aus,0.0,0.0,131960000.0,world_bank_wdi,3.3236121726280694,0.9894290959381632,0.0,0.0
"Marshall Islands, Republic of the",2002,china,0.0,0.0,131960000.0,world_bank_wdi,3.3236121726280694,0.9894290959381632,0.0,0.0
"Marshall Islands, Republic of the",2002,us,0.0,0.0,131960000.0,world_bank_wdi,3.3236121726280694,0.9894290959381632,0.0,0.0
"Marshall Islands, Republic of the",2003,aus,0.0,0.0,131128500.0,world_bank_wdi,1.3771776120370476,2.0947074228714584,0.0,0.0
"Marshall Islands, Republic of the",2003,china,0.0,0.0,131128500.0,world_bank_wdi,1.3771776120370476,2.0947074228714584,0.0,0.0
"Marshall Islands, Republic of the",2003,us,0.0,0.0,131128500.0,world_bank_wdi,1.3771776120370476,2.0947074228714584,0.0,0.0
"Marshall Islands, Republic of the",2004,aus,0.0,0.0,132900000.0,world_bank_wdi,2.166590981188864,4.876537681715576,0.0,0.0
"Marshall Islands, Republic of the",2004,china,0.0,0.0,132900000.0,world_bank_wdi,2.166590981188864,4.876537681715576,0.0,0.0
"Marshall Islands, Republic of the",2004,us,0.0,0.0,132900000.0,world_bank_wdi,2.166590981188864,4.876537681715576,0.0,0.0
"Marshall Islands, Republic of the",2005,aus,0.0,0.0,138000000.0,world_bank_wdi,5.145909405797101,8.01335077536232,0.0,0.0
"Marshall Islands, Republic of the",2005,china,0.0,0.0,138000000.0,world_bank_wdi,5.145909405797101,8.01335077536232,0.0,0.0
"Marshall Islands, Republic of the",2005,us,0.0,0.0,138000000.0,world_bank_wdi,5.145909405797101,8.01335077536232,0.0,0.0
"Marshall Islands, Republic of the",2006,aus,0.0,0.0,143200000.0,world_bank_wdi,2.9888822248603355,5.63613848952514,0.0,0.0
"Marshall Islands, Republic of the",2006,china,0.0,0.0,143200000.0,world_bank_wdi,2.9888822248603355,5.63613848952514,0.0,0.0
"Marshall Islands, Republic of the",2006,us,0.0,0.0,143200000.0,world_bank_wdi,2.9888822248603355,5.63613848952514,0.0,0.0
"Marshall Islands, Republic of the",2007,aus,0.0,0.0,150500000.0,world_bank_wdi,8.94376492358804,8.689383368770764,0.0,0.0
"Marshall Islands, Republic of the",2007,china,0.0,0.0,150500000.0,world_bank_wdi,8.94376492358804,8.689383368770764,0.0,0.0
"Marshall Islands, Republic of the",2007,us,0.0,0.0,150500000.0,world_bank_wdi,8.94376492358804,8.689383368770764,0.0,0.0
"Marshall Islands, Republic of the",2008,aus,0.0,0.0,146600000.0,world_bank_wdi,15.024990272851296,8.758221009549795,0.0,0.0
"Marshall Islands, Republic of the",2008,china,0.0,0.0,146600000.0,world_bank_wdi,15.024990272851296,8.758221009549795,0.0,0.0
"Marshall Islands, Republic of the",2008,us,0.0,0.0,146600000.0,world_bank_wdi,15.024990272851296,8.758221009549795,0.0,0.0
"Marshall Islands, Republic of the",2009,aus,0.0,0.0,151200000.0,world_bank_wdi,2.3238197202380952,2.581587494047619,0.0,0.0
"Marshall Islands, Republic of the",2009,china,0.0,0.0,151200000.0,world_bank_wdi,2.3238197202380952,2.581587494047619,0.0,0.0
"Marshall Islands, Republic of the",2009,us,0.0,0.0,151200000.0,world_bank_wdi,2.3238197202380952,2.581587494047619,0.0,0.0
"Marshall Islands, Republic of the",2010,aus,0.0,0.0,161100000.0,world_bank_wdi,4.318170624456859,1.283639899441341,0.0,0.0
"Marshall Islands, Republic of the",2010,china,0.0,0.0,161100000.0,world_bank_wdi,4.318170624456859,1.283639899441341,0.0,0.0
"Marshall Islands, Republic of the",2010,us,0.0,0.0,161100000.0,world_bank_wdi,4.318170624456859,1.283639899441341,0.0,0.0
"Marshall Islands, Republic of the",2011,aus,0.0,0.0,172300000.0,world_bank_wdi,2.8569253047011025,1.5219706018572259,0.0,0.0
"Marshall Islands, Republic of the",2011,china,0.0,0.0,172300000.0,world_bank_wdi,2.8569253047011025,1.5219706018572259,0.0,0.0
"Marshall Islands, Republic of the",2011,us,0.0,0.0,172300000.0,world_bank_wdi,2.8569253047011025,1.5219706018572259,0.0,0.0
"Marshall Islands, Republic of the",2012,aus,0.0,0.0,180700000.0,world_bank_wdi,2.585976816270061,1.3918260110680685,0.0,0.0
"Marshall Islands, Republic of the",2012,china,0.0,0.0,180700000.0,world_bank_wdi,2.585976816270061,1.3918260110680685,0.0,0.0
"Marshall Islands, Republic of the",2012,us,0.0,0.0,180700000.0,world_bank_wdi,2.585976816270061,1.3918260110680685,0.0,0.0
"Marshall Islands, Republic of the",2013,aus,0.0,0.0,186400000.0,world_bank_wdi,4.315957982296137,2.2263025112660944,0.0,0.0
"Marshall Islands, Republic of the",2013,china,0.0,0.0,186400000.0,world_bank_wdi,4.315957982296137,2.2263025112660944,0.0,0.0
"Marshall Islands, Republic of the",2013,us,0.0,0.0,186400000.0,world_bank_wdi,4.315957982296137,2.2263025112660944,0.0,0.0
"Marshall Islands, Republic of the",2014,aus,0.0,0.0,186000000.0,world_bank_wdi,10.301682338709677,2.037981751075269,0.0,0.0
"Marshall Islands, Republic of the",2014,china,0.0,0.0,186000000.0,world_bank_wdi,10.301682338709677,2.037981751075269,0.0,0.0
"Marshall Islands, Republic of the",2014,us,0.0,0.0,186000000.0,world_bank_wdi,10.301682338709677,2.037981751075269,0.0,0.0
"Marshall Islands, Republic of the",2015,aus,0.0,0.0,183700000.0,world_bank_wdi,9.47983959172564,2.5470914305933587,0.0,0.0
"Marshall Islands, Republic of the",2015,china,0.0,0.0,183700000.0,world_bank_wdi,9.47983959172564,2.5470914305933587,0.0,0.0
"Marshall Islands, Republic of the",2015,us,0.0,0.0,183700000.0,world_bank_wdi,9.47983959172564,2.5470914305933587,0.0,0.0
"Marshall Islands, Republic of the",2016,aus,0.0015138935206231875,0.0014843222368389063,201800000.0,world_bank_wdi,23.11899932111001,1.030800236372646,0.034999703275520315,0.0015300397125867194
"Marshall Islands, Republic of the",2016,china,0.23175269663090564,0.01722023736120106,201800000.0,world_bank_wdi,23.11899932111001,1.030800236372646,5.357890436075322,0.017750624742319126
"Marshall Islands, Republic of the",2016,us,0.009594818587487933,0.0211377039451087,201800000.0,world_bank_wdi,23.11899932111001,1.030800236372646,0.22182260441030724,0.02178875022299306
"Marshall Islands, Republic of the",2017,aus,0.0004818680984385845,0.0001720634160738304,213700000.0,world_bank_wdi,70.40746920917174,2.812568261113711,0.03392711330369677,0.00048394010294805804
"Marshall Islands, Republic of the",2017,china,0.21730896348373333,0.028676414954570986,213700000.0,world_bank_wdi,70.40746920917174,2.812568261113711,15.300174155357979,0.08065437454375293
"Marshall Islands, Republic of the",2017,us,0.03925495996608396,0.055516463011112106,213700000.0,world_bank_wdi,70.40746920917174,2.812568261113711,2.7638423851193257,0.15614384183434724
"Marshall Islands, Republic of the",2018,aus,0.0002547824738636349,0.0020264133690989896,220000000.0,world_bank_wdi,62.31381390909091,3.10487227,0.015876467663636363,0.006291754677272728
"Marshall Islands, Republic of the",2018,china,0.16745983208249754,0.046866430397912516,220000000.0,world_bank_wdi,62.31381390909091,3.10487227,10.435060813636364,0.14551428013636364
"Marshall Islands, Republic of the",2018,us,0.022393498614774538,0.028981652849998648,220000000.0,world_bank_wdi,62.31381390909091,3.10487227,1.3954243054545457,0.08998433027272727
"Marshall Islands, Republic of the",2019,aus,0.00031324863274934686,5.4896697099372676e-05,232900000.0,world_bank_wdi,52.95972653499356,4.003929311721769,0.016589561927866037,0.00021980249463288967
"Marshall Islands, Republic of the",2019,china,0.20494022179321852,0.045594849291629734,232900000.0,world_bank_wdi,52.95972653499356,4.003929311721769,10.853578102189779,0.1825585535422928
"Marshall Islands, Republic of the",2019,us,0.009038422296331625,0.010646347599389054,232900000.0,world_bank_wdi,52.95972653499356,4.003929311721769,0.47867237312151134,0.04262722321597252
"Marshall Islands, Republic of the",2020,aus,0.0003033423682994556,0.0003900915651561678,241800000.0,world_bank_wdi,56.12139098428453,2.952351282051282,0.017023995653432586,0.0011516873325062033
"Marshall Islands, Republic of the",2020,china,0.26286297210426157,0.010840503638055853,241800000.0,world_bank_wdi,56.12139098428453,2.952351282051282,14.752235632754342,0.03200497481389578
"Marshall Islands, Republic of the",2020,us,0.009355510013382798,0.03677161565887665,241800000.0,world_bank_wdi,56.12139098428453,2.952351282051282,0.525044235318445,0.10856272663358148
"Marshall Islands, Republic of the",2021,aus,0.00015901518684416748,6.298752386556077e-05,261245500.0,world_bank_wdi,56.973974058883314,5.870178115986687,0.009059727130228082,0.00036974798417580397
"Marshall Islands, Republic of the",2021,china,0.22636000323817326,0.0016914246163598822,261245500.0,world_bank_wdi,56.973974058883314,5.870178115986687,12.896628952460427,0.009928963767796959
"Marshall Islands, Republic of the",2021,us,0.016607026188560234,0.009445259682082098,261245500.0,world_bank_wdi,56.973974058883314,5.870178115986687,0.9461682792622266,0.055445356685569706
"Marshall Islands, Republic of the",2022,aus,0.00019898999165938772,2.728769039799472e-05,258723500.0,world_bank_wdi,68.34971593225973,5.101157440278908,0.013600909403281883,0.00013919880490175808
"Marshall Islands, Republic of the",2022,china,0.20761165760059347,0.00013670667283259024,258723500.0,world_bank_wdi,68.34971593225973,5.101157440278908,14.190197821226135,0.0006973622612557422
"Marshall Islands, Republic of the",2022,us,0.015977891387415597,0.012169534936230545,258723500.0,world_bank_wdi,68.34971593225973,5.101157440278908,1.0920843375263554,0.06207871368468656
"Marshall Islands, Republic of the",2023,aus,0.00026983047305114576,0.00012132057984287021,264000000.0,world_bank_wdi,73.95415333333334,3.611393552651515,0.019955084178030304,0.0004381363598484848
"Marshall Islands, Republic of the",2023,china,0.18999699638849962,0.0010260235678293097,264000000.0,world_bank_wdi,73.95415333333334,3.611393552651515,14.051067003787882,0.003705374897727273
"Marshall Islands, Republic of the",2023,us,0.0031524214576249387,0.016643625561474383,264000000.0,world_bank_wdi,73.95415333333334,3.611393552651515,0.2331346598484849,0.06010668204545454
"Marshall Islands, Republic of the",2024,aus,0.000212311135949504,0.00014421592047397154,285000000.0,world_bank_wdi,65.25137063157895,4.549002449122807,0.013853592621052633,0.0006560385754385966
"Marshall Islands, Republic of the",2024,china,0.301648483164779,0.005771403114284324,285000000.0,world_bank_wdi,65.25137063157895,4.549002449122807,19.682976975438596,0.026254126901754386
"Marshall Islands, Republic of the",2024,us,0.00726323779586851,0.014880049213612129,285000000.0,world_bank_wdi,65.25137063157895,4.549002449122807,0.4739362214035087,0.06768938031578947
"Micronesia, Federated States of",2000,aus,0.9804928528265319,0.0,229616800.0,world_bank_wdi,0.0071495467274171574,0.027858811127931406,0.007010079467181843,0.0
"Micronesia, Federated States of",2000,china,0.0,0.0,229616800.0,world_bank_wdi,0.0071495467274171574,0.027858811127931406,0.0,0.0
"Micronesia, Federated States of",2000,us,0.0,0.57595901322613,229616800.0,world_bank_wdi,0.0071495467274171574,0.027858811127931406,0.0,0.0160455333668965
"Micronesia, Federated States of",2001,aus,0.9966249635028814,0.0,236387700.0,world_bank_wdi,0.006832347787131056,0.027838114521187018,0.006809288363988482,0.0
"Micronesia, Federated States of",2001,china,0.0,0.0,236387700.0,world_bank_wdi,0.006832347787131056,0.027838114521187018,0.0,0.0
"Micronesia, Federated States of",2001,us,0.0,0.5598776434785705,236387700.0,world_bank_wdi,0.006832347787131056,0.027838114521187018,0.0,0.015585937957008762
"Micronesia, Federated States of",2002,aus,0.2251718901174672,0.0,237654300.0,world_bank_wdi,0.030079232557542614,0.051924694777245775,0.006772997648264727,0.0
"Micronesia, Federated States of",2002,china,0.0,0.0,237654300.0,world_bank_wdi,0.030079232557542614,0.051924694777245775,0.0,0.0
"Micronesia, Federated States of",2002,us,0.0,0.2985645146914327,237654300.0,world_bank_wdi,0.030079232557542614,0.051924694777245775,0.0,0.015502871296669154
"Micronesia, Federated States of",2003,aus,0.04620724112656041,0.0,240949900.0,world_bank_wdi,0.6115105214818516,0.04811622382910306,0.028256214117540618,0.0
"Micronesia, Federated States of",2003,china,0.013777122265246506,0.0,240949900.0,world_bank_wdi,0.6115105214818516,0.04811622382910306,0.008424855220940119,0.0
"Micronesia, Federated States of",2003,us,0.28897547381813826,0.2751804550029939,240949900.0,world_bank_wdi,0.6115105214818516,0.04811622382910306,0.17671154268999487,0.013240644366318475
"Micronesia, Federated States of",2004,aus,0.040685490866475764,0.0,235538100.0,world_bank_wdi,0.7821614456429766,0.045392263417256065,0.031822622352816805,0.0
"Micronesia, Federated States of",2004,china,0.012953673744624002,0.0,235538100.0,world_bank_wdi,0.7821614456429766,0.045392263417256065,0.01013186418248258,0.0
"Micronesia, Federated States of",2004,us,0.28176880671864996,0.2732131707476414,235538100.0,world_bank_wdi,0.7821614456429766,0.045392263417256065,0.22038869720015572,0.012401764215640697
"Micronesia, Federated States of",2005,aus,0.03050670279724013,0.0,247000000.0,world_bank_wdi,0.6747555133603238,0.013813299688259109,0.020584565906882592,0.0
"Micronesia, Federated States of",2005,china,0.021164157495130592,0.0,247000000.0,world_bank_wdi,0.6747555133603238,0.013813299688259109,0.014280631955465587,0.0
"Micronesia, Federated States of",2005,us,0.28458337320532495,0.008799827601927957,247000000.0,world_bank_wdi,0.6747555133603238,0.013813299688259109,0.19202420008097165,0.00012155465587044535
"Micronesia, Federated States of",2006,aus,0.029960210102517634,0.0,250000000.0,world_bank_wdi,0.7712533568,0.023391611099999998,0.023106912611999996,0.0
"Micronesia, Federated States of",2006,china,0.022814354915751595,0.0,250000000.0,world_bank_wdi,0.7712533568,0.023391611099999998,0.017595647811999997,0.0
"Micronesia, Federated States of",2006,us,0.2843171591107427,0.12412244764106907,250000000.0,world_bank_wdi,0.7712533568,0.023391611099999998,0.21928056335999999,0.002903424024
"Micronesia, Federated States of",2007,aus,0.028317292251381875,0.0,253000000.0,world_bank_wdi,0.8166637798418972,0.047523351541501974,0.02312570692490119,0.0
"Micronesia, Federated States of",2007,china,0.026814794096790103,0.0,253000000.0,world_bank_wdi,0.8166637798418972,0.047523351541501974,0.021898671102766797,0.0
"Micronesia, Federated States of",2007,us,0.29480634868144007,0.23516727038706797,253000000.0,world_bank_wdi,0.8166637798418972,0.047523351541501974,0.24075766703557316,0.011175936861660078
"Micronesia, Federated States of",2008,aus,0.022961065588363635,0.0,261000000.0,world_bank_wdi,0.8688871302681992,0.018676746850574712,0.019950574386973178,0.0
"Micronesia, Federated States of",2008,china,0.027765944552290985,0.0,261000000.0,world_bank_wdi,0.8688871302681992,0.018676746850574712,0.024125471881226053,0.0
"Micronesia, Federated States of",2008,us,0.2923840335314904,0.0824653201314116,261000000.0,world_bank_wdi,0.8688871302681992,0.018676746850574712,0.25404872383141763,0.001540183908045977
"Micronesia, Federated States of",2009,aus,0.015887451381994475,0.0,277000000.0,world_bank_wdi,0.8900969465703972,0.023529927223826713,0.014141371963898919,0.0
"Micronesia, Federated States of",2009,china,0.02424555647984902,0.0,277000000.0,world_bank_wdi,0.8900969465703972,0.023529927223826713,0.02158089579061372,0.0
"Micronesia, Federated States of",2009,us,0.3157060901128256,0.03064167560968157,277000000.0,world_bank_wdi,0.8900969465703972,0.023529927223826713,0.2810090268231047,0.0007209963971119133
"Micronesia, Federated States of",2010,aus,0.02054817492182554,0.0,292000000.0,world_bank_wdi,0.7253859010273972,0.022611038325342465,0.014905356380136986,0.0
"Micronesia, Federated States of",2010,china,0.02116859116922258,0.0,292000000.0,world_bank_wdi,0.7253859010273972,0.022611038325342465,0.015355397578767126,0.0
"Micronesia, Federated States of",2010,us,0.3019715436955343,0.047020920201417606,292000000.0,world_bank_wdi,0.7253859010273972,0.022611038325342465,0.2190459003082192,0.0010631918287671233
"Micronesia, Federated States of",2011,aus,0.027235034866932472,0.0,308000000.0,world_bank_wdi,0.8041170292207792,0.02717935884090909,0.02190015532792208,0.0
"Micronesia, Federated States of",2011,china,0.014099033002016873,0.0,308000000.0,world_bank_wdi,0.8041170292207792,0.02717935884090909,0.011337272532467533,0.0
"Micronesia, Federated States of",2011,us,0.27765802883452323,0.05802579386099575,308000000.0,world_bank_wdi,0.8041170292207792,0.02717935884090909,0.22326954928571427,0.0015771038733766232
"Micronesia, Federated States of",2012,aus,0.03290994806154167,0.0,324000000.0,world_bank_wdi,0.8271606820987655,0.1590799049074074,0.027221815086419753,0.0
"Micronesia, Federated States of",2012,china,0.012361833264657354,0.0,324000000.0,world_bank_wdi,0.8271606820987655,0.1590799049074074,0.010225222435185186,0.0
"Micronesia, Federated States of",2012,us,0.27738966249712904,0.01265238801387443,324000000.0,world_bank_wdi,0.8271606820987655,0.1590799049074074,0.2294458224382716,0.0020127406820987653
"Micronesia, Federated States of",2013,aus,0.04923459114448031,0.0,314000000.0,world_bank_wdi,0.7779065270700637,0.07700822914012738,0.03829990980891719,0.0
"Micronesia, Federated States of",2013,china,0.020778060179847513,0.0,314000000.0,world_bank_wdi,0.7779065270700637,0.07700822914012738,0.01616338863375796,0.0
"Micronesia, Federated States of",2013,us,0.2840420323042472,0.030309442671668813,314000000.0,world_bank_wdi,0.7779065270700637,0.07700822914012738,0.22095815089171977,0.0023340765063694265
"Micronesia, Federated States of",2014,aus,0.0364424591927669,0.0,316000000.0,world_bank_wdi,1.044317704113924,0.06436497651898734,0.03805750531645569,0.0
"Micronesia, Federated States of",2014,china,0.015379504381115143,0.0,316000000.0,world_bank_wdi,1.044317704113924,0.06436497651898734,0.0160610887056962,0.0
"Micronesia, Federated States of",2014,us,0.2102422286985636,0.0360336318862632,316000000.0,world_bank_wdi,1.044317704113924,0.06436497651898734,0.21955968158227848,0.0023193038702531642
"Micronesia, Federated States of",2015,aus,0.036751093247364405,0.0,312000000.0,world_bank_wdi,1.0488238211538463,0.06275846407051282,0.03854542205128205,0.0
"Micronesia, Federated States of",2015,china,0.015509754613947557,0.0,312000000.0,world_bank_wdi,1.0488238211538463,0.06275846407051282,0.016267000099358976,0.0
"Micronesia, Federated States of",2015,us,0.21202278667758528,0.03742982831155854,312000000.0,world_bank_wdi,1.0488238211538463,0.06275846407051282,0.22237454929487183,0.0023490385352564103
"Micronesia, Federated States of",2016,aus,0.04194349905650651,0.0001918196236461221,327000000.0,world_bank_wdi,1.263591521406728,0.15872454862385324,0.05299944978593272,3.0446483180428136e-05
"Micronesia, Federated States of",2016,china,0.02890238315229941,0.007034169829889017,327000000.0,world_bank_wdi,1.263591521406728,0.15872454862385324,0.03652080629969419,0.0011164954311926607
"Micronesia, Federated States of",2016,us,0.1872262788442373,0.016681525192738935,327000000.0,world_bank_wdi,1.263591521406728,0.15872454862385324,0.23657753853211008,0.002647767556574924
"Micronesia, Federated States of",2017,aus,0.016903357741106625,3.585042939980274e-05,361000000.0,world_bank_wdi,2.474513849030471,0.3504093836565097,0.04182759282548476,1.2562326869806093e-05
"Micronesia, Federated States of",2017,china,0.035468086893291714,0.08693387993050866,361000000.0,world_bank_wdi,2.474513849030471,0.3504093836565097,0.08776627221606648,0.030462447285318557
"Micronesia, Federated States of",2017,us,0.12785006256459902,0.013072323537674523,361000000.0,world_bank_wdi,2.474513849030471,0.3504093836565097,0.31636675041551243,0.004580664833795014
"Micronesia, Federated States of",2018,aus,0.02247624964500007,3.2192579667887115e-05,394000000.0,world_bank_wdi,1.899024459898477,0.5905923213197969,0.042682947842639596,1.9012690355329946e-05
"Micronesia, Federated States of",2018,china,0.03204098251637022,0.0926987664650079,394000000.0,world_bank_wdi,1.899024459898477,0.5905923213197969,0.0608466095177665,0.05474717967005076
"Micronesia, Federated States of",2018,us,0.1552010847227987,0.0068202498533879614,394000000.0,world_bank_wdi,1.899024459898477,0.5905923213197969,0.29473065609137056,0.0040279871928934
"Micronesia, Federated States of",2019,aus,0.022150362031328343,0.000198826207442355,395000000.0,world_bank_wdi,1.7874395830379746,0.6461084293670886,0.039592433873417716,0.00012846328860759493
"Micronesia, Federated States of",2019,china,0.033729747112041644,0.046481961696803346,395000000.0,world_bank_wdi,1.7874395830379746,0.6461084293670886,0.060289885113924045,0.03003238726582278
"Micronesia, Federated States of",2019,us,0.16243335883633336,0.008975708378729562,395000000.0,world_bank_wdi,1.7874395830379746,0.6461084293670886,0.2903398151898734,0.005799280843037974
"Micronesia, Federated States of",2020,aus,0.022538871610545703,2.9326888266744176e-05,372902700.0,world_bank_wdi,2.009109431226966,0.48573181905092133,0.04528305952196109,1.424500278490877e-05
"Micronesia, Federated States of",2020,china,0.034008645860707655,0.038423695230675264,372902700.0,world_bank_wdi,2.009109431226966,0.48573181905092133,0.06832709114200568,0.018663611379054108
"Micronesia, Federated States of",2020,us,0.16974718637804986,0.019327855248009222,372902700.0,world_bank_wdi,2.009109431226966,0.48573181905092133,0.3410406730763816,0.009388154287968416
"Micronesia, Federated States of",2021,aus,0.02319579494870889,0.00014242920095833286,391601900.0,world_bank_wdi,1.8168064143713298,0.7143990882066712,0.04214226904925641,0.00010175129129863774
"Micronesia, Federated States of",2021,china,0.0354170187460217,0.0587912860334257,391601900.0,world_bank_wdi,1.8168064143713298,0.7143990882066712,0.06434586683568186,0.04200044113677692
"Micronesia, Federated States of",2021,us,0.16698690614907935,0.011197267810802498,391601900.0,world_bank_wdi,1.8168064143713298,0.7143990882066712,0.3033828822076706,0.007999317914443214
"Micronesia, Federated States of",2022,aus,0.020976165327275427,0.0003070202130458723,415232900.0,world_bank_wdi,1.9132377757157488,0.6666201360730328,0.04013239189380225,0.00020466585619781093
"Micronesia, Federated States of",2022,china,0.04482183132764824,0.0003438479146173867,415232900.0,world_bank_wdi,1.9132377757157488,0.6666201360730328,0.08575482087281619,0.0002292159436306709
"Micronesia, Federated States of",2022,us,0.16656275047934122,0.01046403066767589,415232900.0,world_bank_wdi,1.9132377757157488,0.6666201360730328,0.31867414624419205,0.00697553354755849
"Micronesia, Federated States of",2023,aus,0.01918935042965035,0.000523406871353943,442975600.0,world_bank_wdi,2.016881427103434,0.6224583390146093,0.038702644479741095,0.00032579897177180867
"Micronesia, Federated States of",2023,china,0.03502005830824702,0.11164829667369662,442975600.0,world_bank_wdi,2.016881427103434,0.6224583390146093,0.07063130517798272,0.06949641330131953
"Micronesia, Federated States of",2023,us,0.13587190692550008,0.009451686303294082,442975600.0,world_bank_wdi,2.016881427103434,0.6224583390146093,0.27403752554316757,0.005883280957235567
"Micronesia, Federated States of",2024,aus,0.02524233817363007,0.0004879352794049719,481121300.0,world_bank_wdi,1.52557057253545,0.761650204428696,0.03850896829967827,0.0003716360053067698
"Micronesia, Federated States of",2024,china,0.04743003718409192,0.24389052796030775,481121300.0,world_bank_wdi,1.52557057253545,0.761650204428696,0.07235786898231279,0.185759270479191
"Micronesia, Federated States of",2024,us,0.1633146722766115,0.008658817130140488,481121300.0,world_bank_wdi,1.52557057253545,0.761650204428696,0.2491480580884696,0.0065949898372821975
"Nauru, Republic of",2000,aus,0.2531757914029951,0.11946169636756965,26930980.3429002,world_bank_wdi,2.2201062775556295,1.2338475988216324,0.562077163818904,0.14739752721428473
"Nauru, Republic of",2000,china,0.0004432206090547878,0.0,26930980.3429002,world_bank_wdi,2.2201062775556295,1.2338475988216324,0.0009839968565045639,0.0
"Nauru, Republic of",2000,us,0.10460006686456214,0.039747386874116414,26930980.3429002,world_bank_wdi,2.2201062775556295,1.2338475988216324,0.232223265078753,0.04904221785406301
"Nauru, Republic of",2001,aus,0.5167696326954322,0.13606543788992287,22613287.5389074,world_bank_wdi,1.1142590207924026,0.7352412015012711,0.5758152249024618,0.10004091603698348
"Nauru, Republic of",2001,china,0.016617018658061575,0.0,22613287.5389074,world_bank_wdi,1.1142590207924026,0.7352412015012711,0.018515662938420774,0.0
"Nauru, Republic of",2001,us,0.17668728837309977,0.0,22613287.5389074,world_bank_wdi,1.1142590207924026,0.7352412015012711,0.19687540492907502,0.0
"Nauru, Republic of",2002,aus,0.06549197153659257,0.13178016412410834,21017423.6082043,world_bank_wdi,13.153869587140154,0.6857804257403677,0.8614728525970337,0.09037225705716655
"Nauru, Republic of",2002,china,0.00162185945330512,0.0,21017423.6082043,world_bank_wdi,13.153869587140154,0.6857804257403677,0.021333727737445976,0.0
"Nauru, Republic of",2002,us,0.011119130750511706,0.03927175026276409,21017423.6082043,world_bank_wdi,13.153869587140154,0.6857804257403677,0.1462595958145908,0.026931797614767754
"Nauru, Republic of",2003,aus,0.6759317752163397,0.04944373666979576,24778159.5806639,world_bank_wdi,1.0965197230064825,1.2248547928347315,0.7411725229315008,0.060561397835657706
"Nauru, Republic of",2003,china,0.0019506994794033492,0.0,24778159.5806639,world_bank_wdi,1.0965197230064825,1.2248547928347315,0.0021389804528242503,0.0
"Nauru, Republic of",2003,us,0.0741265793707973,0.009325281481885231,24778159.5806639,world_bank_wdi,1.0965197230064825,1.2248547928347315,0.08128125627908468,0.011422115717620092
"Nauru, Republic of",2004,aus,0.6765116723020276,0.003892649828580553,30587565.7988334,world_bank_wdi,0.6254222466022327,0.43263992751279073,0.42310544994376753,0.0016841157396697676
"Nauru, Republic of",2004,china,0.005487203773350349,2.3350004342231793e-05,30587565.7988334,world_bank_wdi,0.6254222466022327,0.43263992751279073,0.0034318193114930237,1.0102144186046512e-05
"Nauru, Republic of",2004,us,0.03878695211837223,0.0,30587565.7988334,world_bank_wdi,0.6254222466022327,0.43263992751279073,0.024258222732725588,0.0
"Nauru, Republic of",2005,aus,0.3678793220638013,0.035750257391046716,30070666.0652533,world_bank_wdi,0.9354869080371015,0.14098530344490023,0.34414628952825055,0.005040260886510009
"Nauru, Republic of",2005,china,0.0011304370562800659,0.0,30070666.0652533,world_bank_wdi,0.9354869080371015,0.14098530344490023,0.0010575090665100018,0.0
"Nauru, Republic of",2005,us,0.060289971832148015,0.02225250805280646,30070666.0652533,world_bank_wdi,0.9354869080371015,0.14098530344490023,0.05640047933490009,0.003137276600235005
"Nauru, Republic of",2006,aus,0.4318750002103658,0.040283037923420195,29200359.3890386,world_bank_wdi,1.2077229927258475,0.16374004361723096,0.5215853677375389,0.006595946386615392
"Nauru, Republic of",2006,china,0.0,0.0,29200359.3890386,world_bank_wdi,1.2077229927258475,0.16374004361723096,0.0,0.0
"Nauru, Republic of",2006,us,0.11121210230376063,0.03946233264157543,29200359.3890386,world_bank_wdi,1.2077229927258475,0.16374004361723096,0.1343134130216309,0.006461564067969237
"Nauru, Republic of",2007,aus,0.413372085188702,0.1870951129946805,22766972.1889659,world_bank_wdi,2.1236670308506262,0.8267787944644989,0.8778646687892229,0.15468627197194115
"Nauru, Republic of",2007,china,0.0008769486108575553,0.0,22766972.1889659,world_bank_wdi,2.1236670308506262,0.8267787944644989,0.0018623468526284457,0.0
"Nauru, Republic of",2007,us,0.17758210704937052,0.030071216097794954,22766972.1889659,world_bank_wdi,2.1236670308506262,0.8267787944644989,0.3771252660097348,0.024862243793416346
"Nauru, Republic of",2008,aus,0.20233496417381316,0.08512577689971,37602264.7306872,world_bank_wdi,2.5120190000926503,3.149887243449429,0.5082692743876843,0.26813659874511864
"Nauru, Republic of",2008,china,1.1221965848001832e-05,0.0,37602264.7306872,world_bank_wdi,2.5120190000926503,3.149887243449429,2.8189791428571432e-05,0.0
"Nauru, Republic of",2008,us,0.1245638186896007,0.005575496821278277,37602264.7306872,world_bank_wdi,2.5120190000926503,3.149887243449429,0.3129066792723729,0.017562186313237287
"Nauru, Republic of",2009,aus,0.1814502184226756,0.019268040426795908,44176245.5492433,world_bank_wdi,2.462443687722198,0.5354999184715735,0.4468109449907316,0.01031803407765619
"Nauru, Republic of",2009,china,0.0001948860393259638,0.0,44176245.5492433,world_bank_wdi,2.462443687722198,0.5354999184715735,0.00047989589736339956,0.0
"Nauru, Republic of",2009,us,0.03410505884009689,0.003987931094715117,44176245.5492433,world_bank_wdi,2.462443687722198,0.5354999184715735,0.08398178686019073,0.002135536776090198
"Nauru, Republic of",2010,aus,0.5752507691319176,0.08996561049518434,47562844.6104251,world_bank_wdi,0.5089524396254071,1.0914475390444067,0.29277528234608136,0.0981927441735966
"Nauru, Republic of",2010,china,0.0009533517054234279,0.0,47562844.6104251,world_bank_wdi,0.5089524396254071,1.0914475390444067,0.0004852106762962961,0.0
"Nauru, Republic of",2010,us,0.10509258396722189,0.0018172939107011755,47562844.6104251,world_bank_wdi,0.5089524396254071,1.0914475390444067,0.05348712699665553,0.0019834809665551837
"Nauru, Republic of",2011,aus,0.44635801002294084,0.12691628620892315,65071879.7787162,world_bank_wdi,0.6384006037825819,1.101246958036069,0.2849552231018372,0.13976617411281173
"Nauru, Republic of",2011,china,0.004711288246165422,0.00011724777306491625,65071879.7787162,world_bank_wdi,0.6384006037825819,1.101246958036069,0.003007689260945787,0.00012911875342424238
"Nauru, Republic of",2011,us,0.01273770934288096,0.004212463184691162,65071879.7787162,world_bank_wdi,0.6384006037825819,1.101246958036069,0.008131761335302239,0.004638962267980074
"Nauru, Republic of",2012,aus,0.5384804290310771,0.09537861140055362,101055722.95058,world_bank_wdi,0.5119429795707882,0.9227863143941298,0.2756712752787259,0.0880140772863468
"Nauru, Republic of",2012,china,0.0199248017076878,0.0006279486949058501,101055722.95058,world_bank_wdi,0.5119429795707882,0.9227863143941298,0.01020036235359082,0.0005794624618007733
"Nauru, Republic of",2012,us,0.04525880995684165,0.004789505788310317,101055722.95058,world_bank_wdi,0.5119429795707882,0.9227863143941298,0.02316993002113357,0.004419690394164229
"Nauru, Republic of",2013,aus,0.8448202858858598,0.2349905566909362,94385014.9425842,world_bank_wdi,1.7432827075366992,0.6599767955526955,1.4727605953610299,0.1550883145900281
"Nauru, Republic of",2013,china,0.006925256026439285,0.0005560753491185029,94385014.9425842,world_bank_wdi,1.7432827075366992,0.6599767955526955,0.01207267907615592,0.000366996826997076
"Nauru, Republic of",2013,us,0.0048869644364216685,0.00908703701274966,94385014.9425842,world_bank_wdi,1.7432827075366992,0.6599767955526955,0.008519360594360726,0.005997233568743259
"Nauru, Republic of",2014,aus,0.6132686254148157,0.15548992661892558,99149244.4001333,world_bank_wdi,1.48263804015235,0.3349155050137261,0.9092553928719481,0.05207598729812467
"Nauru, Republic of",2014,china,0.01984087436387298,0.00037152231316907634,99149244.4001333,world_bank_wdi,1.48263804015235,0.3349155050137261,0.029416835081761638,0.0001244285831388889
"Nauru, Republic of",2014,us,0.005857297387715358,0.016295607052411516,99149244.4001333,world_bank_wdi,1.48263804015235,0.3349155050137261,0.008684251919511778,0.005457651465463639
"Nauru, Republic of",2015,aus,0.5927423666247691,0.39209098432788864,84863440.5801997,world_bank_wdi,1.051784111977492,0.32628519089833535,0.6234370037118697,0.12793348167094135
"Nauru, Republic of",2015,china,0.05798410335066806,0.00400531827522765,84863440.5801997,world_bank_wdi,1.051784111977492,0.32628519089833535,0.06098675865149352,0.0013068760380412449
"Nauru, Republic of",2015,us,0.020588279306311092,0.01707433716241364,84863440.5801997,world_bank_wdi,1.051784111977492,0.32628519089833535,0.021654425067332988,0.005571103360500676
"Nauru, Republic of",2016,aus,0.7189436101535025,0.25604269736353463,97541943.0355053,world_bank_wdi,0.5254139049838799,0.19000306322843996,0.3777429696739599,0.04864889681634399
"Nauru, Republic of",2016,china,0.03400280292369522,0.0008144273327528,97541943.0355053,world_bank_wdi,0.5254139049838799,0.19000306322843996,0.017865545464535993,0.00015474368799999995
"Nauru, Republic of",2016,us,0.010326324447896863,0.055147801167847676,97541943.0355053,world_bank_wdi,0.5254139049838799,0.19000306322843996,0.005425594452299998,0.010478251152203997
"Nauru, Republic of",2017,aus,0.6637251874828523,0.25268096988761124,109355638.866955,world_bank_wdi,0.47024643175981024,0.21383566903623294,0.3121144010829223,0.05403220424864158
"Nauru, Republic of",2017,china,0.008748116330875208,0.01032353750146221,109355638.866955,world_bank_wdi,0.47024643175981024,0.21383566903623294,0.00411377048921379,0.0022075405484458122
"Nauru, Republic of",2017,us,0.004100470367463591,0.062113392839372866,109355638.866955,world_bank_wdi,0.47024643175981024,0.21383566903623294,0.0019282315588365915,0.013282058913917658
"Nauru, Republic of",2018,aus,0.29695874479985085,0.20381402750152317,130995566.30391,world_bank_wdi,0.9816921612572286,0.11625869760101512,0.29152207198679936,0.023695153390144563
"Nauru, Republic of",2018,china,0.01575254361092808,0.007408708888402743,130995566.30391,world_bank_wdi,0.9816921612572286,0.11625869760101512,0.015464148582710734,0.0008613268462707674
"Nauru, Republic of",2018,us,0.006569149474176526,0.17842138938143468,130995566.30391,world_bank_wdi,0.9816921612572286,0.11625869760101512,0.00644888254492614,0.020743038353649185
"Nauru, Republic of",2019,aus,0.3390961598527991,0.12716234086754089,125160115.547819,world_bank_wdi,0.7881430972497926,0.2934717716521001,0.26725629769189585,0.037318557461825476
"Nauru, Republic of",2019,china,0.01312844092920879,0.0006022711763610181,125160115.547819,world_bank_wdi,0.7881430972497926,0.2934717716521001,0.010347090096007561,0.0001767495891416624
"Nauru, Republic of",2019,us,0.013241503789882939,0.10435319257377934,125160115.547819,world_bank_wdi,0.7881430972497926,0.2934717716521001,0.010436199809203206,0.0306247163021798
"Nauru, Republic of",2020,aus,0.3631463362218254,0.002587668015935276,124685688.161094,world_bank_wdi,0.9494096856333327,0.9395057534482327,0.3447746489112598,0.002431128988985165
"Nauru, Republic of",2020,china,0.016300844034945743,0.0006565825495965477,124685688.161094,world_bank_wdi,0.9494096856333327,0.9395057534482327,0.015476179210775825,0.0006168630829596662
"Nauru, Republic of",2020,us,0.005435554707048112,0.030019722437962006,124685688.161094,world_bank_wdi,0.9494096856333327,0.9395057534482327,0.0051605682856613305,0.02820370194738431
"Nauru, Republic of",2021,aus,0.4836190325875891,0.013180497163653665,149268323.992868,world_bank_wdi,0.7361666886890907,1.375163536436623,0.3560242218070269,0.018125339091562852
"Nauru, Republic of",2021,china,0.1087840672990194,0.0004936318672124526,149268323.992868,world_bank_wdi,0.7361666886890907,1.375163536436623,0.08008320660565031,0.0006788245442136898
"Nauru, Republic of",2021,us,0.01266582040943572,0.01037132143684438,149268323.992868,world_bank_wdi,0.7361666886890907,1.375163536436623,0.009324155070344996,0.014262263064611876
"Nauru, Republic of",2022,aus,0.5582024709984234,0.013083991059604136,180671357.349805,world_bank_wdi,0.4342474575430242,1.1912927763269074,0.24239800382529902,0.015586864034832245
"Nauru, Republic of",2022,china,0.1768111843962006,0.0004689115585164306,180671357.349805,world_bank_wdi,0.4342474575430242,1.1912927763269074,0.07677980728922094,0.0005586109523968158
"Nauru, Republic of",2022,us,0.013801187497500176,0.011080641215796706,180671357.349805,world_bank_wdi,0.4342474575430242,1.1912927763269074,0.005993130581864024,0.013200287837448817
"Nauru, Republic of",2023,aus,0.550093799721284,0.0019441460983855025,161531316.884061,world_bank_wdi,0.4392858373768497,1.310840585494499,0.2416484154463773,0.0025484656098944984
"Nauru, Republic of",2023,china,0.09923873564050252,1.6803483767395468e-05,161531316.884061,world_bank_wdi,0.4392858373768497,1.310840585494499,0.04359417108605797,2.202668849999999e-05
"Nauru, Republic of",2023,us,0.018893515664225657,0.005158872839688541,161531316.884061,world_bank_wdi,0.4392858373768497,1.310840585494499,0.008299653849551994,0.006762459893668997
"Nauru, Republic of",2024,aus,0.5345218497510061,0.0005063736892443422,167833414.846177,world_bank_wdi,0.41241963880339094,1.3526395349106555,0.22044730820683037,0.0006849410715104599
"Nauru, Republic of",2024,china,0.1757039944181072,0.03543592024460505,167833414.846177,world_bank_wdi,0.41241963880339094,1.3526395349106555,0.07246377791422878,0.04793202667879365
"Nauru, Republic of",2024,us,0.014038253520342896,0.009304067836398826,167833414.846177,world_bank_wdi,0.41241963880339094,1.3526395349106555,0.0057896514462902485,0.012585049991003697
Palau,2000,aus,0.0005748927773624756,0.0,149551484.375,world_bank_wdi,0.5306825602679679,0.01877879121519084,0.00030508557097028144,0.0
Palau,2000,china,0.02360631246744554,0.0,149551484.375,world_bank_wdi,0.5306825602679679,0.01877879121519084,0.01252745833870965,0.0
Palau,2000,us,0.45764962390749114,0.11015112394218496,149551484.375,world_bank_wdi,0.5306825602679679,0.01877879121519084,0.24286667412090002,0.0020685049586289003
Palau,2001,aus,0.008378646956554674,8.027283897779505e-06,159446234.375,world_bank_wdi,0.5875299829262587,0.02812675375231796,0.004922706303329717,2.2578143749279122e-07
Palau,2001,china,0.03389751051142455,0.0,159446234.375,world_bank_wdi,0.5875299829262587,0.02812675375231796,0.01991580377201994,0.0
Palau,2001,us,0.38771656104340885,0.06897844763487787,159446234.375,world_bank_wdi,0.5875299829262587,0.02812675375231796,0.22779510449006174,0.001940139810843369
Palau,2002,aus,0.009743309723407605,6.069464051896234e-06,162658718.75,world_bank_wdi,0.5364258010301093,0.02127118105066225,0.005226562723063377,1.291046687283709e-07
Palau,2002,china,0.021059125688009522,0.0,162658718.75,world_bank_wdi,0.5364258010301093,0.02127118105066225,0.01129665836618426,0.0
Palau,2002,us,0.4162666788349257,0.08940840412490303,162658718.75,world_bank_wdi,0.5364258010301093,0.02127118105066225,0.22329618663616824,0.0019018223515915897
Palau,2003,aus,0.01690338881184391,0.0019060928613616826,154566781.25,world_bank_wdi,0.5502054143344595,0.028260262306523256,0.009300336044877044,5.3866684242672615e-05
Palau,2003,china,0.0204072079321375,0.0,154566781.25,world_bank_wdi,0.5502054143344595,0.028260262306523256,0.01122815629571118,0.0
Palau,2003,us,0.42708825713819637,0.0708198402230731,154566781.25,world_bank_wdi,0.5502054143344595,0.028260262306523256,0.2349862714761035,0.002001387261210112
Palau,2004,aus,0.015311592511764517,0.010235142151305303,166363734.375,world_bank_wdi,0.5374354880641335,0.032210125735223055,0.008228993194599295,0.0003296752156114252
Palau,2004,china,0.02213440359143694,0.0,166363734.375,world_bank_wdi,0.5374354880641335,0.032210125735223055,0.011895813997172423,0.0
Palau,2004,us,0.40623155252734877,0.057729289668620225,166363734.375,world_bank_wdi,0.5374354880641335,0.032210125735223055,0.21832325269958638,0.0018594676788313707
Palau,2005,aus,0.024633212378411644,2.975735242863271e-05,185658171.875,world_bank_wdi,0.5228317015604029,0.0499575030731461,0.01287902434270374,1.4866030254021102e-06
Palau,2005,china,0.02293753390087489,0.0,185658171.875,world_bank_wdi,0.5228317015604029,0.0499575030731461,0.011992469878993847,0.0
Palau,2005,us,0.3741818095116431,0.033352815479156125,185658171.875,world_bank_wdi,0.5228317015604029,0.0499575030731461,0.1956341121599229,0.001666223381798017
Palau,2006,aus,0.009112921455566626,6.779242026734967e-05,190777421.875,world_bank_wdi,0.5570405080200217,0.06912408638502575,0.005076266397155389,4.686089114810249e-06
Palau,2006,china,0.021007662352855092,9.092070682388393e-05,190777421.875,world_bank_wdi,0.5570405080200217,0.06912408638502575,0.011702118909347485,6.284810792681753e-06
Palau,2006,us,0.34177862616423377,0.023457996357452594,190777421.875,world_bank_wdi,0.5570405080200217,0.06912408638502575,0.19038453954890985,0.0016215125666321725
Palau,2007,aus,0.006014055019467244,0.0003390040351982767,196012718.75,world_bank_wdi,0.7771943681588264,0.04987275779521323,0.004674089690927263,1.6907066139043595e-05
Palau,2007,china,0.0310670590203979,2.455068450440145e-05,196012718.75,world_bank_wdi,0.7771943681588264,0.04987275779521323,0.024145143305911113,1.224410341994708e-06
Palau,2007,us,0.2384211377586944,0.0316446034621195,196012718.75,world_bank_wdi,0.7771943681588264,0.04987275779521323,0.18529956551607699,0.001578203643991852
Palau,2008,aus,0.009800568991711682,4.1982173654976784e-05,199046109.375,world_bank_wdi,0.8480646561243544,0.051218299478504946,0.00831151617177898,2.1502555430192016e-06
Palau,2008,china,0.019463019472593532,0.0014112091877900724,199046109.375,world_bank_wdi,0.8480646561243544,0.051218299478504946,0.016505898916166648,7.227973480704966e-05
Palau,2008,us,0.22932362948100635,0.0303436937150736,199046109.375,world_bank_wdi,0.8480646561243544,0.051218299478504946,0.19448126497699852,0.001554152391982668
Palau,2009,aus,0.006808064126035618,9.092422085071071e-05,184049765.625,world_bank_wdi,0.679574353573698,0.03657097720903441,0.0046265857775389385,3.325187608480553e-06
Palau,2009,china,0.017070440801474143,0.0,184049765.625,world_bank_wdi,0.679574353573698,0.03657097720903441,0.01160063377287987,0.0
Palau,2009,us,0.2815645835452803,0.04595951746684769,184049765.625,world_bank_wdi,0.679574353573698,0.03657097720903441,0.19134406985203134,0.0016807844658183059
Palau,2010,aus,0.007847549002031941,0.004565004664838425,184292328.125,world_bank_wdi,0.7845458699828881,0.03613237663633753,0.006156762159032494,0.00016494446789657976
Palau,2010,china,0.00892184490261048,0.0011491353278289239,184292328.125,world_bank_wdi,0.7845458699828881,0.03613237663633753,0.006999596570970934,4.152099047123588e-05
Palau,2010,us,0.2586471806745367,0.0464561814498775,184292328.125,world_bank_wdi,0.7845458699828881,0.03613237663633753,0.20292057738092562,0.001678572245233011
Palau,2011,aus,0.007307640607590674,0.0,195163578.125,world_bank_wdi,0.8508901148227501,0.035365112165443906,0.00621799915567622,0.0
Palau,2011,china,0.009767620463856992,0.0001824113755769752,195163578.125,world_bank_wdi,0.8508901148227501,0.035365112165443906,0.00831117169803632,6.450998757532643e-06
Palau,2011,us,0.22211352402710946,0.04482016826103117,195163578.125,world_bank_wdi,0.8508901148227501,0.035365112165443906,0.18899420196311284,0.0015850702778254363
Palau,2012,aus,0.008607389647431294,0.00015143585997762386,214928296.875,world_bank_wdi,0.9049149848012539,0.05361336988912945,0.00778895587198376,8.118986775458763e-06
Palau,2012,china,0.007265045291502505,0.000756051124426968,214928296.875,world_bank_wdi,0.9049149848012539,0.05361336988912945,0.00657424834954041,4.053444858899527e-05
Palau,2012,us,0.2704209022161195,0.34970565121174013,214928296.875,world_bank_wdi,0.9049149848012539,0.05361336988912945,0.2447079266188411,0.018748898430733914
Palau,2013,aus,0.005056205096787383,0.0006377273025763311,226257828.125,world_bank_wdi,0.9532380306454866,0.060703803284154326,0.004819766989001277,3.871247272452797e-05
Palau,2013,china,0.02205331298097709,0.0003821704088621032,226257828.125,world_bank_wdi,0.9532380306454866,0.060703803284154326,0.021022056635195147,2.3199197320589944e-05
Palau,2013,us,0.21803692276915596,0.3180176100236444,226257828.125,world_bank_wdi,0.9532380306454866,0.060703803284154326,0.20784108686847227,0.019304878439772216
Palau,2014,aus,0.006339771561568142,0.011402891739849721,245436546.875,world_bank_wdi,0.8954560211113628,0.06002816164743191,0.005676986617276779,0.0006844946286078652
Palau,2014,china,0.035505369425587734,0.001624912160147133,245436546.875,world_bank_wdi,0.8954560211113628,0.06002816164743191,0.03179349683392582,9.754048981218986e-05
Palau,2014,us,0.24950412563296243,0.29646703488337595,245436546.875,world_bank_wdi,0.8954560211113628,0.06002816164743191,0.2234199715901621,0.017796371093114126
Palau,2015,aus,0.01568256183818952,0.004446293520622956,283224750.0,world_bank_wdi,0.730848018755423,0.024894777073684413,0.011461569248450215,0.00011068948600007591
Palau,2015,china,0.03994826519512251,0.0004341340860720477,283224750.0,world_bank_wdi,0.730848018755423,0.024894777073684413,0.02919611047057151,1.0807671292851349e-05
Palau,2015,us,0.2739269253721299,0.3074452369141352,283224750.0,world_bank_wdi,0.730848018755423,0.024894777073684413,0.2001989506919858,0.007653780635343486
Palau,2016,aus,0.007881314372350054,0.0,303326125.0,world_bank_wdi,0.7184814829253497,0.029825096651335262,0.005662578437646939,0.0
Palau,2016,china,0.03668179096536779,0.0008467146866899848,303326125.0,world_bank_wdi,0.7184814829253497,0.029825096651335262,0.02635518756915515,2.525334736663385e-05
Palau,2016,us,0.2957098445199957,0.06362099197136567,303326125.0,world_bank_wdi,0.7184814829253497,0.029825096651335262,0.21246204760635112,0.0018975022345998059
Palau,2017,aus,0.00882040137974646,0.11335658913672836,289983656.25,world_bank_wdi,0.738581011322082,0.016256941125453516,0.006514580971319828,0.0018428313957780165
Palau,2017,china,0.05344110480403809,0.0,289983656.25,world_bank_wdi,0.738581011322082,0.016256941125453516,0.03947058523233583,0.0
Palau,2017,us,0.2640946317311741,0.114577788136863,289983656.25,world_bank_wdi,0.738581011322082,0.016256941125453516,0.19505528018874335,0.0018626843560256682
Palau,2018,aus,0.009049506018970312,0.00019306872663567767,288228343.75,world_bank_wdi,0.7218838372830916,0.03162744064791511,0.006532692130490723,6.106269692638443e-06
Palau,2018,china,0.04232693795387135,0.0010969814013390778,288228343.75,world_bank_wdi,0.7218838372830916,0.03162744064791511,0.03055513239058398,3.469471416271843e-05
Palau,2018,us,0.25796104169576745,0.024814487514365293,288228343.75,world_bank_wdi,0.7218838372830916,0.03162744064791511,0.18621790664888418,0.0007848187310690189
Palau,2019,aus,0.0073180770606233615,0.00017004281924022543,281954000.0,world_bank_wdi,0.8271402423799628,0.027281684803194848,0.006053076033679252,4.639054597558466e-06
Palau,2019,china,0.05036537037648243,0.0006371405635293157,281954000.0,world_bank_wdi,0.8271402423799628,0.027281684803194848,0.041659224660760275,1.7382268029536734e-05
Palau,2019,us,0.261827523540171,0.03317252050678927,281954000.0,world_bank_wdi,0.8271402423799628,0.027281684803194848,0.21656808128276248,0.0009050022485937422
Palau,2020,aus,0.009832029081228365,0.0007718047253928112,258985859.375,world_bank_wdi,0.8143785220899187,0.010020686234618865,0.008006993312315858,7.734012987557536e-06
Palau,2020,china,0.08199600168451639,0.00023504786944064643,258985859.375,world_bank_wdi,0.8143785220899187,0.010020686234618865,0.06677578266911893,2.3553409497803777e-06
Palau,2020,us,0.29675159371547866,0.030566239919765967,258985859.375,world_bank_wdi,0.8143785220899187,0.010020686234618865,0.24166812431783952,0.00030629469960805647
Palau,2021,aus,0.0092700213714694,0.0008154693711258738,235935734.375,world_bank_wdi,1.0583584994510224,0.008820241276772469,0.009811005908587264,7.19263660714812e-06
Palau,2021,china,0.0911127666424656,0.003424298608510888,235935734.375,world_bank_wdi,1.0583584994510224,0.008820241276772469,0.09642997098455107,3.0203139930782265e-05
Palau,2021,us,0.2726590075277823,0.045623997626502634,235935734.375,world_bank_wdi,1.0583584994510224,0.008820241276772469,0.28857097806890875,0.0004024146670766477
Palau,2022,aus,0.010006269062268746,0.000524465499412962,247470812.5,world_bank_wdi,1.2709774236507183,0.0194930417258803,0.012717742073118219,1.0223427863841518e-05
Palau,2022,china,0.1083172601432965,0.0026998571795867265,247470812.5,world_bank_wdi,1.2709774236507183,0.0194930417258803,0.1376687922338316,5.262842865560156e-05
Palau,2022,us,0.2096751102696812,0.026660054191830162,247470812.5,world_bank_wdi,1.2709774236507183,0.0194930417258803,0.2664923314542397,0.0005196855487755753
Palau,2023,aus,0.00509853991666148,2.864808575434614e-05,276157406.25,world_bank_wdi,1.4021843830234046,0.007331210516828208,0.007149093047364179,2.100251475692588e-07
Palau,2023,china,0.06896947309350518,0.00011311054547836667,276157406.25,world_bank_wdi,1.4021843830234046,0.007331210516828208,0.09670791807706587,8.29237220575177e-07
Palau,2023,us,0.15937535145956158,0.04278492870302246,276157406.25,world_bank_wdi,1.4021843830234046,0.007331210516828208,0.22347362885546362,0.0003136653192693433
Palau,2024,aus,0.011826084175941623,0.0,321501812.5,world_bank_wdi,1.0965844679335983,0.05256231642551004,0.01296830022381289,0.0
Palau,2024,china,0.07587911708046544,1.7693480277982923e-05,321501812.5,world_bank_wdi,1.0965844679335983,0.05256231642551004,0.0832078612309534,9.300103090398598e-07
Palau,2024,us,0.17720810268514575,0.022892582230301654,321501812.5,world_bank_wdi,1.0965844679335983,0.05256231642551004,0.194323652996513,0.001203287150986124
Papua New Guinea,2000,aus,0.5065441226924603,0.062192886544028415,3521339699.07407,world_bank_wdi,0.34846918328346965,0.1761930574500218,0.1765150167316833,0.010957954831834687
Papua New Guinea,2000,china,0.022771820330246568,0.02074243870940793,3521339699.07407,world_bank_wdi,0.34846918328346965,0.1761930574500218,0.007935277632358932,0.0036546736951802677
Papua New Guinea,2000,us,0.02197610261191068,0.061945043821847345,3521339699.07407,world_bank_wdi,0.34846918328346965,0.1761930574500218,0.007657994528926238,0.010914286664846867
Papua New Guinea,2001,aus,0.5277058162935498,0.1118071001185097,3081024212.42924,world_bank_wdi,0.36067191147577554,0.18861801064581754,0.19032866545947907,0.02108883280043105
Papua New Guinea,2001,china,0.019383242977784473,0.04636744785064004,3081024212.42924,world_bank_wdi,0.36067191147577554,0.18861801064581754,0.006990991295396929,0.008745735772311412
Papua New Guinea,2001,us,0.022548059036076283,0.03749367671321141,3081024212.42924,world_bank_wdi,0.36067191147577554,0.18861801064581754,0.008132451552610265,0.007071982713443351
Papua New Guinea,2002,aus,0.5073760792960915,0.40658940574622726,2999511040.19764,world_bank_wdi,0.39539301643038943,0.3196952131360768,0.2006129584575061,0.12998468672891092
Papua New Guinea,2002,china,0.025819426781663827,0.04504260300586556,2999511040.19764,world_bank_wdi,0.39539301643038943,0.3196952131360768,0.010208821037705642,0.014399904568163884
Papua New Guinea,2002,us,0.02207436374878842,0.06089409298783113,2999511040.19764,world_bank_wdi,0.39539301643038943,0.3196952131360768,0.008728049268415092,0.019467550036472752
Papua New Guinea,2003,aus,0.4559175660319768,0.32867561995290945,3536411824.2958,world_bank_wdi,0.38141011539813774,0.3081878480646201,0.17389157147229437,0.10129383202459206
Papua New Guinea,2003,china,0.05075189081001912,0.026534296118977965,3536411824.2958,world_bank_wdi,0.38141011539813774,0.3081878480646201,0.01935728453052308,0.008177547620817219
Papua New Guinea,2003,us,0.025157277190512705,0.05483183582326536,3536411824.2958,world_bank_wdi,0.38141011539813774,0.3081878480646201,0.009595239996336389,0.016898505487804697
Papua New Guinea,2004,aus,0.47529676101877955,0.35689468467126023,3927157866.96465,world_bank_wdi,0.4077825975551532,0.40478144216510786,0.19381774781778882,0.14446434516229414
Papua New Guinea,2004,china,0.036845467999322076,0.05985347502049402,3927157866.96465,world_bank_wdi,0.4077825975551532,0.40478144216510786,0.015024940648898831,0.024227575937388827
Papua New Guinea,2004,us,0.029889199532459883,0.019651143760873627,3927157866.96465,world_bank_wdi,0.4077825975551532,0.40478144216510786,0.012188295424190762,0.007954418311720288
Papua New Guinea,2005,aus,0.557190212491035,0.27365553151339544,4865892972.27595,world_bank_wdi,0.41563522554299726,0.5893318049407712,0.23158787963906188,0.16127390831881544
Papua New Guinea,2005,china,0.03693968119660979,0.045007706599098266,4865892972.27595,world_bank_wdi,0.41563522554299726,0.5893318049407712,0.015353432725639327,0.02652447296629124
Papua New Guinea,2005,us,0.030722881891903017,0.01309749685834847,4865892972.27595,world_bank_wdi,0.41563522554299726,0.5893318049407712,0.012769511944471977,0.007718771463736584
Papua New Guinea,2006,aus,0.5322195024808589,0.30006044111048785,8354911040.70193,world_bank_wdi,0.28209924097551925,0.37787667177061374,0.1501387176822188,0.11338584081685339
Papua New Guinea,2006,china,0.06025899969353274,0.049230293669716305,8354911040.70193,world_bank_wdi,0.28209924097551925,0.37787667177061374,0.016999018075489633,0.01860297952220231
Papua New Guinea,2006,us,0.02088055777789298,0.01434886008351386,8354911040.70193,world_bank_wdi,0.28209924097551925,0.37787667177061374,0.005890389500289085,0.0054220994920604285
Papua New Guinea,2007,aus,0.5250794989119485,0.3231735656620008,9545028944.34579,world_bank_wdi,0.310388143951622,0.362165443306252,0.16297845109432743,0.11704229767284065
Papua New Guinea,2007,china,0.08074378491633505,0.05274428879240478,9545028944.34579,world_bank_wdi,0.310388143951622,0.362165443306252,0.02506191353581021,0.019102158732374256
Papua New Guinea,2007,us,0.024916940640208676,0.015425406146169844,9545028944.34579,world_bank_wdi,0.310388143951622,0.362165443306252,0.007733922958267111,0.005586549055106586
Papua New Guinea,2008,aus,0.42910386380636195,0.3624744149379049,11670892800.5309,world_bank_wdi,0.29962226838729344,0.3520446433038182,0.12856907304741438,0.12760717611357492
Papua New Guinea,2008,china,0.11045653690320333,0.058534150510686264,11670892800.5309,world_bank_wdi,0.29962226838729344,0.3520446433038182,0.03309523814514257,0.02060663413762655
Papua New Guinea,2008,us,0.022460051694243498,0.01723680864989688,11670892800.5309,world_bank_wdi,0.29962226838729344,0.3520446433038182,0.0067295316367251105,0.0060681261528491145
Papua New Guinea,2009,aus,0.4259991495469246,0.3456852165229585,11619456449.266,world_bank_wdi,0.3344223899772408,0.32243641562395703,0.14246365371975453,0.11146150214985423
Papua New Guinea,2009,china,0.15027813063489537,0.0545547128482345,11619456449.266,world_bank_wdi,0.3344223899772408,0.32243641562395703,0.050256371608233714,0.017590426066178968
Papua New Guinea,2009,us,0.06297793882678039,0.016307467391245906,11619456449.266,world_bank_wdi,0.3344223899772408,0.32243641562395703,0.021061232818292367,0.005258121333537891
Papua New Guinea,2010,aus,0.411490280837471,0.3920205103310752,14250786674.7766,world_bank_wdi,0.36020064682362307,0.3196036212556244,0.14821906531929138,0.12529117470828957
Papua New Guinea,2010,china,0.07719559224758397,0.05932034063086307,14250786674.7766,world_bank_wdi,0.36020064682362307,0.3196036212556244,0.027805902259512412,0.01895899567974099
Papua New Guinea,2010,us,0.04196145266316037,0.018230316062186204,14250786674.7766,world_bank_wdi,0.36020064682362307,0.3196036212556244,0.015114542390929206,0.005826475030109286
Papua New Guinea,2011,aus,0.3725011208231334,0.4195832329848344,17985138065.8549,world_bank_wdi,0.40087949397998063,0.3118373607955625,0.14932806082255334,0.13084172800806038
Papua New Guinea,2011,china,0.07057137276664173,0.06294906527546329,17985138065.8549,world_bank_wdi,0.40087949397998063,0.3118373607955625,0.028290616204163923,0.019629870380048063
Papua New Guinea,2011,us,0.04738039861078292,0.019456104361583966,17985138065.8549,world_bank_wdi,0.40087949397998063,0.3118373607955625,0.018993830219660435,0.006067140235479377
Papua New Guinea,2012,aus,0.363397637088413,0.316544198979748,21295168665.7247,world_bank_wdi,0.42799412270773074,0.3507565972004855,0.15553205287971764,0.11102996609768981
Papua New Guinea,2012,china,0.07887610913981223,0.13610508416686093,21295168665.7247,world_bank_wdi,0.42799412270773074,0.3507565972004855,0.03375851113389316,0.047739756184053815
Papua New Guinea,2012,us,0.04824958911995994,0.006742618660502213,21295168665.7247,world_bank_wdi,0.42799412270773074,0.3507565972004855,0.020650540566405726,0.002365017977578252
Papua New Guinea,2013,aus,0.38252461376564706,0.26127723461440755,21261338064.8783,world_bank_wdi,0.3303955445120387,0.353388699200057,0.12638442805435823,0.09233242207097359
Papua New Guinea,2013,china,0.08847986750201378,0.11871654872800401,21261338064.8783,world_bank_wdi,0.3303955445120387,0.353388699200057,0.029233354001680877,0.04195308672850952
Papua New Guinea,2013,us,0.026669244922258358,0.004902418659751835,21261338064.8783,world_bank_wdi,0.3303955445120387,0.353388699200057,0.008811399697814472,0.001732459353103788
Papua New Guinea,2014,aus,0.34933012030676186,0.29510140070944035,23210823987.308,world_bank_wdi,0.27035404432136206,0.4018123824083024,0.09444281082820104,0.11857539687108733
Papua New Guinea,2014,china,0.1140043463383135,0.13482446239093432,23210823987.308,world_bank_wdi,0.27035404432136206,0.4018123824083024,0.03082153610277632,0.054174138440219885
Papua New Guinea,2014,us,0.025648136087195718,0.00543649210571134,23210823987.308,world_bank_wdi,0.27035404432136206,0.4018123824083024,0.006934077320478037,0.0021844498449398024
Papua New Guinea,2015,aus,0.25675531737054375,0.30425844057885926,21723437010.0982,world_bank_wdi,0.25785885370699346,0.3736523676353232,0.06620663182034371,0.11368688669532206
Papua New Guinea,2015,china,0.19853490276479943,0.14037508867707127,21723437010.0982,world_bank_wdi,0.25785885370699346,0.3736523676353232,0.05119398244776059,0.05245148424120613
Papua New Guinea,2015,us,0.041621403522271505,0.005419194359834263,21723437010.0982,world_bank_wdi,0.25785885370699346,0.3736523676353232,0.01073244740192915,0.002024894803228062
Papua New Guinea,2016,aus,0.3507353478625129,0.3450366661583999,20758876952.6232,world_bank_wdi,0.23908197217638213,0.3257117037415453,0.08385449867893903,0.11238248038775521
Papua New Guinea,2016,china,0.15154769984754538,0.1625092274033917,20758876952.6232,world_bank_wdi,0.23908197217638213,0.3257117037415453,0.03623232295834555,0.052931157331280926
Papua New Guinea,2016,us,0.028708943360783872,0.005693735137916916,20758876952.6232,world_bank_wdi,0.23908197217638213,0.3257117037415453,0.00686379079779626,0.001854516172424021
Papua New Guinea,2017,aus,0.2997453523924846,0.3651760806169349,22742699138.356,world_bank_wdi,0.22359910048775314,0.2858005094495506,0.06702279117034414,0.10436750987911016
Papua New Guinea,2017,china,0.17220511694823118,0.18378138502663513,22742699138.356,world_bank_wdi,0.22359910048775314,0.2858005094495506,0.03850490924901282,0.05252481346795633
Papua New Guinea,2017,us,0.023388281171557706,0.020791631439066136,22742699138.356,world_bank_wdi,0.22359910048775314,0.2858005094495506,0.005229598631914956,0.005942258857572395
Papua New Guinea,2018,aus,0.3481097812649709,0.3221789825910133,24109780708.0268,world_bank_wdi,0.21784630173974961,0.2534125980650628,0.07583442844800709,0.08164421302034731
Papua New Guinea,2018,china,0.16921879531265757,0.24263003443334316,24109780708.0268,world_bank_wdi,0.21784630173974961,0.2534125980650628,0.03686368874371813,0.06148550739436913
Papua New Guinea,2018,us,0.01861153798060177,0.014167419684541048,24109780708.0268,world_bank_wdi,0.21784630173974961,0.2534125980650628,0.004054454718762984,0.003590202630137659
Papua New Guinea,2019,aus,0.3846536773622476,0.2790944649295721,24750626029.8777,world_bank_wdi,0.2096130494936671,0.414217387375339,0.08062843031085386,0.11560578009404551
Papua New Guinea,2019,china,0.17367769916005843,0.20917468062386374,24750626029.8777,world_bank_wdi,0.2096130494936671,0.414217387375339,0.03640511214998355,0.08664378971308778
Papua New Guinea,2019,us,0.020615745421590958,0.005449284815389733,24750626029.8777,world_bank_wdi,0.2096130494936671,0.414217387375339,0.004321329265404786,0.0022571885192948413
Papua New Guinea,2020,aus,0.3490444994518738,0.21629339437069703,23848447849.6081,world_bank_wdi,0.18618462647970466,0.4373904769727567,0.0649867197552426,0.09460467092985574
Papua New Guinea,2020,china,0.2274532721292461,0.1780539099829968,23848447849.6081,world_bank_wdi,0.18618462647970466,0.4373904769727567,0.0423483025129703,0.07787908461432726
Papua New Guinea,2020,us,0.015819887256321438,0.006154167064811609,23848447849.6081,world_bank_wdi,0.18618462647970466,0.4373904769727567,0.0029454197997692464,0.0026917740678479795
Papua New Guinea,2021,aus,0.3270961080704196,0.17225856720997212,26113409477.7318,world_bank_wdi,0.1952305484409239,0.3723289869632342,0.06385915257147974,0.06413685782502711
Papua New Guinea,2021,china,0.23166917944621485,0.18046893942572645,26113409477.7318,world_bank_wdi,0.1952305484409239,0.3723289869632342,0.04522890096014334,0.06719381739471
Papua New Guinea,2021,us,0.009722626429165349,0.007429862622952842,26113409477.7318,world_bank_wdi,0.1952305484409239,0.3723289869632342,0.0018981536900521728,0.0027663532236800294
Papua New Guinea,2022,aus,0.27201548921925106,0.20486150547385817,31653230962.4549,world_bank_wdi,0.207031096849892,0.40248982908289904,0.056315665093221515,0.08245467232383856
Papua New Guinea,2022,china,0.24562315211311264,0.20005628596336553,31653230962.4549,world_bank_wdi,0.207031096849892,0.40248982908289904,0.05085163059370557,0.08052062034435456
Papua New Guinea,2022,us,0.019928881298029354,0.007674388118315698,31653230962.4549,world_bank_wdi,0.207031096849892,0.40248982908289904,0.004125898154122316,0.0030888631620567164
Papua New Guinea,2023,aus,0.2701077179142974,0.2132282219628177,30816328065.6492,world_bank_wdi,0.20515193385571245,0.3618397443798466,0.05541312067947138,0.07715444532959516
Papua New Guinea,2023,china,0.23273556873553347,0.19277587077600278,30816328065.6492,world_bank_wdi,0.20515193385571245,0.3618397443798466,0.04774615200310378,0.06975397180419118
Papua New Guinea,2023,us,0.022958641249713273,0.006892329342303792,30816328065.6492,world_bank_wdi,0.20515193385571245,0.3618397443798466,0.004710009651078209,0.0024939186874009204
Papua New Guinea,2024,aus,0.2966467976064215,0.22651854964470294,30803971189.4102,world_bank_wdi,0.20638911953617264,0.3851934929766173,0.06122467137121454,0.08725347136164043
Papua New Guinea,2024,china,0.2353787609598914,0.19734678947406506,30803971189.4102,world_bank_wdi,0.20638911953617264,0.3851934929766173,0.04857961523202724,0.07601669916523625
Papua New Guinea,2024,us,0.011876511765557622,0.00679408630470582,30803971189.4102,world_bank_wdi,0.20638911953617264,0.3851934929766173,0.002451182806454433,0.002617037835294233
Samoa,2000,aus,0.23188033408815092,0.6497352145106821,258856139.798489,world_bank_wdi,0.8983896050564433,0.22564088074352465,0.20831888176181004,0.1466068260522732
Samoa,2000,china,0.00985842159928254,0.0,258856139.798489,world_bank_wdi,0.8983896050564433,0.22564088074352465,0.00885670348705935,0.0
Samoa,2000,us,0.10888251422837604,0.2072743134458519,258856139.798489,world_bank_wdi,0.8983896050564433,0.22564088074352465,0.09781891895518331,0.04676955864143142
Samoa,2001,aus,0.22881117328403133,0.4820691145722013,266299591.479428,world_bank_wdi,0.5688064711571347,0.30615921946053115,0.1301492760370135,0.14758990384345452
Samoa,2001,china,0.013961431811180463,0.0,266299591.479428,world_bank_wdi,0.5688064711571347,0.30615921946053115,0.007941352760818523,0.0
Samoa,2001,us,0.10382540851726531,0.23257326432877526,266299591.479428,world_bank_wdi,0.5688064711571347,0.30615921946053115,0.0590565642351536,0.07120444907428562
Samoa,2002,aus,0.18319146800043595,0.6241135114113208,281790134.211972,world_bank_wdi,0.5244572557988483,0.2652075802759773,0.09607609459327117,0.16551963417893992
Samoa,2002,china,0.021715162449754803,0.0,281790134.211972,world_bank_wdi,0.5244572557988483,0.2652075802759773,0.0113886745076246,0.0
Samoa,2002,us,0.10468876044785315,0.043540902233056254,281790134.211972,world_bank_wdi,0.5244572557988483,0.2652075802759773,0.05490478001746407,0.011547377324261745
Samoa,2003,aus,0.19522197034286243,0.690007220257406,333426188.41876,world_bank_wdi,0.5120694982289926,0.27054826898211487,0.09996721639674484,0.18668025902580207
Samoa,2003,china,0.02045634021409758,7.050381999058419e-06,333426188.41876,world_bank_wdi,0.5120694982289926,0.27054826898211487,0.01047506786903451,1.907468645507918e-06
Samoa,2003,us,0.11875103050807602,0.0338752456218261,333426188.41876,world_bank_wdi,0.5120694982289926,0.27054826898211487,0.06080878060644628,0.009164889064329017
Samoa,2004,aus,0.2005114190707444,0.6694441032742539,407747565.096959,world_bank_wdi,0.583226583691434,0.22318278071963574,0.1169435899357517,0.14940839650511098
Samoa,2004,china,0.025030997221296127,1.06810563017575e-05,407747565.096959,world_bank_wdi,0.583226583691434,0.22318278071963574,0.014598742995766316,2.3838278464492277e-06
Samoa,2004,us,0.11720251885238728,0.06317798814608262,407747565.096959,world_bank_wdi,0.583226583691434,0.22318278071963574,0.06835562467030872,0.014100239074714903
Samoa,2005,aus,0.21514002017849246,0.7505974023951987,476801793.159429,world_bank_wdi,1.4126733480525708,0.4940418250927916,0.3039225726056486,0.37082651058923244
Samoa,2005,china,0.043885178430143196,6.63270425208444e-05,476801793.159429,world_bank_wdi,1.4126733480525708,0.4940418250927916,0.06199542194279485,3.2768333140005154e-05
Samoa,2005,us,0.12869658515033214,0.06425079540054614,476801793.159429,world_bank_wdi,1.4126733480525708,0.4940418250927916,0.18180623582725247,0.03174258022334935
Samoa,2006,aus,0.14089715383147777,0.6883176519653393,499923757.780736,world_bank_wdi,0.6174173887438599,0.1360763220215604,0.08699235280007293,0.09366373446195984
Samoa,2006,china,0.023769832095915214,1.7639850804346878e-07,499923757.780736,world_bank_wdi,0.6174173887438599,0.1360763220215604,0.014675907663539961,2.400366018464587e-08
Samoa,2006,us,0.10873177219245805,0.04220407629389821,499923757.780736,world_bank_wdi,0.6174173887438599,0.1360763220215604,0.06713288686055968,0.005742975476390996
Samoa,2007,aus,0.13878229656531474,0.7927631711056008,573548459.833372,world_bank_wdi,0.5225060778422528,0.17440950487263363,0.07251459345228295,0.13826543215378675
Samoa,2007,china,0.026720130182205114,0.0004486550614041696,573548459.833372,world_bank_wdi,0.5225060778422528,0.17440950487263363,0.013961430420938394,7.824970711810226e-05
Samoa,2007,us,0.11370622221754795,0.02536006691294518,573548459.833372,world_bank_wdi,0.5225060778422528,0.17440950487263363,0.059412192197150604,0.004423036713823627
Samoa,2008,aus,0.22807399261847608,0.8011811654013187,641346191.664776,world_bank_wdi,0.5048032814533686,0.11444959156842745,0.1151324998879781,0.09169485715249764
Samoa,2008,china,0.06609110065723639,0.00023966711548798058,641346191.664776,world_bank_wdi,0.5048032814533686,0.11444959156842745,0.033363004486637815,2.742980347998251e-05
Samoa,2008,us,0.11072661886656078,0.01910984174537455,641346191.664776,world_bank_wdi,0.5048032814533686,0.11444959156842745,0.055895160548076354,0.002187113582695402
Samoa,2009,aus,0.20807407341405965,0.6647723620173129,628006115.424052,world_bank_wdi,0.4157152938291296,0.07585132744740088,0.08649957456754968,0.05042386610935732
Samoa,2009,china,0.06624376127244727,0.00040256033904412605,628006115.424052,world_bank_wdi,0.4157152938291296,0.07585132744740088,0.027538544681722132,3.053473609417272e-05
Samoa,2009,us,0.11695201722992415,0.03467483195557645,628006115.424052,world_bank_wdi,0.4157152938291296,0.07585132744740088,0.048618742206647345,0.0026301320328460287
Samoa,2010,aus,0.23657129159538834,0.7753894601989126,680260907.153983,world_bank_wdi,0.45823594729873174,0.0890444070399722,0.10840546990789728,0.0690440947084563
Samoa,2010,china,0.06206531517233935,0.00039621332905582303,680260907.153983,world_bank_wdi,0.45823594729873174,0.0890444070399722,0.028440558492391268,3.528058094710915e-05
Samoa,2010,us,0.11643461449466977,0.029947140035704676,680260907.153983,world_bank_wdi,0.45823594729873174,0.0890444070399722,0.05335452587132764,0.0026666253270223347
Samoa,2011,aus,0.10288669079328026,0.6206824754637428,744097050.169115,world_bank_wdi,0.4609465702384481,0.07174871625665795,0.04742526724434625,0.04453317081752814
Samoa,2011,china,0.06491461965417436,0.0016109234831666538,744097050.169115,world_bank_wdi,0.4609465702384481,0.07174871625665795,0.029922171287925025,0.00011558169190491134
Samoa,2011,us,0.11389286855671812,0.03210462561456582,744097050.169115,world_bank_wdi,0.4609465702384481,0.07174871625665795,0.05249852713583761,0.0023034656737457157
Samoa,2012,aus,0.09410582374484859,0.647395706894064,773141661.165548,world_bank_wdi,0.436204647530677,0.08286839409664318,0.041049397677205696,0.05364864257537219
Samoa,2012,china,0.08090189281717573,0.0,773141661.165548,world_bank_wdi,0.436204647530677,0.08286839409664318,0.03528978164088075,0.0
Samoa,2012,us,0.13034918199947335,0.03443164045049853,773141661.165548,world_bank_wdi,0.436204647530677,0.08286839409664318,0.05685891898999234,0.0028532947502458326
Samoa,2013,aus,0.07298116987538937,0.580756690284317,797736334.281305,world_bank_wdi,0.4579031880616204,0.07658042580577451,0.03341831035440748,0.044474594631525304
Samoa,2013,china,0.0821192130586018,0.0022589255986262967,797736334.281305,world_bank_wdi,0.4579031880616204,0.07658042580577451,0.03760264946064521,0.0001729894842063659
Samoa,2013,us,0.12467217204055933,0.029578813871325667,797736334.281305,world_bank_wdi,0.4579031880616204,0.07658042580577451,0.05708778503993893,0.002265158161095869
Samoa,2014,aus,0.08919930440464253,0.5953091088660408,796683519.593842,world_bank_wdi,0.47731877696411595,0.06175979463599829,0.04257650288447386,0.03676616830850583
Samoa,2014,china,0.10581635795269612,0.00016267297283038446,796683519.593842,world_bank_wdi,0.47731877696411595,0.06175979463599829,0.05050813456077802,1.0046649394831874e-05
Samoa,2014,us,0.10166669903297262,0.038717142494298626,796683519.593842,world_bank_wdi,0.47731877696411595,0.06175979463599829,0.048527424440397364,0.0023911627693405657
Samoa,2015,aus,0.10627630623900157,0.42260492192855725,824150498.653536,world_bank_wdi,0.40501572873563635,0.06406270914870299,0.043043575618720874,0.027073216198319497
Samoa,2015,china,0.1215744353947102,0.0,824150498.653536,world_bank_wdi,0.40501572873563635,0.06406270914870299,0.04923955854701209,0.0
Samoa,2015,us,0.09663238603174201,0.05277817747246072,824150498.653536,world_bank_wdi,0.40501572873563635,0.06406270914870299,0.03913763624810932,0.0033811130328168792
Samoa,2016,aus,0.1057291947256212,0.3594348599938711,843924796.697421,world_bank_wdi,0.41530918035776576,0.06656447974965833,0.04391030520138435,0.02392559445938331
Samoa,2016,china,0.11902096952712983,0.0,843924796.697421,world_bank_wdi,0.41530918035776576,0.06656447974965833,0.049430501299698906,0.0
Samoa,2016,us,0.10307688469019376,0.06674937923164474,843924796.697421,world_bank_wdi,0.41530918035776576,0.06656447974965833,0.0428087764945163,0.004443137702167081
Samoa,2017,aus,0.10736930407195562,0.21947584251958857,884844384.463214,world_bank_wdi,0.39691730960473876,0.04744500826037091,0.04261673530637375,0.010413033161293744
Samoa,2017,china,0.09081016310032868,0.0,884844384.463214,world_bank_wdi,0.39691730960473876,0.04744500826037091,0.03604412562254998,0.0
Samoa,2017,us,0.10690577514150167,0.07312412852862375,884844384.463214,world_bank_wdi,0.39691730960473876,0.04744500826037091,0.042432752650374,0.003469374882072978
Samoa,2018,aus,0.09537870527764447,0.10752369698569644,878448433.404342,world_bank_wdi,0.41386040361080456,0.05235758957615401,0.03947346946208192,0.005629681596487843
Samoa,2018,china,0.08986407546355696,0.0,878448433.404342,world_bank_wdi,0.41386040361080456,0.05235758957615401,0.037191182541459485,0.0
Samoa,2018,us,0.10208297325487209,0.0944817720530645,878448433.404342,world_bank_wdi,0.41386040361080456,0.05235758957615401,0.042248100513052333,0.0049468378435820895
Samoa,2019,aus,0.09018827635087744,0.08211037292650776,912950466.064906,world_bank_wdi,0.4260968749780383,0.05374048499199947,0.03842894271276459,0.00441265126394447
Samoa,2019,china,0.12398433362279654,0.0,912950466.064906,world_bank_wdi,0.4260968749780383,0.05374048499199947,0.052829337102908124,0.0
Samoa,2019,us,0.08779678818116461,0.11684215864265568,912950466.064906,world_bank_wdi,0.4260968749780383,0.05374048499199947,0.03740993707710301,0.006279154272968458
Samoa,2020,aus,0.11330538301586683,0.0823667879124995,868884902.953089,world_bank_wdi,0.3585864387113441,0.04285553398780874,0.0406297737824845,0.0035298726788507563
Samoa,2020,china,0.08243921835654301,0.0,868884902.953089,world_bank_wdi,0.3585864387113441,0.04285553398780874,0.029561585720619624,0.0
Samoa,2020,us,0.10502536744968695,0.10937209951883457,868884902.953089,world_bank_wdi,0.3585864387113441,0.04285553398780874,0.03766067248813356,0.004687199728247415
Samoa,2021,aus,0.0883872809746845,0.08611896352512616,859724936.05765,world_bank_wdi,0.42791286395272227,0.03382450796803458,0.037822054538871205,0.002912931567954509
Samoa,2021,china,0.08799431941667614,0.0,859724936.05765,world_bank_wdi,0.42791286395272227,0.03382450796803458,0.03765390123316052,0.0
Samoa,2021,us,0.10079190195693802,0.18166373324451973,859724936.05765,world_bank_wdi,0.42791286395272227,0.03382450796803458,0.04313015142963534,0.006144686392632166
Samoa,2022,aus,0.07029277092062335,0.060198569081543495,889554711.842341,world_bank_wdi,0.4946174557254,0.046742648222147125,0.0347680315086471,0.00281384053805521
Samoa,2022,china,0.09349272058176149,0.0,889554711.842341,world_bank_wdi,0.4946174557254,0.046742648222147125,0.04624313158299661,0.0
Samoa,2022,us,0.10966625164088115,0.16137857072404385,889554711.842341,world_bank_wdi,0.4946174557254,0.046742648222147125,0.05424284236555411,0.007543261761946873
Samoa,2023,aus,0.08154240019461903,0.12911051075826213,1044909500.02527,world_bank_wdi,0.4479575247317401,0.04063179691540103,0.0365275317518665,0.005245992052773407
Samoa,2023,china,0.10137349292198967,0.0,1044909500.02527,world_bank_wdi,0.4479575247317401,0.04063179691540103,0.04541101896274507,0.0
Samoa,2023,us,0.08191604200981835,0.11924289716084473,1044909500.02527,world_bank_wdi,0.4479575247317401,0.04063179691540103,0.036694907414539464,0.004845053181043493
Samoa,2024,aus,0.09258954625116456,0.10841358014041479,1175749785.65113,world_bank_wdi,0.4152862897011669,0.035579524844933826,0.03845116912776071,0.003857303668134112
Samoa,2024,china,0.12240411896689644,0.0,1175749785.65113,world_bank_wdi,0.4152862897011669,0.035579524844933826,0.050832752409902655,0.0
Samoa,2024,us,0.08981974813032685,0.13163280800500476,1175749785.65113,world_bank_wdi,0.4152862897011669,0.035579524844933826,0.03730090994293676,0.004683432762822471
Solomon Islands,2000,aus,0.3200244053787497,0.08226880163391805,419842674.227652,world_bank_wdi,0.2571977465097996,0.07434144239248061,0.08230955589155302,0.006115981377366333
Solomon Islands,2000,china,0.010904841551508003,0.23175193296474428,419842674.227652,world_bank_wdi,0.2571977465097996,0.07434144239248061,0.002804700673094285,0.017228772973844564
Solomon Islands,2000,us,0.060351210811903686,0.0005118592031720526,419842674.227652,world_bank_wdi,0.2571977465097996,0.07434144239248061,0.015522195419959481,3.805235146567618e-05
Solomon Islands,2001,aus,0.3668038377386087,0.08812175062257198,409508552.979972,world_bank_wdi,0.22529869271011851,0.051915543485705325,0.08264042512356297,0.004574888576482616
Solomon Islands,2001,china,0.01249502705572381,0.12420755014515009,409508552.979972,world_bank_wdi,0.22529869271011851,0.051915543485705325,0.0028151132610321353,0.006448302470813464
Solomon Islands,2001,us,0.09012012885517864,0.0027239597757841958,409508552.979972,world_bank_wdi,0.22529869271011851,0.051915543485705325,0.020303947217939176,0.00014141585219303653
Solomon Islands,2002,aus,0.4058673842419466,0.05653599836002498,346406738.885237,world_bank_wdi,0.22917858880424735,0.0710162890282283,0.09301611436224055,0.004014976800034976
Solomon Islands,2002,china,0.01510136000809564,0.2510956167311007,346406738.885237,world_bank_wdi,0.22917858880424735,0.0710162890282283,0.003460908375680256,0.017831878891497087
Solomon Islands,2002,us,0.025475567372683302,0.0006494171786667629,346406738.885237,world_bank_wdi,0.22917858880424735,0.0710162890282283,0.0058384545794590865,4.6119198060095414e-05
Solomon Islands,2003,aus,0.34162960993768776,0.047095581491285295,417666638.600021,world_bank_wdi,0.2694333952005386,0.1085265583383315,0.09204642570654688,0.005111121372191618
Solomon Islands,2003,china,0.02113738831915329,0.3695087786508899,417666638.600021,world_bank_wdi,0.2694333952005386,0.1085265583383315,0.005695118300501677,0.04010151602278142
Solomon Islands,2003,us,0.018970733495643457,0.004469761272859492,417666638.600021,world_bank_wdi,0.2694333952005386,0.1085265583383315,0.005111349135175799,0.0004850878075374005
Solomon Islands,2004,aus,0.30622504364157677,0.06795776680233477,468000121.313434,world_bank_wdi,0.27901728643473256,0.13518347047100207,0.08544208071523031,0.009186766761798667
Solomon Islands,2004,china,0.028570665577381953,0.35339080046042726,468000121.313434,world_bank_wdi,0.27901728643473256,0.13518347047100207,0.007971709581035335,0.047772594838765954
Solomon Islands,2004,us,0.022372164528172884,0.001336044029184364,468000121.313434,world_bank_wdi,0.27901728643473256,0.13518347047100207,0.006242220638322177,0.00018061106856720309
Solomon Islands,2005,aus,0.30194827063135365,0.03741227139988287,552881356.697517,world_bank_wdi,0.33272032466206347,0.12793254963866943,0.1004643266356126,0.004786247267960887
Solomon Islands,2005,china,0.031010421260156455,0.4557158392227043,552881356.697517,world_bank_wdi,0.33272032466206347,0.12793254963866943,0.010317797429586611,0.05830088922248652
Solomon Islands,2005,us,0.014048446182840681,0.002220905098948005,552881356.697517,world_bank_wdi,0.33272032466206347,0.12793254963866943,0.004674203574952278,0.0002841260518139397
Solomon Islands,2006,aus,0.2939197514474344,0.03650074746514621,617257457.758489,world_bank_wdi,0.36744734834575715,0.17504990201718465,0.10800003329580378,0.006389452267327846
Solomon Islands,2006,china,0.024834079056491997,0.47815080218127837,617257457.758489,world_bank_wdi,0.36744734834575715,0.17504990201718465,0.009125216497916887,0.08370025107127102
Solomon Islands,2006,us,0.028237427253420582,0.0009724217227984515,617257457.758489,world_bank_wdi,0.36744734834575715,0.17504990201718465,0.010375767768375609,0.00017022232729525084
Solomon Islands,2007,aus,0.26720892826629594,0.02835794499870359,695291217.982227,world_bank_wdi,0.4675525832807367,0.23313040192051357,0.12493422468658373,0.006611099115187586
Solomon Islands,2007,china,0.0352476027214934,0.45502638112535887,695291217.982227,world_bank_wdi,0.4675525832807367,0.23313040192051357,0.016480107706887365,0.1060804831161917
Solomon Islands,2007,us,0.019009785548681067,0.0004850841752736779,695291217.982227,world_bank_wdi,0.4675525832807367,0.23313040192051357,0.008888074340898649,0.00011308786874683338
Solomon Islands,2008,aus,0.20796010478148183,0.03837120294345121,776335523.470373,world_bank_wdi,0.39908431900040914,0.27708687094261153,0.0829936167959714,0.010632156557904822
Solomon Islands,2008,china,0.04285533000834792,0.40683605473178225,776335523.470373,world_bank_wdi,0.39908431900040914,0.27708687094261153,0.017102890191919327,0.11272892939226659
Solomon Islands,2008,us,0.01885823111585737,0.0012054211189266692,776335523.470373,world_bank_wdi,0.39908431900040914,0.27708687094261153,0.007526024322424264,0.00033400636601153236
Solomon Islands,2009,aus,0.2510127569076725,0.03347450932930473,805557289.459198,world_bank_wdi,0.3512761751432612,0.26704503107956296,0.08817480115869242,0.008939201384217301
Solomon Islands,2009,china,0.06698961129283522,0.44892967560627167,805557289.459198,world_bank_wdi,0.3512761751432612,0.26704503107956296,0.023531854429280973,0.11988443917481494
Solomon Islands,2009,us,0.024221243774233393,0.001285839973926301,805557289.459198,world_bank_wdi,0.3512761751432612,0.26704503107956296,0.008508345870225234,0.00034337717580049343
Solomon Islands,2010,aus,0.32702283540695504,0.03969342421949872,898128551.289162,world_bank_wdi,0.4009479296511765,0.2413570791050475,0.13111912880507606,0.009580288929295761
Solomon Islands,2010,china,0.08875214961126689,0.4875078647875022,898128551.289162,world_bank_wdi,0.4009479296511765,0.2413570791050475,0.03558499063872893,0.11766347428584997
Solomon Islands,2010,us,0.016225145443419055,0.0036150625874557833,898128551.289162,world_bank_wdi,0.4009479296511765,0.2413570791050475,0.00650543847382809,0.0008725209468902631
Solomon Islands,2011,aus,0.30030527833374127,0.17654735486724232,1063898226.71892,world_bank_wdi,0.4521377057686241,0.38760713369338906,0.13577933957602586,0.0684310141812414
Solomon Islands,2011,china,0.07155196227816717,0.43920536470012966,1063898226.71892,world_bank_wdi,0.4521377057686241,0.38760713369338906,0.032351340067693635,0.17023913251417686
Solomon Islands,2011,us,0.014147151127011573,0.0012508143452508208,1063898226.71892,world_bank_wdi,0.4521377057686241,0.38760713369338906,0.0063964604537290175,0.00048482456314524383
Solomon Islands,2012,aus,0.2900675891949481,0.25065475346520183,1185217634.37393,world_bank_wdi,0.4342520838140181,0.3959585518214955,0.12596245505481476,0.0992488931892553
Solomon Islands,2012,china,0.08035658168013644,0.3839403635502994,1185217634.37393,world_bank_wdi,0.4342520838140181,0.3959585518214955,0.0348950130427706,0.15202447033719504
Solomon Islands,2012,us,0.015837991118527364,0.005666713747933465,1185217634.37393,world_bank_wdi,0.4342520838140181,0.3959585518214955,0.0068776806466484194,0.0022437837692186936
Solomon Islands,2013,aus,0.3061212189864582,0.2208179518008749,1285905957.64116,world_bank_wdi,0.40398384221886113,0.38993395513913925,0.12366802623087078,0.08610441731143897
Solomon Islands,2013,china,0.0794920332378767,0.43706768608465657,1285905957.64116,world_bank_wdi,0.40398384221886113,0.38993395513913925,0.03211349701322684,0.17042753149850187
Solomon Islands,2013,us,0.01932247933143593,0.018714230347065288,1285905957.64116,world_bank_wdi,0.40398384221886113,0.38993395513913925,0.007805969441508019,0.007297313856616075
Solomon Islands,2014,aus,0.29486514530929975,0.10310331379631618,1335576762.84974,world_bank_wdi,0.35657723340727165,0.3524337077381128,0.10514219774262325,0.03633708316132183
Solomon Islands,2014,china,0.11664918864386924,0.5600379720284354,1335576762.84974,world_bank_wdi,0.35657723340727165,0.3524337077381128,0.041594444965833824,0.197376258956115
Solomon Islands,2014,us,0.015569303814577122,0.02463019699838053,1335576762.84974,world_bank_wdi,0.35657723340727165,0.3524337077381128,0.005551659280279192,0.008680511650459386
Solomon Islands,2015,aus,0.3011981525710278,0.013762350876530806,1307908813.59962,world_bank_wdi,0.334218848099157,0.31437123943555584,0.10066609960188304,0.004326487302601998
Solomon Islands,2015,china,0.2114371267210875,0.5647573404544735,1307908813.59962,world_bank_wdi,0.334218848099157,0.31437123943555584,0.07066627293811735,0.177543465099001
Solomon Islands,2015,us,0.015065999318760749,0.0023392161673210224,1307908813.59962,world_bank_wdi,0.334218848099157,0.31437123943555584,0.0050353409377789015,0.0007353822858284004
Solomon Islands,2016,aus,0.16399144621335637,0.011494011672090578,1379486290.71433,world_bank_wdi,0.33618487100720157,0.3193486900633711,0.05513144319152165,0.0036705975710552233
Solomon Islands,2016,china,0.24959606003712578,0.6204196578341657,1379486290.71433,world_bank_wdi,0.33618487100720157,0.3193486900633711,0.08391041924748686,0.19813020501890574
Solomon Islands,2016,us,0.023971781334114466,0.004307355305912994,1379486290.71433,world_bank_wdi,0.33618487100720157,0.3193486900633711,0.008058950215622114,0.0013755482745808256
Solomon Islands,2017,aus,0.21068130965471363,0.00813862487051446,1469790526.3972,world_bank_wdi,0.3242310303687557,0.3443897875983508,0.06830941810878668,0.0028028592904991304
Solomon Islands,2017,china,0.234699000026727,0.6437027771840199,1469790526.3972,world_bank_wdi,0.3242310303687557,0.3443897875983508,0.07609669860518233,0.22168466271087317
Solomon Islands,2017,us,0.021936424379970856,0.007026579606230506,1469790526.3972,world_bank_wdi,0.3242310303687557,0.3443897875983508,0.007112469479324244,0.002419882258132627
Solomon Islands,2018,aus,0.1958667886667083,0.008745809189750906,1615473250.25259,world_bank_wdi,0.3399184798102599,0.3551060009878243,0.06657874104890493,0.003105689326775008
Solomon Islands,2018,china,0.24417704342872626,0.6630232319990348,1615473250.25259,world_bank_wdi,0.3399184798102599,0.3551060009878243,0.08300028940685644,0.2354435284771997
Solomon Islands,2018,us,0.02398132681090875,0.005113102234447501,1615473250.25259,world_bank_wdi,0.3399184798102599,0.3551060009878243,0.00815169615339713,0.001815693287116561
Solomon Islands,2019,aus,0.17770779566323755,0.0084283252277216,1619150563.92084,world_bank_wdi,0.3188816372639961,0.27391240937225336,0.056667752835668855,0.0023086228700981695
Solomon Islands,2019,china,0.21449863608969313,0.6477868044133027,1619150563.92084,world_bank_wdi,0.3188816372639961,0.27391240937225336,0.06839967626717543,0.1774368443564004
Solomon Islands,2019,us,0.04314667824892763,0.009439496838126777,1619150563.92084,world_bank_wdi,0.3188816372639961,0.27391240937225336,0.01375868340252089,0.002585595322193073
Solomon Islands,2020,aus,0.151185314033587,0.008389756534720514,1536143427.82958,world_bank_wdi,0.2777436107010009,0.24686485078792442,0.04199075500465316,0.0020711359950907936
Solomon Islands,2020,china,0.3129782565073402,0.6439524717445141,1536143427.82958,world_bank_wdi,0.2777436107010009,0.24686485078792442,0.0869277110332527,0.1589692308517246
Solomon Islands,2020,us,0.012292067654624352,0.006291741191044045,1536143427.82958,world_bank_wdi,0.2777436107010009,0.24686485078792442,0.003414043253376351,0.001553209750323326
Solomon Islands,2021,aus,0.1321067714062011,0.021294735414296485,1558312103.84225,world_bank_wdi,0.35477483184329145,0.2349375829125058,0.046868157610995144,0.005002933666996154
Solomon Islands,2021,china,0.34000062157195093,0.5472360251228617,1558312103.84225,world_bank_wdi,0.35477483184329145,0.2349375829125058,0.12062366334480347,0.12856630902501243
Solomon Islands,2021,us,0.029955055490931966,0.004032880335201186,1558312103.84225,world_bank_wdi,0.35477483184329145,0.2349375829125058,0.010627299774651853,0.0009474751581275429
Solomon Islands,2022,aus,0.1047303925147003,0.03461521871743696,1466670929.62333,world_bank_wdi,0.42488551706690036,0.2699462188165689,0.04449842697622787,0.009344247406280629
Solomon Islands,2022,china,0.36042880436652375,0.47614082024373267,1466670929.62333,world_bank_wdi,0.42488551706690036,0.2699462188165689,0.15314097890907513,0.12853241404901525
Solomon Islands,2022,us,0.018737741154893895,0.01467152144803174,1466670929.62333,world_bank_wdi,0.42488551706690036,0.2699462188165689,0.007961394839262831,0.003960521739182359
Solomon Islands,2023,aus,0.1268509939336764,0.09022621477500892,1506124566.40404,world_bank_wdi,0.4350529239851873,0.26458379584859487,0.05518689582127318,0.023872394390222432
Solomon Islands,2023,china,0.4145742039735276,0.4799309950581234,1506124566.40404,world_bank_wdi,0.4350529239851873,0.26458379584859487,0.18036171964751466,0.12698196441787152
Solomon Islands,2023,us,0.016481740078291594,0.0020672119343621833,1506124566.40404,world_bank_wdi,0.4350529239851873,0.26458379584859487,0.007170429213424608,0.0005469507804170628
Solomon Islands,2024,aus,0.12423810459004411,0.12237263758416497,1583964703.75061,world_bank_wdi,0.4167791046964772,0.28977184385054716,0.05177984600022588,0.03546014482961825
Solomon Islands,2024,china,0.35533606931631023,0.5269969389952268,1583964703.75061,world_bank_wdi,0.4167791046964772,0.28977184385054716,0.14809664883601714,0.1527088747162412
Solomon Islands,2024,us,0.02237663017845583,0.0021062712615189804,1583964703.75061,world_bank_wdi,0.4167791046964772,0.28977184385054716,0.009326111891900996,0.0006103381070997729
Tonga,2000,aus,0.22831436890440732,0.026023863771058028,204848487.806485,world_bank_wdi,0.3741934095818762,0.0547236515145274,0.08543373215687447,0.0014241208520689144
Tonga,2000,china,0.016598825380429793,0.00336465738980534,204848487.806485,world_bank_wdi,0.3741934095818762,0.0547236515145274,0.006211171064157207,0.0001841263384654868
Tonga,2000,us,0.09379139894100963,0.2059372175767102,204848487.806485,world_bank_wdi,0.3741934095818762,0.0547236515145274,0.035096123359190365,0.011269636528539297
Tonga,2001,aus,0.19491879098331674,0.03294656687217426,181117230.406546,world_bank_wdi,0.43536243687585735,0.03972757185966744,0.08486031983539266,0.0013088871029436416
Tonga,2001,china,0.009884093672113268,7.643827878203968e-06,181117230.406546,world_bank_wdi,0.43536243687585735,0.03972757185966744,0.0043031631074004735,3.0367072131427743e-07
Tonga,2001,us,0.07855428663310854,0.058100876209682635,181117230.406546,world_bank_wdi,0.43536243687585735,0.03972757185966744,0.03419958565563472,0.0023082067347298093
Tonga,2002,aus,0.1710818737679884,0.008549276236981995,182764280.828501,world_bank_wdi,0.5441194634378036,0.09719345869704477,0.09308897735857188,0.0008309337268287358
Tonga,2002,china,0.029925575968973047,0.0009832525288222345,182764280.828501,world_bank_wdi,0.5441194634378036,0.09719345869704477,0.016283088339304842,9.556571404884866e-05
Tonga,2002,us,0.10492827169903529,0.22387556208836493,182764280.828501,world_bank_wdi,0.5441194634378036,0.09719345869704477,0.05709351489633516,0.02175924019711318
Tonga,2003,aus,0.1910844005773982,0.009427051627883936,202246591.215502,world_bank_wdi,0.4984403479640609,0.11241593998375053,0.09524417511430236,0.0010597508700239183
Tonga,2003,china,0.024149405409516413,0.0018527217401854371,202246591.215502,world_bank_wdi,0.4984403479640609,0.11241593998375053,0.012037038035444534,0.00020827545595127596
Tonga,2003,us,0.07729136162121912,0.2789423910063196,202246591.215502,world_bank_wdi,0.4984403479640609,0.11241593998375053,0.03852513318109652,0.0313575710862903
Tonga,2004,aus,0.1938710679401106,0.020481859672787883,230678011.42199,world_bank_wdi,0.4931132395272436,0.0813602580684068,0.09560039036255429,0.0016664093886989161
Tonga,2004,china,0.058129608207072254,0.0032746123822589993,230678011.42199,world_bank_wdi,0.4931132395272436,0.0813602580684068,0.028664479415438846,0.00026642330849459256
Tonga,2004,us,0.07913044810315646,0.1624136457372349,230678011.42199,world_bank_wdi,0.4931132395272436,0.0813602580684068,0.039020271609389916,0.01321401613101223
Tonga,2005,aus,0.13037919880131485,0.02556534683141222,261823805.433238,world_bank_wdi,0.5009138438843828,0.04767348323940994,0.06530874563413273,0.0012187891336770324
Tonga,2005,china,0.033726426172726566,5.071281223870484e-05,261823805.433238,world_bank_wdi,0.5009138438843828,0.04767348323940994,0.016894033774663315,2.4176564042852383e-06
Tonga,2005,us,0.08252453896545069,0.19281019176589287,261823805.433238,world_bank_wdi,0.5009138438843828,0.04767348323940994,0.041337684027970424,0.00919193344553871
Tonga,2006,aus,0.11440482434189711,0.03217669730657922,292232703.306768,world_bank_wdi,0.43771344942774426,0.04094061525154058,0.050076530293866946,0.0013173337844939418
Tonga,2006,china,0.043805273414532636,0.0,292232703.306768,world_bank_wdi,0.43771344942774426,0.04094061525154058,0.019174157329400542,0.0
Tonga,2006,us,0.08915362800194092,0.1991272031030589,292232703.306768,world_bank_wdi,0.43771344942774426,0.04094061525154058,0.03902374204172749,0.008152390208357712
Tonga,2007,aus,0.10549137543808408,0.05433506367212527,298519623.342085,world_bank_wdi,0.5261671277804277,0.035227624242139544,0.055506094019863464,0.0019140952062143557
Tonga,2007,china,0.05653609946532481,0.005841783755668641,298519623.342085,world_bank_wdi,0.5261671277804277,0.035227624242139544,0.029747437071578533,0.00020579216304852962
Tonga,2007,us,0.09236540389150162,0.2346981523572983,298519623.342085,world_bank_wdi,0.5261671277804277,0.035227624242139544,0.048599639271870554,0.00826785832156732
Tonga,2008,aus,0.09902551710442835,0.051094675116279575,344438844.333518,world_bank_wdi,0.5250306711193491,0.03278676794381827,0.0519914337032786,0.0016752292562022442
Tonga,2008,china,0.03892736456069286,0.004861668621585235,344438844.333518,world_bank_wdi,0.5250306711193491,0.03278676794381827,0.020438060340208137,0.00015939840091565793
Tonga,2008,us,0.08605511409877649,0.17719068871225446,344438844.333518,world_bank_wdi,0.5250306711193491,0.03278676794381827,0.04518157430853278,0.005809509992614026
Tonga,2009,aus,0.10678408932380795,0.0826916807061978,312415028.446113,world_bank_wdi,0.5228225799904929,0.028947489001989204,0.05582913308220852,0.0023937165177986635
Tonga,2009,china,0.045008735237492534,0.006828009759708673,312415028.446113,world_bank_wdi,0.5228225799904929,0.028947489001989204,0.023531583078974856,0.00019765373742464175
Tonga,2009,us,0.11460764847923177,0.13768618446224462,312415028.446113,world_bank_wdi,0.5228225799904929,0.028947489001989204,0.05991946646455544,0.003985669310446683
Tonga,2010,aus,0.08153538062540305,0.03385491018329274,366887374.989696,world_bank_wdi,0.4881528204807536,0.026109460055061942,0.03980172602126229,0.0008839334250983915
Tonga,2010,china,0.04704893256430375,0.004481257402176705,366887374.989696,world_bank_wdi,0.4881528204807536,0.026109460055061942,0.02296706913187365,0.00011700321113858332
Tonga,2010,us,0.11497405327433573,0.13996728028884287,366887374.989696,world_bank_wdi,0.4881528204807536,0.026109460055061942,0.056124908387971406,0.0036544701137172014
Tonga,2011,aus,0.05838366822177377,0.08393771696507435,414143828.494419,world_bank_wdi,0.5221218719740356,0.03839991912426702,0.030483390144663537,0.0032232015429344706
Tonga,2011,china,0.05998026032509635,0.00019964674134589162,414143828.494419,world_bank_wdi,0.5221218719740356,0.03839991912426702,0.031317005802429285,7.666418721105695e-06
Tonga,2011,us,0.10787058285880899,0.09752249964068617,414143828.494419,world_bank_wdi,0.5221218719740356,0.03839991912426702,0.05632159065317167,0.003744856098998708
Tonga,2012,aus,0.053743918360476095,0.1301231509516788,471122971.305043,world_bank_wdi,0.4069510736632335,0.030503683444242556,0.021871145279664914,0.0039692354053974
Tonga,2012,china,0.06601677727366828,0.0001391692958843176,471122971.305043,world_bank_wdi,0.4069510736632335,0.030503683444242556,0.02686559839130586,4.2451761468133525e-06
Tonga,2012,us,0.13442761915267581,0.14536219587906105,471122971.305043,world_bank_wdi,0.4069510736632335,0.030503683444242556,0.05470546394417368,0.004434082407854858
Tonga,2013,aus,0.05958516195557347,0.11700186766569066,451788498.263614,world_bank_wdi,0.41660644975113265,0.03511154943290323,0.02482356278015772,0.0041081168602859
Tonga,2013,china,0.05718900826948157,0.0005043184095120696,451788498.263614,world_bank_wdi,0.41660644975113265,0.03511154943290323,0.023825309699936882,1.7707400765506168e-05
Tonga,2013,us,0.11777300549959137,0.11378683786809103,451788498.263614,world_bank_wdi,0.41660644975113265,0.03511154943290323,0.04906499369770538,0.003995232182619224
Tonga,2014,aus,0.056239385941251434,0.09438462925198252,440997734.928723,world_bank_wdi,0.47565778911291573,0.03997750605873175,0.02675070197788365,0.003773262087772281
Tonga,2014,china,0.0784071528198625,0.00034027246352967506,440997734.928723,world_bank_wdi,0.47565778911291573,0.03997750605873175,0.037294972960934314,1.3603244472377163e-05
Tonga,2014,us,0.11298411501173093,0.14129327564516173,440997734.928723,world_bank_wdi,0.47565778911291573,0.03997750605873175,0.05374177435135933,0.005648552783162508
Tonga,2015,aus,0.06827215582944994,0.09341754644396298,437525538.903019,world_bank_wdi,0.4519462043193556,0.03586763106296859,0.03085534168781947,0.003350666090659798
Tonga,2015,china,0.0996621796125662,0.0009559036253924863,437525538.903019,world_bank_wdi,0.4519462043193556,0.03586763106296859,0.04504194379009316,3.428599856733184e-05
Tonga,2015,us,0.101872185607438,0.33753898737942195,437525538.903019,world_bank_wdi,0.4519462043193556,0.03586763106296859,0.046040747610998495,0.012106723868693119
Tonga,2016,aus,0.07859716250822335,0.24832038287759714,420828254.541601,world_bank_wdi,0.519078759666328,0.04527262569561288,0.040798117628061396,0.011242115746608732
Tonga,2016,china,0.11689090251514775,0.0036741549347203578,420828254.541601,world_bank_wdi,0.519078759666328,0.04527262569561288,0.06067558469384055,0.00016633864110728372
Tonga,2016,us,0.10346405680613213,0.22522569167219794,420828254.541601,world_bank_wdi,0.519078759666328,0.04527262569561288,0.05370599427697357,0.010196558436110932
Tonga,2017,aus,0.069716747940449,0.2687851304577199,459976847.108128,world_bank_wdi,0.4956640855586473,0.0386541209667025,0.03455608811602537,0.010389652946763618
Tonga,2017,china,0.08948919526253171,0.012035995145959693,459976847.108128,world_bank_wdi,0.4956640855586473,0.0386541209667025,0.044356580137182015,0.0004652408123265701
Tonga,2017,us,0.0993622595423763,0.18998874521416004,459976847.108128,world_bank_wdi,0.4956640855586473,0.0386541209667025,0.049250303515112934,0.007343847939820163
Tonga,2018,aus,0.07707537151934021,0.17426423156882814,493530766.930564,world_bank_wdi,0.4472507275945682,0.02533580588656435,0.03447201599164657,0.004415124743999129
Tonga,2018,china,0.0955094922609828,0.017274473049391968,493530766.930564,world_bank_wdi,0.4472507275945682,0.02533580588656435,0.04271668990591234,0.0004376626959720822
Tonga,2018,us,0.10239566457485362,0.2469609829349556,493530766.930564,world_bank_wdi,0.4472507275945682,0.02533580588656435,0.04579653548363263,0.006256955525195166
Tonga,2019,aus,0.06912904599794585,0.11716592034272222,506031247.606648,world_bank_wdi,0.4929754826008549,0.036481937681346985,0.03407892481257405,0.004274439804320857
Tonga,2019,china,0.09037885547467654,0.020475596229388313,506031247.606648,world_bank_wdi,0.4929754826008549,0.036481937681346985,0.04455455989454159,0.0007469894256289677
Tonga,2019,us,0.15353902361615057,0.21076864412880109,506031247.606648,world_bank_wdi,0.4929754826008549,0.036481937681346985,0.07569097426523588,0.007689248540288921
Tonga,2020,aus,0.08648827524230748,0.08220288995234623,506571486.576395,world_bank_wdi,0.42360062752493477,0.026776082921032,0.03663648766619073,0.0022010713977124907
Tonga,2020,china,0.09482067702125169,0.013491595122831955,506571486.576395,world_bank_wdi,0.42360062752493477,0.026776082921032,0.040166098288541376,0.00036125206974593933
Tonga,2020,us,0.08598031910297194,0.2130639986214745,506571486.576395,world_bank_wdi,0.42360062752493477,0.026776082921032,0.03642131712681305,0.005705019294575248
Tonga,2021,aus,0.10452127401954354,0.09853279308595375,519306339.3498,world_bank_wdi,0.45751029671132687,0.027692709447771812,0.047819559089327265,0.0027286400100067364
Tonga,2021,china,0.12191693148216248,0.0003476809783396718,519306339.3498,world_bank_wdi,0.45751029671132687,0.027692709447771812,0.055778251496538665,9.628228313677576e-06
Tonga,2021,us,0.1142018945271854,0.18983381549464856,519306339.3498,world_bank_wdi,0.45751029671132687,0.027692709447771812,0.05224854265012825,0.005257012695855225
Tonga,2022,aus,0.06966944702689232,0.17481326075805984,556514556.392844,world_bank_wdi,0.4635296517166124,0.022130598092219764,0.032293854515664376,0.0038687220150270354
Tonga,2022,china,0.13142296946877416,0.00040597596688206556,556514556.392844,world_bank_wdi,0.4635296517166124,0.022130598092219764,0.06091844326542387,8.984490958167315e-06
Tonga,2022,us,0.11157113016059285,0.2281584887595948,556514556.392844,world_bank_wdi,0.4635296517166124,0.022130598092219764,0.051716527104968435,0.005049283816066833
Tonga,2023,aus,0.0825522086818731,0.16847941985112289,591139733.623755,world_bank_wdi,0.43565671862604605,0.015864269859702667,0.03596442434967743,0.00267280298232436
Tonga,2023,china,0.13121374368482114,0.014288760855108865,591139733.623755,world_bank_wdi,0.43565671862604605,0.015864269859702667,0.05716414901236825,0.00022668075816620288
Tonga,2023,us,0.08403162703063491,0.16069523644486391,591139733.623755,world_bank_wdi,0.43565671862604605,0.015864269859702667,0.03660894289297416,0.0025493125961300483
Tonga,2024,aus,0.06451070143881424,0.10724373847556333,647488243.847291,world_bank_wdi,0.4974277863119963,0.02602842008352321,0.032089415410143485,0.0027913850763694632
Tonga,2024,china,0.08747214766432768,0.007525798638110291,647488243.847291,world_bank_wdi,0.4974277863119963,0.02602842008352321,0.043511076776622575,0.00019588464841674153
Tonga,2024,us,0.08814500491261694,0.21825021929605679,647488243.847291,world_bank_wdi,0.4974277863119963,0.02602842008352321,0.04384577466814308,0.005680708391158829
Tuvalu,2000,aus,0.25447132067475803,0.02101630472204011,14881202.5785774,world_bank_wdi,0.2580529321284938,0.02901378505669634,0.06566707044273151,0.0006097625478913041
Tuvalu,2000,china,0.02955518765517351,0.0,14881202.5785774,world_bank_wdi,0.2580529321284938,0.02901378505669634,0.007626802834025387,0.0
Tuvalu,2000,us,0.001368700826927765,0.005058365606450916,14881202.5785774,world_bank_wdi,0.2580529321284938,0.02901378505669634,0.00035319726159540384,0.0001467623324437523
Tuvalu,2001,aus,0.23441001715111576,0.01976296970421032,14139705.2510497,world_bank_wdi,0.221147537199749,0.042792335289668144,0.05183919798792017,0.0008457036259021217
Tuvalu,2001,china,0.03629594301114456,0.0,14139705.2510497,world_bank_wdi,0.221147537199749,0.042792335289668144,0.008026758407257062,0.0
Tuvalu,2001,us,0.0016808652272177545,0.003609493714165859,14139705.2510497,world_bank_wdi,0.221147537199749,0.042792335289668144,0.0003717192053639029,0.00015445866524253503
Tuvalu,2002,aus,0.3809039798496588,0.021471197457806873,16639799.8873171,world_bank_wdi,0.5125277629991415,0.08608180529212775,0.19522386470981568,0.0018482794389517597
Tuvalu,2002,china,4.7957641111671565e-05,0.0,16639799.8873171,world_bank_wdi,0.5125277629991415,0.08608180529212775,2.4579622517680687e-05,0.0
Tuvalu,2002,us,0.000620635194141999,0.0015247307835425203,16639799.8873171,world_bank_wdi,0.5125277629991415,0.08608180529212775,0.00031809276769213666,0.00013125157843182062
Tuvalu,2003,aus,0.37655385198149327,0.005129792012239318,19584879.571753,world_bank_wdi,0.653586658171841,0.10478134299889996,0.24611057373831827,0.0005375064963474653
Tuvalu,2003,china,0.0009557501888655418,0.0,19584879.571753,world_bank_wdi,0.653586658171841,0.10478134299889996,0.0006246655719877353,0.0
Tuvalu,2003,us,0.0,0.0,19584879.571753,world_bank_wdi,0.653586658171841,0.10478134299889996,0.0,0.0
Tuvalu,2004,aus,0.39941716808249117,0.001154843136245111,22878877.9130312,world_bank_wdi,0.514558496476555,0.022292438463929334,0.20552349747545012,2.5744269550235295e-05
Tuvalu,2004,china,0.047234489117098225,0.0,22878877.9130312,world_bank_wdi,0.514558496476555,0.022292438463929334,0.024304907701932263,0.0
Tuvalu,2004,us,0.017069920848610216,0.0007293746123653332,22878877.9130312,world_bank_wdi,0.514558496476555,0.022292438463929334,0.008783472806834672,1.6259538663306503e-05
Tuvalu,2005,aus,0.333990114808454,0.0015526062271684893,22846519.1722166,world_bank_wdi,0.5703124997634309,0.0356340929602106,0.19047873727268466,5.53257146295238e-05
Tuvalu,2005,china,0.050893131751313395,0.0,22846519.1722166,world_bank_wdi,0.5703124997634309,0.0356340929602106,0.029024989189881178,0.0
Tuvalu,2005,us,0.0020233843543242852,0.0,22846519.1722166,world_bank_wdi,0.5703124997634309,0.0356340929602106,0.0011539613890968988,0.0
Tuvalu,2006,aus,0.32280714338161864,0.01776931976037019,24274966.4338055,world_bank_wdi,0.6223756338118055,0.05007306824973628,0.20090730046111327,0.000889764361112404
Tuvalu,2006,china,0.024445352818176926,0.05898535772429191,24274966.4338055,world_bank_wdi,0.6223756338118055,0.05007306824973628,0.01521419195396607,0.002953577843063578
Tuvalu,2006,us,0.00019135370349260592,0.0,24274966.4338055,world_bank_wdi,0.6223756338118055,0.05007306824973628,0.00011909388249344691,0.0
Tuvalu,2007,aus,0.35704267183129096,0.008457151030616384,28547819.7129545,world_bank_wdi,0.5144562911519115,0.06070001395636045,0.18368284873329502,0.0005133491855894627
Tuvalu,2007,china,0.013988597072307134,0.03212101559298114,28547819.7129545,world_bank_wdi,0.5144562911519115,0.06070001395636045,0.007196521768237616,0.0019497460947864268
Tuvalu,2007,us,0.0,0.0,28547819.7129545,world_bank_wdi,0.5144562911519115,0.06070001395636045,0.0,0.0
Tuvalu,2008,aus,0.17736764240113004,0.033762385826927144,31602915.0009478,world_bank_wdi,0.8612815459961107,0.03193376234343361,0.1527634772569306,0.0010781600051444028
Tuvalu,2008,china,0.05251278782024392,0.0,31602915.0009478,world_bank_wdi,0.8612815459961107,0.03193376234343361,0.04522829507838542,0.0
Tuvalu,2008,us,0.007294718335080631,0.0,31602915.0009478,world_bank_wdi,0.8612815459961107,0.03193376234343361,0.006282806285244421,0.0
Tuvalu,2009,aus,0.09230281640879585,0.052482622526604836,27851666.1740196,world_bank_wdi,1.6498074489655723,0.01711398546219214,0.15228187407173305,0.0008981868389380329
Tuvalu,2009,china,0.0040575291025007265,0.01583332076304312,27851666.1740196,world_bank_wdi,1.6498074489655723,0.01711398546219214,0.006694141737700291,0.00027097122135694493
Tuvalu,2009,us,0.004321120440151723,0.20979622262324538,27851666.1740196,world_bank_wdi,1.6498074489655723,0.01711398546219214,0.007129016690039704,0.003590449503997047
Tuvalu,2010,aus,0.13201069680731242,0.010989588660585548,32425361.8050211,world_bank_wdi,0.7414421107948022,0.0503842651571282,0.09787828968830638,0.0005537023490427115
Tuvalu,2010,china,0.010758425357535606,7.345163822668508e-06,32425361.8050211,world_bank_wdi,0.7414421107948022,0.0503842651571282,0.007976749605919523,3.7008068166387544e-07
Tuvalu,2010,us,0.04129417207151224,0.0,32425361.8050211,world_bank_wdi,0.7414421107948022,0.0503842651571282,0.030617238104225803,0.0
Tuvalu,2011,aus,0.12581099258220227,0.009183328446539645,39665361.1329159,world_bank_wdi,0.6038969033896476,0.025138634529474617,0.07597686883276988,0.000230856337581688
Tuvalu,2011,china,0.019155925795180974,8.023001809797659e-06,39665361.1329159,world_bank_wdi,0.6038969033896476,0.025138634529474617,0.011568204269271664,2.0168731032581677e-07
Tuvalu,2011,us,0.06002628838411782,0.0020368395844623803,39665361.1329159,world_bank_wdi,0.6038969033896476,0.025138634529474617,0.036249689677142725,5.1203365908966725e-05
Tuvalu,2012,aus,0.05139809502359474,0.0015101098762023437,38912985.1801769,world_bank_wdi,1.3446981106105447,0.26923459383776766,0.06911492126720908,0.0004065738191697396
Tuvalu,2012,china,0.0848311063431125,0.0,38912985.1801769,world_bank_wdi,1.3446981106105447,0.26923459383776766,0.11407222842058556,0.0
Tuvalu,2012,us,0.02322825924720741,0.003818465252435987,38912985.1801769,world_bank_wdi,1.3446981106105447,0.26923459383776766,0.031234996322491715,0.001028062941323232
Tuvalu,2013,aus,0.044632287056590204,0.013481067079716568,38767554.542532,world_bank_wdi,1.6832224314899509,0.04350896020922539,0.07512606674235123,0.0005865472111492865
Tuvalu,2013,china,0.003572524485193695,3.972168761244217e-05,38767554.542532,world_bank_wdi,1.6832224314899509,0.04350896020922539,0.006013353350525117,1.7282493257730276e-06
Tuvalu,2013,us,0.017047473366286627,0.020239090315775015,38767554.542532,world_bank_wdi,1.6832224314899509,0.04350896020922539,0.028694689570361153,0.0008805817752199741
Tuvalu,2014,aus,0.04602174266669245,0.0015614939279954714,38643167.2951054,world_bank_wdi,1.5159208434609817,0.20929360006223943,0.06976531896083667,0.0003268106856654995
Tuvalu,2014,china,0.0024535003123650626,4.574809987792576e-06,38643167.2951054,world_bank_wdi,1.5159208434609817,0.20929360006223943,0.0037193122629522275,9.574784519457978e-07
Tuvalu,2014,us,0.020062245576529768,0.008514092565108562,38643167.2951054,world_bank_wdi,1.5159208434609817,0.20929360006223943,0.030412776236094355,0.0017819450842147175
Tuvalu,2015,aus,0.19852356093777734,0.007564550253862076,36755290.7767318,world_bank_wdi,1.151190243794402,0.06799089473078053,0.22853838651489272,0.0005143205399960356
Tuvalu,2015,china,0.011216470137300148,0.3753699671715103,36755290.7767318,world_bank_wdi,1.151190243794402,0.06799089473078053,0.012912290991871186,0.025521739923054697
Tuvalu,2015,us,0.02935862671422142,0.08645531670781062,36755290.7767318,world_bank_wdi,1.151190243794402,0.06799089473078053,0.0337973646446134,0.005878174337197043
Tuvalu,2016,aus,0.09106362876593793,0.004227792949236558,41306141.62505,world_bank_wdi,0.8335535623864584,0.02697644793635821,0.07590641216168553,0.00011405083638078232
Tuvalu,2016,china,0.00505546147576849,0.021165886750148858,41306141.62505,world_bank_wdi,0.8335535623864584,0.02697644793635821,0.004213997922634327,0.0005709804419422447
Tuvalu,2016,us,0.06553030357355213,0.05464272067355456,41306141.62505,world_bank_wdi,0.8335535623864584,0.02697644793635821,0.05462301798800045,0.001474066509351109
Tuvalu,2017,aus,0.10953847606406761,0.005027953209710932,45288858.1637361,world_bank_wdi,0.9616903067535194,0.02652493570619313,0.10534209064736622,0.00013336613562132986
Tuvalu,2017,china,0.013034873061606469,0.005128678762422028,45288858.1637361,world_bank_wdi,0.9616903067535194,0.02652493570619313,0.012535511073109512,0.00013603787443096244
Tuvalu,2017,us,0.03629547855945402,0.17304816860504543,45288858.1637361,world_bank_wdi,0.9616903067535194,0.02652493570619313,0.03490500990960712,0.004590091546323299
Tuvalu,2018,aus,0.07098534133798602,0.0004417719932784317,48026990.1943497,world_bank_wdi,0.8268414206116941,0.19597511798912018,0.058693620474506374,8.657631850702946e-05
Tuvalu,2018,china,0.009642110230186596,0.0009462292862284062,48026990.1943497,world_bank_wdi,0.8268414206116941,0.19597511798912018,0.007972496120422034,0.00018543739601337289
Tuvalu,2018,us,0.06795067072191577,0.010521886706781851,48026990.1943497,world_bank_wdi,0.8268414206116941,0.19597511798912018,0.05618442911122628,0.0020620279888297283
Tuvalu,2019,aus,0.1395824730552393,0.0006631219703104034,53527720.0597564,world_bank_wdi,0.7634901945081274,0.155851149137062,0.1065698495028701,0.00010334832109090908
Tuvalu,2019,china,0.016459499374097845,0.002988723684495177,53527720.0597564,world_bank_wdi,0.7634901945081274,0.155851149137062,0.012566666378636364,0.00046579602068172726
Tuvalu,2019,us,0.0404409916749946,0.018612246025756778,53527720.0597564,world_bank_wdi,0.7634901945081274,0.155851149137062,0.030876300600043184,0.002900739931135909
Tuvalu,2020,aus,0.10780758040367246,0.00025940962584313155,52302514.9939611,world_bank_wdi,0.6273946062400398,0.15212515474482763,0.06763789445705351,3.9462729473684226e-05
Tuvalu,2020,china,0.0155401985251815,0.0013636600970920434,52302514.9939611,world_bank_wdi,0.6273946062400398,0.15212515474482763,0.009749836734598295,0.00020744700328947376
Tuvalu,2020,us,0.10177542461513094,0.00825900461301288,52302514.9939611,world_bank_wdi,0.6273946062400398,0.15212515474482763,0.06385335245132293,0.0012564023547928297
Tuvalu,2021,aus,0.08242902701804557,0.00012769029743476488,61597447.1614093,world_bank_wdi,1.200863827784444,0.5145322397363272,0.09898603690543754,6.570077473170737e-05
Tuvalu,2021,china,0.019421631904094204,0.00113346827708332,61597447.1614093,world_bank_wdi,1.200863827784444,0.5145322397363272,0.023322735230171043,0.0005832059712777565
Tuvalu,2021,us,0.013046642082491015,0.009389827685761385,61597447.1614093,world_bank_wdi,1.200863827784444,0.5145322397363272,0.01566724055091377,0.00483136906989298
Tuvalu,2022,aus,0.10149081567071272,0.0004712030892671038,54104146.3198082,world_bank_wdi,1.524794760134614,0.4065263739675243,0.1547526639364907,0.00019155648328205137
Tuvalu,2022,china,0.012485254051353811,0.0004851154923272865,54104146.3198082,world_bank_wdi,1.524794760134614,0.4065263739675243,0.01903744995645375,0.00019721224205128214
Tuvalu,2022,us,0.021927685602631756,0.011966712209660686,54104146.3198082,world_bank_wdi,1.524794760134614,0.4065263739675243,0.03343522010877212,0.0048647841229062586
Tuvalu,2023,aus,0.2485456239830198,0.0009219693946185048,50491930.924381,world_bank_wdi,1.4368051370158486,0.16308638846338494,0.35711162932161233,0.00015036065884210532
Tuvalu,2023,china,0.017875691758870535,3.485316336347614e-05,50491930.924381,world_bank_wdi,1.4368051370158486,0.16308638846338494,0.025683885746857055,5.684076539473686e-06
Tuvalu,2023,us,0.008757376588661651,0.10698184493534926,50491930.924381,world_bank_wdi,1.4368051370158486,0.16308638846338494,0.01258264366937139,0.01744728272165598
Tuvalu,2024,aus,0.20162847205393147,0.00018705412970703342,56752265.8012166,world_bank_wdi,1.2827167331958653,0.0983444809859971,0.25863221499229283,1.8395741302325584e-05
Tuvalu,2024,china,0.008272543497763674,0.00017200379743175488,56752265.8012166,world_bank_wdi,1.2827167331958653,0.0983444809859971,0.010611329970672118,1.6915624186046515e-05
Tuvalu,2024,us,0.015558398971458541,0.040214308131410095,56752265.8012166,world_bank_wdi,1.2827167331958653,0.0983444809859971,0.01995701870242721,0.003954855261394489
Vanuatu,2000,aus,0.350827184779228,0.03837040748364772,272014627.835262,world_bank_wdi,0.31328120920618036,0.07023589992950866,0.10990756467003661,0.002694980100275951
Vanuatu,2000,china,0.05568142517464423,0.0016784965415616144,272014627.835262,world_bank_wdi,0.31328120920618036,0.07023589992950866,0.017443944209035996,0.00011789071512514791
Vanuatu,2000,us,0.016169752858908176,0.006999615326559881,272014627.835262,world_bank_wdi,0.31328120920618036,0.07023589992950866,0.005065679728203845,0.0004916242816213149
Vanuatu,2001,aus,0.3472437214956986,0.02945366096317199,257926881.72043,world_bank_wdi,0.49436699016975744,0.05771321612818506,0.171665833451174,0.0016998655009338322
Vanuatu,2001,china,0.05786003607912049,0.0005155252134430406,257926881.72043,world_bank_wdi,0.49436699016975744,0.05771321612818506,0.02860409188754837,2.975261806296693e-05
Vanuatu,2001,us,0.016397789126385932,0.004251168298938242,257926881.72043,world_bank_wdi,0.49436699016975744,0.05771321612818506,0.00810652565584979,0.00024534859483391156
Vanuatu,2002,aus,0.3399634731300148,0.02236952298131767,262596535.549028,world_bank_wdi,0.3337286172369854,0.05320131467382457,0.11345553979876287,0.0011900880312324317
Vanuatu,2002,china,0.05594897212005462,0.00039425987061868445,262596535.549028,world_bank_wdi,0.3337286172369854,0.05320131467382457,0.018671773101456474,2.0975143440045996e-05
Vanuatu,2002,us,0.01614100783700154,0.0030979607822978223,262596535.549028,world_bank_wdi,0.3337286172369854,0.05320131467382457,0.005386716226253868,0.00016481558642619419
Vanuatu,2003,aus,0.34518850459607586,0.03628544960291723,314471413.001776,world_bank_wdi,0.2827722773309694,0.04747055660005475,0.09760973955310416,0.0017224904891337165
Vanuatu,2003,china,0.05539338136011036,0.0006480381701797284,314471413.001776,world_bank_wdi,0.2827722773309694,0.04747055660005475,0.015663712596261276,3.076273263651271e-05
Vanuatu,2003,us,0.016565520058652385,0.004604058454862334,314471413.001776,world_bank_wdi,0.2827722773309694,0.04747055660005475,0.004684269832156989,0.00021855721747150305
Vanuatu,2004,aus,0.36222005936088747,0.07265567641488362,364996869.129618,world_bank_wdi,0.31672701844175677,0.05063295291839082,0.11472487942117003,0.00367877144316864
Vanuatu,2004,china,0.05507597148353823,0.001317091724314663,364996869.129618,world_bank_wdi,0.31672701844175677,0.05063295291839082,0.017444048235764283,6.66882432664265e-05
Vanuatu,2004,us,0.01776315227723385,0.008284242293886164,364996869.129618,world_bank_wdi,0.31672701844175677,0.05063295291839082,0.00562607025889518,0.0004194556500308801
Vanuatu,2005,aus,0.39298306277841566,0.12704778842344483,394962433.029368,world_bank_wdi,0.429139826793089,0.07000808653602761,0.1686446834933469,0.008894372566159452
Vanuatu,2005,china,0.05287157770681732,0.0023404585004238206,394962433.029368,world_bank_wdi,0.429139826793089,0.07000808653602761,0.02268929969938093,0.00016385102123165225
Vanuatu,2005,us,0.0201296725944461,0.012676702926979228,394962433.029368,world_bank_wdi,0.429139826793089,0.07000808653602761,0.008638444210582191,0.0008874717155034763
Vanuatu,2006,aus,0.4046939087170703,0.120705144270919,439358586.535588,world_bank_wdi,0.3696327821439891,0.053832075563827,0.14958813539581625,0.006497808447334751
Vanuatu,2006,china,0.0509607003376346,0.00224268271364446,439358586.535588,world_bank_wdi,0.3696327821439891,0.053832075563827,0.018836745445806,0.00012072826530659717
Vanuatu,2006,us,0.02116415498075146,0.01111743674318028,439358586.535588,world_bank_wdi,0.3696327821439891,0.053832075563827,0.007822965487261727,0.0005984746948349476
Vanuatu,2007,aus,0.30492396375450115,0.11572869403561198,516392922.513728,world_bank_wdi,0.6903307298727029,0.08995207506695667,0.2104983824543224,0.010410036173292229
Vanuatu,2007,china,0.07441996106758329,0.009696642028932554,516392922.513728,world_bank_wdi,0.6903307298727029,0.08995207506695667,0.05137438604088291,0.0008722330716839482
Vanuatu,2007,us,0.029992297889525038,0.1023723797449413,516392922.513728,world_bank_wdi,0.6903307298727029,0.08995207506695667,0.02070460489263535,0.009208607987599954
Vanuatu,2008,aus,0.2968127508707248,0.05870173465009427,590748429.401902,world_bank_wdi,0.8768180430448594,0.05780224825070023,0.2602507753692303,0.0033930922389914806
Vanuatu,2008,china,0.07935094125298758,0.005033182324714401,590748429.401902,world_bank_wdi,0.8768180430448594,0.05780224825070023,0.06957633702321218,0.0002909292542241783
Vanuatu,2008,us,0.029317029561570826,0.05327876532102189,590748429.401902,world_bank_wdi,0.8768180430448594,0.05780224825070023,0.025705700488064826,0.0030796324195765056
Vanuatu,2009,aus,0.2898987758842131,0.052791706690189344,592622319.145664,world_bank_wdi,0.47757103884984653,0.06354519749490528,0.13844725956032247,0.0033546594277211943
Vanuatu,2009,china,0.09838909420695581,0.004526412385688875,592622319.145664,world_bank_wdi,0.47757103884984653,0.06354519749490528,0.046987781931911304,0.00028763176899198494
Vanuatu,2009,us,0.01956186027237272,0.04791466519511298,592622319.145664,world_bank_wdi,0.47757103884984653,0.06354519749490528,0.009342177932112582,0.0030447468627257186
Vanuatu,2010,aus,0.304148126186939,0.12233826987375564,670712979.682038,world_bank_wdi,0.4179430892076817,0.06864799078709861,0.12711660743529707,0.008398276423203161
Vanuatu,2010,china,0.09726910157391716,0.004292109081551179,670712979.682038,world_bank_wdi,0.4179430892076817,0.06864799078709861,0.04065294879625871,0.0002946446646875476
Vanuatu,2010,us,0.015448271459881003,0.04320356472447609,670712979.682038,world_bank_wdi,0.4179430892076817,0.06864799078709861,0.006456498296861529,0.0029658379131756534
Vanuatu,2011,aus,0.2918447959093097,0.1132804897482291,770153588.218833,world_bank_wdi,0.3704670109501971,0.08225391077708014,0.10811886920189226,0.009317763296534777
Vanuatu,2011,china,0.06810655875084136,0.004049716039883513,770153588.218833,world_bank_wdi,0.3704670109501971,0.08225391077708014,0.025231233246528185,0.0003331049818170888
Vanuatu,2011,us,0.016956197883065422,0.024717581811073766,770153588.218833,world_bank_wdi,0.3704670109501971,0.08225391077708014,0.006281711946819306,0.0020331177689132405
Vanuatu,2012,aus,0.27919482385380473,0.26137660530320744,747839697.746593,world_bank_wdi,0.45384191561733156,0.05171695374896432,0.1267103136882542,0.01351760180752728
Vanuatu,2012,china,0.06901865100863387,0.0016806291505022393,747839697.746593,world_bank_wdi,0.45384191561733156,0.05171695374896432,0.03132355678708247,8.69170200456855e-05
Vanuatu,2012,us,0.021319913729423563,0.019831475961666022,747839697.746593,world_bank_wdi,0.45384191561733156,0.05171695374896432,0.009675870487757837,0.0010256235250831792
Vanuatu,2013,aus,0.24908981341667408,0.27842122062651986,863347171.906814,world_bank_wdi,0.4151759462052058,0.04149781212680803,0.10341609897534583,0.01155387150567589
Vanuatu,2013,china,0.07333982368126497,0.045552242396823,863347171.906814,world_bank_wdi,0.4151759462052058,0.04149781212680803,0.030448930691392147,0.0018903183969381804
Vanuatu,2013,us,0.02759171488871533,0.04792478119545596,863347171.906814,world_bank_wdi,0.4151759462052058,0.04149781212680803,0.011455416336346653,0.0019887735662674137
Vanuatu,2014,aus,0.2685198999598243,0.2589969962627641,879185478.498067,world_bank_wdi,0.4059746330316405,0.06472809039932877,0.10901226784788248,0.01676438098725081
Vanuatu,2014,china,0.0772510953374158,0.024970092933579935,879185478.498067,world_bank_wdi,0.4059746330316405,0.06472809039932877,0.03136198508089965,0.0016162664326844025
Vanuatu,2014,us,0.018006485816391103,0.04616223071423354,879185478.498067,world_bank_wdi,0.4059746330316405,0.06472809039932877,0.007310176471498817,0.0029879930427055795
Vanuatu,2015,aus,0.21800800710849824,0.27988421309025996,855360239.609869,world_bank_wdi,0.4689895323904316,0.044001340578054327,0.10224347331118448,0.012315280582605259
Vanuatu,2015,china,0.12056187397558114,0.1085368212060569,855360239.609869,world_bank_wdi,0.4689895323904316,0.044001340578054327,0.05654225689992195,0.0047757656351470985
Vanuatu,2015,us,0.015250962967683704,0.007572363128069972,855360239.609869,world_bank_wdi,0.4689895323904316,0.044001340578054327,0.007152541990717769,0.0003331941289789076
Vanuatu,2016,aus,0.2055210774596891,0.2669055889463985,908725512.790966,world_bank_wdi,0.4852961657756861,0.035948136054494574,0.0997385908772749,0.009594758425150136
Vanuatu,2016,china,0.11995437805883415,0.026479300332269962,908725512.790966,world_bank_wdi,0.4852961657756861,0.035948136054494574,0.058213399739959294,0.000951881490972264
Vanuatu,2016,us,0.037192655472282704,0.06205040780133599,908725512.790966,world_bank_wdi,0.4852961657756861,0.035948136054494574,0.018049453095714884,0.0022305965018792977
Vanuatu,2017,aus,0.20428320190087407,0.09461607447052361,998536154.882053,world_bank_wdi,0.3969670846288196,0.05926274253633797,0.08109370709723052,0.0056072080611456205
Vanuatu,2017,china,0.13244413870440605,0.05939910757786977,998536154.882053,world_bank_wdi,0.3969670846288196,0.05926274253633797,0.05257596361766308,0.003520154019275538
Vanuatu,2017,us,0.015179649144927402,0.05532647476373335,998536154.882053,world_bank_wdi,0.3969670846288196,0.05926274253633797,0.006025821066750184,0.0032787986293663293
Vanuatu,2018,aus,0.23528179984350409,0.20974689318746215,1034402941.04298,world_bank_wdi,0.36028996323640067,0.04981038224625384,0.08476967101581026,0.010447572924631665
Vanuatu,2018,china,0.1051692446500562,0.05110239104120248,1034402941.04298,world_bank_wdi,0.36028996323640067,0.04981038224625384,0.037891423288568774,0.0025454296314598333
Vanuatu,2018,us,0.019931041015427236,0.14564085337270735,1034402941.04298,world_bank_wdi,0.36028996323640067,0.04981038224625384,0.007180954034711473,0.007254426577165161
Vanuatu,2019,aus,0.21007772828771096,0.19655098821913441,1061547512.69257,world_bank_wdi,0.32183673826660103,0.043973538397351776,0.06761073085457416,0.008643042427491544
Vanuatu,2019,china,0.11769526957704039,0.10139245438235518,1061547512.69257,world_bank_wdi,0.32183673826660103,0.043973538397351776,0.037878661670083,0.004458584985984234
Vanuatu,2019,us,0.01647616785914574,0.08389031411726657,1061547512.69257,world_bank_wdi,0.32183673826660103,0.043973538397351776,0.005302636122920472,0.0036889539490015232
Vanuatu,2020,aus,0.21356270666520802,0.11534405674598071,1017403362.80118,world_bank_wdi,0.2793591884908505,0.03821001720789173,0.059660704425902066,0.004407298393091963
Vanuatu,2020,china,0.12938523589865716,0.21095820486173636,1017403362.80118,world_bank_wdi,0.2793591884908505,0.03821001720789173,0.03614495450334612,0.008060716637912895
Vanuatu,2020,us,0.014580204758552484,0.11773633803215434,1017403362.80118,world_bank_wdi,0.2793591884908505,0.03821001720789173,0.004073114169379659,0.004498707502202775
Vanuatu,2021,aus,0.2326544938962661,0.10411325112058567,1093826088.94269,world_bank_wdi,0.2912565517686166,0.0417186972237146,0.06776214564569912,0.004343469200476279
Vanuatu,2021,china,0.14071955648519263,0.2354217379209039,1093826088.94269,world_bank_wdi,0.2912565517686166,0.0417186972237146,0.040985492788286275,0.00982148820420288
Vanuatu,2021,us,0.01572583681128064,0.10005916865063262,1093826088.94269,world_bank_wdi,0.2912565517686166,0.0417186972237146,0.0045802530033295765,0.004174338161392338
Vanuatu,2022,aus,0.2013552699009284,0.17709274115372883,1151863789.76624,world_bank_wdi,0.3179145908166067,0.052814042615529924,0.06401377823932106,0.009352983578194045
Vanuatu,2022,china,0.13663265332689142,0.1361551187566547,1151863789.76624,world_bank_wdi,0.3179145908166067,0.052814042615529924,0.043437514074605964,0.007190902244336499
Vanuatu,2022,us,0.015796097614575302,0.09788652504763243,1151863789.76624,world_bank_wdi,0.3179145908166067,0.052814042615529924,0.005021809909636884,0.005169783105351797
Vanuatu,2023,aus,0.2305059903449174,0.27795900912165206,1188137265.19047,world_bank_wdi,0.35991024330968013,0.05309614325570942,0.082961467069378,0.014758551367538278
Vanuatu,2023,china,0.13156353474947144,0.17218078546029977,1188137265.19047,world_bank_wdi,0.35991024330968013,0.05309614325570942,0.04735106380236382,0.009142135650680646
Vanuatu,2023,us,0.01735886755471532,0.08807084776729582,1188137265.19047,world_bank_wdi,0.35991024330968013,0.05309614325570942,0.0062476342451981024,0.0046762223497041145
Vanuatu,2024,aus,0.23050596234102627,0.2779589690406385,1297956614.77783,world_bank_wdi,0.33486950384269815,0.04331219794247335,0.07718941724192313,0.012039013886973957
Vanuatu,2024,china,0.13156352372973715,0.17218082163725723,1297956614.77783,world_bank_wdi,0.33486950384269815,0.04331219794247335,0.04405661191517412,0.007457529828650584
Vanuatu,2024,us,0.017358863094020405,0.08807084555869976,1297956614.77783,world_bank_wdi,0.33486950384269815,0.04331219794247335,0.005812953871567937,0.003814541895799404
