country,year,flow,partner,sitc2,value_usd
Cook Isds,2008,export,aus,66,50346.0
Cook Isds,2008,export,aus,93,48398.0
Cook Isds,2008,export,china,66,138113.0
Cook Isds,2008,export,china,93,918661.0
Cook Isds,2008,export,us,03,63325.0
Cook Isds,2008,export,us,93,17478.0
Cook Isds,2008,export,world,03,143660.0
Cook Isds,2008,export,world,05,798658.0
Cook Isds,2008,export,world,29,79505.0
Cook Isds,2008,export,world,55,345.0
Cook Isds,2008,export,world,64,477.0
Cook Isds,2008,export,world,66,992844.0
Cook Isds,2008,export,world,68,133152.0
Cook Isds,2008,export,world,93,1989822.0
Fiji,2008,export,aus,01,229237.0
Fiji,2008,export,aus,02,42013.0
Fiji,2008,export,aus,03,880515.0
Fiji,2008,export,aus,04,13858755.0
Fiji,2008,export,aus,05,5410561.0
Fiji,2008,export,aus,06,2158.0
Fiji,2008,export,aus,07,464489.0
Fiji,2008,export,aus,09,65734.0
Fiji,2008,export,aus,11,1475696.0
Fiji,2008,export,aus,12,126931.0
Fiji,2008,export,aus,21,84834.0
Fiji,2008,export,aus,22,4541.0
Fiji,2008,export,aus,23,2828.0
Fiji,2008,export,aus,24,1333242.0
Fiji,2008,export,aus,25,237275.0
Fiji,2008,export,aus,26,4050.0
Fiji,2008,export,aus,27,950.0
Fiji,2008,export,aus,28,777516.0
Fiji,2008,export,aus,29,20538.0
Fiji,2008,export,aus,33,35314.0
Fiji,2008,export,aus,42,611192.0
Fiji,2008,export,aus,43,78155.0
Fiji,2008,export,aus,51,1554.0
Fiji,2008,export,aus,52,16699.0
Fiji,2008,export,aus,53,530.0
Fiji,2008,export,aus,54,2219152.0
Fiji,2008,export,aus,55,287676.0
Fiji,2008,export,aus,57,248259.0
Fiji,2008,export,aus,58,179081.0
Fiji,2008,export,aus,59,331.0
Fiji,2008,export,aus,61,134667.0
Fiji,2008,export,aus,62,25010.0
Fiji,2008,export,aus,63,1288769.0
Fiji,2008,export,aus,64,115222.0
Fiji,2008,export,aus,65,3489115.0
Fiji,2008,export,aus,66,9956.0
Fiji,2008,export,aus,67,111630.0
Fiji,2008,export,aus,68,630080.0
Fiji,2008,export,aus,69,697697.0
Fiji,2008,export,aus,71,89467.0
Fiji,2008,export,aus,72,169373.0
Fiji,2008,export,aus,73,8552.0
Fiji,2008,export,aus,74,131287.0
Fiji,2008,export,aus,75,213014.0
Fiji,2008,export,aus,76,1109423.0
Fiji,2008,export,aus,77,464219.0
Fiji,2008,export,aus,78,656182.0
Fiji,2008,export,aus,79,1754180.0
Fiji,2008,export,aus,81,38640.0
Fiji,2008,export,aus,82,236318.0
Fiji,2008,export,aus,83,22862.0
Fiji,2008,export,aus,84,53073401.0
Fiji,2008,export,aus,85,1058809.0
Fiji,2008,export,aus,87,216515.0
Fiji,2008,export,aus,88,22939.0
Fiji,2008,export,aus,89,826217.0
Fiji,2008,export,aus,93,1412601.0
Fiji,2008,export,aus,97,17114110.0
Fiji,2008,export,china,03,1740723.0
Fiji,2008,export,china,05,35465.0
Fiji,2008,export,china,24,150786.0
Fiji,2008,export,china,28,76691.0
Fiji,2008,export,china,29,11828.0
Fiji,2008,export,china,62,4014.0
Fiji,2008,export,china,65,8113.0
Fiji,2008,export,china,69,1888.0
Fiji,2008,export,china,74,2398.0
Fiji,2008,export,china,76,169395.0
Fiji,2008,export,china,77,4787.0
Fiji,2008,export,china,84,11907.0
Fiji,2008,export,china,88,1976.0
Fiji,2008,export,china,89,199639.0
Fiji,2008,export,china,93,25070.0
Fiji,2008,export,us,02,301093.0
Fiji,2008,export,us,03,18765371.0
Fiji,2008,export,us,04,782173.0
Fiji,2008,export,us,05,4423476.0
Fiji,2008,export,us,06,4308.0
Fiji,2008,export,us,07,809919.0
Fiji,2008,export,us,08,75.0
Fiji,2008,export,us,09,234712.0
Fiji,2008,export,us,11,69055158.0
Fiji,2008,export,us,12,310.0
Fiji,2008,export,us,24,5761296.0
Fiji,2008,export,us,28,11507.0
Fiji,2008,export,us,29,2054734.0
Fiji,2008,export,us,42,145306.0
Fiji,2008,export,us,43,2963.0
Fiji,2008,export,us,51,426.0
Fiji,2008,export,us,53,284.0
Fiji,2008,export,us,55,630686.0
Fiji,2008,export,us,56,17816.0
Fiji,2008,export,us,57,526.0
Fiji,2008,export,us,62,1661.0
Fiji,2008,export,us,63,269155.0
Fiji,2008,export,us,64,17846.0
Fiji,2008,export,us,65,224105.0
Fiji,2008,export,us,66,5086.0
Fiji,2008,export,us,69,17142.0
Fiji,2008,export,us,71,3228906.0
Fiji,2008,export,us,72,1243.0
Fiji,2008,export,us,74,40269.0
Fiji,2008,export,us,75,22315.0
Fiji,2008,export,us,76,118044.0
Fiji,2008,export,us,77,68594.0
Fiji,2008,export,us,78,3134.0
Fiji,2008,export,us,79,3598195.0
Fiji,2008,export,us,81,2208.0
Fiji,2008,export,us,82,7113.0
Fiji,2008,export,us,83,2385.0
Fiji,2008,export,us,84,639921.0
Fiji,2008,export,us,85,1148.0
Fiji,2008,export,us,87,1630.0
Fiji,2008,export,us,88,1253.0
Fiji,2008,export,us,89,874443.0
Fiji,2008,export,us,93,340002.0
Fiji,2008,export,world,00,83270.0
Fiji,2008,export,world,01,5177208.0
Fiji,2008,export,world,02,3725595.0
Fiji,2008,export,world,03,87662361.0
Fiji,2008,export,world,04,43580443.0
Fiji,2008,export,world,05,24183761.0
Fiji,2008,export,world,06,164827880.0
Fiji,2008,export,world,07,4852779.0
Fiji,2008,export,world,08,2049833.0
Fiji,2008,export,world,09,2084263.0
Fiji,2008,export,world,11,79438359.0
Fiji,2008,export,world,12,181260.0
Fiji,2008,export,world,21,108579.0
Fiji,2008,export,world,22,17409.0
Fiji,2008,export,world,23,2982.0
Fiji,2008,export,world,24,34982861.0
Fiji,2008,export,world,25,348786.0
Fiji,2008,export,world,26,4881.0
Fiji,2008,export,world,27,260043.0
Fiji,2008,export,world,28,6137610.0
Fiji,2008,export,world,29,3182802.0
Fiji,2008,export,world,33,258794413.0
Fiji,2008,export,world,34,21834.0
Fiji,2008,export,world,41,11706.0
Fiji,2008,export,world,42,6846338.0
Fiji,2008,export,world,43,426540.0
Fiji,2008,export,world,51,96179.0
Fiji,2008,export,world,52,782062.0
Fiji,2008,export,world,53,2088335.0
Fiji,2008,export,world,54,9770574.0
Fiji,2008,export,world,55,4938422.0
Fiji,2008,export,world,56,37517.0
Fiji,2008,export,world,57,536389.0
Fiji,2008,export,world,58,736626.0
Fiji,2008,export,world,59,4635124.0
Fiji,2008,export,world,61,135018.0
Fiji,2008,export,world,62,123793.0
Fiji,2008,export,world,63,2758464.0
Fiji,2008,export,world,64,12006489.0
Fiji,2008,export,world,65,7056681.0
Fiji,2008,export,world,66,5997326.0
Fiji,2008,export,world,67,3876552.0
Fiji,2008,export,world,68,868739.0
Fiji,2008,export,world,69,9193943.0
Fiji,2008,export,world,71,3673617.0
Fiji,2008,export,world,72,598297.0
Fiji,2008,export,world,73,150699.0
Fiji,2008,export,world,74,1101132.0
Fiji,2008,export,world,75,965910.0
Fiji,2008,export,world,76,3652761.0
Fiji,2008,export,world,77,8410920.0
Fiji,2008,export,world,78,1627883.0
Fiji,2008,export,world,79,10415856.0
Fiji,2008,export,world,81,243193.0
Fiji,2008,export,world,82,966126.0
Fiji,2008,export,world,83,129179.0
Fiji,2008,export,world,84,65044361.0
Fiji,2008,export,world,85,1374350.0
Fiji,2008,export,world,87,650380.0
Fiji,2008,export,world,88,94794.0
Fiji,2008,export,world,89,6829453.0
Fiji,2008,export,world,93,4236000.0
Fiji,2008,export,world,97,17114110.0
Fiji,2008,import,aus,00,41262.0
Fiji,2008,import,aus,01,4592115.0
Fiji,2008,import,aus,02,10882811.0
Fiji,2008,import,aus,03,1146388.0
Fiji,2008,import,aus,04,70038879.0
Fiji,2008,import,aus,05,9300420.0
Fiji,2008,import,aus,06,4361170.0
Fiji,2008,import,aus,07,3223508.0
Fiji,2008,import,aus,08,1110867.0
Fiji,2008,import,aus,09,8362236.0
Fiji,2008,import,aus,11,7863233.0
Fiji,2008,import,aus,12,1170516.0
Fiji,2008,import,aus,21,121.0
Fiji,2008,import,aus,22,325416.0
Fiji,2008,import,aus,23,910.0
Fiji,2008,import,aus,24,657169.0
Fiji,2008,import,aus,26,2943578.0
Fiji,2008,import,aus,27,790150.0
Fiji,2008,import,aus,28,73325.0
Fiji,2008,import,aus,29,545428.0
Fiji,2008,import,aus,32,7282.0
Fiji,2008,import,aus,33,11405018.0
Fiji,2008,import,aus,34,19171189.0
Fiji,2008,import,aus,41,220.0
Fiji,2008,import,aus,42,11041946.0
Fiji,2008,import,aus,43,3194.0
Fiji,2008,import,aus,51,1394135.0
Fiji,2008,import,aus,52,2810198.0
Fiji,2008,import,aus,53,3129870.0
Fiji,2008,import,aus,54,9099600.0
Fiji,2008,import,aus,55,7840847.0
Fiji,2008,import,aus,56,1655344.0
Fiji,2008,import,aus,57,5053490.0
Fiji,2008,import,aus,58,4463695.0
Fiji,2008,import,aus,59,5871682.0
Fiji,2008,import,aus,61,266583.0
Fiji,2008,import,aus,62,3646293.0
Fiji,2008,import,aus,63,1051470.0
Fiji,2008,import,aus,64,14158638.0
Fiji,2008,import,aus,65,30111712.0
Fiji,2008,import,aus,66,4089315.0
Fiji,2008,import,aus,67,7833510.0
Fiji,2008,import,aus,68,8560943.0
Fiji,2008,import,aus,69,18181183.0
Fiji,2008,import,aus,71,8031777.0
Fiji,2008,import,aus,72,8943558.0
Fiji,2008,import,aus,73,460186.0
Fiji,2008,import,aus,74,16521226.0
Fiji,2008,import,aus,75,16018130.0
Fiji,2008,import,aus,76,12983957.0
Fiji,2008,import,aus,77,16023337.0
Fiji,2008,import,aus,78,10974069.0
Fiji,2008,import,aus,79,5683277.0
Fiji,2008,import,aus,81,4272694.0
Fiji,2008,import,aus,82,1600085.0
Fiji,2008,import,aus,83,867793.0
Fiji,2008,import,aus,84,4113643.0
Fiji,2008,import,aus,85,1949008.0
Fiji,2008,import,aus,87,7266259.0
Fiji,2008,import,aus,88,3192790.0
Fiji,2008,import,aus,89,26271710.0
Fiji,2008,import,aus,93,1983513.0
Fiji,2008,import,china,02,235.0
Fiji,2008,import,china,03,920696.0
Fiji,2008,import,china,04,1914907.0
Fiji,2008,import,china,05,3224030.0
Fiji,2008,import,china,06,101698.0
Fiji,2008,import,china,07,111767.0
Fiji,2008,import,china,08,33219.0
Fiji,2008,import,china,09,852279.0
Fiji,2008,import,china,11,16141.0
Fiji,2008,import,china,12,7633.0
Fiji,2008,import,china,22,2561.0
Fiji,2008,import,china,23,8.0
Fiji,2008,import,china,24,101654.0
Fiji,2008,import,china,25,998.0
Fiji,2008,import,china,26,59610.0
Fiji,2008,import,china,27,101870.0
Fiji,2008,import,china,28,2115.0
Fiji,2008,import,china,29,3065.0
Fiji,2008,import,china,33,149209.0
Fiji,2008,import,china,42,4102.0
Fiji,2008,import,china,51,264756.0
Fiji,2008,import,china,52,336220.0
Fiji,2008,import,china,53,186495.0
Fiji,2008,import,china,54,157418.0
Fiji,2008,import,china,55,1688496.0
Fiji,2008,import,china,56,4279.0
Fiji,2008,import,china,57,214938.0
Fiji,2008,import,china,58,1549171.0
Fiji,2008,import,china,59,470434.0
Fiji,2008,import,china,61,225128.0
Fiji,2008,import,china,62,2967395.0
Fiji,2008,import,china,63,653083.0
Fiji,2008,import,china,64,1509743.0
Fiji,2008,import,china,65,13022801.0
Fiji,2008,import,china,66,3800610.0
Fiji,2008,import,china,67,4363999.0
Fiji,2008,import,china,68,1708008.0
Fiji,2008,import,china,69,5135287.0
Fiji,2008,import,china,71,1461508.0
Fiji,2008,import,china,72,1461731.0
Fiji,2008,import,china,73,217494.0
Fiji,2008,import,china,74,3581293.0
Fiji,2008,import,china,75,208080.0
Fiji,2008,import,china,76,17483455.0
Fiji,2008,import,china,77,5330325.0
Fiji,2008,import,china,78,1303231.0
Fiji,2008,import,china,79,1075863.0
Fiji,2008,import,china,81,991626.0
Fiji,2008,import,china,82,1369653.0
Fiji,2008,import,china,83,1027367.0
Fiji,2008,import,china,84,5639932.0
Fiji,2008,import,china,85,2381529.0
Fiji,2008,import,china,87,1679233.0
Fiji,2008,import,china,88,211131.0
Fiji,2008,import,china,89,4774682.0
Fiji,2008,import,china,93,207333.0
Fiji,2008,import,us,01,44146.0
Fiji,2008,import,us,02,1369174.0
Fiji,2008,import,us,03,4195682.0
Fiji,2008,import,us,04,4473075.0
Fiji,2008,import,us,05,2404870.0
Fiji,2008,import,us,06,171434.0
Fiji,2008,import,us,07,194739.0
Fiji,2008,import,us,08,4385714.0
Fiji,2008,import,us,09,396751.0
Fiji,2008,import,us,11,420391.0
Fiji,2008,import,us,12,166.0
Fiji,2008,import,us,22,288.0
Fiji,2008,import,us,23,2290.0
Fiji,2008,import,us,24,1730.0
Fiji,2008,import,us,26,22835.0
Fiji,2008,import,us,27,43574.0
Fiji,2008,import,us,29,140728.0
Fiji,2008,import,us,32,305.0
Fiji,2008,import,us,33,122131.0
Fiji,2008,import,us,34,531.0
Fiji,2008,import,us,42,66158.0
Fiji,2008,import,us,51,8703.0
Fiji,2008,import,us,52,116067.0
Fiji,2008,import,us,53,192631.0
Fiji,2008,import,us,54,14351643.0
Fiji,2008,import,us,55,2353399.0
Fiji,2008,import,us,56,2533.0
Fiji,2008,import,us,57,274203.0
Fiji,2008,import,us,58,328573.0
Fiji,2008,import,us,59,922939.0
Fiji,2008,import,us,61,47251.0
Fiji,2008,import,us,62,450887.0
Fiji,2008,import,us,63,301900.0
Fiji,2008,import,us,64,338454.0
Fiji,2008,import,us,65,1079494.0
Fiji,2008,import,us,66,760741.0
Fiji,2008,import,us,67,663702.0
Fiji,2008,import,us,68,111414.0
Fiji,2008,import,us,69,2486770.0
Fiji,2008,import,us,71,12938436.0
Fiji,2008,import,us,72,1912818.0
Fiji,2008,import,us,73,93785.0
Fiji,2008,import,us,74,4137585.0
Fiji,2008,import,us,75,2348559.0
Fiji,2008,import,us,76,8973699.0
Fiji,2008,import,us,77,3116017.0
Fiji,2008,import,us,78,1632241.0
Fiji,2008,import,us,79,64554889.0
Fiji,2008,import,us,81,389191.0
Fiji,2008,import,us,82,1233740.0
Fiji,2008,import,us,83,111263.0
Fiji,2008,import,us,84,478852.0
Fiji,2008,import,us,85,276241.0
Fiji,2008,import,us,87,1786705.0
Fiji,2008,import,us,88,492962.0
Fiji,2008,import,us,89,4323360.0
Fiji,2008,import,us,93,586820.0
Fiji,2008,import,us,97,4714.0
Fiji,2008,import,world,00,992692.0
Fiji,2008,import,world,01,29080057.0
Fiji,2008,import,world,02,40074529.0
Fiji,2008,import,world,03,40514083.0
Fiji,2008,import,world,04,98882757.0
Fiji,2008,import,world,05,48520715.0
Fiji,2008,import,world,06,34411192.0
Fiji,2008,import,world,07,9486997.0
Fiji,2008,import,world,08,10644834.0
Fiji,2008,import,world,09,17223076.0
Fiji,2008,import,world,11,12392947.0
Fiji,2008,import,world,12,1280724.0
Fiji,2008,import,world,21,185.0
Fiji,2008,import,world,22,467106.0
Fiji,2008,import,world,23,61865.0
Fiji,2008,import,world,24,1878231.0
Fiji,2008,import,world,25,4576.0
Fiji,2008,import,world,26,3346437.0
Fiji,2008,import,world,27,9708514.0
Fiji,2008,import,world,28,75440.0
Fiji,2008,import,world,29,1088338.0
Fiji,2008,import,world,32,33036.0
Fiji,2008,import,world,33,749165980.0
Fiji,2008,import,world,34,19173138.0
Fiji,2008,import,world,41,1261554.0
Fiji,2008,import,world,42,21706558.0
Fiji,2008,import,world,43,191582.0
Fiji,2008,import,world,51,3594784.0
Fiji,2008,import,world,52,7622569.0
Fiji,2008,import,world,53,7317273.0
Fiji,2008,import,world,54,38561348.0
Fiji,2008,import,world,55,32069586.0
Fiji,2008,import,world,56,15765578.0
Fiji,2008,import,world,57,35421581.0
Fiji,2008,import,world,58,19109112.0
Fiji,2008,import,world,59,17598748.0
Fiji,2008,import,world,61,789098.0
Fiji,2008,import,world,62,17653842.0
Fiji,2008,import,world,63,6450760.0
Fiji,2008,import,world,64,46646124.0
Fiji,2008,import,world,65,72597349.0
Fiji,2008,import,world,66,28219381.0
Fiji,2008,import,world,67,50268289.0
Fiji,2008,import,world,68,14113663.0
Fiji,2008,import,world,69,51738117.0
Fiji,2008,import,world,71,36496267.0
Fiji,2008,import,world,72,48461635.0
Fiji,2008,import,world,73,1480769.0
Fiji,2008,import,world,74,57268911.0
Fiji,2008,import,world,75,32393925.0
Fiji,2008,import,world,76,78842648.0
Fiji,2008,import,world,77,56397630.0
Fiji,2008,import,world,78,56553655.0
Fiji,2008,import,world,79,88645159.0
Fiji,2008,import,world,81,11086438.0
Fiji,2008,import,world,82,12685678.0
Fiji,2008,import,world,83,3790290.0
Fiji,2008,import,world,84,24882838.0
Fiji,2008,import,world,85,8175057.0
Fiji,2008,import,world,87,20117218.0
Fiji,2008,import,world,88,7681510.0
Fiji,2008,import,world,89,82381096.0
Fiji,2008,import,world,93,19329818.0
Fiji,2008,import,world,97,4714.0
Fiji,2009,export,aus,01,30975.0
Fiji,2009,export,aus,02,32213.0
Fiji,2009,export,aus,03,1246267.0
Fiji,2009,export,aus,04,15357473.0
Fiji,2009,export,aus,05,4638405.0
Fiji,2009,export,aus,06,336.0
Fiji,2009,export,aus,07,222101.0
Fiji,2009,export,aus,08,1243.0
Fiji,2009,export,aus,09,57700.0
Fiji,2009,export,aus,11,1260781.0
Fiji,2009,export,aus,12,128879.0
Fiji,2009,export,aus,23,1080.0
Fiji,2009,export,aus,24,1361903.0
Fiji,2009,export,aus,25,133617.0
Fiji,2009,export,aus,28,1107717.0
Fiji,2009,export,aus,29,39282.0
Fiji,2009,export,aus,33,20904.0
Fiji,2009,export,aus,42,1185525.0
Fiji,2009,export,aus,43,50431.0
Fiji,2009,export,aus,51,19647.0
Fiji,2009,export,aus,52,128.0
Fiji,2009,export,aus,53,23774.0
Fiji,2009,export,aus,54,1437315.0
Fiji,2009,export,aus,55,241081.0
Fiji,2009,export,aus,57,138711.0
Fiji,2009,export,aus,58,311353.0
Fiji,2009,export,aus,59,9019.0
Fiji,2009,export,aus,61,11823.0
Fiji,2009,export,aus,62,21734.0
Fiji,2009,export,aus,63,791433.0
Fiji,2009,export,aus,64,143459.0
Fiji,2009,export,aus,65,2901494.0
Fiji,2009,export,aus,66,12865.0
Fiji,2009,export,aus,67,47018.0
Fiji,2009,export,aus,68,121322.0
Fiji,2009,export,aus,69,2102495.0
Fiji,2009,export,aus,71,63981.0
Fiji,2009,export,aus,72,22589.0
Fiji,2009,export,aus,73,53782.0
Fiji,2009,export,aus,74,108332.0
Fiji,2009,export,aus,75,231785.0
Fiji,2009,export,aus,76,941136.0
Fiji,2009,export,aus,77,177007.0
Fiji,2009,export,aus,78,859116.0
Fiji,2009,export,aus,79,650729.0
Fiji,2009,export,aus,81,75850.0
Fiji,2009,export,aus,82,148587.0
Fiji,2009,export,aus,83,11029.0
Fiji,2009,export,aus,84,37018745.0
Fiji,2009,export,aus,85,603080.0
Fiji,2009,export,aus,87,430518.0
Fiji,2009,export,aus,88,55559.0
Fiji,2009,export,aus,89,536306.0
Fiji,2009,export,aus,93,1001223.0
Fiji,2009,export,aus,97,21792190.0
Fiji,2009,export,china,03,5877615.0
Fiji,2009,export,china,04,3638.0
Fiji,2009,export,china,05,17180.0
Fiji,2009,export,china,24,183497.0
Fiji,2009,export,china,28,41719.0
Fiji,2009,export,china,29,10460.0
Fiji,2009,export,china,51,3882.0
Fiji,2009,export,china,57,2903.0
Fiji,2009,export,china,62,1157.0
Fiji,2009,export,china,63,226523.0
Fiji,2009,export,china,65,82087.0
Fiji,2009,export,china,69,645.0
Fiji,2009,export,china,71,13205.0
Fiji,2009,export,china,72,27163.0
Fiji,2009,export,china,74,21985.0
Fiji,2009,export,china,76,312544.0
Fiji,2009,export,china,77,4423.0
Fiji,2009,export,china,78,10239.0
Fiji,2009,export,china,79,21227.0
Fiji,2009,export,china,81,2428.0
Fiji,2009,export,china,84,4159.0
Fiji,2009,export,china,89,317310.0
Fiji,2009,export,china,93,28896.0
Fiji,2009,export,us,02,291699.0
Fiji,2009,export,us,03,17107938.0
Fiji,2009,export,us,04,651594.0
Fiji,2009,export,us,05,3764145.0
Fiji,2009,export,us,06,11024.0
Fiji,2009,export,us,07,540645.0
Fiji,2009,export,us,08,4608.0
Fiji,2009,export,us,09,40147.0
Fiji,2009,export,us,11,38360442.0
Fiji,2009,export,us,24,2861774.0
Fiji,2009,export,us,28,3898.0
Fiji,2009,export,us,29,902257.0
Fiji,2009,export,us,42,80251.0
Fiji,2009,export,us,43,690.0
Fiji,2009,export,us,51,2954.0
Fiji,2009,export,us,52,2099.0
Fiji,2009,export,us,53,364.0
Fiji,2009,export,us,54,1890.0
Fiji,2009,export,us,55,787213.0
Fiji,2009,export,us,58,25292.0
Fiji,2009,export,us,62,24566.0
Fiji,2009,export,us,63,116773.0
Fiji,2009,export,us,64,58111.0
Fiji,2009,export,us,65,17828.0
Fiji,2009,export,us,66,19723.0
Fiji,2009,export,us,68,19980.0
Fiji,2009,export,us,69,91997.0
Fiji,2009,export,us,71,44249.0
Fiji,2009,export,us,74,66146.0
Fiji,2009,export,us,75,11356.0
Fiji,2009,export,us,76,487590.0
Fiji,2009,export,us,77,74902.0
Fiji,2009,export,us,79,1611860.0
Fiji,2009,export,us,81,2350.0
Fiji,2009,export,us,82,3520.0
Fiji,2009,export,us,83,256.0
Fiji,2009,export,us,84,400905.0
Fiji,2009,export,us,85,1372.0
Fiji,2009,export,us,87,34537.0
Fiji,2009,export,us,88,288.0
Fiji,2009,export,us,89,1209275.0
Fiji,2009,export,us,93,248085.0
Fiji,2009,export,world,00,104021.0
Fiji,2009,export,world,01,4756617.0
Fiji,2009,export,world,02,2727479.0
Fiji,2009,export,world,03,88885425.0
Fiji,2009,export,world,04,42001107.0
Fiji,2009,export,world,05,19018107.0
Fiji,2009,export,world,06,107286670.0
Fiji,2009,export,world,07,4210054.0
Fiji,2009,export,world,08,1346907.0
Fiji,2009,export,world,09,1906991.0
Fiji,2009,export,world,11,44980308.0
Fiji,2009,export,world,12,276683.0
Fiji,2009,export,world,22,104175.0
Fiji,2009,export,world,23,5504.0
Fiji,2009,export,world,24,17620263.0
Fiji,2009,export,world,25,2562279.0
Fiji,2009,export,world,26,14777.0
Fiji,2009,export,world,27,432509.0
Fiji,2009,export,world,28,3532726.0
Fiji,2009,export,world,29,1471061.0
Fiji,2009,export,world,33,126992273.0
Fiji,2009,export,world,34,2767.0
Fiji,2009,export,world,41,38573.0
Fiji,2009,export,world,42,3639533.0
Fiji,2009,export,world,43,105120.0
Fiji,2009,export,world,51,69035.0
Fiji,2009,export,world,52,347987.0
Fiji,2009,export,world,53,2514441.0
Fiji,2009,export,world,54,7086512.0
Fiji,2009,export,world,55,5044224.0
Fiji,2009,export,world,56,3481.0
Fiji,2009,export,world,57,404916.0
Fiji,2009,export,world,58,1200698.0
Fiji,2009,export,world,59,3125777.0
Fiji,2009,export,world,61,13643.0
Fiji,2009,export,world,62,192333.0
Fiji,2009,export,world,63,1964887.0
Fiji,2009,export,world,64,7705467.0
Fiji,2009,export,world,65,5640856.0
Fiji,2009,export,world,66,5838581.0
Fiji,2009,export,world,67,2807227.0
Fiji,2009,export,world,68,374022.0
Fiji,2009,export,world,69,9086819.0
Fiji,2009,export,world,71,885136.0
Fiji,2009,export,world,72,1501892.0
Fiji,2009,export,world,73,158192.0
Fiji,2009,export,world,74,1625514.0
Fiji,2009,export,world,75,702099.0
Fiji,2009,export,world,76,4030399.0
Fiji,2009,export,world,77,4951098.0
Fiji,2009,export,world,78,1582880.0
Fiji,2009,export,world,79,6035700.0
Fiji,2009,export,world,81,307029.0
Fiji,2009,export,world,82,1038769.0
Fiji,2009,export,world,83,79127.0
Fiji,2009,export,world,84,44948575.0
Fiji,2009,export,world,85,871906.0
Fiji,2009,export,world,87,767477.0
Fiji,2009,export,world,88,108588.0
Fiji,2009,export,world,89,6861125.0
Fiji,2009,export,world,93,2967530.0
Fiji,2009,export,world,97,21809116.0
Fiji,2009,import,aus,00,227.0
Fiji,2009,import,aus,01,3778161.0
Fiji,2009,import,aus,02,9391557.0
Fiji,2009,import,aus,03,595732.0
Fiji,2009,import,aus,04,43573136.0
Fiji,2009,import,aus,05,6718440.0
Fiji,2009,import,aus,06,4750738.0
Fiji,2009,import,aus,07,2884683.0
Fiji,2009,import,aus,08,1682715.0
Fiji,2009,import,aus,09,7127318.0
Fiji,2009,import,aus,11,6603832.0
Fiji,2009,import,aus,12,1075075.0
Fiji,2009,import,aus,21,1652.0
Fiji,2009,import,aus,22,392987.0
Fiji,2009,import,aus,23,12121.0
Fiji,2009,import,aus,24,204505.0
Fiji,2009,import,aus,25,123.0
Fiji,2009,import,aus,26,2479524.0
Fiji,2009,import,aus,27,728508.0
Fiji,2009,import,aus,28,12224.0
Fiji,2009,import,aus,29,358271.0
Fiji,2009,import,aus,32,8799.0
Fiji,2009,import,aus,33,5596806.0
Fiji,2009,import,aus,34,11933232.0
Fiji,2009,import,aus,41,31.0
Fiji,2009,import,aus,42,3524960.0
Fiji,2009,import,aus,43,1467.0
Fiji,2009,import,aus,51,1311424.0
Fiji,2009,import,aus,52,1681653.0
Fiji,2009,import,aus,53,2191729.0
Fiji,2009,import,aus,54,6281865.0
Fiji,2009,import,aus,55,7398683.0
Fiji,2009,import,aus,56,2726599.0
Fiji,2009,import,aus,57,2692217.0
Fiji,2009,import,aus,58,2560886.0
Fiji,2009,import,aus,59,5673373.0
Fiji,2009,import,aus,61,199432.0
Fiji,2009,import,aus,62,3332004.0
Fiji,2009,import,aus,63,393704.0
Fiji,2009,import,aus,64,10756259.0
Fiji,2009,import,aus,65,18720898.0
Fiji,2009,import,aus,66,2171290.0
Fiji,2009,import,aus,67,3169974.0
Fiji,2009,import,aus,68,4081102.0
Fiji,2009,import,aus,69,12608325.0
Fiji,2009,import,aus,71,5534174.0
Fiji,2009,import,aus,72,13042015.0
Fiji,2009,import,aus,73,510917.0
Fiji,2009,import,aus,74,12886465.0
Fiji,2009,import,aus,75,12351085.0
Fiji,2009,import,aus,76,10753132.0
Fiji,2009,import,aus,77,13861458.0
Fiji,2009,import,aus,78,8793672.0
Fiji,2009,import,aus,79,2615724.0
Fiji,2009,import,aus,81,2540988.0
Fiji,2009,import,aus,82,1264810.0
Fiji,2009,import,aus,83,605245.0
Fiji,2009,import,aus,84,2626109.0
Fiji,2009,import,aus,85,1418846.0
Fiji,2009,import,aus,87,6056068.0
Fiji,2009,import,aus,88,2688501.0
Fiji,2009,import,aus,89,17476005.0
Fiji,2009,import,aus,93,1398309.0
Fiji,2009,import,china,03,4342934.0
Fiji,2009,import,china,04,83654.0
Fiji,2009,import,china,05,2641133.0
Fiji,2009,import,china,06,31330.0
Fiji,2009,import,china,07,43831.0
Fiji,2009,import,china,08,1565.0
Fiji,2009,import,china,09,897655.0
Fiji,2009,import,china,11,10426.0
Fiji,2009,import,china,22,2577.0
Fiji,2009,import,china,23,8224.0
Fiji,2009,import,china,24,7431.0
Fiji,2009,import,china,26,28726.0
Fiji,2009,import,china,27,108200.0
Fiji,2009,import,china,29,2300.0
Fiji,2009,import,china,33,166140.0
Fiji,2009,import,china,42,6516.0
Fiji,2009,import,china,43,985.0
Fiji,2009,import,china,51,358362.0
Fiji,2009,import,china,52,574609.0
Fiji,2009,import,china,53,87525.0
Fiji,2009,import,china,54,403358.0
Fiji,2009,import,china,55,1465417.0
Fiji,2009,import,china,56,8904.0
Fiji,2009,import,china,57,200045.0
Fiji,2009,import,china,58,904572.0
Fiji,2009,import,china,59,1245209.0
Fiji,2009,import,china,61,350556.0
Fiji,2009,import,china,62,2374214.0
Fiji,2009,import,china,63,234655.0
Fiji,2009,import,china,64,1183608.0
Fiji,2009,import,china,65,10707638.0
Fiji,2009,import,china,66,3130930.0
Fiji,2009,import,china,67,3687850.0
Fiji,2009,import,china,68,778162.0
Fiji,2009,import,china,69,6327049.0
Fiji,2009,import,china,71,1312785.0
Fiji,2009,import,china,72,1262576.0
Fiji,2009,import,china,73,268217.0
Fiji,2009,import,china,74,4314843.0
Fiji,2009,import,china,75,398259.0
Fiji,2009,import,china,76,6535624.0
Fiji,2009,import,china,77,5455487.0
Fiji,2009,import,china,78,1755099.0
Fiji,2009,import,china,79,245739.0
Fiji,2009,import,china,81,1131887.0
Fiji,2009,import,china,82,1193354.0
Fiji,2009,import,china,83,628752.0
Fiji,2009,import,china,84,4201739.0
Fiji,2009,import,china,85,1633586.0
Fiji,2009,import,china,87,1850948.0
Fiji,2009,import,china,88,219814.0
Fiji,2009,import,china,89,4460480.0
Fiji,2009,import,china,93,210843.0
Fiji,2009,import,us,01,28999.0
Fiji,2009,import,us,02,34067.0
Fiji,2009,import,us,03,2775544.0
Fiji,2009,import,us,04,1083760.0
Fiji,2009,import,us,05,1010730.0
Fiji,2009,import,us,06,82249.0
Fiji,2009,import,us,07,268537.0
Fiji,2009,import,us,08,1761939.0
Fiji,2009,import,us,09,331879.0
Fiji,2009,import,us,11,320457.0
Fiji,2009,import,us,12,64654.0
Fiji,2009,import,us,22,104545.0
Fiji,2009,import,us,23,10302.0
Fiji,2009,import,us,24,8433.0
Fiji,2009,import,us,26,40054.0
Fiji,2009,import,us,27,19144.0
Fiji,2009,import,us,29,245663.0
Fiji,2009,import,us,32,4720.0
Fiji,2009,import,us,33,114168.0
Fiji,2009,import,us,34,37683.0
Fiji,2009,import,us,41,1984.0
Fiji,2009,import,us,42,32324.0
Fiji,2009,import,us,51,24662.0
Fiji,2009,import,us,52,151171.0
Fiji,2009,import,us,53,137292.0
Fiji,2009,import,us,54,3604873.0
Fiji,2009,import,us,55,2397956.0
Fiji,2009,import,us,56,2590.0
Fiji,2009,import,us,57,216255.0
Fiji,2009,import,us,58,393502.0
Fiji,2009,import,us,59,535721.0
Fiji,2009,import,us,61,1685.0
Fiji,2009,import,us,62,541608.0
Fiji,2009,import,us,63,38343.0
Fiji,2009,import,us,64,267597.0
Fiji,2009,import,us,65,1061912.0
Fiji,2009,import,us,66,231772.0
Fiji,2009,import,us,67,171643.0
Fiji,2009,import,us,68,83418.0
Fiji,2009,import,us,69,3139296.0
Fiji,2009,import,us,71,1977047.0
Fiji,2009,import,us,72,1809145.0
Fiji,2009,import,us,73,27335.0
Fiji,2009,import,us,74,1658108.0
Fiji,2009,import,us,75,1245285.0
Fiji,2009,import,us,76,3753898.0
Fiji,2009,import,us,77,1556730.0
Fiji,2009,import,us,78,1585753.0
Fiji,2009,import,us,79,22723192.0
Fiji,2009,import,us,81,233748.0
Fiji,2009,import,us,82,327145.0
Fiji,2009,import,us,83,70716.0
Fiji,2009,import,us,84,298136.0
Fiji,2009,import,us,85,284700.0
Fiji,2009,import,us,87,798827.0
Fiji,2009,import,us,88,225021.0
Fiji,2009,import,us,89,3282399.0
Fiji,2009,import,us,93,205034.0
Fiji,2009,import,us,97,689.0
Fiji,2009,import,world,00,816197.0
Fiji,2009,import,world,01,22590457.0
Fiji,2009,import,world,02,25528333.0
Fiji,2009,import,world,03,38403801.0
Fiji,2009,import,world,04,96190859.0
Fiji,2009,import,world,05,35051339.0
Fiji,2009,import,world,06,18331276.0
Fiji,2009,import,world,07,9027745.0
Fiji,2009,import,world,08,7686095.0
Fiji,2009,import,world,09,15294754.0
Fiji,2009,import,world,11,10263617.0
Fiji,2009,import,world,12,1279753.0
Fiji,2009,import,world,21,1930.0
Fiji,2009,import,world,22,611399.0
Fiji,2009,import,world,23,98056.0
Fiji,2009,import,world,24,776818.0
Fiji,2009,import,world,25,660.0
Fiji,2009,import,world,26,3024629.0
Fiji,2009,import,world,27,5795748.0
Fiji,2009,import,world,28,21031.0
Fiji,2009,import,world,29,935214.0
Fiji,2009,import,world,32,38699.0
Fiji,2009,import,world,33,355833842.0
Fiji,2009,import,world,34,13499964.0
Fiji,2009,import,world,41,642869.0
Fiji,2009,import,world,42,14163292.0
Fiji,2009,import,world,43,102531.0
Fiji,2009,import,world,51,3298552.0
Fiji,2009,import,world,52,4990361.0
Fiji,2009,import,world,53,5430762.0
Fiji,2009,import,world,54,19632464.0
Fiji,2009,import,world,55,25455492.0
Fiji,2009,import,world,56,12067891.0
Fiji,2009,import,world,57,15876443.0
Fiji,2009,import,world,58,14322432.0
Fiji,2009,import,world,59,17171290.0
Fiji,2009,import,world,61,925617.0
Fiji,2009,import,world,62,15101044.0
Fiji,2009,import,world,63,2859155.0
Fiji,2009,import,world,64,34548433.0
Fiji,2009,import,world,65,50805600.0
Fiji,2009,import,world,66,20048063.0
Fiji,2009,import,world,67,31176595.0
Fiji,2009,import,world,68,8953463.0
Fiji,2009,import,world,69,41436653.0
Fiji,2009,import,world,71,27676863.0
Fiji,2009,import,world,72,41075499.0
Fiji,2009,import,world,73,1799706.0
Fiji,2009,import,world,74,45024760.0
Fiji,2009,import,world,75,27329296.0
Fiji,2009,import,world,76,41249573.0
Fiji,2009,import,world,77,43196832.0
Fiji,2009,import,world,78,46239764.0
Fiji,2009,import,world,79,36487819.0
Fiji,2009,import,world,81,6356206.0
Fiji,2009,import,world,82,10847226.0
Fiji,2009,import,world,83,2601099.0
Fiji,2009,import,world,84,16454990.0
Fiji,2009,import,world,85,5648741.0
Fiji,2009,import,world,87,17663877.0
Fiji,2009,import,world,88,6368710.0
Fiji,2009,import,world,89,54773601.0
Fiji,2009,import,world,93,5890107.0
Fiji,2009,import,world,96,222730.0
Fiji,2009,import,world,97,689.0
Fiji,2010,export,aus,01,224972.0
Fiji,2010,export,aus,02,99469.0
Fiji,2010,export,aus,03,2100208.0
Fiji,2010,export,aus,04,14247454.0
Fiji,2010,export,aus,05,5408465.0
Fiji,2010,export,aus,06,522318.0
Fiji,2010,export,aus,07,282926.0
Fiji,2010,export,aus,08,74636.0
Fiji,2010,export,aus,09,256835.0
Fiji,2010,export,aus,11,1060864.0
Fiji,2010,export,aus,12,331221.0
Fiji,2010,export,aus,21,61320.0
Fiji,2010,export,aus,22,7225.0
Fiji,2010,export,aus,23,8601.0
Fiji,2010,export,aus,24,1329315.0
Fiji,2010,export,aus,25,204607.0
Fiji,2010,export,aus,27,4406.0
Fiji,2010,export,aus,28,1677859.0
Fiji,2010,export,aus,29,35144.0
Fiji,2010,export,aus,33,10161.0
Fiji,2010,export,aus,42,545141.0
Fiji,2010,export,aus,43,53891.0
Fiji,2010,export,aus,51,46365.0
Fiji,2010,export,aus,52,2664.0
Fiji,2010,export,aus,53,106427.0
Fiji,2010,export,aus,54,3434901.0
Fiji,2010,export,aus,55,475251.0
Fiji,2010,export,aus,57,70456.0
Fiji,2010,export,aus,58,91097.0
Fiji,2010,export,aus,59,54442.0
Fiji,2010,export,aus,61,79365.0
Fiji,2010,export,aus,62,5039.0
Fiji,2010,export,aus,63,902788.0
Fiji,2010,export,aus,64,466867.0
Fiji,2010,export,aus,65,3429137.0
Fiji,2010,export,aus,66,37888.0
Fiji,2010,export,aus,67,22817.0
Fiji,2010,export,aus,68,388239.0
Fiji,2010,export,aus,69,9660526.0
Fiji,2010,export,aus,71,352187.0
Fiji,2010,export,aus,72,97252.0
Fiji,2010,export,aus,73,1210.0
Fiji,2010,export,aus,74,136077.0
Fiji,2010,export,aus,75,280590.0
Fiji,2010,export,aus,76,1255679.0
Fiji,2010,export,aus,77,345543.0
Fiji,2010,export,aus,78,215101.0
Fiji,2010,export,aus,79,644995.0
Fiji,2010,export,aus,81,20396.0
Fiji,2010,export,aus,82,158047.0
Fiji,2010,export,aus,83,18636.0
Fiji,2010,export,aus,84,45744590.0
Fiji,2010,export,aus,85,495557.0
Fiji,2010,export,aus,87,525780.0
Fiji,2010,export,aus,88,81069.0
Fiji,2010,export,aus,89,771641.0
Fiji,2010,export,aus,93,668510.0
Fiji,2010,export,aus,97,77507737.0
Fiji,2010,export,china,03,5042186.0
Fiji,2010,export,china,04,42578.0
Fiji,2010,export,china,05,59692.0
Fiji,2010,export,china,06,545.0
Fiji,2010,export,china,09,12027.0
Fiji,2010,export,china,11,161024.0
Fiji,2010,export,china,24,307533.0
Fiji,2010,export,china,29,11720.0
Fiji,2010,export,china,33,693957.0
Fiji,2010,export,china,42,139.0
Fiji,2010,export,china,55,29715.0
Fiji,2010,export,china,57,6080.0
Fiji,2010,export,china,58,7181.0
Fiji,2010,export,china,59,833.0
Fiji,2010,export,china,62,3512.0
Fiji,2010,export,china,63,37754.0
Fiji,2010,export,china,65,8450.0
Fiji,2010,export,china,66,21867.0
Fiji,2010,export,china,68,11029.0
Fiji,2010,export,china,69,1399.0
Fiji,2010,export,china,74,166446.0
Fiji,2010,export,china,76,25976.0
Fiji,2010,export,china,77,29588.0
Fiji,2010,export,china,78,6038.0
Fiji,2010,export,china,82,1244.0
Fiji,2010,export,china,83,61.0
Fiji,2010,export,china,84,8931.0
Fiji,2010,export,china,89,165728.0
Fiji,2010,export,china,93,86724.0
Fiji,2010,export,us,02,247947.0
Fiji,2010,export,us,03,21337637.0
Fiji,2010,export,us,04,828772.0
Fiji,2010,export,us,05,3604311.0
Fiji,2010,export,us,06,6763.0
Fiji,2010,export,us,07,639279.0
Fiji,2010,export,us,08,722243.0
Fiji,2010,export,us,09,56254.0
Fiji,2010,export,us,11,56518156.0
Fiji,2010,export,us,22,3766.0
Fiji,2010,export,us,24,3940643.0
Fiji,2010,export,us,28,128.0
Fiji,2010,export,us,29,1030423.0
Fiji,2010,export,us,33,51.0
Fiji,2010,export,us,42,103378.0
Fiji,2010,export,us,51,2309.0
Fiji,2010,export,us,52,2359.0
Fiji,2010,export,us,55,891267.0
Fiji,2010,export,us,58,33.0
Fiji,2010,export,us,59,12326.0
Fiji,2010,export,us,62,11064.0
Fiji,2010,export,us,63,226158.0
Fiji,2010,export,us,64,110508.0
Fiji,2010,export,us,65,54865.0
Fiji,2010,export,us,66,2778.0
Fiji,2010,export,us,67,1183.0
Fiji,2010,export,us,68,42026.0
Fiji,2010,export,us,69,16288.0
Fiji,2010,export,us,71,75432.0
Fiji,2010,export,us,72,91583.0
Fiji,2010,export,us,73,1635.0
Fiji,2010,export,us,74,26530.0
Fiji,2010,export,us,75,20460.0
Fiji,2010,export,us,76,35041.0
Fiji,2010,export,us,77,74486.0
Fiji,2010,export,us,78,4383.0
Fiji,2010,export,us,79,3751930.0
Fiji,2010,export,us,81,5086.0
Fiji,2010,export,us,82,47598.0
Fiji,2010,export,us,84,429654.0
Fiji,2010,export,us,85,29047.0
Fiji,2010,export,us,87,34994.0
Fiji,2010,export,us,88,54272.0
Fiji,2010,export,us,89,889074.0
Fiji,2010,export,us,93,164851.0
Fiji,2010,export,world,00,2070.0
Fiji,2010,export,world,01,4836976.0
Fiji,2010,export,world,02,3724857.0
Fiji,2010,export,world,03,127791844.0
Fiji,2010,export,world,04,47954943.0
Fiji,2010,export,world,05,22673537.0
Fiji,2010,export,world,06,49927591.0
Fiji,2010,export,world,07,4882694.0
Fiji,2010,export,world,08,2657602.0
Fiji,2010,export,world,09,2451023.0
Fiji,2010,export,world,11,66790205.0
Fiji,2010,export,world,12,638552.0
Fiji,2010,export,world,21,61419.0
Fiji,2010,export,world,22,126548.0
Fiji,2010,export,world,23,11323.0
Fiji,2010,export,world,24,39893759.0
Fiji,2010,export,world,25,204953.0
Fiji,2010,export,world,26,8841.0
Fiji,2010,export,world,27,374677.0
Fiji,2010,export,world,28,7151195.0
Fiji,2010,export,world,29,2070579.0
Fiji,2010,export,world,33,212651086.0
Fiji,2010,export,world,34,51901.0
Fiji,2010,export,world,41,15495.0
Fiji,2010,export,world,42,3408539.0
Fiji,2010,export,world,43,112296.0
Fiji,2010,export,world,51,167981.0
Fiji,2010,export,world,52,414325.0
Fiji,2010,export,world,53,3353485.0
Fiji,2010,export,world,54,9733745.0
Fiji,2010,export,world,55,6105002.0
Fiji,2010,export,world,56,2658.0
Fiji,2010,export,world,57,707529.0
Fiji,2010,export,world,58,1484864.0
Fiji,2010,export,world,59,3218609.0
Fiji,2010,export,world,61,88733.0
Fiji,2010,export,world,62,163911.0
Fiji,2010,export,world,63,2676509.0
Fiji,2010,export,world,64,8958262.0
Fiji,2010,export,world,65,6853491.0
Fiji,2010,export,world,66,5165432.0
Fiji,2010,export,world,67,2898868.0
Fiji,2010,export,world,68,2005661.0
Fiji,2010,export,world,69,16507646.0
Fiji,2010,export,world,71,2052294.0
Fiji,2010,export,world,72,868356.0
Fiji,2010,export,world,73,99706.0
Fiji,2010,export,world,74,1657138.0
Fiji,2010,export,world,75,906926.0
Fiji,2010,export,world,76,2275231.0
Fiji,2010,export,world,77,5511870.0
Fiji,2010,export,world,78,1459779.0
Fiji,2010,export,world,79,8409724.0
Fiji,2010,export,world,81,379805.0
Fiji,2010,export,world,82,1715257.0
Fiji,2010,export,world,83,94170.0
Fiji,2010,export,world,84,54901801.0
Fiji,2010,export,world,85,923079.0
Fiji,2010,export,world,87,1178091.0
Fiji,2010,export,world,88,210919.0
Fiji,2010,export,world,89,7593930.0
Fiji,2010,export,world,93,2290994.0
Fiji,2010,export,world,97,77851116.0
Fiji,2010,import,aus,00,52.0
Fiji,2010,import,aus,01,6713642.0
Fiji,2010,import,aus,02,9643518.0
Fiji,2010,import,aus,03,673585.0
Fiji,2010,import,aus,04,55203839.0
Fiji,2010,import,aus,05,7044108.0
Fiji,2010,import,aus,06,6243313.0
Fiji,2010,import,aus,07,3448534.0
Fiji,2010,import,aus,08,3968386.0
Fiji,2010,import,aus,09,8342352.0
Fiji,2010,import,aus,11,9069178.0
Fiji,2010,import,aus,12,1728300.0
Fiji,2010,import,aus,22,597639.0
Fiji,2010,import,aus,23,8257.0
Fiji,2010,import,aus,24,415766.0
Fiji,2010,import,aus,25,7.0
Fiji,2010,import,aus,26,2983746.0
Fiji,2010,import,aus,27,570855.0
Fiji,2010,import,aus,28,11820.0
Fiji,2010,import,aus,29,376795.0
Fiji,2010,import,aus,32,8196.0
Fiji,2010,import,aus,33,5433966.0
Fiji,2010,import,aus,34,13577003.0
Fiji,2010,import,aus,41,3532.0
Fiji,2010,import,aus,42,2331456.0
Fiji,2010,import,aus,43,7390.0
Fiji,2010,import,aus,51,1763677.0
Fiji,2010,import,aus,52,2535172.0
Fiji,2010,import,aus,53,2707526.0
Fiji,2010,import,aus,54,7247399.0
Fiji,2010,import,aus,55,8500885.0
Fiji,2010,import,aus,56,1603716.0
Fiji,2010,import,aus,57,2683629.0
Fiji,2010,import,aus,58,3856850.0
Fiji,2010,import,aus,59,6004181.0
Fiji,2010,import,aus,61,373738.0
Fiji,2010,import,aus,62,3563816.0
Fiji,2010,import,aus,63,549931.0
Fiji,2010,import,aus,64,13018374.0
Fiji,2010,import,aus,65,23051906.0
Fiji,2010,import,aus,66,1961161.0
Fiji,2010,import,aus,67,4575879.0
Fiji,2010,import,aus,68,5375555.0
Fiji,2010,import,aus,69,13259530.0
Fiji,2010,import,aus,71,6774192.0
Fiji,2010,import,aus,72,12854501.0
Fiji,2010,import,aus,73,502868.0
Fiji,2010,import,aus,74,16665221.0
Fiji,2010,import,aus,75,14106491.0
Fiji,2010,import,aus,76,9891344.0
Fiji,2010,import,aus,77,12008052.0
Fiji,2010,import,aus,78,6297006.0
Fiji,2010,import,aus,79,2785496.0
Fiji,2010,import,aus,81,1830883.0
Fiji,2010,import,aus,82,719504.0
Fiji,2010,import,aus,83,789933.0
Fiji,2010,import,aus,84,4060673.0
Fiji,2010,import,aus,85,1683348.0
Fiji,2010,import,aus,87,5422680.0
Fiji,2010,import,aus,88,4113908.0
Fiji,2010,import,aus,89,24120918.0
Fiji,2010,import,aus,93,1725940.0
Fiji,2010,import,china,01,65.0
Fiji,2010,import,china,02,343.0
Fiji,2010,import,china,03,5449821.0
Fiji,2010,import,china,04,351220.0
Fiji,2010,import,china,05,4643710.0
Fiji,2010,import,china,06,63849.0
Fiji,2010,import,china,07,226897.0
Fiji,2010,import,china,08,1295.0
Fiji,2010,import,china,09,1201105.0
Fiji,2010,import,china,11,6904.0
Fiji,2010,import,china,12,7464.0
Fiji,2010,import,china,22,2383.0
Fiji,2010,import,china,23,13705.0
Fiji,2010,import,china,24,3393.0
Fiji,2010,import,china,26,59474.0
Fiji,2010,import,china,27,216349.0
Fiji,2010,import,china,29,3361.0
Fiji,2010,import,china,33,46122.0
Fiji,2010,import,china,34,16.0
Fiji,2010,import,china,41,23.0
Fiji,2010,import,china,42,5195.0
Fiji,2010,import,china,51,635040.0
Fiji,2010,import,china,52,444469.0
Fiji,2010,import,china,53,293732.0
Fiji,2010,import,china,54,246128.0
Fiji,2010,import,china,55,2335539.0
Fiji,2010,import,china,56,1162008.0
Fiji,2010,import,china,57,229469.0
Fiji,2010,import,china,58,1216684.0
Fiji,2010,import,china,59,1575357.0
Fiji,2010,import,china,61,95821.0
Fiji,2010,import,china,62,3567075.0
Fiji,2010,import,china,63,317442.0
Fiji,2010,import,china,64,2579433.0
Fiji,2010,import,china,65,13321348.0
Fiji,2010,import,china,66,3937310.0
Fiji,2010,import,china,67,7789520.0
Fiji,2010,import,china,68,1047139.0
Fiji,2010,import,china,69,8249840.0
Fiji,2010,import,china,71,3060285.0
Fiji,2010,import,china,72,3256129.0
Fiji,2010,import,china,73,223509.0
Fiji,2010,import,china,74,4218799.0
Fiji,2010,import,china,75,534412.0
Fiji,2010,import,china,76,5630461.0
Fiji,2010,import,china,77,6673052.0
Fiji,2010,import,china,78,1848591.0
Fiji,2010,import,china,79,2816955.0
Fiji,2010,import,china,81,1199965.0
Fiji,2010,import,china,82,1552738.0
Fiji,2010,import,china,83,890624.0
Fiji,2010,import,china,84,6053358.0
Fiji,2010,import,china,85,1861645.0
Fiji,2010,import,china,87,1784457.0
Fiji,2010,import,china,88,392930.0
Fiji,2010,import,china,89,6357485.0
Fiji,2010,import,china,93,331653.0
Fiji,2010,import,us,01,40657.0
Fiji,2010,import,us,02,16885.0
Fiji,2010,import,us,03,4859015.0
Fiji,2010,import,us,04,576517.0
Fiji,2010,import,us,05,493413.0
Fiji,2010,import,us,06,105453.0
Fiji,2010,import,us,07,213714.0
Fiji,2010,import,us,08,1337768.0
Fiji,2010,import,us,09,818659.0
Fiji,2010,import,us,11,302463.0
Fiji,2010,import,us,12,3908.0
Fiji,2010,import,us,21,415.0
Fiji,2010,import,us,22,13627.0
Fiji,2010,import,us,23,435.0
Fiji,2010,import,us,24,13340.0
Fiji,2010,import,us,26,8059.0
Fiji,2010,import,us,27,2204.0
Fiji,2010,import,us,29,192120.0
Fiji,2010,import,us,32,1225.0
Fiji,2010,import,us,33,123485.0
Fiji,2010,import,us,34,1580.0
Fiji,2010,import,us,41,5406.0
Fiji,2010,import,us,42,27667.0
Fiji,2010,import,us,43,20.0
Fiji,2010,import,us,51,17840.0
Fiji,2010,import,us,52,96881.0
Fiji,2010,import,us,53,167242.0
Fiji,2010,import,us,54,2202097.0
Fiji,2010,import,us,55,2584302.0
Fiji,2010,import,us,56,1863.0
Fiji,2010,import,us,57,500456.0
Fiji,2010,import,us,58,182044.0
Fiji,2010,import,us,59,742019.0
Fiji,2010,import,us,61,68851.0
Fiji,2010,import,us,62,594729.0
Fiji,2010,import,us,63,88135.0
Fiji,2010,import,us,64,176418.0
Fiji,2010,import,us,65,1033956.0
Fiji,2010,import,us,66,273682.0
Fiji,2010,import,us,67,979431.0
Fiji,2010,import,us,68,53014.0
Fiji,2010,import,us,69,976371.0
Fiji,2010,import,us,71,1114984.0
Fiji,2010,import,us,72,1942991.0
Fiji,2010,import,us,73,41006.0
Fiji,2010,import,us,74,1726746.0
Fiji,2010,import,us,75,1642835.0
Fiji,2010,import,us,76,3273296.0
Fiji,2010,import,us,77,1537591.0
Fiji,2010,import,us,78,1107080.0
Fiji,2010,import,us,79,23049690.0
Fiji,2010,import,us,81,311226.0
Fiji,2010,import,us,82,288981.0
Fiji,2010,import,us,83,79803.0
Fiji,2010,import,us,84,602277.0
Fiji,2010,import,us,85,458858.0
Fiji,2010,import,us,87,3294564.0
Fiji,2010,import,us,88,338082.0
Fiji,2010,import,us,89,3813204.0
Fiji,2010,import,us,93,646821.0
Fiji,2010,import,us,97,559.0
Fiji,2010,import,world,00,1827253.0
Fiji,2010,import,world,01,26421139.0
Fiji,2010,import,world,02,38939287.0
Fiji,2010,import,world,03,58702510.0
Fiji,2010,import,world,04,80166494.0
Fiji,2010,import,world,05,43195475.0
Fiji,2010,import,world,06,12535304.0
Fiji,2010,import,world,07,10760824.0
Fiji,2010,import,world,08,9324369.0
Fiji,2010,import,world,09,18770188.0
Fiji,2010,import,world,11,14302988.0
Fiji,2010,import,world,12,2001046.0
Fiji,2010,import,world,21,415.0
Fiji,2010,import,world,22,772475.0
Fiji,2010,import,world,23,119370.0
Fiji,2010,import,world,24,531953.0
Fiji,2010,import,world,25,7.0
Fiji,2010,import,world,26,3333150.0
Fiji,2010,import,world,27,8476822.0
Fiji,2010,import,world,28,64979.0
Fiji,2010,import,world,29,1152907.0
Fiji,2010,import,world,32,25511.0
Fiji,2010,import,world,33,553771940.0
Fiji,2010,import,world,34,20971114.0
Fiji,2010,import,world,41,1164401.0
Fiji,2010,import,world,42,14391902.0
Fiji,2010,import,world,43,52933.0
Fiji,2010,import,world,51,4221652.0
Fiji,2010,import,world,52,6698618.0
Fiji,2010,import,world,53,6539402.0
Fiji,2010,import,world,54,20958612.0
Fiji,2010,import,world,55,33936145.0
Fiji,2010,import,world,56,11465191.0
Fiji,2010,import,world,57,25008133.0
Fiji,2010,import,world,58,17408615.0
Fiji,2010,import,world,59,23580002.0
Fiji,2010,import,world,61,1205804.0
Fiji,2010,import,world,62,19111742.0
Fiji,2010,import,world,63,3223892.0
Fiji,2010,import,world,64,45188692.0
Fiji,2010,import,world,65,65618249.0
Fiji,2010,import,world,66,21091823.0
Fiji,2010,import,world,67,37907086.0
Fiji,2010,import,world,68,10569506.0
Fiji,2010,import,world,69,42346049.0
Fiji,2010,import,world,71,23768356.0
Fiji,2010,import,world,72,37848447.0
Fiji,2010,import,world,73,2082820.0
Fiji,2010,import,world,74,52806042.0
Fiji,2010,import,world,75,29690693.0
Fiji,2010,import,world,76,43194065.0
Fiji,2010,import,world,77,44697347.0
Fiji,2010,import,world,78,49050656.0
Fiji,2010,import,world,79,44130562.0
Fiji,2010,import,world,81,6395344.0
Fiji,2010,import,world,82,7107427.0
Fiji,2010,import,world,83,2969146.0
Fiji,2010,import,world,84,22511824.0
Fiji,2010,import,world,85,6990675.0
Fiji,2010,import,world,87,24197873.0
Fiji,2010,import,world,88,8373006.0
Fiji,2010,import,world,89,76081021.0
Fiji,2010,import,world,93,8701635.0
Fiji,2010,import,world,96,3436.0
Fiji,2010,import,world,97,2415.0
Fiji,2011,export,aus,01,460451.0
Fiji,2011,export,aus,02,197062.0
Fiji,2011,export,aus,03,452295.0
Fiji,2011,export,aus,04,20643718.0
Fiji,2011,export,aus,05,7213037.0
Fiji,2011,export,aus,06,1648394.0
Fiji,2011,export,aus,07,976864.0
Fiji,2011,export,aus,08,155903.0
Fiji,2011,export,aus,09,415894.0
Fiji,2011,export,aus,11,1381269.0
Fiji,2011,export,aus,12,486175.0
Fiji,2011,export,aus,21,116520.0
Fiji,2011,export,aus,22,4319.0
Fiji,2011,export,aus,23,2003.0
Fiji,2011,export,aus,24,1101879.0
Fiji,2011,export,aus,25,324339.0
Fiji,2011,export,aus,26,12.0
Fiji,2011,export,aus,27,3347.0
Fiji,2011,export,aus,28,1342588.0
Fiji,2011,export,aus,29,18321.0
Fiji,2011,export,aus,42,1215514.0
Fiji,2011,export,aus,43,20167.0
Fiji,2011,export,aus,51,9189.0
Fiji,2011,export,aus,52,4802.0
Fiji,2011,export,aus,53,450430.0
Fiji,2011,export,aus,54,3535688.0
Fiji,2011,export,aus,55,357420.0
Fiji,2011,export,aus,57,112200.0
Fiji,2011,export,aus,58,312394.0
Fiji,2011,export,aus,59,39379.0
Fiji,2011,export,aus,61,136.0
Fiji,2011,export,aus,62,41047.0
Fiji,2011,export,aus,63,862572.0
Fiji,2011,export,aus,64,189399.0
Fiji,2011,export,aus,65,3809705.0
Fiji,2011,export,aus,66,285548.0
Fiji,2011,export,aus,67,1211.0
Fiji,2011,export,aus,68,493522.0
Fiji,2011,export,aus,69,13695091.0
Fiji,2011,export,aus,71,47519.0
Fiji,2011,export,aus,72,105950.0
Fiji,2011,export,aus,73,19821.0
Fiji,2011,export,aus,74,194009.0
Fiji,2011,export,aus,75,557899.0
Fiji,2011,export,aus,76,1683254.0
Fiji,2011,export,aus,77,258578.0
Fiji,2011,export,aus,78,368191.0
Fiji,2011,export,aus,79,1216952.0
Fiji,2011,export,aus,81,26431.0
Fiji,2011,export,aus,82,417944.0
Fiji,2011,export,aus,83,21259.0
Fiji,2011,export,aus,84,40891094.0
Fiji,2011,export,aus,85,461928.0
Fiji,2011,export,aus,87,478505.0
Fiji,2011,export,aus,88,105334.0
Fiji,2011,export,aus,89,5483436.0
Fiji,2011,export,aus,93,503936.0
Fiji,2011,export,aus,97,79279349.0
Fiji,2011,export,china,02,819.0
Fiji,2011,export,china,03,6227354.0
Fiji,2011,export,china,04,19681.0
Fiji,2011,export,china,05,15931.0
Fiji,2011,export,china,07,2659.0
Fiji,2011,export,china,08,1024.0
Fiji,2011,export,china,09,1831.0
Fiji,2011,export,china,11,213187.0
Fiji,2011,export,china,24,179443.0
Fiji,2011,export,china,29,32656.0
Fiji,2011,export,china,51,11814.0
Fiji,2011,export,china,55,24632.0
Fiji,2011,export,china,63,62.0
Fiji,2011,export,china,64,11632.0
Fiji,2011,export,china,65,9897.0
Fiji,2011,export,china,66,4314.0
Fiji,2011,export,china,68,7108.0
Fiji,2011,export,china,69,190.0
Fiji,2011,export,china,71,64575.0
Fiji,2011,export,china,74,8447.0
Fiji,2011,export,china,75,24470.0
Fiji,2011,export,china,76,46623.0
Fiji,2011,export,china,77,1017.0
Fiji,2011,export,china,84,12564.0
Fiji,2011,export,china,87,558.0
Fiji,2011,export,china,89,66332.0
Fiji,2011,export,china,93,131229.0
Fiji,2011,export,us,02,264073.0
Fiji,2011,export,us,03,18127517.0
Fiji,2011,export,us,04,803453.0
Fiji,2011,export,us,05,3653510.0
Fiji,2011,export,us,06,380740.0
Fiji,2011,export,us,07,429833.0
Fiji,2011,export,us,08,57788.0
Fiji,2011,export,us,09,109764.0
Fiji,2011,export,us,11,62710562.0
Fiji,2011,export,us,22,9172.0
Fiji,2011,export,us,24,4998232.0
Fiji,2011,export,us,27,41725.0
Fiji,2011,export,us,29,1112549.0
Fiji,2011,export,us,42,179609.0
Fiji,2011,export,us,51,792.0
Fiji,2011,export,us,52,26915.0
Fiji,2011,export,us,54,300.0
Fiji,2011,export,us,55,931196.0
Fiji,2011,export,us,59,18221.0
Fiji,2011,export,us,62,29230.0
Fiji,2011,export,us,63,151515.0
Fiji,2011,export,us,64,126470.0
Fiji,2011,export,us,65,11748.0
Fiji,2011,export,us,66,1943.0
Fiji,2011,export,us,67,503.0
Fiji,2011,export,us,69,158086.0
Fiji,2011,export,us,71,16115.0
Fiji,2011,export,us,72,558.0
Fiji,2011,export,us,73,5331.0
Fiji,2011,export,us,74,36830.0
Fiji,2011,export,us,75,5212.0
Fiji,2011,export,us,76,3941972.0
Fiji,2011,export,us,77,207783.0
Fiji,2011,export,us,78,25973.0
Fiji,2011,export,us,79,3480951.0
Fiji,2011,export,us,81,19452.0
Fiji,2011,export,us,82,26282.0
Fiji,2011,export,us,84,697090.0
Fiji,2011,export,us,85,2857.0
Fiji,2011,export,us,87,203291.0
Fiji,2011,export,us,88,4510.0
Fiji,2011,export,us,89,779612.0
Fiji,2011,export,us,93,249491.0
Fiji,2011,export,world,01,9231411.0
Fiji,2011,export,world,02,4753912.0
Fiji,2011,export,world,03,147630054.0
Fiji,2011,export,world,04,61001181.0
Fiji,2011,export,world,05,27226042.0
Fiji,2011,export,world,06,82678279.0
Fiji,2011,export,world,07,5437747.0
Fiji,2011,export,world,08,1952756.0
Fiji,2011,export,world,09,3575102.0
Fiji,2011,export,world,11,76882040.0
Fiji,2011,export,world,12,1194713.0
Fiji,2011,export,world,21,117205.0
Fiji,2011,export,world,22,137796.0
Fiji,2011,export,world,23,2647.0
Fiji,2011,export,world,24,33092442.0
Fiji,2011,export,world,25,369260.0
Fiji,2011,export,world,26,20502.0
Fiji,2011,export,world,27,5781946.0
Fiji,2011,export,world,28,8446233.0
Fiji,2011,export,world,29,2521167.0
Fiji,2011,export,world,32,45101.0
Fiji,2011,export,world,33,307663798.0
Fiji,2011,export,world,34,88105.0
Fiji,2011,export,world,35,283.0
Fiji,2011,export,world,41,38324.0
Fiji,2011,export,world,42,4824558.0
Fiji,2011,export,world,43,108910.0
Fiji,2011,export,world,51,132453.0
Fiji,2011,export,world,52,626944.0
Fiji,2011,export,world,53,5695176.0
Fiji,2011,export,world,54,10286397.0
Fiji,2011,export,world,55,9683183.0
Fiji,2011,export,world,56,27658.0
Fiji,2011,export,world,57,793948.0
Fiji,2011,export,world,58,2891176.0
Fiji,2011,export,world,59,3448378.0
Fiji,2011,export,world,61,10046.0
Fiji,2011,export,world,62,319858.0
Fiji,2011,export,world,63,2667879.0
Fiji,2011,export,world,64,10090688.0
Fiji,2011,export,world,65,7206929.0
Fiji,2011,export,world,66,5380181.0
Fiji,2011,export,world,67,3347739.0
Fiji,2011,export,world,68,7318182.0
Fiji,2011,export,world,69,21059201.0
Fiji,2011,export,world,71,1120412.0
Fiji,2011,export,world,72,1038668.0
Fiji,2011,export,world,73,97436.0
Fiji,2011,export,world,74,2175967.0
Fiji,2011,export,world,75,1516472.0
Fiji,2011,export,world,76,8770717.0
Fiji,2011,export,world,77,11897618.0
Fiji,2011,export,world,78,1748543.0
Fiji,2011,export,world,79,10558224.0
Fiji,2011,export,world,81,692151.0
Fiji,2011,export,world,82,2361611.0
Fiji,2011,export,world,83,100129.0
Fiji,2011,export,world,84,51078493.0
Fiji,2011,export,world,85,979630.0
Fiji,2011,export,world,87,2089307.0
Fiji,2011,export,world,88,293009.0
Fiji,2011,export,world,89,14793236.0
Fiji,2011,export,world,93,2471675.0
Fiji,2011,export,world,97,79879865.0
Fiji,2011,import,aus,01,6513541.0
Fiji,2011,import,aus,02,12915149.0
Fiji,2011,import,aus,03,539571.0
Fiji,2011,import,aus,04,69627948.0
Fiji,2011,import,aus,05,7007375.0
Fiji,2011,import,aus,06,6835661.0
Fiji,2011,import,aus,07,3405908.0
Fiji,2011,import,aus,08,5794065.0
Fiji,2011,import,aus,09,10895649.0
Fiji,2011,import,aus,11,9299511.0
Fiji,2011,import,aus,12,3332296.0
Fiji,2011,import,aus,21,10488.0
Fiji,2011,import,aus,22,511779.0
Fiji,2011,import,aus,23,37233.0
Fiji,2011,import,aus,24,355227.0
Fiji,2011,import,aus,26,2779325.0
Fiji,2011,import,aus,27,480477.0
Fiji,2011,import,aus,28,9001.0
Fiji,2011,import,aus,29,270765.0
Fiji,2011,import,aus,32,5571.0
Fiji,2011,import,aus,33,3423616.0
Fiji,2011,import,aus,34,15367470.0
Fiji,2011,import,aus,41,2126.0
Fiji,2011,import,aus,42,3196651.0
Fiji,2011,import,aus,43,13580.0
Fiji,2011,import,aus,51,2166164.0
Fiji,2011,import,aus,52,2725075.0
Fiji,2011,import,aus,53,3236658.0
Fiji,2011,import,aus,54,9007289.0
Fiji,2011,import,aus,55,7263897.0
Fiji,2011,import,aus,56,1415188.0
Fiji,2011,import,aus,57,2664944.0
Fiji,2011,import,aus,58,4718451.0
Fiji,2011,import,aus,59,9330189.0
Fiji,2011,import,aus,61,492609.0
Fiji,2011,import,aus,62,3913377.0
Fiji,2011,import,aus,63,314705.0
Fiji,2011,import,aus,64,15382133.0
Fiji,2011,import,aus,65,25751073.0
Fiji,2011,import,aus,66,1796569.0
Fiji,2011,import,aus,67,4612375.0
Fiji,2011,import,aus,68,7519296.0
Fiji,2011,import,aus,69,15186589.0
Fiji,2011,import,aus,71,8387519.0
Fiji,2011,import,aus,72,11717707.0
Fiji,2011,import,aus,73,573801.0
Fiji,2011,import,aus,74,18528169.0
Fiji,2011,import,aus,75,15308696.0
Fiji,2011,import,aus,76,14425945.0
Fiji,2011,import,aus,77,13262851.0
Fiji,2011,import,aus,78,8837568.0
Fiji,2011,import,aus,79,5563619.0
Fiji,2011,import,aus,81,1172056.0
Fiji,2011,import,aus,82,957967.0
Fiji,2011,import,aus,83,553876.0
Fiji,2011,import,aus,84,3628684.0
Fiji,2011,import,aus,85,1627274.0
Fiji,2011,import,aus,87,8489304.0
Fiji,2011,import,aus,88,3586352.0
Fiji,2011,import,aus,89,28886704.0
Fiji,2011,import,aus,93,1930357.0
Fiji,2011,import,aus,96,317.0
Fiji,2011,import,china,01,818.0
Fiji,2011,import,china,03,14643458.0
Fiji,2011,import,china,04,312360.0
Fiji,2011,import,china,05,5035042.0
Fiji,2011,import,china,06,95111.0
Fiji,2011,import,china,07,377770.0
Fiji,2011,import,china,08,220.0
Fiji,2011,import,china,09,1219464.0
Fiji,2011,import,china,11,40598.0
Fiji,2011,import,china,12,10729.0
Fiji,2011,import,china,22,28816.0
Fiji,2011,import,china,23,54820.0
Fiji,2011,import,china,24,1173.0
Fiji,2011,import,china,26,45258.0
Fiji,2011,import,china,27,69584.0
Fiji,2011,import,china,29,13641.0
Fiji,2011,import,china,33,158480.0
Fiji,2011,import,china,34,12800.0
Fiji,2011,import,china,42,11416.0
Fiji,2011,import,china,51,986806.0
Fiji,2011,import,china,52,507591.0
Fiji,2011,import,china,53,396245.0
Fiji,2011,import,china,54,546510.0
Fiji,2011,import,china,55,3087332.0
Fiji,2011,import,china,56,2086242.0
Fiji,2011,import,china,57,576711.0
Fiji,2011,import,china,58,1792369.0
Fiji,2011,import,china,59,1903189.0
Fiji,2011,import,china,61,226270.0
Fiji,2011,import,china,62,3631875.0
Fiji,2011,import,china,63,1118305.0
Fiji,2011,import,china,64,3458580.0
Fiji,2011,import,china,65,15143360.0
Fiji,2011,import,china,66,4092051.0
Fiji,2011,import,china,67,4321115.0
Fiji,2011,import,china,68,1515376.0
Fiji,2011,import,china,69,10362243.0
Fiji,2011,import,china,71,13564296.0
Fiji,2011,import,china,72,11398441.0
Fiji,2011,import,china,73,435429.0
Fiji,2011,import,china,74,12438395.0
Fiji,2011,import,china,75,461254.0
Fiji,2011,import,china,76,10556455.0
Fiji,2011,import,china,77,16298232.0
Fiji,2011,import,china,78,6411755.0
Fiji,2011,import,china,79,8549866.0
Fiji,2011,import,china,81,1675239.0
Fiji,2011,import,china,82,1757928.0
Fiji,2011,import,china,83,1217901.0
Fiji,2011,import,china,84,6081052.0
Fiji,2011,import,china,85,2194336.0
Fiji,2011,import,china,87,1427767.0
Fiji,2011,import,china,88,374094.0
Fiji,2011,import,china,89,7488998.0
Fiji,2011,import,china,93,837335.0
Fiji,2011,import,us,01,21552.0
Fiji,2011,import,us,02,20415.0
Fiji,2011,import,us,03,785304.0
Fiji,2011,import,us,04,449648.0
Fiji,2011,import,us,05,2110722.0
Fiji,2011,import,us,06,81564.0
Fiji,2011,import,us,07,197193.0
Fiji,2011,import,us,08,892529.0
Fiji,2011,import,us,09,1358916.0
Fiji,2011,import,us,11,446073.0
Fiji,2011,import,us,12,4797.0
Fiji,2011,import,us,22,201334.0
Fiji,2011,import,us,23,8953.0
Fiji,2011,import,us,24,3776.0
Fiji,2011,import,us,26,26511.0
Fiji,2011,import,us,27,156348.0
Fiji,2011,import,us,29,85983.0
Fiji,2011,import,us,32,563.0
Fiji,2011,import,us,33,288206.0
Fiji,2011,import,us,34,31181.0
Fiji,2011,import,us,41,478.0
Fiji,2011,import,us,42,99606.0
Fiji,2011,import,us,51,12084.0
Fiji,2011,import,us,52,134608.0
Fiji,2011,import,us,53,185157.0
Fiji,2011,import,us,54,941738.0
Fiji,2011,import,us,55,1962612.0
Fiji,2011,import,us,56,11995.0
Fiji,2011,import,us,57,1077439.0
Fiji,2011,import,us,58,99268.0
Fiji,2011,import,us,59,998978.0
Fiji,2011,import,us,61,2533.0
Fiji,2011,import,us,62,737516.0
Fiji,2011,import,us,63,69584.0
Fiji,2011,import,us,64,285392.0
Fiji,2011,import,us,65,1123777.0
Fiji,2011,import,us,66,149994.0
Fiji,2011,import,us,67,453609.0
Fiji,2011,import,us,68,83315.0
Fiji,2011,import,us,69,976675.0
Fiji,2011,import,us,71,1044259.0
Fiji,2011,import,us,72,2336962.0
Fiji,2011,import,us,73,42427.0
Fiji,2011,import,us,74,2139697.0
Fiji,2011,import,us,75,2356162.0
Fiji,2011,import,us,76,11940150.0
Fiji,2011,import,us,77,2142958.0
Fiji,2011,import,us,78,1762081.0
Fiji,2011,import,us,79,58784000.0
Fiji,2011,import,us,81,114522.0
Fiji,2011,import,us,82,812285.0
Fiji,2011,import,us,83,60993.0
Fiji,2011,import,us,84,1056024.0
Fiji,2011,import,us,85,355519.0
Fiji,2011,import,us,87,2305362.0
Fiji,2011,import,us,88,642376.0
Fiji,2011,import,us,89,5290905.0
Fiji,2011,import,us,93,843957.0
Fiji,2011,import,us,96,65.0
Fiji,2011,import,us,97,4459.0
Fiji,2011,import,world,00,2128144.0
Fiji,2011,import,world,01,27462543.0
Fiji,2011,import,world,02,44944377.0
Fiji,2011,import,world,03,127602862.0
Fiji,2011,import,world,04,93038192.0
Fiji,2011,import,world,05,49926591.0
Fiji,2011,import,world,06,20618370.0
Fiji,2011,import,world,07,10264337.0
Fiji,2011,import,world,08,10798170.0
Fiji,2011,import,world,09,22919671.0
Fiji,2011,import,world,11,15205857.0
Fiji,2011,import,world,12,3532484.0
Fiji,2011,import,world,21,12544.0
Fiji,2011,import,world,22,859802.0
Fiji,2011,import,world,23,115939.0
Fiji,2011,import,world,24,1290928.0
Fiji,2011,import,world,26,3013672.0
Fiji,2011,import,world,27,8238181.0
Fiji,2011,import,world,28,10078.0
Fiji,2011,import,world,29,920969.0
Fiji,2011,import,world,32,42102.0
Fiji,2011,import,world,33,628047769.0
Fiji,2011,import,world,34,22286592.0
Fiji,2011,import,world,41,2375654.0
Fiji,2011,import,world,42,23928729.0
Fiji,2011,import,world,43,39584.0
Fiji,2011,import,world,51,5162154.0
Fiji,2011,import,world,52,7314344.0
Fiji,2011,import,world,53,8260733.0
Fiji,2011,import,world,54,23048796.0
Fiji,2011,import,world,55,32457317.0
Fiji,2011,import,world,56,10169197.0
Fiji,2011,import,world,57,32561527.0
Fiji,2011,import,world,58,16474831.0
Fiji,2011,import,world,59,29047722.0
Fiji,2011,import,world,61,1041145.0
Fiji,2011,import,world,62,20724032.0
Fiji,2011,import,world,63,3854467.0
Fiji,2011,import,world,64,47062417.0
Fiji,2011,import,world,65,70926319.0
Fiji,2011,import,world,66,21189008.0
Fiji,2011,import,world,67,36781237.0
Fiji,2011,import,world,68,13775934.0
Fiji,2011,import,world,69,46601265.0
Fiji,2011,import,world,71,39936566.0
Fiji,2011,import,world,72,55351810.0
Fiji,2011,import,world,73,2044007.0
Fiji,2011,import,world,74,63493435.0
Fiji,2011,import,world,75,29752238.0
Fiji,2011,import,world,76,55441976.0
Fiji,2011,import,world,77,55319057.0
Fiji,2011,import,world,78,64622814.0
Fiji,2011,import,world,79,98587996.0
Fiji,2011,import,world,81,6207048.0
Fiji,2011,import,world,82,7333424.0
Fiji,2011,import,world,83,3218089.0
Fiji,2011,import,world,84,22428316.0
Fiji,2011,import,world,85,7133728.0
Fiji,2011,import,world,87,20245685.0
Fiji,2011,import,world,88,8409703.0
Fiji,2011,import,world,89,85149512.0
Fiji,2011,import,world,93,11113411.0
Fiji,2011,import,world,96,2139.0
Fiji,2011,import,world,97,4459.0
Fiji,2012,export,aus,01,274137.0
Fiji,2012,export,aus,02,97506.0
Fiji,2012,export,aus,03,524727.0
Fiji,2012,export,aus,04,14637758.0
Fiji,2012,export,aus,05,5463087.0
Fiji,2012,export,aus,06,728744.0
Fiji,2012,export,aus,07,1994854.0
Fiji,2012,export,aus,08,314597.0
Fiji,2012,export,aus,09,237930.0
Fiji,2012,export,aus,11,1092407.0
Fiji,2012,export,aus,12,492354.0
Fiji,2012,export,aus,21,97500.0
Fiji,2012,export,aus,22,30942.0
Fiji,2012,export,aus,23,5248.0
Fiji,2012,export,aus,24,752252.0
Fiji,2012,export,aus,25,174944.0
Fiji,2012,export,aus,26,287.0
Fiji,2012,export,aus,28,479945.0
Fiji,2012,export,aus,29,4821.0
Fiji,2012,export,aus,33,193551.0
Fiji,2012,export,aus,34,27.0
Fiji,2012,export,aus,42,552311.0
Fiji,2012,export,aus,51,6.0
Fiji,2012,export,aus,52,10531.0
Fiji,2012,export,aus,53,256404.0
Fiji,2012,export,aus,54,3244213.0
Fiji,2012,export,aus,55,442624.0
Fiji,2012,export,aus,57,37399.0
Fiji,2012,export,aus,58,105015.0
Fiji,2012,export,aus,59,11622.0
Fiji,2012,export,aus,61,4839.0
Fiji,2012,export,aus,62,16725.0
Fiji,2012,export,aus,63,664332.0
Fiji,2012,export,aus,64,131370.0
Fiji,2012,export,aus,65,4137260.0
Fiji,2012,export,aus,66,12551.0
Fiji,2012,export,aus,67,30432.0
Fiji,2012,export,aus,68,526575.0
Fiji,2012,export,aus,69,15209566.0
Fiji,2012,export,aus,71,10175.0
Fiji,2012,export,aus,72,174965.0
Fiji,2012,export,aus,73,35878.0
Fiji,2012,export,aus,74,260495.0
Fiji,2012,export,aus,75,461481.0
Fiji,2012,export,aus,76,3538931.0
Fiji,2012,export,aus,77,636340.0
Fiji,2012,export,aus,78,490380.0
Fiji,2012,export,aus,79,586909.0
Fiji,2012,export,aus,81,5693.0
Fiji,2012,export,aus,82,97091.0
Fiji,2012,export,aus,83,185789.0
Fiji,2012,export,aus,84,42688342.0
Fiji,2012,export,aus,85,489262.0
Fiji,2012,export,aus,87,757213.0
Fiji,2012,export,aus,88,76475.0
Fiji,2012,export,aus,89,667998.0
Fiji,2012,export,aus,93,1628434.0
Fiji,2012,export,aus,97,75311485.0
Fiji,2012,export,china,02,353556.0
Fiji,2012,export,china,03,6109754.0
Fiji,2012,export,china,04,10334.0
Fiji,2012,export,china,05,156978.0
Fiji,2012,export,china,07,26.0
Fiji,2012,export,china,09,20632.0
Fiji,2012,export,china,11,924296.0
Fiji,2012,export,china,12,28104.0
Fiji,2012,export,china,24,2499165.0
Fiji,2012,export,china,27,1302451.0
Fiji,2012,export,china,28,4015267.0
Fiji,2012,export,china,29,16920.0
Fiji,2012,export,china,33,26199.0
Fiji,2012,export,china,51,19739.0
Fiji,2012,export,china,53,1368.0
Fiji,2012,export,china,55,790.0
Fiji,2012,export,china,56,44134.0
Fiji,2012,export,china,58,2722.0
Fiji,2012,export,china,59,7296.0
Fiji,2012,export,china,62,1713.0
Fiji,2012,export,china,63,44429.0
Fiji,2012,export,china,64,7115.0
Fiji,2012,export,china,65,22322.0
Fiji,2012,export,china,66,6209.0
Fiji,2012,export,china,67,1193.0
Fiji,2012,export,china,68,866.0
Fiji,2012,export,china,69,74445.0
Fiji,2012,export,china,71,4400.0
Fiji,2012,export,china,73,102.0
Fiji,2012,export,china,74,18120.0
Fiji,2012,export,china,75,23932.0
Fiji,2012,export,china,76,25197.0
Fiji,2012,export,china,77,14648.0
Fiji,2012,export,china,78,21476.0
Fiji,2012,export,china,79,28420.0
Fiji,2012,export,china,81,4302.0
Fiji,2012,export,china,82,2514.0
Fiji,2012,export,china,84,4751.0
Fiji,2012,export,china,85,5394.0
Fiji,2012,export,china,87,115806.0
Fiji,2012,export,china,89,38392.0
Fiji,2012,export,china,93,208703.0
Fiji,2012,export,us,02,296807.0
Fiji,2012,export,us,03,21782120.0
Fiji,2012,export,us,04,895144.0
Fiji,2012,export,us,05,3540181.0
Fiji,2012,export,us,06,206766.0
Fiji,2012,export,us,07,414725.0
Fiji,2012,export,us,08,336133.0
Fiji,2012,export,us,09,94561.0
Fiji,2012,export,us,11,80654633.0
Fiji,2012,export,us,22,107.0
Fiji,2012,export,us,24,7760248.0
Fiji,2012,export,us,27,743.0
Fiji,2012,export,us,28,2279.0
Fiji,2012,export,us,29,1368031.0
Fiji,2012,export,us,42,161279.0
Fiji,2012,export,us,51,2684.0
Fiji,2012,export,us,52,36762.0
Fiji,2012,export,us,54,11985.0
Fiji,2012,export,us,55,1277019.0
Fiji,2012,export,us,62,35729.0
Fiji,2012,export,us,63,106089.0
Fiji,2012,export,us,64,109373.0
Fiji,2012,export,us,65,12240.0
Fiji,2012,export,us,66,19768.0
Fiji,2012,export,us,68,210.0
Fiji,2012,export,us,69,112366.0
Fiji,2012,export,us,71,617754.0
Fiji,2012,export,us,72,3196.0
Fiji,2012,export,us,74,42978.0
Fiji,2012,export,us,75,83214.0
Fiji,2012,export,us,76,1162163.0
Fiji,2012,export,us,77,1456996.0
Fiji,2012,export,us,78,17048.0
Fiji,2012,export,us,79,24266346.0
Fiji,2012,export,us,81,10185.0
Fiji,2012,export,us,82,16557.0
Fiji,2012,export,us,83,1689.0
Fiji,2012,export,us,84,303881.0
Fiji,2012,export,us,87,360488.0
Fiji,2012,export,us,88,15326.0
Fiji,2012,export,us,89,2153016.0
Fiji,2012,export,us,93,689646.0
Fiji,2012,export,world,00,9771.0
Fiji,2012,export,world,01,8584808.0
Fiji,2012,export,world,02,4979764.0
Fiji,2012,export,world,03,178046973.0
Fiji,2012,export,world,04,72064043.0
Fiji,2012,export,world,05,24747395.0
Fiji,2012,export,world,06,107280071.0
Fiji,2012,export,world,07,6796064.0
Fiji,2012,export,world,08,2806923.0
Fiji,2012,export,world,09,3556812.0
Fiji,2012,export,world,11,97039306.0
Fiji,2012,export,world,12,743075.0
Fiji,2012,export,world,21,97500.0
Fiji,2012,export,world,22,418788.0
Fiji,2012,export,world,23,10626.0
Fiji,2012,export,world,24,36402677.0
Fiji,2012,export,world,25,181627.0
Fiji,2012,export,world,26,9502.0
Fiji,2012,export,world,27,12987149.0
Fiji,2012,export,world,28,9546690.0
Fiji,2012,export,world,29,3004119.0
Fiji,2012,export,world,32,18388.0
Fiji,2012,export,world,33,328346091.0
Fiji,2012,export,world,34,318669.0
Fiji,2012,export,world,41,76375.0
Fiji,2012,export,world,42,5326612.0
Fiji,2012,export,world,43,85318.0
Fiji,2012,export,world,51,282931.0
Fiji,2012,export,world,52,539351.0
Fiji,2012,export,world,53,6588687.0
Fiji,2012,export,world,54,10668168.0
Fiji,2012,export,world,55,9757575.0
Fiji,2012,export,world,56,161434.0
Fiji,2012,export,world,57,877228.0
Fiji,2012,export,world,58,2264861.0
Fiji,2012,export,world,59,793332.0
Fiji,2012,export,world,61,14538.0
Fiji,2012,export,world,62,357236.0
Fiji,2012,export,world,63,2914912.0
Fiji,2012,export,world,64,10633883.0
Fiji,2012,export,world,65,6866375.0
Fiji,2012,export,world,66,5466647.0
Fiji,2012,export,world,67,2848910.0
Fiji,2012,export,world,68,5496134.0
Fiji,2012,export,world,69,22150398.0
Fiji,2012,export,world,71,3855551.0
Fiji,2012,export,world,72,780707.0
Fiji,2012,export,world,73,102809.0
Fiji,2012,export,world,74,2286621.0
Fiji,2012,export,world,75,1627745.0
Fiji,2012,export,world,76,8879800.0
Fiji,2012,export,world,77,12877108.0
Fiji,2012,export,world,78,2222512.0
Fiji,2012,export,world,79,35833674.0
Fiji,2012,export,world,81,3862317.0
Fiji,2012,export,world,82,2182354.0
Fiji,2012,export,world,83,274071.0
Fiji,2012,export,world,84,53130732.0
Fiji,2012,export,world,85,1222260.0
Fiji,2012,export,world,87,2127886.0
Fiji,2012,export,world,88,982560.0
Fiji,2012,export,world,89,10886401.0
Fiji,2012,export,world,93,8278082.0
Fiji,2012,export,world,97,77021502.0
Fiji,2012,import,aus,00,386.0
Fiji,2012,import,aus,01,8893009.0
Fiji,2012,import,aus,02,8403429.0
Fiji,2012,import,aus,03,704262.0
Fiji,2012,import,aus,04,69613842.0
Fiji,2012,import,aus,05,6951335.0
Fiji,2012,import,aus,06,6417513.0
Fiji,2012,import,aus,07,3177257.0
Fiji,2012,import,aus,08,5019910.0
Fiji,2012,import,aus,09,9971781.0
Fiji,2012,import,aus,11,9577777.0
Fiji,2012,import,aus,12,1148697.0
Fiji,2012,import,aus,21,1782.0
Fiji,2012,import,aus,22,88631.0
Fiji,2012,import,aus,23,8030.0
Fiji,2012,import,aus,24,822239.0
Fiji,2012,import,aus,26,3435982.0
Fiji,2012,import,aus,27,377282.0
Fiji,2012,import,aus,28,19114.0
Fiji,2012,import,aus,29,485357.0
Fiji,2012,import,aus,32,2885.0
Fiji,2012,import,aus,33,3931289.0
Fiji,2012,import,aus,34,14758852.0
Fiji,2012,import,aus,41,720.0
Fiji,2012,import,aus,42,2398770.0
Fiji,2012,import,aus,43,20520.0
Fiji,2012,import,aus,51,1035866.0
Fiji,2012,import,aus,52,3013317.0
Fiji,2012,import,aus,53,3534042.0
Fiji,2012,import,aus,54,7137240.0
Fiji,2012,import,aus,55,6068837.0
Fiji,2012,import,aus,56,1266433.0
Fiji,2012,import,aus,57,2832122.0
Fiji,2012,import,aus,58,4366706.0
Fiji,2012,import,aus,59,10962393.0
Fiji,2012,import,aus,61,734656.0
Fiji,2012,import,aus,62,4853279.0
Fiji,2012,import,aus,63,1245147.0
Fiji,2012,import,aus,64,14256740.0
Fiji,2012,import,aus,65,27695763.0
Fiji,2012,import,aus,66,2574985.0
Fiji,2012,import,aus,67,4351038.0
Fiji,2012,import,aus,68,6008698.0
Fiji,2012,import,aus,69,14372715.0
Fiji,2012,import,aus,71,5956647.0
Fiji,2012,import,aus,72,13391076.0
Fiji,2012,import,aus,73,835613.0
Fiji,2012,import,aus,74,18455111.0
Fiji,2012,import,aus,75,14969382.0
Fiji,2012,import,aus,76,9053281.0
Fiji,2012,import,aus,77,15130571.0
Fiji,2012,import,aus,78,10857229.0
Fiji,2012,import,aus,79,3340702.0
Fiji,2012,import,aus,81,1478564.0
Fiji,2012,import,aus,82,1157818.0
Fiji,2012,import,aus,83,558739.0
Fiji,2012,import,aus,84,2726118.0
Fiji,2012,import,aus,85,998441.0
Fiji,2012,import,aus,87,7864718.0
Fiji,2012,import,aus,88,3507034.0
Fiji,2012,import,aus,89,26888175.0
Fiji,2012,import,aus,93,2717140.0
Fiji,2012,import,aus,97,5965.0
Fiji,2012,import,china,01,60730.0
Fiji,2012,import,china,02,6.0
Fiji,2012,import,china,03,20477881.0
Fiji,2012,import,china,04,287822.0
Fiji,2012,import,china,05,5137165.0
Fiji,2012,import,china,06,39331.0
Fiji,2012,import,china,07,566346.0
Fiji,2012,import,china,08,3066.0
Fiji,2012,import,china,09,1462324.0
Fiji,2012,import,china,11,199540.0
Fiji,2012,import,china,12,227728.0
Fiji,2012,import,china,22,6585.0
Fiji,2012,import,china,23,2331.0
Fiji,2012,import,china,24,22521.0
Fiji,2012,import,china,25,298.0
Fiji,2012,import,china,26,92066.0
Fiji,2012,import,china,27,287305.0
Fiji,2012,import,china,28,386.0
Fiji,2012,import,china,29,11470.0
Fiji,2012,import,china,33,322895.0
Fiji,2012,import,china,42,90764.0
Fiji,2012,import,china,43,129.0
Fiji,2012,import,china,51,1124748.0
Fiji,2012,import,china,52,868339.0
Fiji,2012,import,china,53,915689.0
Fiji,2012,import,china,54,260364.0
Fiji,2012,import,china,55,3766979.0
Fiji,2012,import,china,56,1140970.0
Fiji,2012,import,china,57,451174.0
Fiji,2012,import,china,58,1980620.0
Fiji,2012,import,china,59,3075088.0
Fiji,2012,import,china,61,228176.0
Fiji,2012,import,china,62,4671353.0
Fiji,2012,import,china,63,675809.0
Fiji,2012,import,china,64,3924416.0
Fiji,2012,import,china,65,17946400.0
Fiji,2012,import,china,66,5152472.0
Fiji,2012,import,china,67,5276494.0
Fiji,2012,import,china,68,1143237.0
Fiji,2012,import,china,69,13468094.0
Fiji,2012,import,china,71,3573283.0
Fiji,2012,import,china,72,11771429.0
Fiji,2012,import,china,73,360137.0
Fiji,2012,import,china,74,8666787.0
Fiji,2012,import,china,75,2737052.0
Fiji,2012,import,china,76,19389270.0
Fiji,2012,import,china,77,9715856.0
Fiji,2012,import,china,78,11642535.0
Fiji,2012,import,china,79,3391545.0
Fiji,2012,import,china,81,2873342.0
Fiji,2012,import,china,82,2456485.0
Fiji,2012,import,china,83,1633237.0
Fiji,2012,import,china,84,6322924.0
Fiji,2012,import,china,85,3379841.0
Fiji,2012,import,china,87,865464.0
Fiji,2012,import,china,88,394532.0
Fiji,2012,import,china,89,11105875.0
Fiji,2012,import,china,93,2995803.0
Fiji,2012,import,us,01,14236.0
Fiji,2012,import,us,02,35229.0
Fiji,2012,import,us,03,361776.0
Fiji,2012,import,us,04,679180.0
Fiji,2012,import,us,05,1970516.0
Fiji,2012,import,us,06,117290.0
Fiji,2012,import,us,07,253279.0
Fiji,2012,import,us,08,2152928.0
Fiji,2012,import,us,09,1595678.0
Fiji,2012,import,us,11,421401.0
Fiji,2012,import,us,12,3533.0
Fiji,2012,import,us,21,22.0
Fiji,2012,import,us,22,321575.0
Fiji,2012,import,us,23,13358.0
Fiji,2012,import,us,24,6014.0
Fiji,2012,import,us,26,67329.0
Fiji,2012,import,us,27,31298.0
Fiji,2012,import,us,28,3876.0
Fiji,2012,import,us,29,236321.0
Fiji,2012,import,us,32,1775.0
Fiji,2012,import,us,33,229803.0
Fiji,2012,import,us,34,663759.0
Fiji,2012,import,us,42,132829.0
Fiji,2012,import,us,51,73296.0
Fiji,2012,import,us,52,188594.0
Fiji,2012,import,us,53,131020.0
Fiji,2012,import,us,54,7808204.0
Fiji,2012,import,us,55,2280465.0
Fiji,2012,import,us,56,7432.0
Fiji,2012,import,us,57,791149.0
Fiji,2012,import,us,58,160981.0
Fiji,2012,import,us,59,468522.0
Fiji,2012,import,us,61,15777.0
Fiji,2012,import,us,62,635549.0
Fiji,2012,import,us,63,67077.0
Fiji,2012,import,us,64,484019.0
Fiji,2012,import,us,65,1551347.0
Fiji,2012,import,us,66,402008.0
Fiji,2012,import,us,67,25456.0
Fiji,2012,import,us,68,60361.0
Fiji,2012,import,us,69,1147832.0
Fiji,2012,import,us,71,1956047.0
Fiji,2012,import,us,72,2402601.0
Fiji,2012,import,us,73,70448.0
Fiji,2012,import,us,74,1988232.0
Fiji,2012,import,us,75,1476507.0
Fiji,2012,import,us,76,6528521.0
Fiji,2012,import,us,77,2353592.0
Fiji,2012,import,us,78,2344700.0
Fiji,2012,import,us,79,12585667.0
Fiji,2012,import,us,81,159136.0
Fiji,2012,import,us,82,804257.0
Fiji,2012,import,us,83,125023.0
Fiji,2012,import,us,84,769907.0
Fiji,2012,import,us,85,508514.0
Fiji,2012,import,us,87,3090585.0
Fiji,2012,import,us,88,457167.0
Fiji,2012,import,us,89,4363706.0
Fiji,2012,import,us,93,728808.0
Fiji,2012,import,world,00,1821330.0
Fiji,2012,import,world,01,31130581.0
Fiji,2012,import,world,02,39187177.0
Fiji,2012,import,world,03,150802324.0
Fiji,2012,import,world,04,92132738.0
Fiji,2012,import,world,05,50705606.0
Fiji,2012,import,world,06,15463085.0
Fiji,2012,import,world,07,11504605.0
Fiji,2012,import,world,08,11700806.0
Fiji,2012,import,world,09,24685029.0
Fiji,2012,import,world,11,15982731.0
Fiji,2012,import,world,12,1876234.0
Fiji,2012,import,world,21,1804.0
Fiji,2012,import,world,22,559237.0
Fiji,2012,import,world,23,95464.0
Fiji,2012,import,world,24,1523356.0
Fiji,2012,import,world,25,298.0
Fiji,2012,import,world,26,4039858.0
Fiji,2012,import,world,27,11990761.0
Fiji,2012,import,world,28,30333.0
Fiji,2012,import,world,29,1914349.0
Fiji,2012,import,world,32,32173.0
Fiji,2012,import,world,33,652771147.0
Fiji,2012,import,world,34,25015757.0
Fiji,2012,import,world,35,39013.0
Fiji,2012,import,world,41,1360156.0
Fiji,2012,import,world,42,25266235.0
Fiji,2012,import,world,43,86399.0
Fiji,2012,import,world,51,5320062.0
Fiji,2012,import,world,52,8368407.0
Fiji,2012,import,world,53,9198816.0
Fiji,2012,import,world,54,30244617.0
Fiji,2012,import,world,55,36403238.0
Fiji,2012,import,world,56,11782138.0
Fiji,2012,import,world,57,28600796.0
Fiji,2012,import,world,58,20096487.0
Fiji,2012,import,world,59,27826286.0
Fiji,2012,import,world,61,1527489.0
Fiji,2012,import,world,62,24898359.0
Fiji,2012,import,world,63,4649347.0
Fiji,2012,import,world,64,48178948.0
Fiji,2012,import,world,65,75757546.0
Fiji,2012,import,world,66,26865141.0
Fiji,2012,import,world,67,38683245.0
Fiji,2012,import,world,68,13062140.0
Fiji,2012,import,world,69,53173039.0
Fiji,2012,import,world,71,28327125.0
Fiji,2012,import,world,72,51567674.0
Fiji,2012,import,world,73,1974053.0
Fiji,2012,import,world,74,62925194.0
Fiji,2012,import,world,75,39116697.0
Fiji,2012,import,world,76,61442254.0
Fiji,2012,import,world,77,52126741.0
Fiji,2012,import,world,78,84204571.0
Fiji,2012,import,world,79,44616286.0
Fiji,2012,import,world,81,9376853.0
Fiji,2012,import,world,82,8684329.0
Fiji,2012,import,world,83,4090806.0
Fiji,2012,import,world,84,21471479.0
Fiji,2012,import,world,85,8009269.0
Fiji,2012,import,world,87,22355136.0
Fiji,2012,import,world,88,9279865.0
Fiji,2012,import,world,89,86963592.0
Fiji,2012,import,world,93,19703652.0
Fiji,2012,import,world,96,1407.0
Fiji,2012,import,world,97,5965.0
Fiji,2013,export,aus,01,111672.0
Fiji,2013,export,aus,02,122900.0
Fiji,2013,export,aus,03,578736.0
Fiji,2013,export,aus,04,11395993.0
Fiji,2013,export,aus,05,6918030.0
Fiji,2013,export,aus,06,692341.0
Fiji,2013,export,aus,07,426772.0
Fiji,2013,export,aus,08,64895.0
Fiji,2013,export,aus,09,345116.0
Fiji,2013,export,aus,11,807855.0
Fiji,2013,export,aus,12,429195.0
Fiji,2013,export,aus,21,108584.0
Fiji,2013,export,aus,22,54635.0
Fiji,2013,export,aus,24,746328.0
Fiji,2013,export,aus,25,82292.0
Fiji,2013,export,aus,26,1128.0
Fiji,2013,export,aus,27,2833.0
Fiji,2013,export,aus,28,629358.0
Fiji,2013,export,aus,29,108393.0
Fiji,2013,export,aus,33,196765.0
Fiji,2013,export,aus,41,4334.0
Fiji,2013,export,aus,42,818906.0
Fiji,2013,export,aus,51,2970.0
Fiji,2013,export,aus,52,1896.0
Fiji,2013,export,aus,53,211621.0
Fiji,2013,export,aus,54,2202061.0
Fiji,2013,export,aus,55,497323.0
Fiji,2013,export,aus,57,51141.0
Fiji,2013,export,aus,58,2718.0
Fiji,2013,export,aus,59,18807.0
Fiji,2013,export,aus,61,2458.0
Fiji,2013,export,aus,62,12718.0
Fiji,2013,export,aus,63,434937.0
Fiji,2013,export,aus,64,84958.0
Fiji,2013,export,aus,65,3324694.0
Fiji,2013,export,aus,66,24367.0
Fiji,2013,export,aus,67,18739.0
Fiji,2013,export,aus,68,232747.0
Fiji,2013,export,aus,69,15724698.0
Fiji,2013,export,aus,71,543344.0
Fiji,2013,export,aus,72,76081.0
Fiji,2013,export,aus,73,11592.0
Fiji,2013,export,aus,74,911511.0
Fiji,2013,export,aus,75,146410.0
Fiji,2013,export,aus,76,3116861.0
Fiji,2013,export,aus,77,918063.0
Fiji,2013,export,aus,78,457246.0
Fiji,2013,export,aus,79,1832329.0
Fiji,2013,export,aus,81,1250381.0
Fiji,2013,export,aus,82,266352.0
Fiji,2013,export,aus,83,172243.0
Fiji,2013,export,aus,84,46104378.0
Fiji,2013,export,aus,85,322623.0
Fiji,2013,export,aus,87,301615.0
Fiji,2013,export,aus,88,620322.0
Fiji,2013,export,aus,89,1370606.0
Fiji,2013,export,aus,93,2743137.0
Fiji,2013,export,aus,97,41834850.0
Fiji,2013,export,china,03,11962696.0
Fiji,2013,export,china,05,148718.0
Fiji,2013,export,china,06,1439.0
Fiji,2013,export,china,09,49.0
Fiji,2013,export,china,11,984787.0
Fiji,2013,export,china,12,8010.0
Fiji,2013,export,china,24,5164691.0
Fiji,2013,export,china,28,9398081.0
Fiji,2013,export,china,33,25759.0
Fiji,2013,export,china,34,49474.0
Fiji,2013,export,china,42,94564.0
Fiji,2013,export,china,51,8326.0
Fiji,2013,export,china,52,4013.0
Fiji,2013,export,china,53,2629.0
Fiji,2013,export,china,55,5597.0
Fiji,2013,export,china,57,7960.0
Fiji,2013,export,china,58,9852.0
Fiji,2013,export,china,59,1716.0
Fiji,2013,export,china,62,226.0
Fiji,2013,export,china,63,27394.0
Fiji,2013,export,china,64,13258.0
Fiji,2013,export,china,65,14838.0
Fiji,2013,export,china,66,1875.0
Fiji,2013,export,china,67,1630.0
Fiji,2013,export,china,68,7884.0
Fiji,2013,export,china,69,3466.0
Fiji,2013,export,china,71,43573.0
Fiji,2013,export,china,72,9791.0
Fiji,2013,export,china,73,2673.0
Fiji,2013,export,china,74,18660.0
Fiji,2013,export,china,75,4742.0
Fiji,2013,export,china,76,45174.0
Fiji,2013,export,china,77,29111.0
Fiji,2013,export,china,78,17981.0
Fiji,2013,export,china,81,29805.0
Fiji,2013,export,china,82,16007.0
Fiji,2013,export,china,83,825.0
Fiji,2013,export,china,84,12689.0
Fiji,2013,export,china,85,22095.0
Fiji,2013,export,china,87,229.0
Fiji,2013,export,china,88,332.0
Fiji,2013,export,china,89,126805.0
Fiji,2013,export,china,93,529872.0
Fiji,2013,export,us,02,139964.0
Fiji,2013,export,us,03,19901045.0
Fiji,2013,export,us,04,1092682.0
Fiji,2013,export,us,05,2443509.0
Fiji,2013,export,us,06,3160882.0
Fiji,2013,export,us,07,1241195.0
Fiji,2013,export,us,08,1340.0
Fiji,2013,export,us,09,240007.0
Fiji,2013,export,us,11,75130116.0
Fiji,2013,export,us,24,10980064.0
Fiji,2013,export,us,26,17582.0
Fiji,2013,export,us,27,461.0
Fiji,2013,export,us,28,24442.0
Fiji,2013,export,us,29,3352908.0
Fiji,2013,export,us,42,157750.0
Fiji,2013,export,us,43,1223.0
Fiji,2013,export,us,52,13490.0
Fiji,2013,export,us,54,515.0
Fiji,2013,export,us,55,1357933.0
Fiji,2013,export,us,58,19664.0
Fiji,2013,export,us,59,1260.0
Fiji,2013,export,us,62,28718.0
Fiji,2013,export,us,63,109951.0
Fiji,2013,export,us,64,148568.0
Fiji,2013,export,us,65,28939.0
Fiji,2013,export,us,66,24431.0
Fiji,2013,export,us,69,34314.0
Fiji,2013,export,us,71,894262.0
Fiji,2013,export,us,72,11.0
Fiji,2013,export,us,73,5847.0
Fiji,2013,export,us,74,65157.0
Fiji,2013,export,us,75,17889.0
Fiji,2013,export,us,76,931774.0
Fiji,2013,export,us,77,121597.0
Fiji,2013,export,us,78,9799.0
Fiji,2013,export,us,79,22092371.0
Fiji,2013,export,us,81,760.0
Fiji,2013,export,us,82,24943.0
Fiji,2013,export,us,83,2203.0
Fiji,2013,export,us,84,92019.0
Fiji,2013,export,us,85,26700.0
Fiji,2013,export,us,87,104248.0
Fiji,2013,export,us,88,28194.0
Fiji,2013,export,us,89,1578894.0
Fiji,2013,export,us,93,1756086.0
Fiji,2013,export,us,97,29204.0
Fiji,2013,export,world,00,26135.0
Fiji,2013,export,world,01,7035035.0
Fiji,2013,export,world,02,5052074.0
Fiji,2013,export,world,03,134238161.0
Fiji,2013,export,world,04,68122995.0
Fiji,2013,export,world,05,22785480.0
Fiji,2013,export,world,06,87901017.0
Fiji,2013,export,world,07,3109105.0
Fiji,2013,export,world,08,2501386.0
Fiji,2013,export,world,09,3293523.0
Fiji,2013,export,world,11,94420666.0
Fiji,2013,export,world,12,608516.0
Fiji,2013,export,world,21,109220.0
Fiji,2013,export,world,22,217312.0
Fiji,2013,export,world,23,2616.0
Fiji,2013,export,world,24,30828635.0
Fiji,2013,export,world,25,84368.0
Fiji,2013,export,world,26,32235.0
Fiji,2013,export,world,27,6060774.0
Fiji,2013,export,world,28,12257274.0
Fiji,2013,export,world,29,7450880.0
Fiji,2013,export,world,33,317729373.0
Fiji,2013,export,world,34,482213.0
Fiji,2013,export,world,41,95034.0
Fiji,2013,export,world,42,3390563.0
Fiji,2013,export,world,43,60882.0
Fiji,2013,export,world,51,352911.0
Fiji,2013,export,world,52,539702.0
Fiji,2013,export,world,53,7117406.0
Fiji,2013,export,world,54,8976219.0
Fiji,2013,export,world,55,11185336.0
Fiji,2013,export,world,56,38962.0
Fiji,2013,export,world,57,714046.0
Fiji,2013,export,world,58,3450594.0
Fiji,2013,export,world,59,832576.0
Fiji,2013,export,world,61,6979.0
Fiji,2013,export,world,62,590018.0
Fiji,2013,export,world,63,1945344.0
Fiji,2013,export,world,64,9177958.0
Fiji,2013,export,world,65,6592701.0
Fiji,2013,export,world,66,6126532.0
Fiji,2013,export,world,67,3215378.0
Fiji,2013,export,world,68,6100972.0
Fiji,2013,export,world,69,22680074.0
Fiji,2013,export,world,71,5199839.0
Fiji,2013,export,world,72,1742517.0
Fiji,2013,export,world,73,254706.0
Fiji,2013,export,world,74,3183661.0
Fiji,2013,export,world,75,1622649.0
Fiji,2013,export,world,76,7737155.0
Fiji,2013,export,world,77,13526314.0
Fiji,2013,export,world,78,3736824.0
Fiji,2013,export,world,79,34368976.0
Fiji,2013,export,world,81,1946385.0
Fiji,2013,export,world,82,1798310.0
Fiji,2013,export,world,83,290665.0
Fiji,2013,export,world,84,59745256.0
Fiji,2013,export,world,85,1514783.0
Fiji,2013,export,world,87,1509098.0
Fiji,2013,export,world,88,959529.0
Fiji,2013,export,world,89,12174127.0
Fiji,2013,export,world,93,13911598.0
Fiji,2013,export,world,96,9061.0
Fiji,2013,export,world,97,45219186.0
Fiji,2013,import,aus,01,7505314.0
Fiji,2013,import,aus,02,5558885.0
Fiji,2013,import,aus,03,444561.0
Fiji,2013,import,aus,04,78555033.0
Fiji,2013,import,aus,05,8694771.0
Fiji,2013,import,aus,06,4797189.0
Fiji,2013,import,aus,07,2888062.0
Fiji,2013,import,aus,08,7210167.0
Fiji,2013,import,aus,09,9016275.0
Fiji,2013,import,aus,11,8466994.0
Fiji,2013,import,aus,12,239877.0
Fiji,2013,import,aus,21,1247.0
Fiji,2013,import,aus,22,98170.0
Fiji,2013,import,aus,23,20666.0
Fiji,2013,import,aus,24,401136.0
Fiji,2013,import,aus,26,3418374.0
Fiji,2013,import,aus,27,267332.0
Fiji,2013,import,aus,28,8232.0
Fiji,2013,import,aus,29,319013.0
Fiji,2013,import,aus,32,7693.0
Fiji,2013,import,aus,33,2551487.0
Fiji,2013,import,aus,34,1132803.0
Fiji,2013,import,aus,41,318.0
Fiji,2013,import,aus,42,4097818.0
Fiji,2013,import,aus,43,17112.0
Fiji,2013,import,aus,51,1509364.0
Fiji,2013,import,aus,52,3064952.0
Fiji,2013,import,aus,53,3826245.0
Fiji,2013,import,aus,54,7629032.0
Fiji,2013,import,aus,55,4736886.0
Fiji,2013,import,aus,56,468887.0
Fiji,2013,import,aus,57,4168582.0
Fiji,2013,import,aus,58,4594758.0
Fiji,2013,import,aus,59,8267487.0
Fiji,2013,import,aus,61,648666.0
Fiji,2013,import,aus,62,4253011.0
Fiji,2013,import,aus,63,737757.0
Fiji,2013,import,aus,64,12096872.0
Fiji,2013,import,aus,65,24714775.0
Fiji,2013,import,aus,66,2400401.0
Fiji,2013,import,aus,67,4022112.0
Fiji,2013,import,aus,68,1281346.0
Fiji,2013,import,aus,69,13303045.0
Fiji,2013,import,aus,71,5579850.0
Fiji,2013,import,aus,72,9505857.0
Fiji,2013,import,aus,73,751263.0
Fiji,2013,import,aus,74,15855458.0
Fiji,2013,import,aus,75,15480777.0
Fiji,2013,import,aus,76,7611600.0
Fiji,2013,import,aus,77,13822219.0
Fiji,2013,import,aus,78,15963303.0
Fiji,2013,import,aus,79,3011531.0
Fiji,2013,import,aus,81,3140890.0
Fiji,2013,import,aus,82,943871.0
Fiji,2013,import,aus,83,687061.0
Fiji,2013,import,aus,84,2580384.0
Fiji,2013,import,aus,85,1366663.0
Fiji,2013,import,aus,87,8674662.0
Fiji,2013,import,aus,88,4540130.0
Fiji,2013,import,aus,89,24184955.0
Fiji,2013,import,aus,93,2484819.0
Fiji,2013,import,aus,96,285.0
Fiji,2013,import,china,02,28.0
Fiji,2013,import,china,03,51808014.0
Fiji,2013,import,china,04,374067.0
Fiji,2013,import,china,05,4947465.0
Fiji,2013,import,china,06,32439.0
Fiji,2013,import,china,07,217299.0
Fiji,2013,import,china,08,55.0
Fiji,2013,import,china,09,1486114.0
Fiji,2013,import,china,11,2251401.0
Fiji,2013,import,china,12,356040.0
Fiji,2013,import,china,22,31135.0
Fiji,2013,import,china,23,9207.0
Fiji,2013,import,china,24,17514.0
Fiji,2013,import,china,25,16.0
Fiji,2013,import,china,26,105572.0
Fiji,2013,import,china,27,480090.0
Fiji,2013,import,china,28,1506.0
Fiji,2013,import,china,29,4293.0
Fiji,2013,import,china,32,2317.0
Fiji,2013,import,china,33,352445.0
Fiji,2013,import,china,42,8238.0
Fiji,2013,import,china,51,835681.0
Fiji,2013,import,china,52,860058.0
Fiji,2013,import,china,53,898683.0
Fiji,2013,import,china,54,329784.0
Fiji,2013,import,china,55,3991152.0
Fiji,2013,import,china,56,5999766.0
Fiji,2013,import,china,57,801342.0
Fiji,2013,import,china,58,2151078.0
Fiji,2013,import,china,59,4516221.0
Fiji,2013,import,china,61,324181.0
Fiji,2013,import,china,62,7475954.0
Fiji,2013,import,china,63,1129570.0
Fiji,2013,import,china,64,4706178.0
Fiji,2013,import,china,65,20790752.0
Fiji,2013,import,china,66,9715216.0
Fiji,2013,import,china,67,6356640.0
Fiji,2013,import,china,68,2087963.0
Fiji,2013,import,china,69,15805392.0
Fiji,2013,import,china,71,3965222.0
Fiji,2013,import,china,72,16221503.0
Fiji,2013,import,china,73,403645.0
Fiji,2013,import,china,74,9517328.0
Fiji,2013,import,china,75,3393537.0
Fiji,2013,import,china,76,15063245.0
Fiji,2013,import,china,77,12767884.0
Fiji,2013,import,china,78,23201532.0
Fiji,2013,import,china,79,1988076.0
Fiji,2013,import,china,81,3729389.0
Fiji,2013,import,china,82,2900604.0
Fiji,2013,import,china,83,2149040.0
Fiji,2013,import,china,84,12895416.0
Fiji,2013,import,china,85,3949621.0
Fiji,2013,import,china,87,1210211.0
Fiji,2013,import,china,88,650774.0
Fiji,2013,import,china,89,13983157.0
Fiji,2013,import,china,93,2447976.0
Fiji,2013,import,us,00,10.0
Fiji,2013,import,us,01,29571.0
Fiji,2013,import,us,02,26401.0
Fiji,2013,import,us,03,93366.0
Fiji,2013,import,us,04,1057121.0
Fiji,2013,import,us,05,2685485.0
Fiji,2013,import,us,06,258120.0
Fiji,2013,import,us,07,353435.0
Fiji,2013,import,us,08,3078238.0
Fiji,2013,import,us,09,2525177.0
Fiji,2013,import,us,11,842923.0
Fiji,2013,import,us,12,208.0
Fiji,2013,import,us,22,2084.0
Fiji,2013,import,us,23,819.0
Fiji,2013,import,us,24,13684.0
Fiji,2013,import,us,25,36.0
Fiji,2013,import,us,26,14316.0
Fiji,2013,import,us,27,8118.0
Fiji,2013,import,us,28,3234.0
Fiji,2013,import,us,29,135930.0
Fiji,2013,import,us,32,3495.0
Fiji,2013,import,us,33,210169.0
Fiji,2013,import,us,34,1331449.0
Fiji,2013,import,us,42,115803.0
Fiji,2013,import,us,43,1758.0
Fiji,2013,import,us,51,17117.0
Fiji,2013,import,us,52,85336.0
Fiji,2013,import,us,53,363388.0
Fiji,2013,import,us,54,3500517.0
Fiji,2013,import,us,55,2675498.0
Fiji,2013,import,us,56,21774.0
Fiji,2013,import,us,57,1219451.0
Fiji,2013,import,us,58,142893.0
Fiji,2013,import,us,59,768402.0
Fiji,2013,import,us,61,19178.0
Fiji,2013,import,us,62,611434.0
Fiji,2013,import,us,63,226629.0
Fiji,2013,import,us,64,363467.0
Fiji,2013,import,us,65,1967928.0
Fiji,2013,import,us,66,283055.0
Fiji,2013,import,us,67,21327.0
Fiji,2013,import,us,68,66140.0
Fiji,2013,import,us,69,1355479.0
Fiji,2013,import,us,71,5405726.0
Fiji,2013,import,us,72,1981408.0
Fiji,2013,import,us,73,164996.0
Fiji,2013,import,us,74,2505489.0
Fiji,2013,import,us,75,2186764.0
Fiji,2013,import,us,76,5892667.0
Fiji,2013,import,us,77,2353961.0
Fiji,2013,import,us,78,2273933.0
Fiji,2013,import,us,79,65015267.0
Fiji,2013,import,us,81,209930.0
Fiji,2013,import,us,82,1128772.0
Fiji,2013,import,us,83,141903.0
Fiji,2013,import,us,84,1339773.0
Fiji,2013,import,us,85,786386.0
Fiji,2013,import,us,87,2701884.0
Fiji,2013,import,us,88,500053.0
Fiji,2013,import,us,89,5495831.0
Fiji,2013,import,us,93,1587495.0
Fiji,2013,import,world,00,1705437.0
Fiji,2013,import,world,01,27259576.0
Fiji,2013,import,world,02,40150836.0
Fiji,2013,import,world,03,108908145.0
Fiji,2013,import,world,04,101987012.0
Fiji,2013,import,world,05,54058480.0
Fiji,2013,import,world,06,21213855.0
Fiji,2013,import,world,07,11781966.0
Fiji,2013,import,world,08,15666411.0
Fiji,2013,import,world,09,23200039.0
Fiji,2013,import,world,11,18317345.0
Fiji,2013,import,world,12,1264207.0
Fiji,2013,import,world,21,3812.0
Fiji,2013,import,world,22,295123.0
Fiji,2013,import,world,23,98975.0
Fiji,2013,import,world,24,4238726.0
Fiji,2013,import,world,25,53.0
Fiji,2013,import,world,26,3839303.0
Fiji,2013,import,world,27,13080823.0
Fiji,2013,import,world,28,70228.0
Fiji,2013,import,world,29,4943408.0
Fiji,2013,import,world,32,104740.0
Fiji,2013,import,world,33,634941104.0
Fiji,2013,import,world,34,25971838.0
Fiji,2013,import,world,41,520753.0
Fiji,2013,import,world,42,23228099.0
Fiji,2013,import,world,43,42862.0
Fiji,2013,import,world,51,5090581.0
Fiji,2013,import,world,52,8359904.0
Fiji,2013,import,world,53,11095811.0
Fiji,2013,import,world,54,27713586.0
Fiji,2013,import,world,55,35721504.0
Fiji,2013,import,world,56,9986886.0
Fiji,2013,import,world,57,32947829.0
Fiji,2013,import,world,58,20105414.0
Fiji,2013,import,world,59,28579110.0
Fiji,2013,import,world,61,1500673.0
Fiji,2013,import,world,62,26377747.0
Fiji,2013,import,world,63,6106420.0
Fiji,2013,import,world,64,46372242.0
Fiji,2013,import,world,65,81193563.0
Fiji,2013,import,world,66,31259117.0
Fiji,2013,import,world,67,42951534.0
Fiji,2013,import,world,68,14506466.0
Fiji,2013,import,world,69,56562143.0
Fiji,2013,import,world,71,52403045.0
Fiji,2013,import,world,72,61173586.0
Fiji,2013,import,world,73,2304848.0
Fiji,2013,import,world,74,66218776.0
Fiji,2013,import,world,75,44446036.0
Fiji,2013,import,world,76,67060680.0
Fiji,2013,import,world,77,62572351.0
Fiji,2013,import,world,78,138135502.0
Fiji,2013,import,world,79,495026479.0
Fiji,2013,import,world,81,11285490.0
Fiji,2013,import,world,82,11744867.0
Fiji,2013,import,world,83,4499649.0
Fiji,2013,import,world,84,29860721.0
Fiji,2013,import,world,85,10045554.0
Fiji,2013,import,world,87,27302550.0
Fiji,2013,import,world,88,9447139.0
Fiji,2013,import,world,89,90960230.0
Fiji,2013,import,world,93,17918929.0
Fiji,2013,import,world,96,285.0
Fiji,2014,export,aus,01,121475.0
Fiji,2014,export,aus,02,439519.0
Fiji,2014,export,aus,03,1119447.0
Fiji,2014,export,aus,04,10257624.0
Fiji,2014,export,aus,05,6616816.0
Fiji,2014,export,aus,06,309068.0
Fiji,2014,export,aus,07,1451352.0
Fiji,2014,export,aus,08,41825.0
Fiji,2014,export,aus,09,481609.0
Fiji,2014,export,aus,11,1096454.0
Fiji,2014,export,aus,12,484208.0
Fiji,2014,export,aus,21,36437.0
Fiji,2014,export,aus,22,635.0
Fiji,2014,export,aus,24,451619.0
Fiji,2014,export,aus,25,49378.0
Fiji,2014,export,aus,26,5985.0
Fiji,2014,export,aus,27,931.0
Fiji,2014,export,aus,28,450499.0
Fiji,2014,export,aus,29,42358.0
Fiji,2014,export,aus,33,340.0
Fiji,2014,export,aus,41,285446.0
Fiji,2014,export,aus,42,1054543.0
Fiji,2014,export,aus,51,4231.0
Fiji,2014,export,aus,52,1588.0
Fiji,2014,export,aus,53,25925.0
Fiji,2014,export,aus,54,1983857.0
Fiji,2014,export,aus,55,543732.0
Fiji,2014,export,aus,57,55575.0
Fiji,2014,export,aus,58,11128.0
Fiji,2014,export,aus,59,14951.0
Fiji,2014,export,aus,61,13017.0
Fiji,2014,export,aus,62,25892.0
Fiji,2014,export,aus,63,396057.0
Fiji,2014,export,aus,64,68983.0
Fiji,2014,export,aus,65,4093342.0
Fiji,2014,export,aus,66,33990.0
Fiji,2014,export,aus,67,74681.0
Fiji,2014,export,aus,68,248260.0
Fiji,2014,export,aus,69,17126301.0
Fiji,2014,export,aus,71,125437.0
Fiji,2014,export,aus,72,412962.0
Fiji,2014,export,aus,73,20532.0
Fiji,2014,export,aus,74,192726.0
Fiji,2014,export,aus,75,301718.0
Fiji,2014,export,aus,76,5360928.0
Fiji,2014,export,aus,77,2889950.0
Fiji,2014,export,aus,78,597769.0
Fiji,2014,export,aus,79,3481917.0
Fiji,2014,export,aus,81,127923.0
Fiji,2014,export,aus,82,191329.0
Fiji,2014,export,aus,83,260282.0
Fiji,2014,export,aus,84,45686657.0
Fiji,2014,export,aus,85,207494.0
Fiji,2014,export,aus,87,137840.0
Fiji,2014,export,aus,88,354319.0
Fiji,2014,export,aus,89,1875870.0
Fiji,2014,export,aus,93,1349538.0
Fiji,2014,export,aus,97,45546587.0
Fiji,2014,export,china,03,35261743.0
Fiji,2014,export,china,04,566.0
Fiji,2014,export,china,05,72571.0
Fiji,2014,export,china,07,1191.0
Fiji,2014,export,china,08,572.0
Fiji,2014,export,china,09,5297.0
Fiji,2014,export,china,11,900042.0
Fiji,2014,export,china,12,847.0
Fiji,2014,export,china,24,8528808.0
Fiji,2014,export,china,26,5.0
Fiji,2014,export,china,27,694.0
Fiji,2014,export,china,28,8560137.0
Fiji,2014,export,china,29,244454.0
Fiji,2014,export,china,33,25662.0
Fiji,2014,export,china,34,49514.0
Fiji,2014,export,china,51,5687.0
Fiji,2014,export,china,52,2582.0
Fiji,2014,export,china,54,7785.0
Fiji,2014,export,china,55,12695.0
Fiji,2014,export,china,57,136538.0
Fiji,2014,export,china,58,112.0
Fiji,2014,export,china,62,605.0
Fiji,2014,export,china,63,7955.0
Fiji,2014,export,china,64,15.0
Fiji,2014,export,china,65,25370.0
Fiji,2014,export,china,68,6902.0
Fiji,2014,export,china,69,40550.0
Fiji,2014,export,china,71,6727.0
Fiji,2014,export,china,72,3308.0
Fiji,2014,export,china,74,218367.0
Fiji,2014,export,china,75,2104.0
Fiji,2014,export,china,76,2799120.0
Fiji,2014,export,china,77,89773.0
Fiji,2014,export,china,78,20591648.0
Fiji,2014,export,china,79,3416.0
Fiji,2014,export,china,81,19845.0
Fiji,2014,export,china,82,117953.0
Fiji,2014,export,china,83,10.0
Fiji,2014,export,china,84,28668.0
Fiji,2014,export,china,85,5065.0
Fiji,2014,export,china,87,9442.0
Fiji,2014,export,china,89,70073.0
Fiji,2014,export,china,93,2620384.0
Fiji,2014,export,us,02,202089.0
Fiji,2014,export,us,03,24432525.0
Fiji,2014,export,us,04,1009960.0
Fiji,2014,export,us,05,2226972.0
Fiji,2014,export,us,06,9737114.0
Fiji,2014,export,us,07,2558690.0
Fiji,2014,export,us,08,140354.0
Fiji,2014,export,us,09,213212.0
Fiji,2014,export,us,11,99109840.0
Fiji,2014,export,us,22,1035.0
Fiji,2014,export,us,24,11067646.0
Fiji,2014,export,us,27,88975.0
Fiji,2014,export,us,29,3151477.0
Fiji,2014,export,us,42,265647.0
Fiji,2014,export,us,51,64.0
Fiji,2014,export,us,52,16432.0
Fiji,2014,export,us,54,98141.0
Fiji,2014,export,us,55,1035740.0
Fiji,2014,export,us,58,37.0
Fiji,2014,export,us,62,55070.0
Fiji,2014,export,us,63,835464.0
Fiji,2014,export,us,64,59534.0
Fiji,2014,export,us,65,20010.0
Fiji,2014,export,us,66,65041.0
Fiji,2014,export,us,67,28681.0
Fiji,2014,export,us,69,16627.0
Fiji,2014,export,us,71,1851749.0
Fiji,2014,export,us,72,18441.0
Fiji,2014,export,us,74,24275.0
Fiji,2014,export,us,75,9482.0
Fiji,2014,export,us,76,9476068.0
Fiji,2014,export,us,77,151881.0
Fiji,2014,export,us,78,6899.0
Fiji,2014,export,us,79,1273886.0
Fiji,2014,export,us,81,43471.0
Fiji,2014,export,us,82,24410.0
Fiji,2014,export,us,83,183.0
Fiji,2014,export,us,84,281509.0
Fiji,2014,export,us,85,68277.0
Fiji,2014,export,us,87,92452.0
Fiji,2014,export,us,88,116100.0
Fiji,2014,export,us,89,49324.0
Fiji,2014,export,us,93,867550.0
Fiji,2014,export,world,00,135512.0
Fiji,2014,export,world,01,8975413.0
Fiji,2014,export,world,02,8740711.0
Fiji,2014,export,world,03,189974159.0
Fiji,2014,export,world,04,62438022.0
Fiji,2014,export,world,05,23252441.0
Fiji,2014,export,world,06,116809035.0
Fiji,2014,export,world,07,9195096.0
Fiji,2014,export,world,08,3368391.0
Fiji,2014,export,world,09,4034434.0
Fiji,2014,export,world,11,123214551.0
Fiji,2014,export,world,12,716481.0
Fiji,2014,export,world,21,61990.0
Fiji,2014,export,world,22,46986.0
Fiji,2014,export,world,24,49676251.0
Fiji,2014,export,world,25,92722.0
Fiji,2014,export,world,26,315530.0
Fiji,2014,export,world,27,11097165.0
Fiji,2014,export,world,28,12070117.0
Fiji,2014,export,world,29,7913170.0
Fiji,2014,export,world,33,344190761.0
Fiji,2014,export,world,34,384362.0
Fiji,2014,export,world,41,348669.0
Fiji,2014,export,world,42,5428805.0
Fiji,2014,export,world,43,43116.0
Fiji,2014,export,world,51,579501.0
Fiji,2014,export,world,52,435752.0
Fiji,2014,export,world,53,7988841.0
Fiji,2014,export,world,54,8663049.0
Fiji,2014,export,world,55,12729293.0
Fiji,2014,export,world,56,35965.0
Fiji,2014,export,world,57,1208290.0
Fiji,2014,export,world,58,4744568.0
Fiji,2014,export,world,59,823922.0
Fiji,2014,export,world,61,19989.0
Fiji,2014,export,world,62,643555.0
Fiji,2014,export,world,63,3787152.0
Fiji,2014,export,world,64,13329503.0
Fiji,2014,export,world,65,9322815.0
Fiji,2014,export,world,66,11247592.0
Fiji,2014,export,world,67,3905342.0
Fiji,2014,export,world,68,10930415.0
Fiji,2014,export,world,69,24853049.0
Fiji,2014,export,world,71,3287503.0
Fiji,2014,export,world,72,3222056.0
Fiji,2014,export,world,73,79260.0
Fiji,2014,export,world,74,2265283.0
Fiji,2014,export,world,75,1545597.0
Fiji,2014,export,world,76,21987028.0
Fiji,2014,export,world,77,56518537.0
Fiji,2014,export,world,78,24449783.0
Fiji,2014,export,world,79,18871212.0
Fiji,2014,export,world,81,833538.0
Fiji,2014,export,world,82,2349812.0
Fiji,2014,export,world,83,455814.0
Fiji,2014,export,world,84,61847188.0
Fiji,2014,export,world,85,1534786.0
Fiji,2014,export,world,87,1629955.0
Fiji,2014,export,world,88,692626.0
Fiji,2014,export,world,89,13399545.0
Fiji,2014,export,world,93,11833728.0
Fiji,2014,export,world,97,48688689.0
Fiji,2014,import,aus,00,673.0
Fiji,2014,import,aus,01,11444558.0
Fiji,2014,import,aus,02,9084353.0
Fiji,2014,import,aus,03,472154.0
Fiji,2014,import,aus,04,71445705.0
Fiji,2014,import,aus,05,8498757.0
Fiji,2014,import,aus,06,5415457.0
Fiji,2014,import,aus,07,2449633.0
Fiji,2014,import,aus,08,12062746.0
Fiji,2014,import,aus,09,10044582.0
Fiji,2014,import,aus,11,6042718.0
Fiji,2014,import,aus,12,187224.0
Fiji,2014,import,aus,22,100952.0
Fiji,2014,import,aus,23,7289.0
Fiji,2014,import,aus,24,938500.0
Fiji,2014,import,aus,26,4323290.0
Fiji,2014,import,aus,27,311881.0
Fiji,2014,import,aus,28,2222.0
Fiji,2014,import,aus,29,394394.0
Fiji,2014,import,aus,32,25766.0
Fiji,2014,import,aus,33,4437846.0
Fiji,2014,import,aus,34,1303050.0
Fiji,2014,import,aus,41,4459.0
Fiji,2014,import,aus,42,2293291.0
Fiji,2014,import,aus,43,34817.0
Fiji,2014,import,aus,51,2529190.0
Fiji,2014,import,aus,52,2697201.0
Fiji,2014,import,aus,53,3231021.0
Fiji,2014,import,aus,54,10343881.0
Fiji,2014,import,aus,55,6065057.0
Fiji,2014,import,aus,56,549190.0
Fiji,2014,import,aus,57,4349450.0
Fiji,2014,import,aus,58,6216787.0
Fiji,2014,import,aus,59,15125657.0
Fiji,2014,import,aus,61,355564.0
Fiji,2014,import,aus,62,5025653.0
Fiji,2014,import,aus,63,1196981.0
Fiji,2014,import,aus,64,13584078.0
Fiji,2014,import,aus,65,17844346.0
Fiji,2014,import,aus,66,2674292.0
Fiji,2014,import,aus,67,5211153.0
Fiji,2014,import,aus,68,1122869.0
Fiji,2014,import,aus,69,21066369.0
Fiji,2014,import,aus,71,26019251.0
Fiji,2014,import,aus,72,15470719.0
Fiji,2014,import,aus,73,811984.0
Fiji,2014,import,aus,74,21395236.0
Fiji,2014,import,aus,75,14110027.0
Fiji,2014,import,aus,76,13696378.0
Fiji,2014,import,aus,77,16955465.0
Fiji,2014,import,aus,78,11723398.0
Fiji,2014,import,aus,79,16682902.0
Fiji,2014,import,aus,81,2389334.0
Fiji,2014,import,aus,82,2468061.0
Fiji,2014,import,aus,83,624607.0
Fiji,2014,import,aus,84,2601877.0
Fiji,2014,import,aus,85,1299731.0
Fiji,2014,import,aus,87,7657205.0
Fiji,2014,import,aus,88,3827828.0
Fiji,2014,import,aus,89,23231936.0
Fiji,2014,import,aus,93,3420906.0
Fiji,2014,import,aus,96,13146.0
Fiji,2014,import,aus,97,605.0
Fiji,2014,import,china,02,1915.0
Fiji,2014,import,china,03,144061742.0
Fiji,2014,import,china,04,317353.0
Fiji,2014,import,china,05,5356715.0
Fiji,2014,import,china,06,74520.0
Fiji,2014,import,china,07,334219.0
Fiji,2014,import,china,08,3529.0
Fiji,2014,import,china,09,1686951.0
Fiji,2014,import,china,11,2013240.0
Fiji,2014,import,china,12,269344.0
Fiji,2014,import,china,21,58135.0
Fiji,2014,import,china,22,28396.0
Fiji,2014,import,china,23,14570.0
Fiji,2014,import,china,24,95915.0
Fiji,2014,import,china,26,149188.0
Fiji,2014,import,china,27,429557.0
Fiji,2014,import,china,28,102.0
Fiji,2014,import,china,29,212338.0
Fiji,2014,import,china,32,2319.0
Fiji,2014,import,china,33,429232.0
Fiji,2014,import,china,41,22.0
Fiji,2014,import,china,42,25227.0
Fiji,2014,import,china,43,7114.0
Fiji,2014,import,china,51,1405407.0
Fiji,2014,import,china,52,1570752.0
Fiji,2014,import,china,53,1258400.0
Fiji,2014,import,china,54,822735.0
Fiji,2014,import,china,55,4229358.0
Fiji,2014,import,china,56,2257460.0
Fiji,2014,import,china,57,942767.0
Fiji,2014,import,china,58,3248203.0
Fiji,2014,import,china,59,5093434.0
Fiji,2014,import,china,61,343179.0
Fiji,2014,import,china,62,8766202.0
Fiji,2014,import,china,63,1819465.0
Fiji,2014,import,china,64,7389571.0
Fiji,2014,import,china,65,26664071.0
Fiji,2014,import,china,66,11241594.0
Fiji,2014,import,china,67,11461075.0
Fiji,2014,import,china,68,2745442.0
Fiji,2014,import,china,69,20855612.0
Fiji,2014,import,china,71,7238157.0
Fiji,2014,import,china,72,21272642.0
Fiji,2014,import,china,73,706686.0
Fiji,2014,import,china,74,14593662.0
Fiji,2014,import,china,75,2269430.0
Fiji,2014,import,china,76,26508514.0
Fiji,2014,import,china,77,15240640.0
Fiji,2014,import,china,78,32150086.0
Fiji,2014,import,china,79,1196546.0
Fiji,2014,import,china,81,4076183.0
Fiji,2014,import,china,82,4098266.0
Fiji,2014,import,china,83,2068182.0
Fiji,2014,import,china,84,12390629.0
Fiji,2014,import,china,85,3357771.0
Fiji,2014,import,china,87,2992896.0
Fiji,2014,import,china,88,817739.0
Fiji,2014,import,china,89,19914745.0
Fiji,2014,import,china,93,4840770.0
Fiji,2014,import,us,01,35962.0
Fiji,2014,import,us,02,39333.0
Fiji,2014,import,us,03,470497.0
Fiji,2014,import,us,04,828429.0
Fiji,2014,import,us,05,2613884.0
Fiji,2014,import,us,06,201131.0
Fiji,2014,import,us,07,397523.0
Fiji,2014,import,us,08,3732219.0
Fiji,2014,import,us,09,2647039.0
Fiji,2014,import,us,11,1234304.0
Fiji,2014,import,us,21,1293.0
Fiji,2014,import,us,22,2282.0
Fiji,2014,import,us,23,1272.0
Fiji,2014,import,us,24,31417.0
Fiji,2014,import,us,25,31.0
Fiji,2014,import,us,26,96396.0
Fiji,2014,import,us,27,6023634.0
Fiji,2014,import,us,29,176942.0
Fiji,2014,import,us,33,153855.0
Fiji,2014,import,us,34,615223.0
Fiji,2014,import,us,41,46.0
Fiji,2014,import,us,42,212461.0
Fiji,2014,import,us,43,22.0
Fiji,2014,import,us,51,114324.0
Fiji,2014,import,us,52,252100.0
Fiji,2014,import,us,53,696537.0
Fiji,2014,import,us,54,5674810.0
Fiji,2014,import,us,55,2671757.0
Fiji,2014,import,us,56,75336.0
Fiji,2014,import,us,57,1649120.0
Fiji,2014,import,us,58,250063.0
Fiji,2014,import,us,59,848623.0
Fiji,2014,import,us,61,31879.0
Fiji,2014,import,us,62,800284.0
Fiji,2014,import,us,63,849732.0
Fiji,2014,import,us,64,438000.0
Fiji,2014,import,us,65,1502508.0
Fiji,2014,import,us,66,303792.0
Fiji,2014,import,us,67,161828.0
Fiji,2014,import,us,68,76936.0
Fiji,2014,import,us,69,2487918.0
Fiji,2014,import,us,71,10177988.0
Fiji,2014,import,us,72,3899267.0
Fiji,2014,import,us,73,53283.0
Fiji,2014,import,us,74,5545475.0
Fiji,2014,import,us,75,1966801.0
Fiji,2014,import,us,76,17641701.0
Fiji,2014,import,us,77,2804497.0
Fiji,2014,import,us,78,4724200.0
Fiji,2014,import,us,79,17190666.0
Fiji,2014,import,us,81,521253.0
Fiji,2014,import,us,82,1331133.0
Fiji,2014,import,us,83,219364.0
Fiji,2014,import,us,84,1445615.0
Fiji,2014,import,us,85,554677.0
Fiji,2014,import,us,87,5593637.0
Fiji,2014,import,us,88,649587.0
Fiji,2014,import,us,89,5434238.0
Fiji,2014,import,us,93,1179571.0
Fiji,2014,import,us,97,3514.0
Fiji,2014,import,world,00,3033952.0
Fiji,2014,import,world,01,31982182.0
Fiji,2014,import,world,02,65516603.0
Fiji,2014,import,world,03,198998495.0
Fiji,2014,import,world,04,96534620.0
Fiji,2014,import,world,05,57024550.0
Fiji,2014,import,world,06,10666085.0
Fiji,2014,import,world,07,11773760.0
Fiji,2014,import,world,08,23766143.0
Fiji,2014,import,world,09,27518921.0
Fiji,2014,import,world,11,20137075.0
Fiji,2014,import,world,12,1300511.0
Fiji,2014,import,world,21,59428.0
Fiji,2014,import,world,22,438758.0
Fiji,2014,import,world,23,115565.0
Fiji,2014,import,world,24,7599997.0
Fiji,2014,import,world,25,677.0
Fiji,2014,import,world,26,4797171.0
Fiji,2014,import,world,27,11288110.0
Fiji,2014,import,world,28,922179.0
Fiji,2014,import,world,29,3937328.0
Fiji,2014,import,world,32,56757.0
Fiji,2014,import,world,33,755468303.0
Fiji,2014,import,world,34,32163921.0
Fiji,2014,import,world,41,638410.0
Fiji,2014,import,world,42,25314251.0
Fiji,2014,import,world,43,126771.0
Fiji,2014,import,world,51,6811625.0
Fiji,2014,import,world,52,8956916.0
Fiji,2014,import,world,53,11363412.0
Fiji,2014,import,world,54,33924025.0
Fiji,2014,import,world,55,40045408.0
Fiji,2014,import,world,56,9000715.0
Fiji,2014,import,world,57,41685546.0
Fiji,2014,import,world,58,24638801.0
Fiji,2014,import,world,59,37368309.0
Fiji,2014,import,world,61,1225231.0
Fiji,2014,import,world,62,31043909.0
Fiji,2014,import,world,63,12370488.0
Fiji,2014,import,world,64,56601365.0
Fiji,2014,import,world,65,82026312.0
Fiji,2014,import,world,66,45722369.0
Fiji,2014,import,world,67,61195591.0
Fiji,2014,import,world,68,17227701.0
Fiji,2014,import,world,69,81396052.0
Fiji,2014,import,world,71,75463029.0
Fiji,2014,import,world,72,108034764.0
Fiji,2014,import,world,73,3703647.0
Fiji,2014,import,world,74,97385566.0
Fiji,2014,import,world,75,43374375.0
Fiji,2014,import,world,76,108883501.0
Fiji,2014,import,world,77,120621735.0
Fiji,2014,import,world,78,180302549.0
Fiji,2014,import,world,79,254589928.0
Fiji,2014,import,world,81,13283644.0
Fiji,2014,import,world,82,18898016.0
Fiji,2014,import,world,83,4407794.0
Fiji,2014,import,world,84,29930172.0
Fiji,2014,import,world,85,9966604.0
Fiji,2014,import,world,87,43923333.0
Fiji,2014,import,world,88,9116410.0
Fiji,2014,import,world,89,110482358.0
Fiji,2014,import,world,93,24294600.0
Fiji,2014,import,world,96,13146.0
Fiji,2014,import,world,97,4119.0
Fiji,2015,export,aus,01,97343.499
Fiji,2015,export,aus,02,106897.64499999999
Fiji,2015,export,aus,03,618631.068
Fiji,2015,export,aus,04,6850701.1559999995
Fiji,2015,export,aus,05,6017718.931
Fiji,2015,export,aus,06,66953.868
Fiji,2015,export,aus,07,2239800.06
Fiji,2015,export,aus,08,57947.962
Fiji,2015,export,aus,09,254941.856
Fiji,2015,export,aus,11,1156957.921
Fiji,2015,export,aus,12,463424.466
Fiji,2015,export,aus,21,50448.522
Fiji,2015,export,aus,23,105.834
Fiji,2015,export,aus,24,405822.61
Fiji,2015,export,aus,25,20699.617
Fiji,2015,export,aus,26,44631.463
Fiji,2015,export,aus,27,32.418
Fiji,2015,export,aus,28,503259.548
Fiji,2015,export,aus,29,75493.056
Fiji,2015,export,aus,33,1122.699
Fiji,2015,export,aus,41,68193.843
Fiji,2015,export,aus,42,1060720.9130000002
Fiji,2015,export,aus,51,1259.521
Fiji,2015,export,aus,52,4962.759
Fiji,2015,export,aus,53,33267.65
Fiji,2015,export,aus,54,2197559.875
Fiji,2015,export,aus,55,475665.462
Fiji,2015,export,aus,57,60695.357
Fiji,2015,export,aus,58,9751.512
Fiji,2015,export,aus,59,468761.93600000005
Fiji,2015,export,aus,61,3820.991
Fiji,2015,export,aus,62,20112.286
Fiji,2015,export,aus,63,314786.725
Fiji,2015,export,aus,64,105927.499
Fiji,2015,export,aus,65,3075264.6160000004
Fiji,2015,export,aus,66,18507.613
Fiji,2015,export,aus,67,13486.692
Fiji,2015,export,aus,68,4779800.338
Fiji,2015,export,aus,69,12208350.692
Fiji,2015,export,aus,71,277049.732
Fiji,2015,export,aus,72,367861.555
Fiji,2015,export,aus,73,49070.772
Fiji,2015,export,aus,74,375340.018
Fiji,2015,export,aus,75,117931.083
Fiji,2015,export,aus,76,2276478.2350000003
Fiji,2015,export,aus,77,1405453.911
Fiji,2015,export,aus,78,762606.865
Fiji,2015,export,aus,79,2711161.603
Fiji,2015,export,aus,81,9332.466
Fiji,2015,export,aus,82,271359.483
Fiji,2015,export,aus,83,159137.718
Fiji,2015,export,aus,84,42584104.617
Fiji,2015,export,aus,85,124916.608
Fiji,2015,export,aus,87,566220.325
Fiji,2015,export,aus,88,142019.774
Fiji,2015,export,aus,89,1104680.186
Fiji,2015,export,aus,93,752917.805
Fiji,2015,export,aus,97,43133812.445
Fiji,2015,export,china,02,62533.628
Fiji,2015,export,china,03,38777931.388
Fiji,2015,export,china,04,5673.087
Fiji,2015,export,china,05,150381.61800000002
Fiji,2015,export,china,07,1709.077
Fiji,2015,export,china,09,26817.016
Fiji,2015,export,china,11,1940546.628
Fiji,2015,export,china,12,3056.793
Fiji,2015,export,china,24,6637463.64
Fiji,2015,export,china,25,9142.251
Fiji,2015,export,china,28,2415466.007
Fiji,2015,export,china,29,373775.866
Fiji,2015,export,china,33,9076.462
Fiji,2015,export,china,34,13771.3
Fiji,2015,export,china,51,2379.836
Fiji,2015,export,china,52,964.425
Fiji,2015,export,china,53,20.976
Fiji,2015,export,china,54,2114.298
Fiji,2015,export,china,55,178857.17799999999
Fiji,2015,export,china,58,15081.83
Fiji,2015,export,china,59,22.406
Fiji,2015,export,china,63,11845.31
Fiji,2015,export,china,64,1601.336
Fiji,2015,export,china,65,85200.709
Fiji,2015,export,china,66,704.607
Fiji,2015,export,china,69,32275.575999999997
Fiji,2015,export,china,72,1893.095
Fiji,2015,export,china,74,31278.254
Fiji,2015,export,china,75,4683.872
Fiji,2015,export,china,76,26831.795
Fiji,2015,export,china,77,13135.342
Fiji,2015,export,china,78,7269.179
Fiji,2015,export,china,81,4165.667
Fiji,2015,export,china,82,2888.507
Fiji,2015,export,china,83,1259.997
Fiji,2015,export,china,84,17022.122
Fiji,2015,export,china,85,1438.771
Fiji,2015,export,china,87,5964.845
Fiji,2015,export,china,88,2313.5699999999997
Fiji,2015,export,china,89,67583.628
Fiji,2015,export,china,93,218906.788
Fiji,2015,export,us,02,269770.065
Fiji,2015,export,us,03,35802016.826
Fiji,2015,export,us,04,957676.2
Fiji,2015,export,us,05,2417934.038
Fiji,2015,export,us,06,12375034.571
Fiji,2015,export,us,07,4574420.762
Fiji,2015,export,us,08,73893.627
Fiji,2015,export,us,09,388707.52599999995
Fiji,2015,export,us,11,83805476.527
Fiji,2015,export,us,22,10850.375
Fiji,2015,export,us,24,11842810.338
Fiji,2015,export,us,26,1558.907
Fiji,2015,export,us,27,110233.324
Fiji,2015,export,us,29,3498141.29
Fiji,2015,export,us,42,446931.514
Fiji,2015,export,us,51,8855.26
Fiji,2015,export,us,52,1430.19
Fiji,2015,export,us,54,13573.457
Fiji,2015,export,us,55,1016128.0650000001
Fiji,2015,export,us,58,1100.293
Fiji,2015,export,us,59,18279.258
Fiji,2015,export,us,62,8745.135
Fiji,2015,export,us,63,108399.82
Fiji,2015,export,us,64,54352.464
Fiji,2015,export,us,65,83180.803
Fiji,2015,export,us,66,70618.969
Fiji,2015,export,us,67,30.987
Fiji,2015,export,us,69,162551.106
Fiji,2015,export,us,71,14364.351
Fiji,2015,export,us,72,11764.266
Fiji,2015,export,us,73,559.204
Fiji,2015,export,us,74,139488.339
Fiji,2015,export,us,75,30093.581
Fiji,2015,export,us,76,724801.699
Fiji,2015,export,us,77,154085.81
Fiji,2015,export,us,78,55986.694
Fiji,2015,export,us,79,2246233.055
Fiji,2015,export,us,81,790.418
Fiji,2015,export,us,83,536.321
Fiji,2015,export,us,84,67524.99100000001
Fiji,2015,export,us,85,64119.232
Fiji,2015,export,us,87,333478.832
Fiji,2015,export,us,88,5666.889999999999
Fiji,2015,export,us,89,208825.38
Fiji,2015,export,us,93,296547.99
Fiji,2015,export,world,00,9649.492
Fiji,2015,export,world,01,5655571.94
Fiji,2015,export,world,02,8005955.721
Fiji,2015,export,world,03,175826305.191
Fiji,2015,export,world,04,48700501.413
Fiji,2015,export,world,05,18460746.641
Fiji,2015,export,world,06,70846267.02700001
Fiji,2015,export,world,07,10953131.091
Fiji,2015,export,world,08,3155601.727
Fiji,2015,export,world,09,3309719.002
Fiji,2015,export,world,11,103809627.485
Fiji,2015,export,world,12,549158.158
Fiji,2015,export,world,21,118006.884
Fiji,2015,export,world,22,50410.383
Fiji,2015,export,world,23,187.832
Fiji,2015,export,world,24,42821909.935
Fiji,2015,export,world,25,96107.338
Fiji,2015,export,world,26,54848.74
Fiji,2015,export,world,27,10510262.747000001
Fiji,2015,export,world,28,3785205.2120000003
Fiji,2015,export,world,29,8226357.057
Fiji,2015,export,world,32,14301.9
Fiji,2015,export,world,33,197414387.846
Fiji,2015,export,world,34,178802.354
Fiji,2015,export,world,41,118098.416
Fiji,2015,export,world,42,3771719.4739999995
Fiji,2015,export,world,43,28133.267
Fiji,2015,export,world,51,528739.336
Fiji,2015,export,world,52,396403.855
Fiji,2015,export,world,53,4434407.545000001
Fiji,2015,export,world,54,8198232.847999999
Fiji,2015,export,world,55,9334302.368
Fiji,2015,export,world,56,38452.088
Fiji,2015,export,world,57,431000.15100000007
Fiji,2015,export,world,58,3297511.376
Fiji,2015,export,world,59,1357308.4710000001
Fiji,2015,export,world,61,11280.862000000001
Fiji,2015,export,world,62,727917.1300000001
Fiji,2015,export,world,63,2234287.631
Fiji,2015,export,world,64,10868443.344
Fiji,2015,export,world,65,6951309.778
Fiji,2015,export,world,66,10038797.275999999
Fiji,2015,export,world,67,3791444.179
Fiji,2015,export,world,68,7252607.904
Fiji,2015,export,world,69,23782425.945
Fiji,2015,export,world,71,2717985.04
Fiji,2015,export,world,72,2068936.6909999999
Fiji,2015,export,world,73,86240.934
Fiji,2015,export,world,74,3365932.142
Fiji,2015,export,world,75,1110461.014
Fiji,2015,export,world,76,6427527.958
Fiji,2015,export,world,77,10479301.992999999
Fiji,2015,export,world,78,3575043.082
Fiji,2015,export,world,79,22559135.336
Fiji,2015,export,world,81,680274.165
Fiji,2015,export,world,82,1614816.564
Fiji,2015,export,world,83,321515.77
Fiji,2015,export,world,84,54596765.272
Fiji,2015,export,world,85,857892.321
Fiji,2015,export,world,87,2613269.865
Fiji,2015,export,world,88,570698.727
Fiji,2015,export,world,89,9017731.718
Fiji,2015,export,world,93,3842831.381
Fiji,2015,export,world,96,7569.519
Fiji,2015,export,world,97,44580794.782
Fiji,2015,import,aus,01,11667930.996
Fiji,2015,import,aus,02,6985289.186
Fiji,2015,import,aus,03,313701.212
Fiji,2015,import,aus,04,60883307.95900001
Fiji,2015,import,aus,05,8417553.915
Fiji,2015,import,aus,06,2923122.912
Fiji,2015,import,aus,07,2901271.993
Fiji,2015,import,aus,08,11409140.022
Fiji,2015,import,aus,09,8378295.676
Fiji,2015,import,aus,11,6632456.545
Fiji,2015,import,aus,12,395804.606
Fiji,2015,import,aus,21,2638.224
Fiji,2015,import,aus,22,61134.902
Fiji,2015,import,aus,23,52137.100000000006
Fiji,2015,import,aus,24,483913.844
Fiji,2015,import,aus,25,1293.368
Fiji,2015,import,aus,26,4212276.156
Fiji,2015,import,aus,27,255788.52900000004
Fiji,2015,import,aus,28,10275.438
Fiji,2015,import,aus,29,384544.243
Fiji,2015,import,aus,32,7532.334
Fiji,2015,import,aus,33,2562390.379
Fiji,2015,import,aus,34,3458368.659
Fiji,2015,import,aus,41,352.303
Fiji,2015,import,aus,42,3215803.1909999996
Fiji,2015,import,aus,43,54351.034
Fiji,2015,import,aus,51,2008735.227
Fiji,2015,import,aus,52,2566058.3400000003
Fiji,2015,import,aus,53,3582157.325
Fiji,2015,import,aus,54,7571293.329
Fiji,2015,import,aus,55,5603100.175
Fiji,2015,import,aus,56,658416.094
Fiji,2015,import,aus,57,4055366.672
Fiji,2015,import,aus,58,5203457.415999999
Fiji,2015,import,aus,59,7127253.66
Fiji,2015,import,aus,61,351673.233
Fiji,2015,import,aus,62,4295538.48
Fiji,2015,import,aus,63,1303306.88
Fiji,2015,import,aus,64,10028667.717
Fiji,2015,import,aus,65,16808834.285
Fiji,2015,import,aus,66,2520009.558
Fiji,2015,import,aus,67,4451751.46
Fiji,2015,import,aus,68,1552866.455
Fiji,2015,import,aus,69,14940479.357
Fiji,2015,import,aus,71,7314260.535
Fiji,2015,import,aus,72,13745667.169
Fiji,2015,import,aus,73,890295.181
Fiji,2015,import,aus,74,19434612.593000002
Fiji,2015,import,aus,75,11976384.363
Fiji,2015,import,aus,76,7478569.3440000005
Fiji,2015,import,aus,77,18047314.466
Fiji,2015,import,aus,78,6531516.119
Fiji,2015,import,aus,79,7130334.765000001
Fiji,2015,import,aus,81,2289216.4620000003
Fiji,2015,import,aus,82,1462962.327
Fiji,2015,import,aus,83,874623.637
Fiji,2015,import,aus,84,2296051.817
Fiji,2015,import,aus,85,1075137.228
Fiji,2015,import,aus,87,8476211.25
Fiji,2015,import,aus,88,1798941.132
Fiji,2015,import,aus,89,22657987.208
Fiji,2015,import,aus,93,1523877.933
Fiji,2015,import,aus,97,175.913
Fiji,2015,import,china,01,1737.681
Fiji,2015,import,china,02,7700.143
Fiji,2015,import,china,03,75454049.831
Fiji,2015,import,china,04,303445.319
Fiji,2015,import,china,05,6029372.596
Fiji,2015,import,china,06,152675.166
Fiji,2015,import,china,07,590791.944
Fiji,2015,import,china,08,222.156
Fiji,2015,import,china,09,2494063.528
Fiji,2015,import,china,11,3710623.188
Fiji,2015,import,china,12,353518.178
Fiji,2015,import,china,22,81309.16100000001
Fiji,2015,import,china,23,6069.25
Fiji,2015,import,china,24,14656.11
Fiji,2015,import,china,25,6203.687
Fiji,2015,import,china,26,40238.872
Fiji,2015,import,china,27,652829.294
Fiji,2015,import,china,28,666.469
Fiji,2015,import,china,29,4081.762
Fiji,2015,import,china,33,272900.751
Fiji,2015,import,china,41,539.658
Fiji,2015,import,china,42,257516.198
Fiji,2015,import,china,43,12213.823
Fiji,2015,import,china,51,795004.96
Fiji,2015,import,china,52,1118228.376
Fiji,2015,import,china,53,1333079.1449999998
Fiji,2015,import,china,54,473710.86899999995
Fiji,2015,import,china,55,4381803.728
Fiji,2015,import,china,56,5926547.179
Fiji,2015,import,china,57,3653160.059
Fiji,2015,import,china,58,4025449.9590000003
Fiji,2015,import,china,59,3819875.8789999997
Fiji,2015,import,china,61,245892.566
Fiji,2015,import,china,62,7477318.404
Fiji,2015,import,china,63,1713312.796
Fiji,2015,import,china,64,8056267.898
Fiji,2015,import,china,65,23435705.461000003
Fiji,2015,import,china,66,13119332.141999999
Fiji,2015,import,china,67,12030354.966
Fiji,2015,import,china,68,2560019.601
Fiji,2015,import,china,69,18811185.143
Fiji,2015,import,china,71,4649764.604
Fiji,2015,import,china,72,11537007.588
Fiji,2015,import,china,73,380588.338
Fiji,2015,import,china,74,14487352.261
Fiji,2015,import,china,75,2447969.935
Fiji,2015,import,china,76,9315113.508
Fiji,2015,import,china,77,13940400.885
Fiji,2015,import,china,78,19985593.765
Fiji,2015,import,china,79,801615.7740000001
Fiji,2015,import,china,81,6145571.7190000005
Fiji,2015,import,china,82,6348841.287
Fiji,2015,import,china,83,2136642.362
Fiji,2015,import,china,84,11346198.791
Fiji,2015,import,china,85,3547305.501
Fiji,2015,import,china,87,1657593.547
Fiji,2015,import,china,88,805714.698
Fiji,2015,import,china,89,18111337.399
Fiji,2015,import,china,93,653838.055
Fiji,2015,import,us,01,43351.919
Fiji,2015,import,us,02,26060.923000000003
Fiji,2015,import,us,03,213656.56
Fiji,2015,import,us,04,878985.2409999999
Fiji,2015,import,us,05,2602951.521
Fiji,2015,import,us,06,227650.017
Fiji,2015,import,us,07,395436.093
Fiji,2015,import,us,08,1562450.634
Fiji,2015,import,us,09,2612037.041
Fiji,2015,import,us,11,820213.488
Fiji,2015,import,us,12,12.395
Fiji,2015,import,us,22,51939.733
Fiji,2015,import,us,23,264.585
Fiji,2015,import,us,24,193680.143
Fiji,2015,import,us,26,53521.047
Fiji,2015,import,us,27,30524.546000000002
Fiji,2015,import,us,29,161200.529
Fiji,2015,import,us,32,4249.571
Fiji,2015,import,us,33,181787.16
Fiji,2015,import,us,34,1089.805
Fiji,2015,import,us,42,67180.791
Fiji,2015,import,us,43,260.771
Fiji,2015,import,us,51,105042.689
Fiji,2015,import,us,52,59058.742999999995
Fiji,2015,import,us,53,468058.75800000003
Fiji,2015,import,us,54,932578.272
Fiji,2015,import,us,55,2004953.804
Fiji,2015,import,us,56,75179.844
Fiji,2015,import,us,57,2549759.418
Fiji,2015,import,us,58,278068.027
Fiji,2015,import,us,59,2568181.2180000003
Fiji,2015,import,us,61,34954.797
Fiji,2015,import,us,62,847991.115
Fiji,2015,import,us,63,357956.535
Fiji,2015,import,us,64,457793.80799999996
Fiji,2015,import,us,65,3767463.7060000002
Fiji,2015,import,us,66,695327.8670000001
Fiji,2015,import,us,67,118864.045
Fiji,2015,import,us,68,96823.863
Fiji,2015,import,us,69,2182395.569
Fiji,2015,import,us,71,1665046.268
Fiji,2015,import,us,72,2774596.25
Fiji,2015,import,us,73,45773.708
Fiji,2015,import,us,74,3589896.084
Fiji,2015,import,us,75,1321857.398
Fiji,2015,import,us,76,5144016.337
Fiji,2015,import,us,77,2734959.011
Fiji,2015,import,us,78,1889355.36
Fiji,2015,import,us,79,3961863.7120000003
Fiji,2015,import,us,81,1037936.556
Fiji,2015,import,us,82,2409763.362
Fiji,2015,import,us,83,273805.108
Fiji,2015,import,us,84,1576210.492
Fiji,2015,import,us,85,479481.209
Fiji,2015,import,us,87,2280244.403
Fiji,2015,import,us,88,428806.717
Fiji,2015,import,us,89,4810137.051
Fiji,2015,import,us,93,1504904.079
Fiji,2015,import,us,96,393983.497
Fiji,2015,import,us,97,107.264
Fiji,2015,import,world,00,1504092.685
Fiji,2015,import,world,01,27908875.924
Fiji,2015,import,world,02,40592949.762
Fiji,2015,import,world,03,110145600.87599999
Fiji,2015,import,world,04,84076706.818
Fiji,2015,import,world,05,56029613.996
Fiji,2015,import,world,06,8716582.807
Fiji,2015,import,world,07,13055385.011
Fiji,2015,import,world,08,17068983.462
Fiji,2015,import,world,09,24286152.689000003
Fiji,2015,import,world,11,20850376.742
Fiji,2015,import,world,12,2328009.411
Fiji,2015,import,world,21,2638.224
Fiji,2015,import,world,22,415650.399
Fiji,2015,import,world,23,92726.36899999999
Fiji,2015,import,world,24,2673023.679
Fiji,2015,import,world,25,7497.056
Fiji,2015,import,world,26,4509671.77
Fiji,2015,import,world,27,8306728.014
Fiji,2015,import,world,28,11873.437
Fiji,2015,import,world,29,2528417.169
Fiji,2015,import,world,32,25250.004999999997
Fiji,2015,import,world,33,454306682.17999995
Fiji,2015,import,world,34,20876063.43
Fiji,2015,import,world,41,302834.628
Fiji,2015,import,world,42,22103586.927
Fiji,2015,import,world,43,106299.825
Fiji,2015,import,world,51,5451373.225
Fiji,2015,import,world,52,7505536.0540000005
Fiji,2015,import,world,53,10357280.09
Fiji,2015,import,world,54,24649778.974
Fiji,2015,import,world,55,38389337.801
Fiji,2015,import,world,56,9692491.546
Fiji,2015,import,world,57,35337439.151
Fiji,2015,import,world,58,23196928.09
Fiji,2015,import,world,59,28395960.976
Fiji,2015,import,world,61,1225551.74
Fiji,2015,import,world,62,23692220.525000002
Fiji,2015,import,world,63,8223500.967999999
Fiji,2015,import,world,64,48262953.375
Fiji,2015,import,world,65,81190322.147
Fiji,2015,import,world,66,36583226.649
Fiji,2015,import,world,67,52062748.908
Fiji,2015,import,world,68,17169421.891
Fiji,2015,import,world,69,67390505.127
Fiji,2015,import,world,71,47986047.139
Fiji,2015,import,world,72,74225412.218
Fiji,2015,import,world,73,2378912.734
Fiji,2015,import,world,74,85399488.119
Fiji,2015,import,world,75,35900385.771
Fiji,2015,import,world,76,63122976.441
Fiji,2015,import,world,77,69941139.343
Fiji,2015,import,world,78,163454477.669
Fiji,2015,import,world,79,69067575.002
Fiji,2015,import,world,81,15898388.679
Fiji,2015,import,world,82,19556428.071
Fiji,2015,import,world,83,4948138.468
Fiji,2015,import,world,84,29554033.967
Fiji,2015,import,world,85,9066259.495
Fiji,2015,import,world,87,28490323.958000004
Fiji,2015,import,world,88,6315119.314
Fiji,2015,import,world,89,85065393.827
Fiji,2015,import,world,93,14454767.288
Fiji,2015,import,world,96,1256987.317
Fiji,2015,import,world,97,3478.699
Fiji,2016,export,aus,01,42029.079
Fiji,2016,export,aus,02,110884.681
Fiji,2016,export,aus,03,376139.57899999997
Fiji,2016,export,aus,04,5173956.117
Fiji,2016,export,aus,05,5411207.387
Fiji,2016,export,aus,06,163914.077
Fiji,2016,export,aus,07,1616048.983
Fiji,2016,export,aus,08,151647.835
Fiji,2016,export,aus,09,298747.702
Fiji,2016,export,aus,11,1239818.196
Fiji,2016,export,aus,12,367393.669
Fiji,2016,export,aus,21,26390.063
Fiji,2016,export,aus,22,1146.065
Fiji,2016,export,aus,23,2207.608
Fiji,2016,export,aus,24,345627.502
Fiji,2016,export,aus,25,59481.266
Fiji,2016,export,aus,26,535.785
Fiji,2016,export,aus,27,1858.058
Fiji,2016,export,aus,28,975371.272
Fiji,2016,export,aus,29,76213.34100000001
Fiji,2016,export,aus,33,5059.401
Fiji,2016,export,aus,34,24.354
Fiji,2016,export,aus,41,33266.455
Fiji,2016,export,aus,42,2785869.809
Fiji,2016,export,aus,51,1862.356
Fiji,2016,export,aus,52,14412.726
Fiji,2016,export,aus,53,1573.93
Fiji,2016,export,aus,54,1443716.102
Fiji,2016,export,aus,55,382298.726
Fiji,2016,export,aus,57,63366.427
Fiji,2016,export,aus,58,91655.61600000001
Fiji,2016,export,aus,59,106441.768
Fiji,2016,export,aus,61,508.566
Fiji,2016,export,aus,62,62911.344
Fiji,2016,export,aus,63,243951.45500000002
Fiji,2016,export,aus,64,142218.583
Fiji,2016,export,aus,65,2185586.124
Fiji,2016,export,aus,66,5399.878
Fiji,2016,export,aus,67,14560.76
Fiji,2016,export,aus,68,3128343.243
Fiji,2016,export,aus,69,2354226.7649999997
Fiji,2016,export,aus,71,664670.11
Fiji,2016,export,aus,72,565478.16
Fiji,2016,export,aus,73,61136.852
Fiji,2016,export,aus,74,403364.362
Fiji,2016,export,aus,75,143140.689
Fiji,2016,export,aus,76,6205857.536
Fiji,2016,export,aus,77,999223.2779999999
Fiji,2016,export,aus,78,247596.41999999998
Fiji,2016,export,aus,79,1958314.216
Fiji,2016,export,aus,81,11932.927
Fiji,2016,export,aus,82,333162.609
Fiji,2016,export,aus,83,285504.44
Fiji,2016,export,aus,84,36210042.83
Fiji,2016,export,aus,85,69781.05
Fiji,2016,export,aus,87,1214519.282
Fiji,2016,export,aus,88,390634.91799999995
Fiji,2016,export,aus,89,879476.17
Fiji,2016,export,aus,93,985162.012
Fiji,2016,export,aus,97,57182084.788
Fiji,2016,export,china,03,35235854.394
Fiji,2016,export,china,04,11478.799
Fiji,2016,export,china,05,420898.204
Fiji,2016,export,china,07,94098.167
Fiji,2016,export,china,11,2565153.394
Fiji,2016,export,china,12,39246.528
Fiji,2016,export,china,24,5460863.052999999
Fiji,2016,export,china,28,1327066.712
Fiji,2016,export,china,29,3438.196
Fiji,2016,export,china,33,1251.599
Fiji,2016,export,china,34,26919.641
Fiji,2016,export,china,42,2553.338
Fiji,2016,export,china,51,3059.517
Fiji,2016,export,china,52,5692.124
Fiji,2016,export,china,54,1901.991
Fiji,2016,export,china,55,45298.229999999996
Fiji,2016,export,china,58,563.482
Fiji,2016,export,china,59,211521.151
Fiji,2016,export,china,61,1.433
Fiji,2016,export,china,63,133359.977
Fiji,2016,export,china,65,205505.263
Fiji,2016,export,china,66,698.623
Fiji,2016,export,china,67,202476.308
Fiji,2016,export,china,69,7522.485999999999
Fiji,2016,export,china,71,14318.652999999998
Fiji,2016,export,china,72,152721.794
Fiji,2016,export,china,73,290.337
Fiji,2016,export,china,74,65939.821
Fiji,2016,export,china,75,16108.425
Fiji,2016,export,china,76,69046.61300000001
Fiji,2016,export,china,77,3440.106
Fiji,2016,export,china,78,4916.62
Fiji,2016,export,china,81,3969.684
Fiji,2016,export,china,83,9814.139
Fiji,2016,export,china,84,48622.297
Fiji,2016,export,china,85,5098.08
Fiji,2016,export,china,87,2859.433
Fiji,2016,export,china,89,218532.683
Fiji,2016,export,china,93,476840.516
Fiji,2016,export,us,01,3240.5
Fiji,2016,export,us,02,213645.669
Fiji,2016,export,us,03,25722021.729000002
Fiji,2016,export,us,04,991404.2490000001
Fiji,2016,export,us,05,2803331.0670000003
Fiji,2016,export,us,06,4542740.13
Fiji,2016,export,us,07,3796461.101
Fiji,2016,export,us,08,902.049
Fiji,2016,export,us,09,546278.224
Fiji,2016,export,us,11,90294917.716
Fiji,2016,export,us,12,323.286
Fiji,2016,export,us,22,41.067
Fiji,2016,export,us,24,7278056.045
Fiji,2016,export,us,27,218940.491
Fiji,2016,export,us,29,5349000.875
Fiji,2016,export,us,33,549.156
Fiji,2016,export,us,42,409194.01300000004
Fiji,2016,export,us,51,925.448
Fiji,2016,export,us,52,43531.379
Fiji,2016,export,us,54,32126.12
Fiji,2016,export,us,55,1958607.4170000001
Fiji,2016,export,us,59,91815.588
Fiji,2016,export,us,62,30423.735
Fiji,2016,export,us,63,117887.617
Fiji,2016,export,us,64,19134.992
Fiji,2016,export,us,65,66536.73
Fiji,2016,export,us,66,3309.74
Fiji,2016,export,us,68,505.224
Fiji,2016,export,us,69,95021.70499999999
Fiji,2016,export,us,71,82302.76800000001
Fiji,2016,export,us,72,81805.66200000001
Fiji,2016,export,us,73,114702.033
Fiji,2016,export,us,74,291081.481
Fiji,2016,export,us,75,94658.784
Fiji,2016,export,us,76,18819570.433999997
Fiji,2016,export,us,77,369543.02
Fiji,2016,export,us,78,52241.475999999995
Fiji,2016,export,us,79,3061642.722
Fiji,2016,export,us,81,256742.022
Fiji,2016,export,us,82,1430.194
Fiji,2016,export,us,83,8340.013
Fiji,2016,export,us,84,97352.992
Fiji,2016,export,us,85,77542.777
Fiji,2016,export,us,87,63581.792
Fiji,2016,export,us,88,10464.531
Fiji,2016,export,us,89,335563.615
Fiji,2016,export,us,93,519722.936
Fiji,2016,export,world,00,7764.592
Fiji,2016,export,world,01,4949934.736
Fiji,2016,export,world,02,6448740.286
Fiji,2016,export,world,03,133114578.79100001
Fiji,2016,export,world,04,43329981.5
Fiji,2016,export,world,05,18463436.38
Fiji,2016,export,world,06,59171335.126
Fiji,2016,export,world,07,9324831.217
Fiji,2016,export,world,08,3955638.584
Fiji,2016,export,world,09,4048335.686
Fiji,2016,export,world,11,112156882.228
Fiji,2016,export,world,12,1771411.025
Fiji,2016,export,world,21,54471.528
Fiji,2016,export,world,22,11028.968
Fiji,2016,export,world,23,4531.256
Fiji,2016,export,world,24,28073115.916
Fiji,2016,export,world,25,103688.346
Fiji,2016,export,world,26,91610.25099999999
Fiji,2016,export,world,27,5811791.586
Fiji,2016,export,world,28,2863987.0500000003
Fiji,2016,export,world,29,8564104.603
Fiji,2016,export,world,33,166797161.837
Fiji,2016,export,world,34,148850.481
Fiji,2016,export,world,41,123861.483
Fiji,2016,export,world,42,4420295.948
Fiji,2016,export,world,51,425014.966
Fiji,2016,export,world,52,392607.582
Fiji,2016,export,world,53,5154219.916999999
Fiji,2016,export,world,54,7377090.41
Fiji,2016,export,world,55,9326835.4
Fiji,2016,export,world,56,34666.565
Fiji,2016,export,world,57,279986.135
Fiji,2016,export,world,58,3677690.534
Fiji,2016,export,world,59,1977626.847
Fiji,2016,export,world,61,6259.904
Fiji,2016,export,world,62,1032944.3389999999
Fiji,2016,export,world,63,2271577.79
Fiji,2016,export,world,64,11711278.652999999
Fiji,2016,export,world,65,6889322.161
Fiji,2016,export,world,66,11896382.522
Fiji,2016,export,world,67,4387580.561
Fiji,2016,export,world,68,3337890.7739999997
Fiji,2016,export,world,69,22711222.762
Fiji,2016,export,world,71,4059845.523
Fiji,2016,export,world,72,6529590.415
Fiji,2016,export,world,73,485951.73500000004
Fiji,2016,export,world,74,4346801.646
Fiji,2016,export,world,75,1433501.317
Fiji,2016,export,world,76,28467328.944
Fiji,2016,export,world,77,11759792.074000001
Fiji,2016,export,world,78,3952124.9390000002
Fiji,2016,export,world,79,14385810.13
Fiji,2016,export,world,81,1306418.436
Fiji,2016,export,world,82,1653296.582
Fiji,2016,export,world,83,362834.717
Fiji,2016,export,world,84,51075853.752
Fiji,2016,export,world,85,928154.338
Fiji,2016,export,world,87,11398997.353
Fiji,2016,export,world,88,872817.5310000001
Fiji,2016,export,world,89,9506327.369
Fiji,2016,export,world,93,4861829.058
Fiji,2016,export,world,97,57948643.921
Fiji,2016,import,aus,00,152.331
Fiji,2016,import,aus,01,11532385.025
Fiji,2016,import,aus,02,7846985.293
Fiji,2016,import,aus,03,435171.97
Fiji,2016,import,aus,04,51879799.921
Fiji,2016,import,aus,05,9997024.291
Fiji,2016,import,aus,06,3286855.0549999997
Fiji,2016,import,aus,07,2839383.417
Fiji,2016,import,aus,08,14436972.872
Fiji,2016,import,aus,09,9922265.021
Fiji,2016,import,aus,11,5406225.823999999
Fiji,2016,import,aus,12,300704.608
Fiji,2016,import,aus,21,2612.551
Fiji,2016,import,aus,22,51787.347
Fiji,2016,import,aus,23,23911.218999999997
Fiji,2016,import,aus,24,121842.975
Fiji,2016,import,aus,25,2823.141
Fiji,2016,import,aus,26,5177134.06
Fiji,2016,import,aus,27,292829.229
Fiji,2016,import,aus,28,2685.136
Fiji,2016,import,aus,29,348356.092
Fiji,2016,import,aus,32,2723.815
Fiji,2016,import,aus,33,2287645.148
Fiji,2016,import,aus,34,6759943.807
Fiji,2016,import,aus,41,775.504
Fiji,2016,import,aus,42,2722179.618
Fiji,2016,import,aus,43,12270.539
Fiji,2016,import,aus,51,1224134.292
Fiji,2016,import,aus,52,1542418.5860000001
Fiji,2016,import,aus,53,3732205.039
Fiji,2016,import,aus,54,9553676.101
Fiji,2016,import,aus,55,8634831.633000001
Fiji,2016,import,aus,56,761308.722
Fiji,2016,import,aus,57,3782648.148
Fiji,2016,import,aus,58,6929093.015000001
Fiji,2016,import,aus,59,6594500.21
Fiji,2016,import,aus,61,781336.213
Fiji,2016,import,aus,62,3559866.9050000003
Fiji,2016,import,aus,63,2227301.467
Fiji,2016,import,aus,64,12496782.246
Fiji,2016,import,aus,65,18136373.702
Fiji,2016,import,aus,66,3769316.5439999998
Fiji,2016,import,aus,67,4804645.176
Fiji,2016,import,aus,68,2763977.5749999997
Fiji,2016,import,aus,69,17487721.765
Fiji,2016,import,aus,71,6550554.3379999995
Fiji,2016,import,aus,72,12946439.05
Fiji,2016,import,aus,73,906547.1869999999
Fiji,2016,import,aus,74,23408316.491
Fiji,2016,import,aus,75,12947811.939
Fiji,2016,import,aus,76,7340138.399
Fiji,2016,import,aus,77,22036688.85
Fiji,2016,import,aus,78,12561933.191
Fiji,2016,import,aus,79,7445934.073
Fiji,2016,import,aus,81,3908631.761
Fiji,2016,import,aus,82,2127875.051
Fiji,2016,import,aus,83,1041373.172
Fiji,2016,import,aus,84,2689652.853
Fiji,2016,import,aus,85,1875273.191
Fiji,2016,import,aus,87,13312576.82
Fiji,2016,import,aus,88,2685373.255
Fiji,2016,import,aus,89,20701058.642
Fiji,2016,import,aus,93,1945492.133
Fiji,2016,import,aus,96,8354.338
Fiji,2016,import,china,01,213.932
Fiji,2016,import,china,02,3344.123
Fiji,2016,import,china,03,48959774.099
Fiji,2016,import,china,04,333635.839
Fiji,2016,import,china,05,8126825.305000001
Fiji,2016,import,china,06,270335.788
Fiji,2016,import,china,07,406159.327
Fiji,2016,import,china,08,2419.153
Fiji,2016,import,china,09,1328184.126
Fiji,2016,import,china,11,3710119.407
Fiji,2016,import,china,12,205264.112
Fiji,2016,import,china,22,81296.618
Fiji,2016,import,china,23,4670.216
Fiji,2016,import,china,24,14929.886999999999
Fiji,2016,import,china,26,59338.008
Fiji,2016,import,china,27,701158.917
Fiji,2016,import,china,28,8941.697
Fiji,2016,import,china,29,19168.419
Fiji,2016,import,china,32,4685.974
Fiji,2016,import,china,33,364995.051
Fiji,2016,import,china,41,150.899
Fiji,2016,import,china,42,68744.81599999999
Fiji,2016,import,china,43,9553.409
Fiji,2016,import,china,51,934312.529
Fiji,2016,import,china,52,1441540.4880000001
Fiji,2016,import,china,53,1527131.031
Fiji,2016,import,china,54,472537.04
Fiji,2016,import,china,55,3896194.088
Fiji,2016,import,china,56,4809759.969
Fiji,2016,import,china,57,1456821.836
Fiji,2016,import,china,58,5187632.972999999
Fiji,2016,import,china,59,4297691.795
Fiji,2016,import,china,61,322746.786
Fiji,2016,import,china,62,11145767.545
Fiji,2016,import,china,63,1814868.388
Fiji,2016,import,china,64,9362946.007
Fiji,2016,import,china,65,24090976.005
Fiji,2016,import,china,66,13919567.374
Fiji,2016,import,china,67,18447905.762000002
Fiji,2016,import,china,68,3145196.1339999996
Fiji,2016,import,china,69,24919572.129
Fiji,2016,import,china,71,7842199.992000001
Fiji,2016,import,china,72,15076754.742
Fiji,2016,import,china,73,971775.015
Fiji,2016,import,china,74,16724761.754
Fiji,2016,import,china,75,1846775.3220000002
Fiji,2016,import,china,76,10825627.101
Fiji,2016,import,china,77,15316767.075
Fiji,2016,import,china,78,31715809.435999997
Fiji,2016,import,china,79,2594231.935
Fiji,2016,import,china,81,7583309.099
Fiji,2016,import,china,82,5886207.036
Fiji,2016,import,china,83,2136110.008
Fiji,2016,import,china,84,9312065.484
Fiji,2016,import,china,85,3723419.494
Fiji,2016,import,china,87,1164522.6609999998
Fiji,2016,import,china,88,845722.637
Fiji,2016,import,china,89,20908227.61
Fiji,2016,import,china,93,554857.477
Fiji,2016,import,us,01,27.219
Fiji,2016,import,us,02,38786.191999999995
Fiji,2016,import,us,03,287758.845
Fiji,2016,import,us,04,1040906.626
Fiji,2016,import,us,05,2634917.254
Fiji,2016,import,us,06,305203.87
Fiji,2016,import,us,07,460037.288
Fiji,2016,import,us,08,147676.719
Fiji,2016,import,us,09,2292867.862
Fiji,2016,import,us,11,750175.652
Fiji,2016,import,us,12,1620.727
Fiji,2016,import,us,22,1259.717
Fiji,2016,import,us,23,889.633
Fiji,2016,import,us,24,11148.828
Fiji,2016,import,us,26,231610.24300000002
Fiji,2016,import,us,27,22317.234
Fiji,2016,import,us,29,250885.15
Fiji,2016,import,us,32,4548.446
Fiji,2016,import,us,33,92953.057
Fiji,2016,import,us,34,66856.196
Fiji,2016,import,us,42,165539.102
Fiji,2016,import,us,51,177834.47199999998
Fiji,2016,import,us,52,48571.202000000005
Fiji,2016,import,us,53,179407.924
Fiji,2016,import,us,54,1533341.2719999999
Fiji,2016,import,us,55,3174013.4669999997
Fiji,2016,import,us,56,13953.822
Fiji,2016,import,us,57,1371695.449
Fiji,2016,import,us,58,337697.207
Fiji,2016,import,us,59,886697.814
Fiji,2016,import,us,61,14482.923
Fiji,2016,import,us,62,628336.975
Fiji,2016,import,us,63,89700.619
Fiji,2016,import,us,64,336235.974
Fiji,2016,import,us,65,1484389.003
Fiji,2016,import,us,66,355836.077
Fiji,2016,import,us,67,207520.429
Fiji,2016,import,us,68,42582.532999999996
Fiji,2016,import,us,69,1722539.937
Fiji,2016,import,us,71,1753810.326
Fiji,2016,import,us,72,1995802.489
Fiji,2016,import,us,73,30089.466
Fiji,2016,import,us,74,4386955.954
Fiji,2016,import,us,75,1218082.112
Fiji,2016,import,us,76,2649291.299
Fiji,2016,import,us,77,3004487.014
Fiji,2016,import,us,78,1817830.9660000002
Fiji,2016,import,us,79,10003124.224
Fiji,2016,import,us,81,287253.622
Fiji,2016,import,us,82,1738743.867
Fiji,2016,import,us,83,280082.119
Fiji,2016,import,us,84,1751293.28
Fiji,2016,import,us,85,299123.516
Fiji,2016,import,us,87,4345716.704
Fiji,2016,import,us,88,400930.88300000003
Fiji,2016,import,us,89,4099714.748
Fiji,2016,import,us,93,2252815.746
Fiji,2016,import,us,96,222.05
Fiji,2016,import,us,97,216.797
Fiji,2016,import,world,00,1290556.893
Fiji,2016,import,world,01,35626144.059
Fiji,2016,import,world,02,46460310.78
Fiji,2016,import,world,03,79496971.911
Fiji,2016,import,world,04,76876846.539
Fiji,2016,import,world,05,66609785.393999994
Fiji,2016,import,world,06,10725489.17
Fiji,2016,import,world,07,13370097.36
Fiji,2016,import,world,08,19692836.364
Fiji,2016,import,world,09,25330914.059
Fiji,2016,import,world,11,19908691.551
Fiji,2016,import,world,12,1495630.9479999999
Fiji,2016,import,world,21,2612.551
Fiji,2016,import,world,22,721315.341
Fiji,2016,import,world,23,99256.416
Fiji,2016,import,world,24,15363123.026999999
Fiji,2016,import,world,25,2823.141
Fiji,2016,import,world,26,6031590.192
Fiji,2016,import,world,27,6312238.181
Fiji,2016,import,world,28,14021.632
Fiji,2016,import,world,29,3344371.296
Fiji,2016,import,world,32,104001.126
Fiji,2016,import,world,33,325917438.34499997
Fiji,2016,import,world,34,20587092.001
Fiji,2016,import,world,41,382543.22
Fiji,2016,import,world,42,19421257.095
Fiji,2016,import,world,43,58992.278
Fiji,2016,import,world,51,4707559.12
Fiji,2016,import,world,52,8200799.044
Fiji,2016,import,world,53,11328552.061999999
Fiji,2016,import,world,54,29274302.637000002
Fiji,2016,import,world,55,43496314.253
Fiji,2016,import,world,56,8572718.238
Fiji,2016,import,world,57,37230539.467
Fiji,2016,import,world,58,25820266.265
Fiji,2016,import,world,59,28781526.56
Fiji,2016,import,world,61,1613092.135
Fiji,2016,import,world,62,28633764.842
Fiji,2016,import,world,63,10093392.623
Fiji,2016,import,world,64,52279756.171
Fiji,2016,import,world,65,78518384.971
Fiji,2016,import,world,66,41723313.062
Fiji,2016,import,world,67,67558964.775
Fiji,2016,import,world,68,15422470.108
Fiji,2016,import,world,69,75453075.795
Fiji,2016,import,world,71,38483617.639
Fiji,2016,import,world,72,74208378.226
Fiji,2016,import,world,73,3341886.245
Fiji,2016,import,world,74,113097852.918
Fiji,2016,import,world,75,39763198.568
Fiji,2016,import,world,76,75337935.392
Fiji,2016,import,world,77,82784822.133
Fiji,2016,import,world,78,232827725.837
Fiji,2016,import,world,79,41580729.648
Fiji,2016,import,world,81,21439181.508
Fiji,2016,import,world,82,20300874.135
Fiji,2016,import,world,83,5364092.644
Fiji,2016,import,world,84,30063736.755999997
Fiji,2016,import,world,85,9747500.094
Fiji,2016,import,world,87,31700504.212
Fiji,2016,import,world,88,8726796.209999999
Fiji,2016,import,world,89,96315164.727
Fiji,2016,import,world,93,12604074.012
Fiji,2016,import,world,96,14807.163
Fiji,2016,import,world,97,1918.704
Fiji,2017,export,aus,01,67555.906
Fiji,2017,export,aus,02,210662.495
Fiji,2017,export,aus,03,193523.227
Fiji,2017,export,aus,04,5025241.285999999
Fiji,2017,export,aus,05,5656273.091
Fiji,2017,export,aus,06,1186627.612
Fiji,2017,export,aus,07,718916.76
Fiji,2017,export,aus,08,28155.432
Fiji,2017,export,aus,09,446236.928
Fiji,2017,export,aus,11,1114783.502
Fiji,2017,export,aus,12,166621.546
Fiji,2017,export,aus,21,45644.065
Fiji,2017,export,aus,22,166.941
Fiji,2017,export,aus,24,437149.53500000003
Fiji,2017,export,aus,25,5948.903
Fiji,2017,export,aus,26,24664.673
Fiji,2017,export,aus,27,53.711
Fiji,2017,export,aus,28,3017874.57
Fiji,2017,export,aus,29,35762.615000000005
Fiji,2017,export,aus,41,66628.779
Fiji,2017,export,aus,42,820327.8
Fiji,2017,export,aus,51,2495.404
Fiji,2017,export,aus,53,1487.951
Fiji,2017,export,aus,54,2717706.101
Fiji,2017,export,aus,55,571138.731
Fiji,2017,export,aus,57,62099.599
Fiji,2017,export,aus,58,137315.916
Fiji,2017,export,aus,59,153366.92200000002
Fiji,2017,export,aus,61,11864.902
Fiji,2017,export,aus,62,34549.509999999995
Fiji,2017,export,aus,63,277972.102
Fiji,2017,export,aus,64,157198.336
Fiji,2017,export,aus,65,2203206.309
Fiji,2017,export,aus,66,76893.952
Fiji,2017,export,aus,67,51723.617
Fiji,2017,export,aus,68,435213.98799999995
Fiji,2017,export,aus,69,2081624.937
Fiji,2017,export,aus,71,1236574.882
Fiji,2017,export,aus,72,285670.257
Fiji,2017,export,aus,73,154278.08000000002
Fiji,2017,export,aus,74,1417458.504
Fiji,2017,export,aus,75,279753.773
Fiji,2017,export,aus,76,11682021.261
Fiji,2017,export,aus,77,3627750.8490000004
Fiji,2017,export,aus,78,1909529.664
Fiji,2017,export,aus,79,3195216.142
Fiji,2017,export,aus,81,143826.128
Fiji,2017,export,aus,82,332388.549
Fiji,2017,export,aus,83,281395.6
Fiji,2017,export,aus,84,32326691.658999998
Fiji,2017,export,aus,85,50687.616
Fiji,2017,export,aus,87,1273690.443
Fiji,2017,export,aus,88,470058.186
Fiji,2017,export,aus,89,5502073.401000001
Fiji,2017,export,aus,93,723783.693
Fiji,2017,export,aus,97,55810720.179
Fiji,2017,export,china,03,42196544.163
Fiji,2017,export,china,05,340348.001
Fiji,2017,export,china,09,3467.048
Fiji,2017,export,china,11,2717838.202
Fiji,2017,export,china,12,160699.257
Fiji,2017,export,china,24,74865.015
Fiji,2017,export,china,26,19.355
Fiji,2017,export,china,27,237.104
Fiji,2017,export,china,28,1382569.305
Fiji,2017,export,china,29,95140.83499999999
Fiji,2017,export,china,33,607691.048
Fiji,2017,export,china,34,11020.52
Fiji,2017,export,china,42,77.422
Fiji,2017,export,china,51,8056.714
Fiji,2017,export,china,53,36406.668
Fiji,2017,export,china,55,34371.439999999995
Fiji,2017,export,china,57,159.683
Fiji,2017,export,china,58,10108.877
Fiji,2017,export,china,59,173794.19799999997
Fiji,2017,export,china,62,35120.011999999995
Fiji,2017,export,china,63,53056.725
Fiji,2017,export,china,64,1674.732
Fiji,2017,export,china,65,273165.655
Fiji,2017,export,china,66,3663.507
Fiji,2017,export,china,67,5299.043
Fiji,2017,export,china,68,4313.366
Fiji,2017,export,china,69,12458.63
Fiji,2017,export,china,71,20909.229
Fiji,2017,export,china,72,28346.566
Fiji,2017,export,china,73,16867.807
Fiji,2017,export,china,74,431167.24399999995
Fiji,2017,export,china,75,8528.987
Fiji,2017,export,china,76,32095.721
Fiji,2017,export,china,77,78608.846
Fiji,2017,export,china,78,20098.718
Fiji,2017,export,china,81,41738.615
Fiji,2017,export,china,82,889.384
Fiji,2017,export,china,83,928.095
Fiji,2017,export,china,84,46533.932
Fiji,2017,export,china,87,22913.487
Fiji,2017,export,china,89,264441.66199999995
Fiji,2017,export,china,93,423448.767
Fiji,2017,export,us,02,241355.428
Fiji,2017,export,us,03,30976602.765
Fiji,2017,export,us,04,807719.6479999999
Fiji,2017,export,us,05,9519133.843
Fiji,2017,export,us,06,14533372.997
Fiji,2017,export,us,07,2868425.679
Fiji,2017,export,us,08,159400.021
Fiji,2017,export,us,09,344426.682
Fiji,2017,export,us,11,102420870.419
Fiji,2017,export,us,12,58.066
Fiji,2017,export,us,22,48.873
Fiji,2017,export,us,24,1829962.239
Fiji,2017,export,us,26,2271.848
Fiji,2017,export,us,27,1500.049
Fiji,2017,export,us,29,677304.924
Fiji,2017,export,us,33,10896.161
Fiji,2017,export,us,42,58453.996999999996
Fiji,2017,export,us,52,15242.431
Fiji,2017,export,us,53,1161.328
Fiji,2017,export,us,54,14288.691
Fiji,2017,export,us,55,1452048.662
Fiji,2017,export,us,58,15.484
Fiji,2017,export,us,59,50069.209
Fiji,2017,export,us,62,26656.35
Fiji,2017,export,us,63,194640.522
Fiji,2017,export,us,64,26513.604000000003
Fiji,2017,export,us,65,9279.494999999999
Fiji,2017,export,us,66,1329.2359999999999
Fiji,2017,export,us,67,1106.165
Fiji,2017,export,us,68,4594.504
Fiji,2017,export,us,69,74467.744
Fiji,2017,export,us,71,20444.213
Fiji,2017,export,us,72,59275.637
Fiji,2017,export,us,73,89985.99
Fiji,2017,export,us,74,51595.388
Fiji,2017,export,us,75,50088.08
Fiji,2017,export,us,76,11657464.979
Fiji,2017,export,us,77,358801.989
Fiji,2017,export,us,78,104146.45
Fiji,2017,export,us,79,3362124.1489999997
Fiji,2017,export,us,81,204342.45
Fiji,2017,export,us,82,6811.189
Fiji,2017,export,us,83,18040.264
Fiji,2017,export,us,84,196837.366
Fiji,2017,export,us,85,60964.401
Fiji,2017,export,us,87,138526.117
Fiji,2017,export,us,88,8971.26
Fiji,2017,export,us,89,1047848.423
Fiji,2017,export,us,93,330923.34
Fiji,2017,export,world,00,2927.515
Fiji,2017,export,world,01,6181967.119
Fiji,2017,export,world,02,6910150.3100000005
Fiji,2017,export,world,03,154032429.557
Fiji,2017,export,world,04,44081897.396
Fiji,2017,export,world,05,30018446.613
Fiji,2017,export,world,06,99784754.493
Fiji,2017,export,world,07,7132032.200999999
Fiji,2017,export,world,08,3739110.599
Fiji,2017,export,world,09,4234748.972
Fiji,2017,export,world,11,124990610.504
Fiji,2017,export,world,12,12655367.1
Fiji,2017,export,world,21,69738.235
Fiji,2017,export,world,22,12230.236
Fiji,2017,export,world,23,2683.152
Fiji,2017,export,world,24,11338651.871
Fiji,2017,export,world,25,68874.497
Fiji,2017,export,world,26,38429.314
Fiji,2017,export,world,27,3950718.608
Fiji,2017,export,world,28,5568691.051000001
Fiji,2017,export,world,29,1870115.64
Fiji,2017,export,world,33,171751560.16300002
Fiji,2017,export,world,34,228848.408
Fiji,2017,export,world,41,285678.965
Fiji,2017,export,world,42,3768677.5280000004
Fiji,2017,export,world,51,484227.83900000004
Fiji,2017,export,world,52,365135.581
Fiji,2017,export,world,53,5202700.926
Fiji,2017,export,world,54,8903592.218
Fiji,2017,export,world,55,9652040.584
Fiji,2017,export,world,56,64750.815
Fiji,2017,export,world,57,248787.928
Fiji,2017,export,world,58,3179678.54
Fiji,2017,export,world,59,1927309.5969999998
Fiji,2017,export,world,61,26787.0
Fiji,2017,export,world,62,1255673.4049999998
Fiji,2017,export,world,63,1811966.976
Fiji,2017,export,world,64,11895435.135
Fiji,2017,export,world,65,6685844.146
Fiji,2017,export,world,66,8474936.831
Fiji,2017,export,world,67,3508859.404
Fiji,2017,export,world,68,741604.272
Fiji,2017,export,world,69,23566318.291
Fiji,2017,export,world,71,9382106.808
Fiji,2017,export,world,72,2887596.301
Fiji,2017,export,world,73,668186.564
Fiji,2017,export,world,74,7513692.511
Fiji,2017,export,world,75,3487436.772
Fiji,2017,export,world,76,63016698.978
Fiji,2017,export,world,77,15263874.489
Fiji,2017,export,world,78,5745576.802
Fiji,2017,export,world,79,13286338.421
Fiji,2017,export,world,81,1425512.7989999999
Fiji,2017,export,world,82,1431985.751
Fiji,2017,export,world,83,442684.715
Fiji,2017,export,world,84,46142308.255
Fiji,2017,export,world,85,949162.634
Fiji,2017,export,world,87,4120382.349
Fiji,2017,export,world,88,830756.043
Fiji,2017,export,world,89,15964180.0
Fiji,2017,export,world,93,5391133.181
Fiji,2017,export,world,97,57484591.213
Fiji,2017,import,aus,01,11018501.786
Fiji,2017,import,aus,02,9198028.081
Fiji,2017,import,aus,03,600357.261
Fiji,2017,import,aus,04,49054886.175000004
Fiji,2017,import,aus,05,10482717.269
Fiji,2017,import,aus,06,2697639.3200000003
Fiji,2017,import,aus,07,3762529.264
Fiji,2017,import,aus,08,16188810.367
Fiji,2017,import,aus,09,9624078.223
Fiji,2017,import,aus,11,6701054.640000001
Fiji,2017,import,aus,12,257610.15
Fiji,2017,import,aus,21,4570.794
Fiji,2017,import,aus,22,59730.007
Fiji,2017,import,aus,23,27811.872
Fiji,2017,import,aus,24,135174.717
Fiji,2017,import,aus,26,4644717.623
Fiji,2017,import,aus,27,310142.82499999995
Fiji,2017,import,aus,28,407.916
Fiji,2017,import,aus,29,390755.446
Fiji,2017,import,aus,32,4209.331
Fiji,2017,import,aus,33,2553496.2460000003
Fiji,2017,import,aus,34,7067416.875
Fiji,2017,import,aus,42,3210816.649
Fiji,2017,import,aus,43,3600.117
Fiji,2017,import,aus,51,1046334.824
Fiji,2017,import,aus,52,1677283.887
Fiji,2017,import,aus,53,3950090.039
Fiji,2017,import,aus,54,9128098.227
Fiji,2017,import,aus,55,7999538.470999999
Fiji,2017,import,aus,56,722633.011
Fiji,2017,import,aus,57,3547588.728
Fiji,2017,import,aus,58,5843033.518
Fiji,2017,import,aus,59,5909313.416
Fiji,2017,import,aus,61,628138.6479999999
Fiji,2017,import,aus,62,3716918.5870000003
Fiji,2017,import,aus,63,1414857.13
Fiji,2017,import,aus,64,16227063.063
Fiji,2017,import,aus,65,18081865.626
Fiji,2017,import,aus,66,2757432.715
Fiji,2017,import,aus,67,3351993.497
Fiji,2017,import,aus,68,1086025.148
Fiji,2017,import,aus,69,18061111.725
Fiji,2017,import,aus,71,5501655.807
Fiji,2017,import,aus,72,10093604.133000001
Fiji,2017,import,aus,73,1292486.054
Fiji,2017,import,aus,74,20968857.552
Fiji,2017,import,aus,75,12760227.766999999
Fiji,2017,import,aus,76,8226735.858
Fiji,2017,import,aus,77,18578961.947
Fiji,2017,import,aus,78,11698847.453
Fiji,2017,import,aus,79,14770970.559999999
Fiji,2017,import,aus,81,2566991.362
Fiji,2017,import,aus,82,3615517.71
Fiji,2017,import,aus,83,1299334.986
Fiji,2017,import,aus,84,3142993.154
Fiji,2017,import,aus,85,2784168.423
Fiji,2017,import,aus,87,7997695.829
Fiji,2017,import,aus,88,2457880.718
Fiji,2017,import,aus,89,26898976.643
Fiji,2017,import,aus,93,1551699.32
Fiji,2017,import,china,01,100591.819
Fiji,2017,import,china,02,896.158
Fiji,2017,import,china,03,61552583.15
Fiji,2017,import,china,04,448351.029
Fiji,2017,import,china,05,7595300.49
Fiji,2017,import,china,06,231141.548
Fiji,2017,import,china,07,396449.82499999995
Fiji,2017,import,china,08,1387.303
Fiji,2017,import,china,09,1614742.499
Fiji,2017,import,china,11,915317.1780000001
Fiji,2017,import,china,22,71940.403
Fiji,2017,import,china,23,6906.515
Fiji,2017,import,china,24,34338.536
Fiji,2017,import,china,26,16821.354
Fiji,2017,import,china,27,616460.5260000001
Fiji,2017,import,china,28,11501.019
Fiji,2017,import,china,29,5171.781999999999
Fiji,2017,import,china,33,288136.142
Fiji,2017,import,china,34,51.776
Fiji,2017,import,china,41,28.549
Fiji,2017,import,china,42,48874.976
Fiji,2017,import,china,43,19047.716
Fiji,2017,import,china,51,961211.896
Fiji,2017,import,china,52,904092.943
Fiji,2017,import,china,53,1541551.249
Fiji,2017,import,china,54,798393.216
Fiji,2017,import,china,55,3659453.171
Fiji,2017,import,china,56,4067146.103
Fiji,2017,import,china,57,2289167.329
Fiji,2017,import,china,58,6096061.744999999
Fiji,2017,import,china,59,5019099.312
Fiji,2017,import,china,61,182700.134
Fiji,2017,import,china,62,11039619.083999999
Fiji,2017,import,china,63,2448896.8770000003
Fiji,2017,import,china,64,9677268.985
Fiji,2017,import,china,65,19630412.906
Fiji,2017,import,china,66,15210491.141
Fiji,2017,import,china,67,26449620.581
Fiji,2017,import,china,68,3319493.731
Fiji,2017,import,china,69,26480931.924000002
Fiji,2017,import,china,71,13056965.963
Fiji,2017,import,china,72,13836964.71
Fiji,2017,import,china,73,1828349.928
Fiji,2017,import,china,74,19053902.55
Fiji,2017,import,china,75,2851134.955
Fiji,2017,import,china,76,13506547.514999999
Fiji,2017,import,china,77,16787869.36
Fiji,2017,import,china,78,24119535.310000002
Fiji,2017,import,china,79,588816.079
Fiji,2017,import,china,81,10326109.757
Fiji,2017,import,china,82,7417766.814
Fiji,2017,import,china,83,2275165.584
Fiji,2017,import,china,84,11206414.346
Fiji,2017,import,china,85,3545433.98
Fiji,2017,import,china,87,1434343.247
Fiji,2017,import,china,88,1173797.8399999999
Fiji,2017,import,china,89,21066770.572
Fiji,2017,import,china,93,3514697.497
Fiji,2017,import,china,96,3856.093
Fiji,2017,import,us,02,39570.319
Fiji,2017,import,us,03,64521.936
Fiji,2017,import,us,04,860193.774
Fiji,2017,import,us,05,2041740.575
Fiji,2017,import,us,06,232246.744
Fiji,2017,import,us,07,349296.517
Fiji,2017,import,us,08,222030.928
Fiji,2017,import,us,09,2235319.934
Fiji,2017,import,us,11,448852.33499999996
Fiji,2017,import,us,12,718.572
Fiji,2017,import,us,22,21118.751
Fiji,2017,import,us,23,3834.318
Fiji,2017,import,us,24,47524.933000000005
Fiji,2017,import,us,26,90345.518
Fiji,2017,import,us,27,63615.133
Fiji,2017,import,us,28,54.195
Fiji,2017,import,us,29,100999.251
Fiji,2017,import,us,32,5042.583
Fiji,2017,import,us,33,68487.872
Fiji,2017,import,us,34,286.461
Fiji,2017,import,us,42,42291.698
Fiji,2017,import,us,43,15.484
Fiji,2017,import,us,51,145071.169
Fiji,2017,import,us,52,45737.456
Fiji,2017,import,us,53,227987.09
Fiji,2017,import,us,54,2350726.911
Fiji,2017,import,us,55,2571983.1369999996
Fiji,2017,import,us,56,7652.184
Fiji,2017,import,us,57,506757.12100000004
Fiji,2017,import,us,58,463592.49199999997
Fiji,2017,import,us,59,1021188.684
Fiji,2017,import,us,61,14110.619999999999
Fiji,2017,import,us,62,698714.975
Fiji,2017,import,us,63,405866.744
Fiji,2017,import,us,64,298656.323
Fiji,2017,import,us,65,976394.8089999999
Fiji,2017,import,us,66,500823.21800000005
Fiji,2017,import,us,67,243243.07
Fiji,2017,import,us,68,103533.365
Fiji,2017,import,us,69,1484110.0259999998
Fiji,2017,import,us,71,3855931.494
Fiji,2017,import,us,72,3169611.762
Fiji,2017,import,us,73,85506.167
Fiji,2017,import,us,74,3509156.511
Fiji,2017,import,us,75,1246124.869
Fiji,2017,import,us,76,3114047.051
Fiji,2017,import,us,77,2326758.068
Fiji,2017,import,us,78,5936067.995
Fiji,2017,import,us,79,14564589.012
Fiji,2017,import,us,81,320412.836
Fiji,2017,import,us,82,1849295.931
Fiji,2017,import,us,83,163931.62
Fiji,2017,import,us,84,1407455.598
Fiji,2017,import,us,85,206263.964
Fiji,2017,import,us,87,1902539.436
Fiji,2017,import,us,88,218990.668
Fiji,2017,import,us,89,3987828.847
Fiji,2017,import,us,93,1962151.859
Fiji,2017,import,us,97,849.705
Fiji,2017,import,world,00,1787101.49
Fiji,2017,import,world,01,37681235.749
Fiji,2017,import,world,02,49586193.773
Fiji,2017,import,world,03,83083364.295
Fiji,2017,import,world,04,76019910.93599999
Fiji,2017,import,world,05,73108606.11999999
Fiji,2017,import,world,06,10714446.254999999
Fiji,2017,import,world,07,14671234.253
Fiji,2017,import,world,08,20784402.361
Fiji,2017,import,world,09,24415140.244000003
Fiji,2017,import,world,11,18916777.77
Fiji,2017,import,world,12,4942149.229
Fiji,2017,import,world,21,7014.906
Fiji,2017,import,world,22,2391649.693
Fiji,2017,import,world,23,81216.99600000001
Fiji,2017,import,world,24,5353118.558
Fiji,2017,import,world,26,5124755.005
Fiji,2017,import,world,27,4594509.055
Fiji,2017,import,world,28,124128.553
Fiji,2017,import,world,29,1342142.023
Fiji,2017,import,world,32,83977.56899999999
Fiji,2017,import,world,33,424351573.087
Fiji,2017,import,world,34,25665894.456
Fiji,2017,import,world,41,482974.09
Fiji,2017,import,world,42,24390222.014
Fiji,2017,import,world,43,92336.712
Fiji,2017,import,world,51,5072160.876
Fiji,2017,import,world,52,7220067.645
Fiji,2017,import,world,53,12433883.448
Fiji,2017,import,world,54,32673609.873999998
Fiji,2017,import,world,55,42453126.054
Fiji,2017,import,world,56,8066337.094
Fiji,2017,import,world,57,42019245.172
Fiji,2017,import,world,58,25274981.264
Fiji,2017,import,world,59,29315773.445
Fiji,2017,import,world,61,1470035.697
Fiji,2017,import,world,62,24607898.446000002
Fiji,2017,import,world,63,9271662.571
Fiji,2017,import,world,64,53732301.959
Fiji,2017,import,world,65,66794947.3
Fiji,2017,import,world,66,39513666.293
Fiji,2017,import,world,67,81276637.329
Fiji,2017,import,world,68,15306420.709999999
Fiji,2017,import,world,69,75247232.912
Fiji,2017,import,world,71,41931339.894999996
Fiji,2017,import,world,72,78309093.749
Fiji,2017,import,world,73,4566832.671
Fiji,2017,import,world,74,92003365.111
Fiji,2017,import,world,75,40172394.321
Fiji,2017,import,world,76,89540616.491
Fiji,2017,import,world,77,87476459.381
Fiji,2017,import,world,78,166596952.736
Fiji,2017,import,world,79,68469302.222
Fiji,2017,import,world,81,20145316.261
Fiji,2017,import,world,82,24452200.158
Fiji,2017,import,world,83,5871788.486
Fiji,2017,import,world,84,33151309.598
Fiji,2017,import,world,85,10883643.046
Fiji,2017,import,world,87,30457486.211
Fiji,2017,import,world,88,8143925.422
Fiji,2017,import,world,89,104057037.486
Fiji,2017,import,world,93,18129352.814
Fiji,2017,import,world,96,96231.516
Fiji,2017,import,world,97,4682.088
Fiji,2018,export,aus,01,40986.244000000006
Fiji,2018,export,aus,02,283376.322
Fiji,2018,export,aus,03,114050.448
Fiji,2018,export,aus,04,4404008.615
Fiji,2018,export,aus,05,5324350.847
Fiji,2018,export,aus,06,331910.293
Fiji,2018,export,aus,07,751082.47
Fiji,2018,export,aus,08,22.037
Fiji,2018,export,aus,09,186291.613
Fiji,2018,export,aus,11,1140024.456
Fiji,2018,export,aus,12,298419.558
Fiji,2018,export,aus,21,20129.988
Fiji,2018,export,aus,24,261216.04099999997
Fiji,2018,export,aus,25,45854.54
Fiji,2018,export,aus,26,5514.56
Fiji,2018,export,aus,27,4437.135
Fiji,2018,export,aus,28,1539419.24
Fiji,2018,export,aus,29,12015.043
Fiji,2018,export,aus,42,502534.92199999996
Fiji,2018,export,aus,51,694.6500000000001
Fiji,2018,export,aus,52,23056.619
Fiji,2018,export,aus,53,14640.819
Fiji,2018,export,aus,54,3220139.792
Fiji,2018,export,aus,55,535630.905
Fiji,2018,export,aus,57,106849.08799999999
Fiji,2018,export,aus,58,95189.514
Fiji,2018,export,aus,59,109326.352
Fiji,2018,export,aus,61,9539.215999999999
Fiji,2018,export,aus,62,44768.491
Fiji,2018,export,aus,63,211234.804
Fiji,2018,export,aus,64,192234.46
Fiji,2018,export,aus,65,1834228.536
Fiji,2018,export,aus,66,8895.826000000001
Fiji,2018,export,aus,67,3841.173
Fiji,2018,export,aus,68,372512.80299999996
Fiji,2018,export,aus,69,1419834.5899999999
Fiji,2018,export,aus,71,1043456.66
Fiji,2018,export,aus,72,313078.58300000004
Fiji,2018,export,aus,73,250519.395
Fiji,2018,export,aus,74,1068434.347
Fiji,2018,export,aus,75,806387.599
Fiji,2018,export,aus,76,12061191.204
Fiji,2018,export,aus,77,2649399.38
Fiji,2018,export,aus,78,1508802.9170000001
Fiji,2018,export,aus,79,793957.203
Fiji,2018,export,aus,81,791724.264
Fiji,2018,export,aus,82,260814.582
Fiji,2018,export,aus,83,317635.962
Fiji,2018,export,aus,84,33414616.412000004
Fiji,2018,export,aus,85,68098.658
Fiji,2018,export,aus,87,1047894.753
Fiji,2018,export,aus,88,199960.881
Fiji,2018,export,aus,89,1370408.592
Fiji,2018,export,aus,93,704978.815
Fiji,2018,export,aus,97,52552609.495
Fiji,2018,export,china,03,29380546.085
Fiji,2018,export,china,04,86.711
Fiji,2018,export,china,05,470299.826
Fiji,2018,export,china,06,12110568.25
Fiji,2018,export,china,11,2529969.949
Fiji,2018,export,china,24,6920540.207
Fiji,2018,export,china,28,1305966.667
Fiji,2018,export,china,29,58614.055
Fiji,2018,export,china,33,298329.014
Fiji,2018,export,china,34,29152.768
Fiji,2018,export,china,52,57.488
Fiji,2018,export,china,53,1720.336
Fiji,2018,export,china,54,39421.605
Fiji,2018,export,china,55,79884.226
Fiji,2018,export,china,57,313.311
Fiji,2018,export,china,58,71285.902
Fiji,2018,export,china,59,155564.147
Fiji,2018,export,china,62,1017.063
Fiji,2018,export,china,63,125360.78199999999
Fiji,2018,export,china,64,53406.579
Fiji,2018,export,china,65,111175.078
Fiji,2018,export,china,66,13992.639000000001
Fiji,2018,export,china,67,3631.34
Fiji,2018,export,china,69,41566.39600000001
Fiji,2018,export,china,71,19169.934
Fiji,2018,export,china,72,1586940.9379999998
Fiji,2018,export,china,73,895.858
Fiji,2018,export,china,74,725223.2999999999
Fiji,2018,export,china,75,486.255
Fiji,2018,export,china,76,9644.132
Fiji,2018,export,china,77,11163.257999999998
Fiji,2018,export,china,78,3252.398
Fiji,2018,export,china,79,432.12
Fiji,2018,export,china,81,5483.9
Fiji,2018,export,china,83,3307.969
Fiji,2018,export,china,84,6587.674
Fiji,2018,export,china,87,32358.216
Fiji,2018,export,china,88,176.776
Fiji,2018,export,china,89,28369.010000000002
Fiji,2018,export,china,93,368478.565
Fiji,2018,export,us,02,395936.38700000005
Fiji,2018,export,us,03,21062493.493
Fiji,2018,export,us,04,1013660.983
Fiji,2018,export,us,05,13554456.007
Fiji,2018,export,us,06,9858351.099
Fiji,2018,export,us,07,2824916.738
Fiji,2018,export,us,08,234138.12
Fiji,2018,export,us,09,421772.083
Fiji,2018,export,us,11,110983597.46000001
Fiji,2018,export,us,21,1874.117
Fiji,2018,export,us,24,1191791.183
Fiji,2018,export,us,26,2640.148
Fiji,2018,export,us,29,56659.455
Fiji,2018,export,us,33,3891.954
Fiji,2018,export,us,42,166856.75400000002
Fiji,2018,export,us,52,11186.254
Fiji,2018,export,us,55,1068785.502
Fiji,2018,export,us,59,42545.132999999994
Fiji,2018,export,us,61,236.181
Fiji,2018,export,us,62,20236.341
Fiji,2018,export,us,63,145762.88
Fiji,2018,export,us,64,19296.408
Fiji,2018,export,us,65,32417.621
Fiji,2018,export,us,66,19454.501
Fiji,2018,export,us,69,74548.359
Fiji,2018,export,us,71,32380.254
Fiji,2018,export,us,72,7050.454000000001
Fiji,2018,export,us,74,61404.152
Fiji,2018,export,us,75,414522.336
Fiji,2018,export,us,76,16164893.689
Fiji,2018,export,us,77,346434.21900000004
Fiji,2018,export,us,78,153896.029
Fiji,2018,export,us,79,5116883.92
Fiji,2018,export,us,81,20532.405
Fiji,2018,export,us,82,50810.505
Fiji,2018,export,us,83,687.943
Fiji,2018,export,us,84,240654.413
Fiji,2018,export,us,85,35121.485
Fiji,2018,export,us,87,17793.57
Fiji,2018,export,us,88,6694.985000000001
Fiji,2018,export,us,89,1181977.937
Fiji,2018,export,us,93,312461.541
Fiji,2018,export,world,00,6711.752
Fiji,2018,export,world,01,6788180.233
Fiji,2018,export,world,02,7066138.289
Fiji,2018,export,world,03,117440639.658
Fiji,2018,export,world,04,44526901.871
Fiji,2018,export,world,05,34177285.159
Fiji,2018,export,world,06,49561165.009
Fiji,2018,export,world,07,5881948.49
Fiji,2018,export,world,08,3099579.759
Fiji,2018,export,world,09,3575149.82
Fiji,2018,export,world,11,134249480.248
Fiji,2018,export,world,12,24536967.983
Fiji,2018,export,world,21,47713.805
Fiji,2018,export,world,22,19707.928
Fiji,2018,export,world,24,44963675.99
Fiji,2018,export,world,25,130521.788
Fiji,2018,export,world,26,22436.703
Fiji,2018,export,world,27,6387751.618000001
Fiji,2018,export,world,28,5077366.022
Fiji,2018,export,world,29,564906.314
Fiji,2018,export,world,33,204371652.62300003
Fiji,2018,export,world,34,271972.092
Fiji,2018,export,world,41,229371.866
Fiji,2018,export,world,42,4281915.561
Fiji,2018,export,world,51,363198.749
Fiji,2018,export,world,52,302245.88
Fiji,2018,export,world,53,6629799.642
Fiji,2018,export,world,54,9623694.45
Fiji,2018,export,world,55,10423173.398
Fiji,2018,export,world,56,180707.588
Fiji,2018,export,world,57,366257.123
Fiji,2018,export,world,58,3849984.347
Fiji,2018,export,world,59,1716307.691
Fiji,2018,export,world,61,19246.106
Fiji,2018,export,world,62,506078.59400000004
Fiji,2018,export,world,63,1269143.531
Fiji,2018,export,world,64,12284030.010000002
Fiji,2018,export,world,65,6571336.493000001
Fiji,2018,export,world,66,11753925.644
Fiji,2018,export,world,67,3115989.7770000002
Fiji,2018,export,world,68,764184.521
Fiji,2018,export,world,69,23738177.456
Fiji,2018,export,world,71,3900199.848
Fiji,2018,export,world,72,3121522.543
Fiji,2018,export,world,73,315241.576
Fiji,2018,export,world,74,5209180.339
Fiji,2018,export,world,75,2669584.941
Fiji,2018,export,world,76,38294348.87
Fiji,2018,export,world,77,13262059.779
Fiji,2018,export,world,78,5640145.271
Fiji,2018,export,world,79,17238190.103
Fiji,2018,export,world,81,2048368.412
Fiji,2018,export,world,82,1774923.664
Fiji,2018,export,world,83,461132.847
Fiji,2018,export,world,84,48269622.258
Fiji,2018,export,world,85,788960.037
Fiji,2018,export,world,87,2567320.061
Fiji,2018,export,world,88,716761.51
Fiji,2018,export,world,89,10349968.827
Fiji,2018,export,world,93,4859998.66
Fiji,2018,export,world,97,54574290.907
Fiji,2018,import,aus,00,8004.759
Fiji,2018,import,aus,01,16872016.816
Fiji,2018,import,aus,02,10487056.730999999
Fiji,2018,import,aus,03,768099.47
Fiji,2018,import,aus,04,50598256.876
Fiji,2018,import,aus,05,12558020.419
Fiji,2018,import,aus,06,2476751.645
Fiji,2018,import,aus,07,3170780.386
Fiji,2018,import,aus,08,20268342.267
Fiji,2018,import,aus,09,11168967.91
Fiji,2018,import,aus,11,6819463.898
Fiji,2018,import,aus,12,383481.559
Fiji,2018,import,aus,22,45856.935
Fiji,2018,import,aus,23,3455.043
Fiji,2018,import,aus,24,548144.6579999999
Fiji,2018,import,aus,26,5513693.649
Fiji,2018,import,aus,27,308435.927
Fiji,2018,import,aus,28,1295.88
Fiji,2018,import,aus,29,332483.738
Fiji,2018,import,aus,32,2823.631
Fiji,2018,import,aus,33,2949909.116
Fiji,2018,import,aus,34,25058500.854000002
Fiji,2018,import,aus,41,95.814
Fiji,2018,import,aus,42,3178702.745
Fiji,2018,import,aus,43,7319.691
Fiji,2018,import,aus,51,1334214.475
Fiji,2018,import,aus,52,1726096.024
Fiji,2018,import,aus,53,3098148.7810000004
Fiji,2018,import,aus,54,11060548.434999999
Fiji,2018,import,aus,55,8461432.583
Fiji,2018,import,aus,56,585350.57
Fiji,2018,import,aus,57,4746623.22
Fiji,2018,import,aus,58,5983050.669
Fiji,2018,import,aus,59,6996227.794
Fiji,2018,import,aus,61,317153.54000000004
Fiji,2018,import,aus,62,3510625.494
Fiji,2018,import,aus,63,1788095.178
Fiji,2018,import,aus,64,20754767.546
Fiji,2018,import,aus,65,16478524.158
Fiji,2018,import,aus,66,2360816.539
Fiji,2018,import,aus,67,3548306.1639999994
Fiji,2018,import,aus,68,1252215.1589999998
Fiji,2018,import,aus,69,15822873.129
Fiji,2018,import,aus,71,5965823.358999999
Fiji,2018,import,aus,72,11073736.238
Fiji,2018,import,aus,73,949913.227
Fiji,2018,import,aus,74,20610521.397
Fiji,2018,import,aus,75,11415596.309
Fiji,2018,import,aus,76,9420760.949000001
Fiji,2018,import,aus,77,20874934.265
Fiji,2018,import,aus,78,11573599.874
Fiji,2018,import,aus,79,11911204.375
Fiji,2018,import,aus,81,2504807.3449999997
Fiji,2018,import,aus,82,1793149.832
Fiji,2018,import,aus,83,1030711.038
Fiji,2018,import,aus,84,3319895.7890000003
Fiji,2018,import,aus,85,2917722.885
Fiji,2018,import,aus,87,8969464.339
Fiji,2018,import,aus,88,1797213.2940000002
Fiji,2018,import,aus,89,18283799.218
Fiji,2018,import,aus,93,1743605.506
Fiji,2018,import,aus,96,28601.36
Fiji,2018,import,aus,97,139.409
Fiji,2018,import,china,01,376687.407
Fiji,2018,import,china,02,2639.668
Fiji,2018,import,china,03,18528355.645999998
Fiji,2018,import,china,04,661462.61
Fiji,2018,import,china,05,6009617.423
Fiji,2018,import,china,06,267007.98199999996
Fiji,2018,import,china,07,408245.099
Fiji,2018,import,china,08,14643.693
Fiji,2018,import,china,09,2409532.078
Fiji,2018,import,china,11,3173489.0409999997
Fiji,2018,import,china,12,4861.11
Fiji,2018,import,china,22,68668.749
Fiji,2018,import,china,23,14430.507
Fiji,2018,import,china,24,57413.509
Fiji,2018,import,china,25,7116.086
Fiji,2018,import,china,26,32621.704999999998
Fiji,2018,import,china,27,3727217.722
Fiji,2018,import,china,28,21602.166
Fiji,2018,import,china,29,43749.511999999995
Fiji,2018,import,china,32,5832.661
Fiji,2018,import,china,33,244641.222
Fiji,2018,import,china,34,216.539
Fiji,2018,import,china,41,3212.635
Fiji,2018,import,china,42,28644.476
Fiji,2018,import,china,43,11045.408
Fiji,2018,import,china,51,1070889.573
Fiji,2018,import,china,52,2171953.765
Fiji,2018,import,china,53,2119433.943
Fiji,2018,import,china,54,706681.905
Fiji,2018,import,china,55,3716134.948
Fiji,2018,import,china,56,3319535.05
Fiji,2018,import,china,57,2800161.3430000003
Fiji,2018,import,china,58,9331021.321
Fiji,2018,import,china,59,10089761.226
Fiji,2018,import,china,61,198766.082
Fiji,2018,import,china,62,14759007.662999999
Fiji,2018,import,china,63,3692209.299
Fiji,2018,import,china,64,12928303.156
Fiji,2018,import,china,65,24143023.084
Fiji,2018,import,china,66,10982766.361
Fiji,2018,import,china,67,27472822.182
Fiji,2018,import,china,68,4573724.93
Fiji,2018,import,china,69,30425339.825999998
Fiji,2018,import,china,71,7134521.033
Fiji,2018,import,china,72,16525284.616999999
Fiji,2018,import,china,73,3521300.583
Fiji,2018,import,china,74,26071661.689
Fiji,2018,import,china,75,1834131.764
Fiji,2018,import,china,76,17285060.747
Fiji,2018,import,china,77,28043324.496999998
Fiji,2018,import,china,78,38904802.64
Fiji,2018,import,china,79,32153812.989
Fiji,2018,import,china,81,6836908.226
Fiji,2018,import,china,82,9987050.333
Fiji,2018,import,china,83,2907625.554
Fiji,2018,import,china,84,12711873.332
Fiji,2018,import,china,85,3604369.657
Fiji,2018,import,china,87,6077607.812
Fiji,2018,import,china,88,1183212.02
Fiji,2018,import,china,89,28725994.996
Fiji,2018,import,china,93,1398684.186
Fiji,2018,import,china,96,885.798
Fiji,2018,import,us,02,25839.528
Fiji,2018,import,us,03,107293.18400000001
Fiji,2018,import,us,04,884298.062
Fiji,2018,import,us,05,3394131.316
Fiji,2018,import,us,06,365966.32899999997
Fiji,2018,import,us,07,322227.35599999997
Fiji,2018,import,us,08,210300.62
Fiji,2018,import,us,09,2129837.3989999997
Fiji,2018,import,us,11,745008.838
Fiji,2018,import,us,12,13414.882
Fiji,2018,import,us,22,462703.234
Fiji,2018,import,us,23,7773.848
Fiji,2018,import,us,24,31513.619000000002
Fiji,2018,import,us,26,212669.135
Fiji,2018,import,us,27,16820.102
Fiji,2018,import,us,29,139337.131
Fiji,2018,import,us,32,15295.705
Fiji,2018,import,us,33,71874.198
Fiji,2018,import,us,34,681.236
Fiji,2018,import,us,42,67681.868
Fiji,2018,import,us,43,84.316
Fiji,2018,import,us,51,75647.82200000001
Fiji,2018,import,us,52,117799.161
Fiji,2018,import,us,53,151933.764
Fiji,2018,import,us,54,2452415.912
Fiji,2018,import,us,55,3077526.3099999996
Fiji,2018,import,us,56,1611.108
Fiji,2018,import,us,57,186956.56
Fiji,2018,import,us,58,283977.074
Fiji,2018,import,us,59,630208.167
Fiji,2018,import,us,61,8517.841
Fiji,2018,import,us,62,563342.154
Fiji,2018,import,us,63,195345.053
Fiji,2018,import,us,64,332401.81799999997
Fiji,2018,import,us,65,1327726.445
Fiji,2018,import,us,66,438501.641
Fiji,2018,import,us,67,226855.797
Fiji,2018,import,us,68,31358.399999999998
Fiji,2018,import,us,69,1730454.5899999999
Fiji,2018,import,us,71,2087573.0
Fiji,2018,import,us,72,1765530.564
Fiji,2018,import,us,73,29017.191
Fiji,2018,import,us,74,2995587.837
Fiji,2018,import,us,75,1748773.698
Fiji,2018,import,us,76,4713993.848999999
Fiji,2018,import,us,77,2268230.285
Fiji,2018,import,us,78,1016556.9539999999
Fiji,2018,import,us,79,11456969.639
Fiji,2018,import,us,81,467689.861
Fiji,2018,import,us,82,1261652.812
Fiji,2018,import,us,83,204137.88
Fiji,2018,import,us,84,1262206.616
Fiji,2018,import,us,85,188874.751
Fiji,2018,import,us,87,2488323.069
Fiji,2018,import,us,88,328142.896
Fiji,2018,import,us,89,4918016.755
Fiji,2018,import,us,93,1940869.708
Fiji,2018,import,us,97,1524.397
Fiji,2018,import,world,00,2043363.582
Fiji,2018,import,world,01,48365154.784
Fiji,2018,import,world,02,57070224.462000005
Fiji,2018,import,world,03,41576183.129
Fiji,2018,import,world,04,83519820.574
Fiji,2018,import,world,05,78055038.881
Fiji,2018,import,world,06,9011319.614
Fiji,2018,import,world,07,15846801.653
Fiji,2018,import,world,08,24459811.095
Fiji,2018,import,world,09,31918896.382
Fiji,2018,import,world,11,21969592.35
Fiji,2018,import,world,12,5846135.709
Fiji,2018,import,world,21,188.753
Fiji,2018,import,world,22,2193507.545
Fiji,2018,import,world,23,121703.09199999999
Fiji,2018,import,world,24,3801815.4269999997
Fiji,2018,import,world,25,7561.141
Fiji,2018,import,world,26,6360781.966999999
Fiji,2018,import,world,27,12890517.57
Fiji,2018,import,world,28,23298.068
Fiji,2018,import,world,29,1501085.599
Fiji,2018,import,world,32,109563.012
Fiji,2018,import,world,33,530362043.882
Fiji,2018,import,world,34,27545233.895
Fiji,2018,import,world,41,358220.746
Fiji,2018,import,world,42,23206769.542999998
Fiji,2018,import,world,43,67274.659
Fiji,2018,import,world,51,5943372.761
Fiji,2018,import,world,52,9167892.2
Fiji,2018,import,world,53,12891928.428
Fiji,2018,import,world,54,35547813.999
Fiji,2018,import,world,55,48803038.426
Fiji,2018,import,world,56,7966756.784
Fiji,2018,import,world,57,50922102.528
Fiji,2018,import,world,58,28843227.421
Fiji,2018,import,world,59,36085914.982
Fiji,2018,import,world,61,1372073.3569999998
Fiji,2018,import,world,62,29218145.149000004
Fiji,2018,import,world,63,9995225.64
Fiji,2018,import,world,64,63855125.948
Fiji,2018,import,world,65,74390880.013
Fiji,2018,import,world,66,37970068.703999996
Fiji,2018,import,world,67,72785585.472
Fiji,2018,import,world,68,19888177.299
Fiji,2018,import,world,69,79165680.136
Fiji,2018,import,world,71,31780538.467
Fiji,2018,import,world,72,68354409.351
Fiji,2018,import,world,73,5780257.535
Fiji,2018,import,world,74,97309492.60599999
Fiji,2018,import,world,75,38328418.319000006
Fiji,2018,import,world,76,98903957.79800001
Fiji,2018,import,world,77,90647107.671
Fiji,2018,import,world,78,223623633.875
Fiji,2018,import,world,79,172724194.65
Fiji,2018,import,world,81,16468760.737
Fiji,2018,import,world,82,25099803.283
Fiji,2018,import,world,83,6280224.169
Fiji,2018,import,world,84,34333979.907
Fiji,2018,import,world,85,11093917.007
Fiji,2018,import,world,87,34191879.987
Fiji,2018,import,world,88,6821783.549000001
Fiji,2018,import,world,89,99859515.894
Fiji,2018,import,world,93,14140764.236
Fiji,2018,import,world,96,312644.545
Fiji,2018,import,world,97,1904.777
Fiji,2019,export,aus,01,75005.612
Fiji,2019,export,aus,02,118751.248
Fiji,2019,export,aus,03,185719.45400000003
Fiji,2019,export,aus,04,6050778.572000001
Fiji,2019,export,aus,05,5784680.886
Fiji,2019,export,aus,06,1032070.779
Fiji,2019,export,aus,07,437801.207
Fiji,2019,export,aus,08,21.292
Fiji,2019,export,aus,09,246091.191
Fiji,2019,export,aus,11,1566400.942
Fiji,2019,export,aus,12,77546.347
Fiji,2019,export,aus,21,1813.092
Fiji,2019,export,aus,24,258412.066
Fiji,2019,export,aus,25,18965.021
Fiji,2019,export,aus,26,3056.381
Fiji,2019,export,aus,27,314142.993
Fiji,2019,export,aus,28,1410020.9849999999
Fiji,2019,export,aus,29,2618.962
Fiji,2019,export,aus,33,417503.097
Fiji,2019,export,aus,42,271126.38800000004
Fiji,2019,export,aus,51,1043.326
Fiji,2019,export,aus,53,1668.211
Fiji,2019,export,aus,54,3212954.232
Fiji,2019,export,aus,55,1114835.145
Fiji,2019,export,aus,57,61877.015
Fiji,2019,export,aus,58,16733.951
Fiji,2019,export,aus,59,27819.407
Fiji,2019,export,aus,61,4657.474
Fiji,2019,export,aus,62,20878.557
Fiji,2019,export,aus,63,167969.95
Fiji,2019,export,aus,64,14767.646999999999
Fiji,2019,export,aus,65,1651461.6439999999
Fiji,2019,export,aus,66,33505.394
Fiji,2019,export,aus,67,24119.163
Fiji,2019,export,aus,68,381243.58099999995
Fiji,2019,export,aus,69,1799199.6749999998
Fiji,2019,export,aus,71,1689326.884
Fiji,2019,export,aus,72,648120.29
Fiji,2019,export,aus,73,330485.812
Fiji,2019,export,aus,74,777245.087
Fiji,2019,export,aus,75,324144.852
Fiji,2019,export,aus,76,14043599.923
Fiji,2019,export,aus,77,3252444.635
Fiji,2019,export,aus,78,470447.03800000006
Fiji,2019,export,aus,79,723794.76
Fiji,2019,export,aus,81,667215.379
Fiji,2019,export,aus,82,429462.003
Fiji,2019,export,aus,83,310871.836
Fiji,2019,export,aus,84,30053039.16
Fiji,2019,export,aus,85,41192.866
Fiji,2019,export,aus,87,669094.2
Fiji,2019,export,aus,88,506808.387
Fiji,2019,export,aus,89,1004723.0440000001
Fiji,2019,export,aus,93,445350.277
Fiji,2019,export,aus,97,48785623.886
Fiji,2019,export,china,03,24974461.852
Fiji,2019,export,china,04,678.116
Fiji,2019,export,china,05,867850.601
Fiji,2019,export,china,06,302.722
Fiji,2019,export,china,07,2940.199
Fiji,2019,export,china,09,7540.739
Fiji,2019,export,china,11,3266406.412
Fiji,2019,export,china,24,2205571.031
Fiji,2019,export,china,27,200.426
Fiji,2019,export,china,28,596907.049
Fiji,2019,export,china,33,361086.65
Fiji,2019,export,china,51,269.858
Fiji,2019,export,china,58,867.8950000000001
Fiji,2019,export,china,59,6818.65
Fiji,2019,export,china,62,13574.348
Fiji,2019,export,china,63,61991.808000000005
Fiji,2019,export,china,65,35372.644
Fiji,2019,export,china,66,59708.89599999999
Fiji,2019,export,china,67,42650.468
Fiji,2019,export,china,69,9057.588
Fiji,2019,export,china,72,109935.744
Fiji,2019,export,china,73,2314.388
Fiji,2019,export,china,74,11337.723
Fiji,2019,export,china,75,1360.8600000000001
Fiji,2019,export,china,76,17459.743000000002
Fiji,2019,export,china,77,36020.208
Fiji,2019,export,china,78,981.301
Fiji,2019,export,china,81,10900.305
Fiji,2019,export,china,82,10840.593
Fiji,2019,export,china,84,135.624
Fiji,2019,export,china,85,24683.411
Fiji,2019,export,china,87,2805.964
Fiji,2019,export,china,88,48.602
Fiji,2019,export,china,89,218555.527
Fiji,2019,export,china,93,450929.803
Fiji,2019,export,us,02,259353.56
Fiji,2019,export,us,03,19967291.746
Fiji,2019,export,us,04,1276131.787
Fiji,2019,export,us,05,13777492.053
Fiji,2019,export,us,06,5940653.048
Fiji,2019,export,us,07,3365617.283
Fiji,2019,export,us,09,751458.177
Fiji,2019,export,us,11,118349693.167
Fiji,2019,export,us,24,2639302.618
Fiji,2019,export,us,26,6885.767
Fiji,2019,export,us,29,24632.957
Fiji,2019,export,us,33,482499.444
Fiji,2019,export,us,42,140020.936
Fiji,2019,export,us,52,2662.935
